harvest_id,farm_id,season,crop,harvest_date,yield_qty,yield_unit,notes
H00001,F0001,2023 LR,beans,24/07/2023,0.5,bags,
H00002,F0001,2024 Long Rains,Maize,22/08/2024,5.7,bags,
H00003,F0002,2019 Long Rains,Maize,2019-08-11,13.15,tonnes,
H00004,F0002,2019 Short Rains,Wheat,19/02/2020,8.91,t,
H00005,F0002,2020 LR,wheat,08/07/2020,6.94,MT,
H00006,F0002,2020 short rains,Wheat,11/03/2021,5.68,tonnes,
H00007,F0002,2021 LR,Wheat,2021-08-04,2.92,tonnes,
H00008,F0002,2022 Long Rains,Beans,04-Jul-22,1.1,tonnes,
H00009,F0002,2022 Short Rains,Wheat,2023-03-19,,t,
H00010,F0002,LR 2023,Wheat,21-Aug-23,3.57,tonnes,
H00011,F0002,2023 Short Rains,wheat,2024-03-28,15.69,MT,drought
H00012,F0003,2019 Long Rains,Beans,2019-06-23,299.0,Kg,
H00013,F0003,2020 LR,Maize,27/08/2020,1271.0,kg,
H00014,F0959,2020 Short Rains,Beans,2021-02-18,194.0,kg,
H00015,F0003,2022 Short Rains,Maize,2023-03-26,710.0,Kg,
H00016,F0003,2023 long rains,maize,2023-07-16,1196.0,KG,
H00017,F0003,SR2023,Beans,13-Jan-24,174.0,kg,
H00018,F0003 ,2024-LR,Maize,2024-07-12,610.0,kg,
H00019,F0004,2020-SR,Maize,2021-03-18,10.4,bag,
H00020,F0004,2021 Long Rains,beans,"Jul 08, 2021",,90kg bag,
H00021,F0004,2021 SR,MAIZE,2022-03-11,5.5,Bags,
H00022,F0004,LR 2022,Beans,2022-06-19,2.1,bags,
H00023,F0005,2019 LR,Beans,19/07/2019,976.0,kgs,
H00024,F0005,2020-LR,Maize ,2020-08-05,237.0,kg,crop failure
H00025,F0005,LR 2021,maize,16/08/2021,3407.0,kg,
H00026,F0005,2021 short rains,Wheat,15/03/2022,7959.0,,
H00027,F0005,2022 Long Rains,Maize,2022-07-03,3871.0,kg,
H00028,F0005,2022 SR,Wheat,10/04/2023,2838.0,kg,
H00029,F0005,2023-LR,Wheat,2023-07-19,5115.0,kg,
H00030,F0005,2024 Long Rains,Beans,2024-07-03,1280.0,kg,
H00031,F0006,SR2019,Sorghum,2020-02-17,7.6,bags,
H00032,F0006,2020 Long Rains,Sorgum,2020-06-16,13.4,bags,
H00033,F0006,2021 Long Rains,Maize,29-Jul-21,17.1,bag,
H00034,F0006,2022-SR,Beans,2023-02-05,2.6,bags,
H00035,F0006,2023 long rains,sorghum,13-Aug-23,10.6,bags,
H00036,F0006,2023 short rains,Sorghum,10/02/2024,15.5,bags,
H00037,F0006,2024 Short Rains,Maize,2025-03-18,37.6,bag,
H00038,F0007,SR 2019,Maize,2020-03-27,12.5,Bags,
H00039,F0007,2021 Long Rains,BEANS,21/07/2021,1.5,bag,
H00040,F0007,2022 Long Rains,maize,2022-08-15,13.3,Bags,drought
H00041,F0007,2022 SR,Maize,2023-03-03,13.1,bags,
H00042,F0007,2023 Long Rains,Sorgum,2023-07-20,3.6,bag,
H00043,F0008,2019 Long Rains,Wheat,2019-08-06,12649.0,Kg,
H00044,F0008,2019 Short Rains,Maize ,14/03/2020,3364.0,kg,
H00045,F0008,2020 Long Rains,Maize,2020-09-02,9185.0,kg,
H00046,F0008,SR 2020,MAIZE,01/04/2021,9443.0,kg,
H00047,F-0008,2021-SR,wheat,2022-03-08,4158.0,kg,
H00048,F0008,LR2022,Beans,22-Jun-22,969.0,kg,
H00049,F0008,2022 SR,Wheat,20/03/2023,11049.0,kg,
H00050,F0008,2023 Short Rains,Corn,02/02/2024,5318.0,Kg,partial harvest
H00051,F0008,2024 SR,wheat,"Mar 27, 2025",7226.0,kg,
H00052,F0009,LR 2019,Beans,2019-07-04,7.3,bags,
H00053,F0009,2019 Short Rains,Beans,18-Jan-20,12.2,Bags,
H00054,F-0009,2020-LR,Maize,2020-07-05,31.9,90kg bag,
H00055,F0009,SR2020,Sorghum,21-Feb-21,12.9,90kg bag,
H00056,F0009,2021 Long Rains,Sorghum,2021-07-08,13.0,bags,
H00057,F0010,2019 Short Rains,Maize,17/02/2020,26.1,bag,
H00058,F0010,2020 Long Rains,Maize,2020-09-07,15.6,bags,
H00059,F0010,2021 long rains,Maize,2021-08-19,10.8,bags,
H00060,F0010,LR 2023,Beans,2023-06-11,0.8,bags,
H00061,F0011,2019-LR,Beans,2019-06-11,249.0,kg,
H00062,F0011,SR 2019,MAIZE,2020-02-08,65.0,kg,crop failure
H00063,F0011,LR 2020,Bean,2020-06-15,492.0,Kg,
H00064,F0011,SR 2020,Beans,05/02/2021,253.0,kg,
H00065,F0011 ,2021-LR,Beans,2021-07-13,407.0,kg,
H00066,F0011,SR 2023,Beans,2024-01-02,667.0,kg,
H00067,F0011,2024 long rains,Maize,2024-08-25,1422.0,kg,
H00068,F0012 ,2019 Long Rains,Sorghum,2019-08-03,2.2,bags,partial harvest
H00069,F0012,2020 Long Rains,Maize,"Aug 09, 2020",11.4,bags,
H00070,F0012,2021 Long Rains,Maize,2021-06-30,8.8,bags,
H00071,F0012,LR2022,Maize ,22-Aug-22,7.0,bags,
H00072,F0012,2022 Short Rains,Maize,24-Feb-23,0.0,Bags,crop failure
H00073,F0012,2023 Short Rains,MAIZE,2024-03-20,76.0,,
H00074,F0012,LR 2024,Maize,03-Aug-24,8.4,bags,
H00075,F0012,2024 short rains,Beans ,10-Jan-25,3.3,bags,
H00076,F0013,2019 Short Rains,Bean,2020-02-20,2.9,Bags,
H00077,F0013,2020 long rains,Beans,"Aug 03, 2020",3.5,Bags,
H00078,F0013,SR 2020,maize,18/02/2021,10.3,Bags,
H00079,F0013,2021 Short Rains,maize,20/03/2022,11.0,Bags,
H00080,F0013,2022 Long Rains,MAIZE,2022-07-14,3.1,bag,
H00081,F0013,2022 Short Rains,Beans,2023-02-01,1.2,bags,
H00082,F0013,2023 Long Rains,Beans,2023-06-19,0.7,bags,
H00083,F0013,SR2023,Maize,2024-03-09,6.6,bags,
H00084,F0013,LR 2024,Maize,2024-07-29,6.0,bag,
H00085,F0014,2019 Long Rains,Maize,2019-08-23,23.4,Bags,
H00086,F0014,2019 Short Rains,Maize,2020-03-01,15.1,Bags,
H00087,F0014,SR 2020,Beans,18/02/2021,4.4,Bags,
H00088,F0014,2021 long rains,Beans,2021-06-19,7.7,bags,
H00089,F0014,2021 Short Rains,Maize,2022-03-14,16.7,Bags,
H00090,F0014,2022 SR,Maize,"Mar 14, 2023",10.7,Bags,
H00091,F0015,2020-LR,Maize,2020-08-09,2562.0,kg,
H00092,F-0015,LR 2021,Maize,2021-07-31,2512.0,KG,
H00093,F0015,2021 short rains,wheat,2022-04-04,7565.0,kg,pest damage
H00094,F0015,2023 Short Rains,Maize,29/02/2024,4084.0,Kg,
H00095,F0015,2024 SR,Wheat,24/02/2025,2831.0,kg,
H00096,F0016,SR 2020,maize,2021-03-04,0.84,MT,drought
H00097,F0016,2021-SR,Maize,2022-04-06,4.26,tonnes,
H00098,F-0016,2022 Long Rains,Maize,2022-08-11,4.65,t,
H00099,F0016,2022 Short Rains,Wheat,19/02/2023,5.09,tonnes,
H00100,F0016,2023 Long Rains,Maize,2023-08-03,2.81,MT,
H00101,F0016,2024 Long Rains,Maize,09/09/2024,5.08,tonnes,
H00102,F0017,2019 Long Rains,Wheat,2019-07-14,4033.0,Kg,
H00103,F0017,2020 LR,Maize,2020-07-04,1653.0,kg,
H00104,F0017,2020 short rains,Maize ,30/03/2021,817.0,kg,
H00105,F0017,SR2021,Wheat,2022-04-20,5938.0,Kg,
H00106,F-0017,2022-LR,wheat,2022-09-09,4199.0,KG,
H00107,F0017,SR 2022,Wheat,2023-03-26,,Kg,
H00108,F0017,2023 Long Rains,Wheat,"Jul 30, 2023",2165.0,kg,
H00109,F0017,2023 short rains,Maize,2024-01-31,,Kg,
H00110,F0018,2019 SR,maize,2020-03-18,3.1,Bags,
H00111,F0018,2020-LR,Maize,2020-08-03,0.1,bags,crop failure
H00112,F0018,2020 Short Rains,beans,04/01/2021,1.5,bags,
H00113,F0018,LR 2021,Sorghum,06-Jul-21,1.0,bags,
H00114,F0018,2021 SR,Beans,10/01/2022,0.1,bag,crop failure
H00115,F0018 ,2022-LR,Sorghum,2022-07-03,0.7,bag,
H00116,F0018,2022 Short Rains,Sorghum,2023-03-02,0.9,bags,partial harvest
H00117,F0018,2023 Long Rains,Sorghum,2023-08-13,0.6,bags,
H00118,F0018,2024-SR,beans,2025-01-10,0.4,bags,
H00119,F0019,2019 Long Rains,Beans,24/06/2019,1.5,t,
H00120,F0019,2020 Long Rains,Maize,2020-07-26,3.31,tonnes,
H00121,F0019,2021 Short Rains,Maize,18/02/2022,7.93,tonnes,
H00122,F0019,2022 Long Rains,Maize,01/08/2022,4.88,t,
H00123,F0019,2023 Long Rains,Beans,2023-06-20,0.81,MT,armyworm
H00124,F0019,2024 Short Rains,Sorghum,2025-03-14,0.69,tonnes,
H00125,F0020,SR 2019,Maize,2020-03-06,5.5,Bags,
H00126,F0020,2020 Long Rains,Beans,2020-07-14,0.0,Bags,crop failure
H00127,F0020,2022-SR,Beans,2023-01-10,2.4,bags,
H00128,F0020,2023 Short Rains,Maize,2024-03-19,5.8,Bags,
H00129,F0021,SR 2019,beans,2020-02-09,5.0,bags,
H00130,f0021,2020 Long Rains,Maize,09/09/2020,12.9,bags,
H00131,F0021,2021 Short Rains,Bean,31/01/2022,7.2,bags,
H00132,F0021,2022-LR,Maize,2022-09-18,19.7,Bags,
H00133,F0021,SR2023,Beans,05-Jan-24,11.2,bags,
H00134,F0021,2024 Long Rains,Maize,2024-09-25,0.1,bags,crop failure
H00135,F0022,2019 Short Rains,Beans,2020-02-04,647.0,kg,
H00136,F0022,2020 LR,MAIZE,12/09/2020,2183.0,kg,
H00137,F0022,2021 Short Rains,Maize,10-Apr-22,1973.0,kg,
H00138,F0022,2022 long rains,Beans,2022-07-16,526.0,kg,
H00139,F0022,SR 2022,Maize,2023-02-25,2543.0,kgs,
H00140,F0022,SR2024,beans,2025-01-22,609.0,kgs,
H00141,F0023,2021 Long Rains,Beans,2021-06-19,16.2,Bags,
H00142,F0023,LR 2022,beans,2022-07-24,7.3,bag,
H00143,F0023,SR 2022,Beans,2023-01-17,8.6,bags,
H00144,F0023,2023 long rains,Maize,20/08/2023,36.3,bags,
H00145,F0023,LR 2024,Maize,27/07/2024,48.3,bags,
H00146,F0024,LR 2019,wheat,"Aug 23, 2019",1.65,tonnes,
H00147,F0024,2019 Short Rains,Maize,2020-03-30,3.06,tonnes,
H00148,F0024,SR2021,Beans,27-Dec-21,1.87,MT,
H00149,F0024,2022 long rains,Maize,2022-08-28,3.36,tonnes,
H00150,F0024,LR2024,Beans,2024-06-11,0.96,t,
H00151,F0025,2019 Long Rains,beans,2019-06-07,3.2,bags,
H00152,F0025,SR 2019,Maize,2020-03-24,10.5,Bags,
H00153,F0025,SR2020,wheat,16/03/2021,6.9,bags,
H00154,F0025,SR2021,beans,03/01/2022,1.7,90kg bag,
H00155,F0025,SR2022,Wheat,2023-03-23,10.9,bag,
H00156,F0025,2023 long rains,Maize,2023-07-12,14.6,90kg bag,
H00157,F0025,2023 SR,Corn,29-Mar-24,6.7,bags,
H00158,F0025,LR2024,Maize,2024-08-12,13.5,bag,
H00159,F0025,2024 Short Rains,beans,16-Jan-25,1.1,bag,
H00160,F0026,SR 2019,Beans,2020-01-25,316.0,kg,
H00161,F0026,2020 LR,Beans,17/06/2020,415.0,kg,
H00162,F0026,2021 Long Rains,Wheat,2021-08-21,1357.0,kg,late planting
H00163,F0026,2022 Long Rains,Beans,2022-07-02,297.0,kg,
H00164,F0026,2022 short rains,Maize,18/02/2023,722.0,kg,
H00165,F0026,LR 2024,Maize,2024-08-13,1058.0,kg,
H00166,F0027,2020 short rains,Beans,2021-02-12,349.0,kg,
H00167,F0027,LR 2021,Maize,12/09/2021,1071.0,kgs,
H00168,F0027,2022 long rains,Beans,2022-07-17,275.0,kg,armyworm
H00169,F0028,2019 SR,Bean,25/01/2020,9.9,Bags,
H00170,F0028,2021-LR,Maize,2021-07-12,69.3,bags,
H00171,F0028,SR 2022,Wheat,2023-04-17,43.6,Bags,
H00172,F0029,2020 short rains,Beans,2021-01-17,,90kg bag,
H00173,f0029,2021 long rains,Bean,"May 31, 2021",1.8,bags,
H00174,f0029,2024 Long Rains,Beans,2024-07-13,1.9,bags,
H00175,F0030,LR2019,Maize,2019-08-18,2932.0,kgs,
H00176,F0030,SR2020,Maize,20/02/2021,1216.0,kg,
H00177,F0030 ,2021 Long Rains,Beans,2021-06-15,776.0,KG,
H00178,F0030 ,2022-LR,Maize,2022-08-18,4498.0,kg,
H00179,F0030,SR 2022,Wheat,01-Apr-23,3601.0,kg,
H00180,F0030,2023 long rains,Maize,2023-08-19,3003.0,KG,
H00181,F0030,LR 2024,Wheat,2024-09-05,2675.0,kg,
H00182,F0030,SR2024,Maize ,21/04/2025,1105.0,kg,
H00183,F0972,2020 Short Rains,Maize,"Apr 15, 2021",3911.0,Kg,
H00184,F0031,2021 Long Rains,Maize,30/08/2021,7391.0,kg,
H00185,F0031,SR 2021,Wheat ,2022-03-30,3582.0,kg,
H00186,F0031,2022 Short Rains,Wheat,20-Feb-23,5040.0,kg,armyworm
H00187,F0031,2024-SR,Wheat,2025-02-28,3377.0,Kg,
H00188,F0032,2019 Long Rains,Beans,22/07/2019,2.8,bags,late planting
H00189,F-0032,2020 Long Rains,Beans,2020-07-15,3.6,bags,
H00190,F0032,2020-SR,Maize,2021-04-20,14.3,bags,
H00191,F0032,2021 SR,Beans,07/02/2022,6.3,Bags,
H00192,F0032,2022 Long Rains,Beans,27/06/2022,1.6,Bags,
H00193,F-0032,2023 Long Rains,Maize,2023-09-04,17.1,Bags,
H00194,F0032,2024-SR,Sorghum,28-Feb-25,3.1,bags,
H00195,F0033,SR 2019,Bean,24/01/2020,5.2,bags,
H00196,F0033,2020 Short Rains,maize,2021-03-29,6.5,Bags,
H00197,F0033,LR 2021,maize,29-Jul-21,8.0,bags,
H00198,F0033,2022-SR,Sorghum,13/02/2023,3.5,bags,
H00199,F0033,LR 2024,Beans,19/06/2024,1.5,bags,
H00200,F0033,2024 short rains,Beans,2025-01-15,1.7,bag,
H00201,F0034,2020 long rains,maize,2020-08-05,11.7,Bags,
H00202,F0034,2020-SR,Beans,11-Feb-21,4.2,bags,
H00203,F0034 ,2021 long rains,Maize,2021-08-16,7.0,bags,
H00204,F0034,2022 Short Rains,Maize,11/02/2023,14.3,bags,
H00205,F0034,2023 Long Rains,Beans,2023-07-18,4.3,bags,
H00206,F0034,2023 Short Rains,Beans,2024-02-06,6.2,Bags,
H00207,F0034,LR 2024,Maize,"Jul 26, 2024",15.4,90kg bag,
H00208,F0034,2024 Short Rains,Beans ,19/02/2025,97.0,Bags,
H00209,F0035,2019-LR,Corn,2019-08-24,4.8,Bags,
H00210,F-0035,2019 short rains,MAIZE,2020-03-02,7.9,Bags,armyworm
H00211,F0035,2020 Short Rains,maize,2021-02-10,7.8,90kg bag,
H00212,F0035 ,2023 Long Rains,Maize,2023-07-13,6.6,bags,
H00213,F0036,2019 Short Rains,Sorgum,2020-02-23,10.7,90kg bag,
H00214,F0036,LR 2020,Beans,2020-07-14,2.4,bag,
H00215,F0036,SR 2021,maize,2022-04-01,5.8,90kg bag,partial harvest
H00216,F0036,LR2022,Beans,2022-07-07,1.2,Bags,
H00217,F0036,2022-SR,Sorghum,10-Feb-23,3.6,bags,
H00218,F0036,LR 2023,Beans,2023-07-15,1.1,bags,
H00219,F0036,2023 short rains,Maize,17/03/2024,11.1,90kg bag,
H00220,F0037,2019 Long Rains,beans,2019-05-25,4.3,bags,
H00221,F0037,LR 2020,Bean,19/07/2020,4.4,Bags,
H00222,F0037 ,2021 LR,Sorghum,2021-06-21,5.6,Bags,
H00223,F0037,2022 Short Rains,Beans,2023-01-14,2.5,bags,
H00224,F0037,LR2024,Maize,10/08/2024,16.6,bags,drought
H00225,F0037,SR 2024,Maize,2025-03-19,44.0,bags,
H00226,F0038,2019 Short Rains,Beans,08/03/2020,532.0,Kg,
H00227,F0038,2021 long rains,Maize,2021-07-29,815.0,kg,
H00228,F0038 ,LR2022,Beans,2022-06-03,186.0,Kg,
H00229,F0038,SR2022,Maize,2023-03-21,1148.0,Kg,
H00230,F0038,2023 Short Rains,Maize,2024-03-08,1603.0,Kg,
H00231,F0038,2024 Long Rains,maize,2024-08-15,2806.0,Kg,
H00232,F0039,2019-LR,Wheat grain,2019-07-31,6.03,tonnes,
H00233,F0039,SR 2019,Maize,23/03/2020,10.35,t,
H00234,F0039,2020-SR,Wheat,2021-04-07,5.56,tonnes,
H00235,F0039,SR2021,Maize,30-Jan-22,6.51,tonnes,
H00236,F0039,SR 2022,Wheat,24/03/2023,6.53,tonnes,
H00237,F0039 ,SR 2023,Maize,2024-03-30,7.01,tonnes,drought
H00238,F0040,2022 short rains,Sorghum,21/01/2023,620.0,Kg,
H00239,F0040,LR 2023,Maize,2023-06-27,3327.0,kg,
H00240,F0040,2023 Short Rains,Beans,2024-01-31,437.0,kg,
H00241,F0040,LR2024,Maize,2024-07-17,5131.0,kg,
H00242,f0040,2024-SR,Beans,31/12/2024,941.0,kg,
H00243,F0041,LR2020,Beans,2020-07-01,0.5,bags,
H00244,F0041,2021-LR,Beans,15-Jul-21,0.7,bag,
H00245,F0041,2022 Long Rains,Maize,2022-07-23,2.6,bags,
H00246,F0041,2023 LR,Maize,2023-09-09,3.0,bags,
H00247,F0041,2023 Short Rains,Beans,27-Dec-23,1.8,Bags,
H00248,F0041,2024 Short Rains,Beans,"Jan 19, 2025",1.5,,
H00249,F0042,LR2019,Maize,17/08/2019,1142.0,kg,
H00250,F0042,2020-SR,Maize,2021-02-22,861.0,Kg,
H00251,F0042,2021-LR,Maize ,12-Aug-21,848.0,kg,
H00252,F0042,LR 2022,Maize,2022-08-08,1049.0,kg,
H00253,F0042,2022 Short Rains,Sorghum,05/03/2023,465.0,kg,
H00254,F0042,2023 Long Rains,Beans,2023-07-08,,Kg,
H00255,F0042,2023 SR,Sorghum,2024-02-22,648.0,kgs,
H00256,F0043,2019 long rains,Maize,01-Jul-19,1527.0,kg,
H00257,F0043,2019 SR,Maize,22-Mar-20,2466.0,kg,
H00258,F0043,LR 2021,Sorghum,2021-07-11,834.0,kg,
H00259,F0043,2022 Long Rains,Bean,18/07/2022,423.0,KG,
H00260,F0043,LR 2023,Beans,11/06/2023,576.0,KG,
H00261,F0043,2024-LR,maize,2024-08-04,5281.0,kg,
H00262,F0043,2024 Short Rains,Maize,19/02/2025,1972.0,kg,
H00263,F0044,LR 2019,Maize,2019-08-06,36.1,bags,
H00264,F0044,2021 Long Rains,Sorghum,25/07/2021,,bags,
H00265,F0044,2021 Short Rains,Sorghum,2022-03-03,20.9,,
H00266,F0044,LR2022,Beans,2022-06-07,4.7,bags,
H00267,F0044,SR2022,MAIZE,12/03/2023,55.0,bag,
H00268,F0044,2023 Long Rains,Sorghum,2023-07-26,19.9,bags,
H00269,F0044,LR 2024,Maize,"Sep 08, 2024",49.5,bags,
H00270,F0045,2019 Short Rains,Maize,"Mar 28, 2020",3.18,tonnes,
H00271,F0045,2020 Long Rains,Maize,21/07/2020,4.55,tonnes,
H00272,F0045,SR 2020,Maize,02/03/2021,3.26,MT,
H00273,F0045,2021 SR,Maize,2022-04-14,7.55,MT,
H00274,F0045,2022 Long Rains,Maize,09-Sep-22,1.87,tonnes,
H00275,F0045,2024 Long Rains,Wheat,2024-07-10,3.26,tonnes,
H00276,F0045,2024 Short Rains,Wheat,2025-03-02,1.7,t,
H00277,F0046,2019-LR,Maize ,30/07/2019,21.0,bags,
H00278,F0046,SR 2019,Beans,2020-01-23,3.8,bags,
H00279,F0046,2020 SR,MAIZE,2021-02-03,13.8,bags,
H00280,F0046,2021 Long Rains,Sorghum,2021-08-23,2.7,bags,
H00281,F0046,2021-SR,beans,2022-02-01,4.2,bags,
H00282,F0046,2022 short rains,Beans,"Feb 23, 2023",2.5,Bags,
H00283,F0046,2023 Long Rains,Sorghum,05/07/2023,2.9,Bags,
H00284,F0046,2023 Short Rains,Sorghum,27/02/2024,4.4,bags,
H00285,F0046,LR 2024,MAIZE,2024-08-06,6.2,bag,drought
H00286,F0047,LR 2019,Maize,2019-08-26,29.6,bags,
H00287,F0047,2019 SR,Maize,2020-03-14,24.9,bags,
H00288,F0047,LR2020,Maize,2020-09-02,21.5,Bags,
H00289,F0047,2020 Short Rains,SORGHUM,16/02/2021,11.4,bags,
H00290,F0047,2021 Long Rains,Beans,2021-07-13,2.0,Bags,
H00291,F0047,2021 Short Rains,Beans ,2022-01-26,12.4,bags,
H00292,f0048,SR2020,Sorghum,2021-02-09,,bags,
H00293,F0048,LR 2021,Maize,2021-08-11,16.1,bags,drought
H00294,F0048,SR2021,Maize,2022-04-01,49.8,bag,
H00295,F0048,2022 LR,Maize,2022-08-20,34.9,bags,drought
H00296,F0048,2023 long rains,Maize,2023-09-03,41.4,bags,
H00297,F0048,2023 short rains,Maize,03/03/2024,44.9,bags,
H00298,F0048,LR 2024,maize,"Jul 20, 2024",33.0,,
H00299,F0049,2019 LR,maize,2019-09-08,-27.8,Bags,
H00300,F0049,SR 2019,Beans ,2020-02-17,7.0,bags,
H00301,F0049,2020 LR,Corn,11/08/2020,1.5,bags,crop failure
H00302,F0049,SR 2022,Wheat,2023-03-20,12.4,bags,
H00303,F0049,2023 Long Rains,Maize ,2023-08-10,15.8,bag,
H00304,F0049,2023-SR,Maize ,2024-04-01,15.4,bags,
H00305,F-0049,2024 Short Rains,Maize,20-Feb-25,22.2,bags,
H00306,F0050,2019 Short Rains,beans,01/01/2020,-7.5,bag,
H00307,F0050,2020 long rains,SORGHUM,24/08/2020,3.3,bag,
H00308,F0050,2021 Short Rains,Sorghum,2022-02-26,12.8,bags,
H00309,F0050,2022 Long Rains,beans,2022-07-03,3.2,bags,
H00310,F0050,SR 2023,Beans,2024-01-06,6.6,bags,
H00311,F0050,2024 Short Rains,Beans,2025-01-30,5.1,Bags,
H00312,F0051,2019 long rains,Sorghum,2019-08-20,3.2,bag,
H00313,F0051,2020 SR,Sorghum,2021-02-26,3.3,bags,
H00314,F0051,2021-SR,Maize ,"Mar 15, 2022",4.7,bags,
H00315,F0051,2022 Long Rains,Beans,2022-05-31,0.7,bags,
H00316,F0051,2023 Long Rains,Maize,2023-07-16,6.4,bags,
H00317,F0051,2023 Short Rains,Sorghum ,2024-02-18,1.6,bags,
H00318,F0051,LR2024,Maize,2024-09-01,10.2,bags,
H00319,F0051,2024-SR,Maize ,09-Mar-25,3.2,bags,
H00320,F0052,SR 2019,Beans,2020-02-12,2675.0,kg,
H00321,F0052,2020 short rains,BEANS,2021-01-21,5731.0,KG,
H00322,F0052 ,LR 2021,Maize ,17/08/2021,5962.0,kg,
H00323,F0052,SR2021,MAIZE,2022-03-28,10338.0,kg,
H00324,F0052,2022 Long Rains,Maize,08/08/2022,8267.0,Kg,
H00325,F0052,2022 Short Rains,maize,29/03/2023,10842.0,kg,
H00326,F0052,2023 LR,Sorghum,2023-08-27,6525.0,Kg,
H00327,F0052,2024 short rains,maize,04/03/2025,10050.0,kg,
H00328,F0053 ,SR2020,Maize,03-Mar-21,5.4,bags,
H00329,f0053,2021 Long Rains,Maize,2021-08-26,7.5,bags,
H00330,F0053,2021 Short Rains,Maize,11/03/2022,14.2,bags,drought
H00331,F0053,2022 Long Rains,Maize,2022-07-28,6.1,bags,
H00332,F0053,2023-LR,beans,2023-07-14,1.6,90kg bag,
H00333,F0053,2023 short rains,Beans,18/01/2024,2.9,bag,
H00334,F0053,2024 Short Rains,Maize,2025-03-24,10.3,Bags,
H00335,F0054,SR2019,Sorghum,29/02/2020,0.54,t,
H00336,F0054,LR2020,maize,02/08/2020,1.28,MT,
H00337,F0054,2021 Long Rains,Beans,2021-07-11,0.34,tonnes,
H00338,F0054,2023 long rains,Maize,2023-08-13,2.05,t,
H00339,F0054,2024-LR,MAIZE,04-Sep-24,0.83,t,
H00340,F0054,2024 short rains,Sorghum,16/02/2025,0.77,tonnes,
H00341,F0055,2020 Long Rains,Corn,28/07/2020,3156.0,KG,
H00342,F0055,2021 LR,Maize,2021-08-24,2355.0,KG,
H00343,f0055,LR 2023,maize,2023-08-28,1381.0,kg,drought
H00344,F0055,SR 2023,Maize,2024-03-18,2226.0,kgs,
H00345,F0056,2019 long rains,Bean,26-Jun-19,1.4,bags,
H00346,F-0056,2021 Long Rains,Beans,11/07/2021,0.8,bags,
H00347,F0056,LR 2022,Maize,2022-09-03,3.7,bags,
H00348,F0056,2022 SR,Maize,05-Feb-23,6.6,bags,
H00349,F0057 ,2019 long rains,maize,2019-07-28,8.7,Bags,
H00350,F0057,2019 Short Rains,Beans,16/01/2020,2.8,bags,
H00351,F0057,2021 Long Rains,wheat,2021-08-31,4.5,Bags,
H00352,F0057,2022-LR,Beans,2022-07-11,,bags,
H00353,F0057,2022 Short Rains,Maize,2023-03-03,5.3,90kg bag,
H00354,F0057,2023 Short Rains,Wheat,2024-04-03,9.5,bags,
H00355,F0057,LR2024,wheat,04/08/2024,0.4,bags,crop failure
H00356,F0057,SR 2024,Maize,20/03/2025,1.9,bags,
H00357,F0058,2019 Short Rains,Wheat,2020-03-14,4001.0,kg,
H00358,F0058,2020 Short Rains,Maize,19/02/2021,2045.0,kg,
H00359,F0058,2021 Long Rains,Wheat grain,2021-07-25,2961.0,KG,
H00360,F0058,2022 Long Rains,wheat,2022-07-19,1742.0,kg,
H00361,F0058,2022 SR,Bean,2023-02-03,656.0,kg,
H00362,F0058,2024 short rains,maize,2025-03-02,2045.0,Kg,
H00363,F0059,2019 Long Rains,Maize,2019-07-12,5.1,Bags,
H00364,F0059,SR 2019,maize,2020-03-03,2.2,Bags,armyworm
H00365,F-0059,2020 LR,BEANS,10/06/2020,1.0,bags,
H00366,F0059,2020 Short Rains,maize,2021-03-08,4.6,bags,
H00367,F0059,2022 long rains,Sorghum,2022-08-02,1.7,bags,
H00368,F0059,2022 short rains,Beans,19-Jan-23,0.8,bag,
H00369,F0059,LR 2023,beans,22/07/2023,0.5,bags,
H00370,F0060,2019 Short Rains,Sorghum,2020-03-09,6.3,bags,
H00371,F0060,LR2020,Beans,2020-07-17,4.4,,
H00372,F0060,2020 Short Rains,beans,2021-01-10,6.8,bag,
H00373,F0060,2021 Long Rains,maize,2021-08-01,13.6,Bags,
H00374,F0060,2021 SR,Maize,2022-02-28,12.0,bags,
H00375,F0060,2022 Long Rains,Maize,2022-07-19,19.8,bags,
H00376,F0060,LR 2023,Maize,2023-07-21,15.9,bags,
H00377,F0060,2024 long rains,SORGHUM,"Aug 21, 2024",8.7,90kg bag,
H00378,F0060,2024 Short Rains,Maize,2025-03-11,9.5,bags,
H00379,F0061,LR 2019,Maize,2019-08-01,19.3,bags,
H00380,F0061,LR 2020,maize,2020-07-17,,90kg bag,
H00381,F0061,2021 Long Rains,Maize ,2021-07-12,11.7,bags,
H00382,F0061,2022 long rains,Maize,2022-08-29,11.8,Bags,
H00383,F0061,2022 SR,Beans,02/01/2023,2.8,bags,
H00384,F0061,2023 LR,Corn,08/08/2023,5.3,Bags,
H00385,F0061,SR 2023,Sorghum,14/02/2024,4.1,bags,
H00386,F0061,2024 Short Rains,Corn,24-Feb-25,15.2,Bags,
H00387,F0062,2019 Long Rains,Maize,2019-09-05,11.8,,
H00388,F0062,2019 short rains,Beans,2020-01-10,3.5,Bags,
H00389,F0062,2020 long rains,Beans,20/07/2020,2.7,bags,
H00390,F0062,2020 Short Rains,Sorghum ,2021-02-22,5.1,bags,
H00391,F0062,2021 long rains,Beans,2021-05-31,1.1,bags,
H00392,F0062,2021 Short Rains,SORGHUM,2022-03-03,5.5,Bags,
H00393,F0062,2022 short rains,Sorghum,2023-03-16,4.0,bags,
H00394,F0062,2023 Long Rains,Sorghum,2023-07-31,2.1,Bags,
H00395,F0062,SR2023,Sorghum,25-Jan-24,5.6,bags,
H00396,F0062,2024-LR,Bean,2024-07-05,2.0,Bags,
H00397,F0063,2019 Long Rains,Maize,31/08/2019,2174.0,kg,pest damage
H00398,F0063,2020 long rains,Beans,2020-06-07,364.0,kg,
H00399,F0063,2022 Long Rains,Maize,2022-08-31,1126.0,kg,drought
H00400,F0063,SR2022,Beans,2023-01-24,364.0,KG,
H00401,F0063 ,2023 Long Rains,Beans,2023-06-09,364.0,kgs,
H00402,F0064,LR 2020,Sorghum,2020-08-09,519.0,kg,
H00403,F0064,2022 Short Rains,Maize,2023-02-20,638.0,Kg,
H00404,F0064,2024 Short Rains,Maize,2025-03-27,565.0,KG,
H00405,F0065,2019 long rains,Beans,15-Jul-19,735.0,KG,
H00406,F0065,2019-SR,Maize,2020-04-08,1872.0,Kg,
H00407,F0065,2020-LR,Wheat,2020-08-27,3417.0,kg,
H00408,F0065,2021 Long Rains,Beans,08-Jun-21,426.0,kg,
H00409,F0065,2021 SR,Maize,"Feb 19, 2022",2074.0,kg,
H00410,F0065,2022 short rains,Beans,2023-02-08,323.0,KG,
H00411,F0065,2023 Short Rains,Maize,28/02/2024,,kg,
H00412,F0066,2019 Long Rains,Maize,31-Jul-19,32.1,bags,
H00413,F0066,2019-SR,Maize ,2020-03-04,,bags,partial harvest
H00414,F0066,2020 Short Rains,Maize,2021-03-16,7.8,bags,
H00415,F0066,2021 Short Rains,maize,2022-03-31,13.9,bags,drought
H00416,F0066,2022-SR,Maize,2023-03-21,13.2,bags,
H00417,F0066,2023 Short Rains,Beans,2024-01-26,5.1,Bags,
H00418,F0066,2024-LR,Beans,18/06/2024,4.8,Bags,
H00419,F-0066,2024-SR,Beans,"Feb 15, 2025",4.2,bags,
H00420,F0067,2020 Short Rains,Beans,21/01/2021,434.0,kgs,
H00421,F0970,2021 Long Rains,Maize,09/09/2021,778.0,kg,
H00422,F0067,2022-LR,Beans,29/06/2022,125.0,kg,
H00423,F0067,SR 2022,Maize,2023-02-15,1109.0,kg,
H00424,F0067,2023 Short Rains,Maize,2024-02-17,926.0,KG,
H00425,F0067,LR 2024,Maize,2024-08-24,793.0,Kg,
H00426,F0067,2024 short rains,Maize,29/03/2025,,Kg,
H00427,F0068,2019 Long Rains,Maize ,05-Jul-19,8.0,bags,
H00428,F0068,2020-LR,maize,29-Jun-20,7.7,bags,
H00429,F0068,2020-SR,Maize,20-Mar-21,3.1,Bags,
H00430,F0068,2022 Short Rains,Maize,18-Apr-23,4.4,bag,
H00431,F0068,SR 2024,Maize,2025-02-23,4.5,Bags,
H00432,F0069,2019-SR,Wheat,30/03/2020,23.4,bags,
H00433,F0069,LR2021,Maize,08/08/2021,45.5,bag,
H00434,F0069,SR 2021,Maize,2022-03-25,20.2,bags,late planting
H00435,F0069,LR2022,Maize,2022-07-09,12.4,Bags,late planting
H00436,F0069,2023 Long Rains,beans,"May 27, 2023",2.5,bag,
H00437,F0069,2023 Short Rains,Wheat,"Mar 13, 2024",37.8,bags,drought
H00438,F0069,SR2024,maize,2025-03-29,19.1,bags,
H00439,F0960,2019 Long Rains,Bean,2019-07-10,6.4,bags,
H00440,F0070,2020 Long Rains,Beans,2020-07-03,5.7,bags,
H00441,F0912,2020 SR,Sorghum,2021-03-22,5.1,bags,drought
H00442,F0070,2021 Short Rains,Beans,"Jan 30, 2022",8.9,Bags,
H00443,F0070,2023 Long Rains,Beans,2023-07-08,4.1,90kg bag,
H00444,F0070,2024 Short Rains,Beans,"Jan 28, 2025",4.4,bags,
H00445,F0071,LR 2021,Maize,22/08/2021,0.75,tonnes,
H00446,F0071,2022 Long Rains,Beans,2022-06-28,0.34,tonnes,
H00447,F0071,2024 Long Rains,Maize,2024-09-08,0.93,t,
H00448,F0072,2020 long rains,Maize,2020-08-14,628.0,kgs,
H00449,F0072,2020 Short Rains,Maize,2021-03-26,786.0,kg,
H00450,F0072,LR 2021,Beans,2021-06-29,,kg,
H00451,F0072,SR2021,Beans,2022-01-02,297.0,kg,
H00452,F0072,2023 Short Rains,Maize ,2024-04-10,256.0,KG,
H00453,F0072,LR 2024,maize,2024-09-11,514.0,kg,
H00454,F0073,LR 2019,Maize,23/06/2019,871.0,kgs,
H00455,F0073,2019 Short Rains,Maize,2020-02-29,745.0,Kg,
H00456,F0073,2021-LR,Beans,2021-06-25,323.0,kg,
H00457,F0073,2021 SR,Maize,2022-02-27,1418.0,kg,pest damage
H00458,F0073,2022 short rains,Maize,12/03/2023,1425.0,Kg,armyworm
H00459,F0073,LR2023,Maize,10/09/2023,721.0,KG,
H00460,F0073,2023 Short Rains,Beans,2023-12-23,492.0,kg,
H00461,F0073,LR 2024,Beans,12/06/2024,185.0,kg,armyworm
H00462,F0073,SR 2024,Beans,2025-01-01,5.0,KG,crop failure
H00463,F0074,LR 2019,BEANS,25/06/2019,2.8,Bags,
H00464,F0074,2020 Short Rains,Maize,07/03/2021,6.6,bags,
H00465,F0074,2021 Short Rains,Maize,2022-03-07,6.7,bag,
H00466,F0074,2022 Short Rains,Beans,2023-02-22,2.6,bag,
H00467,F0074,2023 Long Rains,Beans,2023-07-29,1.1,bags,
H00468,F0074,2024 Short Rains,Maize ,2025-02-16,3.4,Bags,
H00469,F0075,SR 2019,Maize,2020-02-22,59.3,Bags,
H00470,F0075,2021 Long Rains,Wheat,2021-08-05,78.3,bags,
H00471,F0075,2022 short rains,maize,2023-03-11,73.7,bag,
H00472,F0075,2023 long rains,Maize,09-Aug-23,85.2,bags,
H00473,F0075,SR 2023,Beans,21/01/2024,30.2,bag,
H00474,F0075,2024 Short Rains,Maize,2025-02-16,78.4,Bags,
H00475,F0076,2019 Short Rains,Beans,2020-01-04,1.44,tonnes,
H00476,F0076,SR 2021,Maize,01/04/2022,4.24,tonnes,
H00477,F0076,2022 SR,Maize,2023-02-21,3.96,t,
H00478,F0076,2023 Long Rains,Beans,2023-07-08,1.69,MT,
H00479,F0076,2023 Short Rains,Beans,2024-02-07,1.23,tonnes,
H00480,F0076,2024 Short Rains,Maize,2025-02-11,5.07,t,
H00481,F0077,2019 Long Rains,Maize,14-Aug-19,24.7,Bags,
H00482,F0077,2021 Long Rains,maize,11-Jul-21,31.4,90kg bag,
H00483,F0077,LR 2022,Maize,2022-08-29,43.8,bags,
H00484,F0077,2022-SR,BEANS,16/02/2023,7.5,bags,
H00485,F0077,2023 Short Rains,Beans,17-Feb-24,11.6,Bags,
H00486,F0077,SR2024,Maize,13-Mar-25,20.5,bags,
H00487,F0078,2019-LR,Maize,24/07/2019,27.57,tonnes,
H00488,F0078,LR 2020,Wheat,2020-08-11,13.51,tonnes,
H00489,F0078,LR 2021,Wheat,2021-08-01,18.16,MT,
H00490,F0078,2022 Short Rains,Maize,2023-03-29,10.95,tonnes,
H00491,F0078,2023 Long Rains,Maize ,06-Sep-23,8.08,tonnes,
H00492,F0078,LR 2024,Maize,2024-09-11,21.92,tonnes,
H00493,F0079,2019-LR,Beans,2019-06-14,2.4,bags,
H00494,F0079,LR 2020,Beans,09/06/2020,3.8,bag,pest damage
H00495,F0079,2021 Long Rains,Maize,2021-07-13,7.6,Bags,
H00496,F0079 ,2021 short rains,Maize,2022-04-01,8.4,bags,
H00497,F0079,2022 Long Rains,Wheat,04/09/2022,8.1,Bags,
H00498,F0079,2023 Long Rains,Maize,08/09/2023,10.0,bags,
H00499,F0079,2023 short rains,Corn,2024-03-24,5.9,Bags,
H00500,F0968,2024 long rains,Maize,2024-07-31,9.5,bags,
H00501,F0079,2024-SR,wheat,"Mar 27, 2025",4.6,Bags,
H00502,F0080,2021 Short Rains,Beans,"Jan 12, 2022",757.0,,
H00503,F0080,2022-SR,Beans,2023-01-25,1291.0,Kg,
H00504,F-0080,LR2023,Maize,05/08/2023,5665.0,kg,
H00505,F0080,2023 Short Rains,Wheat,2024-03-05,4410.0,kg,
H00506,F0080,2024 Short Rains,maize,2025-03-18,2955.0,kg,
H00507,F0081,LR 2019,Maize,2019-07-02,7.1,bag,
H00508,F0081,2019 short rains,beans,2020-02-19,1.3,bags,
H00509,F0081,2020 SR,Beans,09/02/2021,0.1,bags,crop failure
H00510,F0081,2021 Long Rains,Sorghum,18/07/2021,1.3,bag,
H00511,F0081 ,2021-SR,Beans,2022-02-14,1.5,bags,
H00512,F0081,2022 Long Rains,Beans,2022-07-10,1.4,bags,
H00513,F0081,2023 Short Rains,Corn,2024-03-17,3.4,bags,
H00514,F-0081,2024-LR,sorghum,2024-06-25,2.8,bags,
H00515,F0081,2024 Short Rains,Maize,2025-04-05,3.3,bags,
H00516,F0082,SR 2019,Beans,07/02/2020,1.98,tonnes,
H00517,F0082,LR 2020,Maize ,24/07/2020,5.96,tonnes,
H00518,F0082,2021 LR,Maize,2021-08-13,8.63,t,armyworm
H00519,F0082,SR2022,Corn,2023-03-24,6.31,tonnes,
H00520,F0082,2023 Short Rains,Maize,21/02/2024,6.46,tonnes,
H00521,F0082,2024 SR,Maize,2025-03-13,3.81,tonnes,
H00522,F0083,2020 Long Rains,Sorghum,04/08/2020,1.3,bags,
H00523,F0083,2021 Long Rains,sorghum,2021-07-18,1.0,Bags,
H00524,F0083 ,2021 SR,Sorghum,08/03/2022,1.9,bag,
H00525,F-0083,2022 Short Rains,Sorghum,2023-03-21,1.2,bags,
H00526,F0083,LR 2024,Maize ,2024-09-07,2.6,Bags,
H00527,F0083,SR 2024,Sorghum,22/03/2025,1.1,bags,
H00528,F0084,2019 Short Rains,Beans,05/02/2020,1.27,tonnes,
H00529,F0084,2020 short rains,Corn,10-Apr-21,1.71,tonnes,drought
H00530,F0084,2021 Long Rains,MAIZE,2021-08-01,3.21,tonnes,
H00531,F0084,2022 Short Rains,Wheat,2023-03-24,3.43,tonnes,
H00532,F0084,LR 2023,maize,2023-08-05,3.62,t,
H00533,F0084,2024-LR,maize,04-Jul-24,4.6,tonnes,
H00534,F0084,2024 Short Rains,Wheat,2025-03-03,2.3,tonnes,
H00535,F0085,2020 long rains,Beans,2020-07-12,432.0,kg,
H00536,F0085,2021 Short Rains,sorghum,2022-03-04,1234.0,KG,
H00537,F0085,LR 2022,Sorghum,2022-07-27,33.0,kg,crop failure
H00538,F0085,LR2023,Maize ,2023-08-06,2718.0,Kg,
H00539,F0085,2023 Short Rains,Maize,2024-03-21,1727.0,kgs,drought
H00540,F0085,2024-SR,Beans,2025-02-27,587.0,kg,
H00541,F0086,2019 Long Rains,Maize,2019-08-03,14.9,bags,
H00542,F0086,2019 short rains,Maize,2020-03-20,11.1,bags,
H00543,F0086,2020 Short Rains,Beans,25/01/2021,2.2,bags,
H00544,F0086,LR 2022,Maize,2022-09-04,8.3,bags,
H00545,F0086,2022-SR,Maize,2023-01-31,5.9,bags,
H00546,F0086,2023 Long Rains,MAIZE,2023-08-31,9.0,90kg bag,
H00547,F0086,2023 Short Rains,Beans,"Feb 15, 2024",4.0,bag,
H00548,F0086,LR2024,Maize,29/07/2024,10.7,bags,
H00549,F-0087,LR 2021,Corn,"Jul 06, 2021",7.2,bags,
H00550,F0087,2021 short rains,wheat,18/03/2022,13.9,Bags,
H00551,F0087,2022 Long Rains,Wheat grain,2022-07-13,10.1,bags,
H00552,F0087,2022-SR,Maize,24/03/2023,14.4,bag,
H00553,F0087,2023 Short Rains,Wheat,2024-02-28,9.9,bags,
H00554,F0087,2024 Long Rains,Beans,2024-06-09,4.9,bags,
H00555,F0087,2024 short rains,Wheat,07/03/2025,15.0,bags,
H00556,F0088,LR 2019,Maize,2019-09-10,4.2,bags,
H00557,F-0088,LR 2022,beans,2022-07-22,0.6,bags,
H00558,F0088,2022 short rains,sorghum,2023-02-25,1.3,Bags,
H00559,F0088,2023 Long Rains,Sorghum,13/07/2023,1.1,bags,
H00560,F-0088,SR2023,Sorghum,2024-02-04,4.4,bags,
H00561,F0088,2024 Long Rains,Sorghum,2024-08-05,2.7,bags,
H00562,F0089,2019-SR,Maize,2020-02-27,2621.0,KG,
H00563,F0089,LR 2023,Beans,2023-06-05,1210.0,kgs,
H00564,F0089,2024 Long Rains,Maize,2024-07-31,5110.0,kg,
H00565,F0090,LR 2019,Maize,2019-08-10,10.9,bags,
H00566,F0090,SR 2019,Maize,2020-02-21,10.1,Bags,
H00567,F0090,2020 Long Rains,beans,"Jun 07, 2020",5.6,90kg bag,
H00568,F0090,2021 Long Rains,maize,2021-08-31,11.7,bags,
H00569,F0090,2021 short rains,MAIZE,2022-02-15,14.5,bags,
H00570,F0090,2022 long rains,Beans,2022-06-14,3.7,bags,
H00571,F0090,2022 Short Rains,Maize,2023-04-04,15.9,Bags,
H00572,F0090,2023 Long Rains,Sorghum,27-Aug-23,6.9,bags,
H00573,F0090,2024 Long Rains,Maize,2024-07-26,23.5,90kg bag,
H00574,F-0091,SR 2019,Beans,"Jan 21, 2020",433.0,kgs,
H00575,F0091 ,LR2020,Sorghum,2020-07-19,396.0,kg,
H00576,F0091,2020 short rains,Beans ,02/01/2021,189.0,Kg,
H00577,F0091,2021 Short Rains,Maize,09-Mar-22,1479.0,Kg,
H00578,F0091,2023 Short Rains,Maize,2024-03-23,1439.0,kg,
H00579,F0092,2020-SR,Maize,"Jan 31, 2021",1070.0,kg,
H00580,F0092,2021 LR,MAIZE,2021-08-16,415.0,kg,
H00581,F0092,2022 Long Rains,Maize,2022-09-11,422.0,kg,
H00582,F0092,SR2022,Bean,2023-01-29,504.0,Kg,
H00583,F0093,LR2019,Maize,2019-08-30,978.0,Kg,
H00584,F0093,2020 Long Rains,Beans,07/06/2020,135.0,Kg,
H00585,F0093,SR 2020,Maize,31-Jan-21,742.0,kg,
H00586,F0093,2023 Long Rains,Corn,"Aug 03, 2023",502.0,KG,
H00587,F0093 ,2024 Long Rains,Beans,2024-07-17,161.0,kg,
H00588,F0094,2019-LR,Beans,07-Jul-19,7.5,Bags,
H00589,F0094,2019-SR,Beans,2020-02-06,34.0,Bags,
H00590,F0094,2020 Long Rains,Beans,2020-07-02,2.4,90kg bag,
H00591,F0094 ,SR 2020,Beans,14/02/2021,2.2,bags,
H00592,F-0094,2021 Long Rains,Maize,2021-07-22,7.7,bags,
H00593,F0094,2022 Short Rains,Maize,2023-03-28,22.4,bags,
H00594,F0094,2023 Short Rains,Maize,07/03/2024,13.8,Bags,
H00595,F0095,2020 Long Rains,Maize,2020-08-21,1044.0,kg,
H00596,F0095,2020 short rains,Sorghum,27/02/2021,503.0,kg,
H00597,F0095,2021-LR,Beans,2021-06-22,369.0,kg,
H00598,F0095,2022 short rains,Maize,2023-03-10,1913.0,kg,
H00599,F0095,2023 Short Rains,Sorghum,14/02/2024,823.0,kgs,
H00600,F0096,2019 long rains,Maize,23-Aug-19,12.4,bags,
H00601,F0096,2019 Short Rains,maize,2020-04-16,6.0,Bags,
H00602,F0096,2020-LR,Sorghum,20/07/2020,4.6,Bags,
H00603,F0096,2021 Short Rains,Beans,04-Feb-22,6.0,Bags,
H00604,F0096,LR 2022,Maize,2022-08-19,16.9,bag,
H00605,F0096,2022-SR,Maize,2023-03-12,11.6,bag,drought
H00606,f0096,2023 long rains,Maize,02-Sep-23,10.8,bags,
H00607,F-0096,SR 2024,Sorghum,"Feb 11, 2025",5.5,bag,
H00608,F-0097,LR2019,Beans,13-Jul-19,3.3,bags,
H00609,F0097,2020-LR,Maize,19/08/2020,13.1,,
H00610,F0097,SR2020,Maize,08-Mar-21,12.6,90kg bag,
H00611,F0097,SR 2022,Beans,18/01/2023,6.9,bags,
H00612,F0097,2023 Short Rains,Maize,26-Mar-24,18.3,bags,
H00613,F0097,2024-SR,Maize,2025-04-01,11.8,bags,pest damage
H00614,f0098,SR2019,Sorghum,30/03/2020,809.0,kg,
H00615,F0098,LR 2021,Beans ,05-Jul-21,2120.0,kg,
H00616,F0098,2021 Short Rains,Sorghum,10-Feb-22,1236.0,kg,
H00617,F0098,2022 long rains,Beans,04-Jun-22,313.0,kg,
H00618,F0098,2024-SR,Sorghum,2025-02-14,418.0,kg,
H00619,F0099,LR 2019,Maize,2019-09-06,34.0,,
H00620,F0099,SR 2020,Maize,2021-03-03,37.2,Bags,
H00621,F0099,2021 Short Rains,Maize,23/02/2022,31.2,Bags,
H00622,F0099,2022-LR,beans,2022-07-11,2.3,bags,
H00623,F0099,2022 Short Rains,Sorghum,2023-03-23,10.9,bags,
H00624,F0099,2024 Long Rains,Beans,14/06/2024,4.2,bags,
H00625,F0099,2024 Short Rains,Maize,2025-03-07,,Bags,
H00626,F0100,2019 LR,Sorghum,2019-09-05,9.2,bags,
H00627,F0100,2019 short rains,Sorghum,2020-03-10,9.6,bag,
H00628,F0100,LR 2020,MAIZE,01/08/2020,6.9,bags,
H00629,F0100,2020 Short Rains,Beans,24-Jan-21,6.3,bags,
H00630,F0100,LR 2021,Maize,05/09/2021,4.2,bags,
H00631,F0100,2022-SR,Maize,2023-03-10,12.9,90kg bag,
H00632,F0100,2024-SR,maize,2025-03-23,8.3,bags,
H00633,F0101,2019 Short Rains,Sorghum,"Mar 09, 2020",3.3,bags,late planting
H00634,F0101,2020 Short Rains,Sorghum,2021-02-04,1.3,bags,
H00635,F0101,2021 Short Rains,Sorghum,18/02/2022,2.7,bags,
H00636,F0101,2022 long rains,Sorghum,2022-08-02,2.2,bags,
H00637,F0101,2023 Short Rains,Maize,06/03/2024,3.3,bag,
H00638,F0101,2024 Long Rains,Maize,28/07/2024,5.9,Bags,drought
H00639,F0102,2019 long rains,MAIZE,2019-08-04,15.3,Bags,
H00640,F0102,2021 Long Rains,Beans,2021-07-05,20.0,bag,
H00641,F0102,SR2021,Sorghum,09/03/2022,6.0,bags,
H00642,F0103,2019 Long Rains,SORGHUM,02/07/2019,1.2,bags,
H00643,F0103,2020 Long Rains,Beans,2020-07-03,1.0,bags,
H00644,f0103,2020-SR,Sorghum ,27/02/2021,2.8,Bags,
H00645,F0103,2021 Long Rains,Corn,10/07/2021,1.7,90kg bag,
H00646,F0103,2022 long rains,Beans,2022-07-07,0.4,bags,
H00647,F0103,2023 Long Rains,Sorghum,2023-07-18,1.4,90kg bag,
H00648,F0103,2023-SR,Beans,08/01/2024,0.9,bags,
H00649,F0103,2024 Long Rains,Maize,2024-07-30,5.5,bag,
H00650,F0103,2024 short rains,Sorghum,27/02/2025,2.1,bags,
H00651,F0104,2019 Short Rains,wheat,05/04/2020,39.4,bags,
H00652,F0104,2020 LR,Corn,"Sep 10, 2020",32.8,bags,
H00653,f0104,2020 Short Rains,Maize,"Mar 22, 2021",11.5,bag,
H00654,F0104,2021 Long Rains,Beans ,2021-06-20,9.9,bags,
H00655,F0104,LR2022,wheat,07/09/2022,47.1,bags,
H00656,F0104,2022-SR,Maize,26/02/2023,55.9,Bags,
H00657,F0104,2023 LR,maize,2023-09-09,66.3,bags,
H00658,F0104,2024 short rains,Wheat grain,2025-03-30,24.2,bags,
H00659,F0105 ,2019 Short Rains,Beans,29/01/2020,0.41,tonnes,
H00660,F0105,2020-LR,Maize,2020-07-02,5.8999999999999995,tonnes,
H00661,F0105,2021 Short Rains,Bean,2022-01-01,0.38,tonnes,
H00662,F0105,LR 2022,Bean,2022-07-08,0.38,tonnes,
H00663,F0105,2022 Short Rains,Maize,2023-02-07,1.49,tonnes,
H00664,F0105,2023 short rains,maize,03/02/2024,1.92,tonnes,
H00665,F0105,2024 SR,Beans,2025-01-20,0.5,tonnes,
H00666,F0106,2019 Short Rains,Beans,2020-03-06,270.0,kg,
H00667,F0106,LR 2020,MAIZE,13/08/2020,17080.0,kgs,drought
H00668,F0106,2020 Short Rains,Maize,31-Mar-21,1713.0,kg,drought
H00669,F0106,2021 SR,Maize,2022-03-26,1473.0,kg,partial harvest
H00670,F0106,2023 Long Rains,beans,14/06/2023,884.0,kg,
H00671,F0106,SR 2023,Maize,2024-03-27,1539.0,kg,
H00672,F0106,LR 2024,Sorghum,19-Jul-24,979.0,kgs,
H00673,F0106,SR2024,Beans,2025-02-02,1028.0,kgs,
H00674,F0107,2019-LR,Maize,27/07/2019,8.0,bags,
H00675,F0107 ,2020 Short Rains,maize,2021-03-15,3.9,bags,
H00676,F0107,2021 Long Rains,Maize,15/08/2021,,bags,
H00677,F0107,2021 Short Rains,maize,08/02/2022,3.3,bags,
H00678,F0107,LR 2022,sorghum,"Jul 07, 2022",0.5,bags,
H00679,F0107,2024 Short Rains,Beans,2025-01-25,1.7,bags,
H00680,F0108,2020 long rains,Sorghum,27-Aug-20,8.8,bag,
H00681,F0108,SR2022,Beans,11/02/2023,2.8,bag,
H00682,F0108,SR2024,Maize,2025-02-16,17.5,bags,
H00683,F0109,2019 Long Rains,Maize,2019-07-28,6.6,90kg bag,
H00684,F0109,LR 2020,Beans,2020-06-24,2.3,bags,
H00685,F0926,2020 Short Rains,SORGHUM,16-Feb-21,2.5,bags,
H00686,F0109,2021 Short Rains,Maize,2022-02-04,6.7,bags,
H00687,F0109,2022 Long Rains,Maize,2022-08-01,4.5,bags,
H00688,F0109 ,LR 2023,Maize,2023-08-29,8.1,bags,
H00689,F0109,SR 2023,beans,09/02/2024,2.8,Bags,
H00690,F0109,LR2024,Beans,"Jun 07, 2024",0.9,bags,
H00691,F0109,2024 Short Rains,maize,2025-02-14,3.8,bags,
H00692,F0110,LR 2019,Sorghum,2019-07-18,9.6,90kg bag,
H00693,F0110,SR 2020,Sorghum,01/02/2021,7.6,Bags,drought
H00694,F0110,2021-LR,Sorghum,2021-08-09,13.1,bag,
H00695,F0110,2022 Long Rains,SORGHUM,2022-09-05,2.5,bags,
H00696,F0111,2020 Long Rains,Maize,11/09/2020,747.0,kg,
H00697,F0111,2021 LR,Beans,2021-07-13,447.0,kg,
H00698,F0111,SR 2022,maize,27-Jan-23,646.0,kg,pest damage
H00699,F0111,2023 long rains,Maize,2023-08-27,685.0,Kg,
H00700,F0111,2023 Short Rains,Maize,2024-04-06,1866.0,kg,
H00701,F0111,LR 2024,maize,2024-08-09,890.0,kg,
H00702,F0112,2019 Long Rains,WHEAT,2019-08-21,46.5,Bags,
H00703,F0112,SR2019,Maize,2020-03-31,80.7,Bags,
H00704,F0112,2020 long rains,Maize ,"Jul 20, 2020",55.7,Bags,
H00705,F-0112,SR2020,Maize,"Feb 23, 2021",11.7,Bags,
H00706,F0112,2021 LR,Beans,2021-08-03,7.2,Bags,
H00707,F0112,2022 Short Rains,maize,2023-04-03,23.3,bags,
H00708,F0113,2020 long rains,Beans,2020-07-28,639.0,kg,
H00709,F0113,2020 Short Rains,Beans,29-Dec-20,806.0,KG,
H00710,F0113,LR2021,Beans,2021-05-30,1022.0,kgs,
H00711,F0113,2022 long rains,BEANS,2022-06-12,649.0,kgs,
H00712,F0113,2022 Short Rains,Maize,2023-03-28,1927.0,kg,
H00713,F0113,2023 long rains,maize,24/07/2023,2248.0,kg,
H00714,F0113,2023 short rains,Maize,12/04/2024,1068.0,kg,
H00715,F0114,2019 long rains,Maize,2019-08-26,6.4,bag,
H00716,F0114,LR 2020,Beans,2020-06-08,0.9,bag,
H00717,F0114,2020 Short Rains,BEANS,2021-01-14,1.3,bags,
H00718,F0114,2022 Long Rains,Bean,26/05/2022,-0.5,bags,
H00719,F0114,SR2022,Maize,18-Mar-23,6.9,bags,
H00720,F0114,2024 Long Rains,Beans,22/07/2024,1.8,bags,
H00721,F0115,2019 Long Rains,Beans,19-Jun-19,0.67,tonnes,
H00722,F0115,2019 Short Rains,maize,06-Mar-20,0.1,tonnes,crop failure
H00723,F0115,2021 Long Rains,Wheat,2021-07-22,1.42,MT,
H00724,F0115,2021 SR,Wheat,2022-02-28,1.59,tonnes,
H00725,F0115,2022 Short Rains,Maize,2023-03-20,2.41,tonnes,
H00726,F0115,2023-LR,Wheat,"Sep 11, 2023",2.97,tonnes,
H00727,F0115,2024 Short Rains,Maize,19/03/2025,,MT,
H00728,F0116,2020 Long Rains,Maize,2020-08-25,3572.0,kg,
H00729,F0116,2020 short rains,Maize,2021-03-05,3430.0,kgs,
H00730,F0116,2021 Long Rains,Beans,2021-06-17,557.0,kg,
H00731,F0116,2024 Long Rains,Maize,24/07/2024,2259.0,kgs,
H00732,F0116,SR2024,maize,2025-04-04,3938.0,kg,
H00733,F0117,2020 Long Rains,Wheat,29/08/2020,4243.0,Kg,
H00734,F0117,SR 2021,Wheat,2022-03-14,5802.0,kg,
H00735,F0117,2024 Long Rains,Wheat,01-Sep-24,4746.0,kg,
H00736,F0117,SR 2024,Wheat,2025-03-01,4331.0,kg,
H00737,F0118,2019-SR,Maize ,2020-03-18,1.83,tonnes,
H00738,F0118,2020 SR,Corn,2021-03-08,1.75,MT,
H00739,F0118,LR 2021,Beans,2021-07-11,0.71,tonnes,
H00740,F0118,2021-SR,Bean,2022-01-07,0.03,t,crop failure
H00741,F0949,LR 2022,maize,"Jul 12, 2022",1.23,t,
H00742,F0118,LR 2023,MAIZE,28/08/2023,0.93,t,
H00743,F0118,2023-SR,Beans,2024-01-12,0.67,tonnes,
H00744,F0118,LR2024,BEANS,2024-07-11,0.33,tonnes,
H00745,F0119,2019 short rains,wheat,2020-02-14,14.1,bags,
H00746,F0119,2020 Short Rains,Wheat grain,23/03/2021,8.4,Bags,
H00747,F-0119,2022 Long Rains,Beans,2022-07-07,5.9,bags,
H00748,F0119,2022 Short Rains,WHEAT,2023-03-13,6.5,90kg bag,
H00749,F0119,2023 Short Rains,Wheat,2024-03-20,10.4,bag,
H00750,f0119,2024 SR,Beans,2025-01-26,2.3,bag,
H00751,F0120,2019 LR,maize,2019-08-20,40.1,bag,
H00752,F0120,2019 Short Rains,Beans,2020-02-02,5.8,90kg bag,
H00753,F0120,2020 Long Rains,Maize,2020-08-21,10.9,bag,drought
H00754,F0120,2021-LR,Sorghum,21/07/2021,7.0,bags,
H00755,F0120,2022 Short Rains,Sorghum,07/02/2023,6.8,bags,drought
H00756,F0120,LR 2023,Maize,04-Jul-23,14.7,bags,
H00757,F0120,2023 short rains,sorghum,2024-01-22,7.5,Bags,
H00758,F0120,2024 Long Rains,Beans,2024-07-14,4.7,Bags,
H00759,f0120,SR2024,Maize,2025-03-03,15.2,bags,
H00760,F0121,2019-SR,Maize,24/04/2020,2111.0,kg,
H00761,F0121,2021-LR,Sorghum,2021-07-02,657.0,kg,
H00762,F0121,2022-SR,Maize,2023-02-16,1347.0,kg,
H00763,F0121,2023 Long Rains,Sorghum,2023-06-22,246.0,kg,
H00764,F0121,2023 short rains,Beans,2024-01-29,1009.0,KG,
H00765,F0121,2024 Long Rains,Sorghum,09-Jul-24,540.0,kg,
H00766,F0121,2024-SR,sorghum,2025-02-05,297.0,kg,
H00767,F0122,2020 SR,sorghum,28-Feb-21,5.2,bags,drought
H00768,F0122,2021-LR,BEANS,2021-07-17,1.7,Bags,
H00769,F0122,SR2021,Beans,11/02/2022,4.1,Bags,
H00770,F0122,2022-LR,Maize,2022-09-13,6.5,bags,
H00771,F0122,2024 long rains,Maize,2024-08-17,12.3,bags,armyworm
H00772,F0123,LR 2019,Sorghum ,2019-08-03,2.8,bags,
H00773,F0123,SR2019,Sorghum,21/02/2020,3.4,bag,
H00774,F0123,2020 Long Rains,Maize,2020-09-03,5.4,bags,
H00775,F0123,SR 2020,Sorghum,07/02/2021,2.3,Bags,
H00776,F0123,LR 2021,Maize,2021-08-09,4.6,bags,
H00777,F0123,2023 Short Rains,Beans,2024-02-16,1.8,bags,
H00778,F0123,SR2024,Maize,25/02/2025,3.7,bag,
H00779,F0124,LR 2019,Sorghum,2019-07-07,5.0,bags,
H00780,F0124,SR 2019,Maize,14/02/2020,5.8,bags,
H00781,F0124,2021 Long Rains,Beans,2021-07-06,2.2,Bags,
H00782,F0124,SR2021,Maize,29/03/2022,10.8,bags,
H00783,F0124,2022 Long Rains,Sorghum,18/07/2022,0.3,Bags,crop failure
H00784,F0124,SR 2022,maize,01/03/2023,7.5,Bags,
H00785,F0124,2024-LR,Maize,2024-08-31,12.3,bag,
H00786,F0124,2024 Short Rains,Sorghum,2025-04-01,8.3,bags,
H00787,F0125,2019 Short Rains,Maize,18/03/2020,309.0,kg,
H00788,F0125,2020 Short Rains,beans,2020-12-28,50.0,kg,
H00789,f0125,2021 Short Rains,Sorghum,2022-02-16,315.0,Kg,
H00790,F0125,2022-LR,Beans,2022-06-25,71.0,Kg,
H00791,F0125,2023-LR,Beans,2023-06-06,760.0,kg,
H00792,F0125,2023 Short Rains,Maize,2024-03-10,163.0,kg,drought
H00793,F0125,2024 Short Rains,Sorghum,03/03/2025,364.0,kg,drought
H00794,F0126,2019 Short Rains,Beans,26/01/2020,0.1,Bags,crop failure
H00795,F0126,2020 Short Rains,Maize ,2021-03-24,9.4,bags,
H00796,F0126,2021 Long Rains,Maize,2021-08-21,14.5,bags,
H00797,F0959,2021 SR,Maize,2022-03-18,10.4,bags,
H00798,F0126,2023 Long Rains,Bean,2023-07-03,0.6,bags,
H00799,F0127,2019-SR,Corn,2020-02-23,,Bags,
H00800,F0127,LR2020,Beans,21-Jul-20,4.5,bags,
H00801,F0127,2022 long rains,Beans,2022-06-16,2.2,bags,
H00802,F-0127,2022-SR,Maize,2023-03-29,13.6,bags,
H00803,F0127,2023 Long Rains,Maize,2023-08-23,12.9,bag,
H00804,F0127,2024 Short Rains,Corn,10/03/2025,22.0,bags,
H00805,F0128,SR2020,Beans,26/01/2021,5.5,bags,
H00806,F0128,2021 Long Rains,maize,2021-09-03,14.6,bags,
H00807,F0987,SR2021,Sorghum,2022-02-22,10.2,90kg bag,
H00808,F0128,2022 LR,beans,2022-06-28,3.2,bags,
H00809,F0128,2023 Long Rains,Sorghum,2023-08-13,12.8,bags,
H00810,F0128,2023 SR,Beans,2024-01-07,5.7,bags,
H00811,F0128,2024 Long Rains,Beans,"Jun 24, 2024",11.6,Bags,
H00812,F0128,2024 SR,BEANS,"Jan 15, 2025",8.8,bags,
H00813,F0129,2019 Short Rains,Beans,11-Jan-20,3.0,,
H00814,F0129,2020 Long Rains,Maize,2020-08-05,10.4,bags,
H00815,F0129,2020 Short Rains,Wheat,2021-04-01,11.8,bags,drought
H00816,F0129,LR2022,Beans,2022-07-14,4.8,bags,
H00817,F0129,2022 Short Rains,beans,2023-02-08,5.7,bags,
H00818,F0129,2023 Short Rains,Maize,13/03/2024,12.4,bags,
H00819,F0129,2024 Short Rains,maize,2025-03-04,9.9,90kg bag,
H00820,F0921,LR 2020,Maize ,22/08/2020,864.0,KG,
H00821,F0130,SR 2021,Sorghum ,24/03/2022,246.0,kgs,
H00822,F0130,LR 2022,Beans,05/07/2022,56.0,kg,
H00823,F0130,2022 Short Rains,Maize,2023-03-14,427.0,kg,
H00824,F0130,SR 2024,Maize ,2025-03-30,223.0,KG,
H00825,F0131,2019 long rains,Wheat,05/08/2019,5824.0,kg,
H00826,F-0131,2019-SR,maize,2020-03-27,4760.0,kg,
H00827,F0131,2022 Short Rains,Maize,2023-03-18,8830.0,kg,
H00828,F0131,LR 2023,Maize,2023-08-25,13592.0,kg,
H00829,F0131,2024 Long Rains,Beans,2024-06-11,3050.0,kg,
H00830,F0131,2024 Short Rains,Maize,26/03/2025,8512.0,kg,
H00831,F0132,SR 2019,Beans,2020-01-05,615.0,kg,
H00832,F0132,2020 long rains,Beans,26/07/2020,715.0,kg,
H00833,F0132,2020 Short Rains,maize,22-Feb-21,2884.0,kg,
H00834,F0132,LR 2021,Corn,2021-08-03,748.0,kg,
H00835,F0132,2021 Short Rains,beans,17/02/2022,567.0,kg,
H00836,F0132,2024 Long Rains,Maize,2024-07-22,73.0,kg,crop failure
H00837,F0132,2024 Short Rains,Maize ,24-Mar-25,779.0,kgs,
H00838,F0133,2019 Long Rains,Maize,2019-07-31,1906.0,kg,
H00839,F0133,2021 Long Rains,Beans,28/07/2021,372.0,Kg,drought
H00840,F0133,2021 SR,maize,16/02/2022,4576.0,Kg,
H00841,F0133,2022-LR,Beans,2022-07-07,361.0,kgs,
H00842,F0133,LR 2023,Sorghum,2023-08-05,723.0,Kg,
H00843,F0133,2024 LR,Sorghum,2024-07-13,7640.0,kg,
H00844,F0134,2022 Long Rains,Maize,2022-07-22,11.1,Bags,
H00845,F0134,SR 2022,beans,2023-01-08,8.7,bags,
H00846,F0135,2019 Long Rains,Beans,2019-06-25,1785.0,Kg,late planting
H00847,F0135,2019 short rains,Bean,2020-02-08,980.0,Kg,
H00848,F0135,2020-SR,Maize,2021-03-21,3945.0,Kg,
H00849,F0135,LR2021,Maize,2021-07-29,2726.0,kg,
H00850,F0135,SR2021,Maize,06/02/2022,4343.0,Kg,
H00851,F0135,SR 2022,Maize,2023-03-06,4618.0,KG,
H00852,F0135,2024 Long Rains,Maize,19/08/2024,5757.0,kg,
H00853,F0135,2024 Short Rains,Beans,21/02/2025,1181.0,kg,
H00854,F0136,2019 short rains,Beans ,31/12/2019,1.6,90kg bag,
H00855,F0136,SR2020,Sorghum,2021-02-28,3.7,bag,
H00856,F0136,2021 Long Rains,beans,2021-07-20,2.2,bags,partial harvest
H00857,F0136,2021 SR,Beans,2022-01-17,0.2,Bags,crop failure
H00858,F0136,LR2022,Maize,2022-08-16,7.4,bags,
H00859,F0136,2022 Short Rains,Maize,21/03/2023,8.9,bags,
H00860,F0136,LR 2023,Sorghum,19/06/2023,1.6,bags,
H00861,F0137,2019 Long Rains,Maize,2019-09-05,19.4,bags,
H00862,F0984,SR 2019,Wheat,2020-02-23,13.7,Bags,
H00863,F0137,2020 long rains,Maize,2020-07-22,22.3,bags,
H00864,F0137,2020 short rains,Wheat,31/03/2021,12.9,90kg bag,drought
H00865,F0137,2021 Long Rains,Wheat grain,2021-08-19,19.9,Bags,
H00866,F0988,2021-SR,Wheat,2022-03-06,33.9,Bags,
H00867,F0137,2023-LR,wheat,2023-08-08,26.2,bags,
H00868,F0137,2024 Long Rains,Beans,2024-06-03,5.4,Bags,
H00869,F0137,2024 SR,Maize,02-Feb-25,19.6,Bags,
H00870,F0138,LR 2020,Sorghum,2020-08-21,1.4,bag,
H00871,F0138,2021 Long Rains,Maize,2021-09-18,1.2,bags,
H00872,F0138,2021 Short Rains,Maize,2022-03-20,3.1,bag,
H00873,F0138,LR 2022,Maize,30/07/2022,1.7,bag,
H00874,F0138,LR2023,Maize,2023-08-11,2.0,,partial harvest
H00875,F0138,2023 Short Rains,Maize,03/03/2024,3.4,Bags,
H00876,F0139,2021-LR,Maize,2021-08-16,1365.0,Kg,
H00877,F0139,LR2024,Maize ,"Aug 01, 2024",1347.0,kgs,
H00878,F0140,2020 short rains,Beans,2021-01-04,1.33,tonnes,
H00879,F0140,SR2021,Maize,2022-03-11,18.67,tonnes,
H00880,F0140,2022 Long Rains,Wheat,"Sep 14, 2022",10.85,tonnes,
H00881,F0140,SR2022,MAIZE,2023-03-13,19.14,tonnes,
H00882,F0140,2023 Short Rains,Wheat,2024-04-03,5.29,tonnes,
H00883,f0140,2024 long rains,Wheat,2024-08-20,13.58,tonnes,
H00884,F-0141,SR 2019,Maize,2020-03-03,49.6,bags,
H00885,F0141,LR2020,Maize,2020-09-01,4.4,bags,crop failure
H00886,F0141,SR2020,Beans,2021-02-03,0.0,bags,crop failure
H00887,F0141,2021 Long Rains,maize,11/07/2021,-37.3,Bags,
H00888,F0141,2021 Short Rains,Corn,08/04/2022,51.3,90kg bag,
H00889,F0141,2022 Long Rains,Beans,2022-07-14,24.6,bag,
H00890,F0141,SR2022,Wheat ,12/03/2023,54.8,bags,
H00891,F0141,2023-LR,Maize ,2023-06-26,47.4,bags,
H00892,F0142,2019 Short Rains,Maize ,14/03/2020,1.7,bags,
H00893,F0142,2020 Long Rains,Maize,2020-09-19,3.5,bags,
H00894,f0142,LR2021,Beans,06-Jul-21,0.8,Bags,
H00895,F0142,2021 short rains,Maize,"Mar 24, 2022",1.9,bags,
H00896,F0142,2022 long rains,Maize,05/09/2022,1.6,bags,
H00897,F0142,2022 Short Rains,Beans,2022-12-25,0.5,bags,
H00898,F0142,2023 long rains,Beans,19/06/2023,0.2,Bags,
H00899,F0142,2024 Short Rains,Maize,2025-03-10,2.1,bags,
H00900,F0143,2019 short rains,Maize,19/02/2020,35.8,90kg bag,
H00901,F0143,2020 Long Rains,Corn,08-Sep-20,39.6,bags,
H00902,F0143,2021 Long Rains,Maize,13/09/2021,42.8,90kg bag,drought
H00903,F0143,2021 SR,Beans,2022-01-28,6.5,bags,
H00904,F0143,2022-LR,Sorghum,25/07/2022,11.9,90kg bag,
H00905,F0143,2023 Long Rains,Beans,2023-06-25,13.5,bags,
H00906,F0143,SR 2023,Beans,2024-02-19,10.1,bags,
H00907,F0143,2024 Long Rains,Sorghum,11-Aug-24,17.6,bags,
H00908,F0144,2019 Short Rains,Maize,2020-04-19,3.6,bags,crop failure
H00909,F0144,2020-SR,Maize,2021-02-15,139.9,bags,
H00910,F0144,2022 SR,Beans,"Jan 20, 2023",103.6,Bags,
H00911,F0144,LR2023,Beans,2023-06-15,21.3,bags,
H00912,F0144,2023 short rains,Wheat,23/03/2024,332.5,Bags,drought
H00913,F0144,2024 Long Rains,Wheat,31/08/2024,464.7,bags,
H00914,F0144,SR2024,beans,10/02/2025,47.4,bag,
H00915,F0145,2019 long rains,Sorghum,"Aug 19, 2019",486.0,kg,
H00916,F0145,SR 2020,Maize,31/03/2021,523.0,KG,drought
H00917,F0145,2021 short rains,Sorghum,2022-01-28,,KG,
H00918,F0145,2022-LR,beans,31/05/2022,91.0,kg,
H00919,F0145,2022-SR,Beans,2023-02-12,176.0,Kg,
H00920,F0145,2024 long rains,Corn,10/08/2024,492.0,kg,drought
H00921,F0145,2024 Short Rains,Sorghum,2025-03-04,198.0,kg,
H00922,F0146,2019 Long Rains,Beans,21/07/2019,7.1,,
H00923,F0146 ,2020 Long Rains,Bean,21/06/2020,2.3,bags,
H00924,F0146,2020-SR,Maize,07/04/2021,11.3,bags,
H00925,F0146,2023 short rains,maize,2024-02-19,15.2,Bags,
H00926,F0146,2024 long rains,Bean,09/07/2024,5.2,bags,
H00927,F0146,2024 short rains,Maize,2025-03-06,21.6,bags,
H00928,F0147,2019 long rains,Beans,2019-05-31,2.6,Bags,
H00929,F0147,2020 long rains,Beans,2020-06-17,2.0,90kg bag,
H00930,F0147,LR2021,Maize,20/07/2021,9.0,bags,
H00931,F0147,SR 2022,Maize,2023-03-20,6.2,bags,
H00932,F0147,2023 Long Rains,Maize,"Aug 02, 2023",11.6,bags,
H00933,F0147,2024 long rains,maize,2024-07-31,21.4,bags,
H00934,F-0148,LR 2019,Maize,2019-09-07,6.4,90kg bag,
H00935,F0148,2020-LR,Maize,21/08/2020,7.8,Bags,
H00936,F0148,SR 2020,Maize,2021-02-21,4.4,Bags,
H00937,F0148,2021 Long Rains,Maize,2021-07-28,5.8,bags,
H00938,F0148,SR 2022,Maize,2023-03-17,12.6,bags,
H00939,f0148,2023 short rains,MAIZE,2024-03-07,10.1,bags,
H00940,F0148,2024 Long Rains,Corn,05-Aug-24,5.7,bags,
H00941,F0149,2019 long rains,Maize,2019-09-02,2841.0,kgs,
H00942,F0149,SR2019,Beans,2020-02-21,1284.0,kg,
H00943,F0149,SR 2020,Bean,2021-02-10,768.0,kg,
H00944,F0149,2021 long rains,Sorghum,2021-08-11,497.0,kg,
H00945,F0149,SR2021,Sorghum ,24/02/2022,1233.0,kgs,
H00946,F0149,LR 2023,beans,2023-06-28,473.0,kg,
H00947,F0149,2023-SR,Sorghum,24/02/2024,1339.0,kg,
H00948,F0150,SR2019,Beans,2020-02-04,31.0,kgs,crop failure
H00949,f0150,2020 Long Rains,maize,2020-08-21,2331.0,kg,
H00950,F0150,2021-SR,Maize ,2022-02-17,1015.0,kg,
H00951,F0150,2022 Short Rains,Beans,16-Jan-23,10.0,KG,crop failure
H00952,F0150,2023 Short Rains,Corn,21/02/2024,2787.0,Kg,
H00953,F0151,2019 Short Rains,Corn,2020-03-13,4.8,bags,
H00954,F0151,2020 Long Rains,Beans,2020-06-27,0.5,bags,
H00955,F0151,2022 SR,maize,2023-02-15,0.4,bags,crop failure
H00956,F0151,2023 short rains,Maize,2024-03-29,4.6,bag,
H00957,F0151,SR 2024,Maize,2025-02-06,4.3,bags,
H00958,F0152,2020 Long Rains,Bean,"Jul 31, 2020",8.6,bags,
H00959,F0152,2020-SR,Maize,2021-03-10,7.8,bags,
H00960,F0152,2021 Long Rains,SORGHUM,2021-07-30,3.5,90kg bag,
H00961,F0152,SR2021,Maize,02-Apr-22,15.6,,
H00962,F0152,LR2022,Sorghum,"Aug 02, 2022",2.7,bags,pest damage
H00963,F0152,2022 SR,Maize,2023-02-08,14.4,Bags,
H00964,F0152,2024 Long Rains,Maize,2024-08-01,38.9,Bags,
H00965,F0153,2020 Long Rains,Beans,11-Jul-20,3.0,bags,
H00966,F0153,2020 Short Rains,Maize,2021-03-16,14.9,Bags,
H00967,F0153,2021 Long Rains,maize,2021-07-18,20.2,bags,
H00968,F0153,2022 Long Rains,Beans,2022-06-07,2.7,bags,
H00969,F0153,2023 Long Rains,BEANS,2023-07-22,2.3,bag,
H00970,F0153,2023 Short Rains,Maize,2024-03-07,13.2,bags,
H00971,F0153,2024 LR,Maize,2024-08-19,23.4,,
H00972,F0154,2019-SR,Wheat,08-Apr-20,4973.0,kg,drought
H00973,F0154,2020 LR,MAIZE,2020-08-14,4253.0,kgs,
H00974,F0154,2022 Long Rains,Wheat,2022-07-19,1853.0,kg,
H00975,F0154,2023 Long Rains,wheat,19-Aug-23,3124.0,kg,
H00976,F0155,2020 SR,Maize,2021-03-24,25.5,bags,
H00977,F0155,2022-LR,Maize,21-Aug-22,,Bags,
H00978,F0155,2022 Short Rains,Maize ,18-Feb-23,611.0,bags,
H00979,F0155,LR2023,Sorghum,2023-07-09,11.1,bags,
H00980,F0155,SR2023,MAIZE,2024-03-16,32.0,,
H00981,F0155,2024 Long Rains,Corn,2024-09-03,31.2,bags,
H00982,F0156,2019-LR,Maize,2019-07-29,0.4,bags,crop failure
H00983,F0156,2019-SR,Maize,2020-03-09,5.7,Bags,
H00984,F0156,LR2020,BEANS,2020-07-13,0.6,bags,
H00985,F0156,2021 Long Rains,Maize,2021-07-16,4.0,bag,
H00986,F0156,2021-SR,Maize,2022-03-16,3.8,bags,drought
H00987,F0156,2022 short rains,Maize,2023-04-09,6.7,Bags,
H00988,F0156,2023 long rains,beans,2023-06-03,0.4,bag,
H00989,F0993,2023 Short Rains,Maize,14/02/2024,2.6,bags,
H00990,F0156,2024 Long Rains,Maize ,"Sep 02, 2024",2.9,bags,
H00991,F0156,SR2024,Maize ,2025-03-18,3.2,Bags,
H00992,F0157,2019 Long Rains,Beans,22/07/2019,3.0,bags,
H00993,F0157,2020 Long Rains,maize,2020-09-19,16.2,bags,
H00994,F0157,2021-SR,Maize,2022-03-03,14.6,bags,
H00995,F0157,2022 Long Rains,Maize,2022-08-12,8.0,bags,
H00996,F0157,2023 long rains,beans,17/07/2023,2.4,bags,
H00997,F-0157,2024-LR,Beans,2024-07-07,9.5,bags,
H00998,F0158,2020 Long Rains,beans,2020-05-31,221.0,KG,
H00999,F0158,2020 Short Rains,beans,2021-01-11,693.0,Kg,
H01000,F0158,2021-LR,Maize,2021-08-06,2144.0,kg,
H01001,F0158,2021 Short Rains,Beans,05/02/2022,437.0,kg,
H01002,F0158,LR 2023,Maize,2023-08-03,884.0,kg,
H01003,F0158,2024 Long Rains,Beans,2024-06-11,516.0,kg,
H01004,F0158,2024 Short Rains,maize,2025-02-06,749.0,kg,
H01005,F0159,2020 Long Rains,Maize,2020-07-07,873.0,kg,pest damage
H01006,F0159,2020 Short Rains,Beans,2021-01-05,260.0,kg,
H01007,F0159,2021 Long Rains,Beans,21/06/2021,355.0,kgs,
H01008,f0159,2022 Short Rains,Maize,2023-03-20,334.0,kg,
H01009,F0159,LR2023,Maize,2023-09-02,1222.0,kgs,pest damage
H01010,F0159,LR 2024,maize,2024-08-15,483.0,kg,
H01011,f0159,2024 short rains,Sorghum,08/03/2025,378.0,kg,
H01012,F0160,LR2019,Maize,2019-09-13,13.5,bags,
H01013,F0160,2020 Short Rains,Maize,2021-03-10,,bags,drought
H01014,F0160,LR 2021,Beans,2021-06-11,4.1,Bags,
H01015,F0160,2022-LR,Maize,2022-08-18,5.2,Bags,
H01016,F0161,LR2019,Wheat,2019-08-31,13.9,bag,
H01017,F0161,2019 Short Rains,Wheat,2020-03-05,7.8,90kg bag,
H01018,f0161,SR 2020,Maize,2021-03-05,2.1,bag,drought
H01019,F0161,2021 long rains,Beans,2021-08-05,1.6,bags,
H01020,F0161,LR 2023,Beans,02-Aug-23,4.8,bag,
H01021,f0161,LR2024,Maize,05/08/2024,10.5,bags,
H01022,F0162,2019 long rains,Beans,2019-06-29,307.0,Kg,
H01023,F0162,2019 Short Rains,Maize,2020-03-21,924.0,kg,
H01024,F0162,2020 Long Rains,Maize ,02/08/2020,1427.0,KG,
H01025,F0162,2022 LR,Maize,2022-08-15,429.0,kg,
H01026,F0162,SR2022,Maize,"Mar 27, 2023",824.0,Kg,
H01027,F0162,LR 2023,Maize,12/08/2023,542.0,kg,
H01028,F0162,2023 Short Rains,Beans,2024-01-13,479.0,Kg,
H01029,F0163,2019 Short Rains,Wheat,2020-03-16,62.7,bag,
H01030,F0163,2021 LR,Beans,28/06/2021,28.0,bags,
H01031,F0163,SR2021,Maize,2022-04-11,99.5,bags,
H01032,F0163,2023 LR,maize,2023-07-17,114.4,90kg bag,
H01033,F0163,SR 2023,WHEAT,2024-04-10,61.7,Bags,drought
H01034,F0164,LR 2020,Sorghum,09/08/2020,1080.0,kg,
H01035,F0164,2020 Short Rains,Maize ,2021-03-25,1988.0,kg,
H01036,F0980,2021 Short Rains,Sorghum,2022-03-02,1185.0,kg,
H01037,F0164,2022-LR,Bean,22-Jul-22,209.0,kg,
H01038,F0164,SR 2022,Beans,29/01/2023,696.0,kg,drought
H01039,F0164,2023 long rains,Beans,08-Jun-23,1098.0,kg,
H01040,F0164,2023 Short Rains,Sorghum,26/03/2024,1276.0,kg,drought
H01041,f0164,2024 Short Rains,Beans ,2025-02-14,837.0,Kg,
H01042,F0165,2020 Short Rains,Maize,2021-03-19,9.5,bags,drought
H01043,F0165,LR 2022,Sorghum,23/06/2022,1.8,bags,
H01044,F0165,2022 SR,Maize,2023-03-07,5.3,bags,
H01045,F0165,LR 2024,sorghum,15/07/2024,7.4,90kg bag,
H01046,F0165,2024 Short Rains,Maize,21/02/2025,8.3,Bags,
H01047,F0166,2019 Long Rains,Maize,2019-08-22,22.5,bags,
H01048,F0166,SR2019,Beans,2019-12-30,8.5,bags,
H01049,F0166,SR 2020,Wheat,2021-04-02,36.8,bags,
H01050,F0166,2021 Long Rains,Wheat,22-Jul-21,18.7,bags,
H01051,F0166,2021 Short Rains,Maize,2022-03-11,27.1,bags,
H01052,F0166,2022 LR,Maize,30/07/2022,31.0,bags,
H01053,F0166,2023 Short Rains,Maize,2024-04-10,27.8,bag,drought
H01054,F0167,2019 Short Rains,Sorghum,17-Feb-20,957.0,Kg,
H01055,F0167,2021-LR,Maize,2021-07-10,1055.0,kg,
H01056,F0167,2021 short rains,Maize,2022-03-10,3209.0,kg,
H01057,F0925,2022 Long Rains,Sorghum,29/06/2022,473.0,kg,
H01058,F0167,2023 Long Rains,Beans,"Jun 19, 2023",335.0,kg,
H01059,F0167,2024-LR,Sorghum,2024-07-26,791.0,,
H01060,F0167,2024 Short Rains,Sorghum,2025-03-20,1040.0,Kg,
H01061,F0168,2019 SR,Maize,2020-02-18,5.3,Bags,
H01062,F0168,LR 2021,Sorghum,2021-07-22,1.7,bag,
H01063,F0168,2023 LR,MAIZE,2023-08-25,17.8,Bags,
H01064,F0168,2023 SR,Beans,19/01/2024,1.9,90kg bag,
H01065,F0168,2024 Short Rains,Maize,2025-03-02,7.3,bag,
H01066,F0169,SR 2019,Maize,16/03/2020,7.7,Bags,
H01067,F0169,2020-LR,Maize,2020-08-23,6.7,90kg bag,
H01068,F0169,2022 Long Rains,Sorghum,2022-08-08,1.3,bags,
H01069,F0169,LR 2023,MAIZE,2023-08-15,2.0,bags,
H01070,F0169,2023-SR,Beans,2024-01-30,3.5,bags,
H01071,F0170,2020 Long Rains,MAIZE,2020-08-24,2576.0,KG,
H01072,F0170,2020-SR,Maize,24/02/2021,1325.0,kg,
H01073,F0170,LR 2021,Maize,2021-07-14,1105.0,Kg,
H01074,F0170,2021 short rains,Beans,2022-02-15,542.0,kg,
H01075,F0170,2022-LR,beans,2022-06-23,238.0,Kg,late planting
H01076,F0170,LR2023,Beans,2023-07-18,210.0,kg,
H01077,F0170,2023 short rains,Maize,"Mar 29, 2024",762.0,kg,
H01078,F0170,2024 Short Rains,Maize ,23/02/2025,1066.0,Kg,
H01079,F0171,2019 Short Rains,Maize,06-Mar-20,7.3,bags,
H01080,F0171,2020 Long Rains,Maize,27-Aug-20,7.5,Bags,
H01081,F0171,SR 2020,Sorghum,2021-01-31,2.0,bags,
H01082,F0171,2022 Short Rains,Maize,2023-03-07,2.2,bags,
H01083,F0171,2023 Long Rains,Sorghum,2023-08-01,1.1,bags,
H01084,F0171,SR 2023,Sorghum,19-Feb-24,2.7,bag,
H01085,F0171,LR 2024,Maize,2024-08-10,8.0,bags,
H01086,F0171,2024 short rains,Maize,"Apr 20, 2025",9.6,bags,
H01087,F0172,2019 Short Rains,Wheat,25/02/2020,2.36,tonnes,
H01088,F0172,2020-SR,Corn,2021-02-07,2.92,MT,
H01089,F0172,2021 Short Rains,Maize,11/03/2022,4.34,tonnes,
H01090,F0172,2023 Long Rains,Maize,2023-07-24,1.98,tonnes,
H01091,F0173,2019 long rains,Beans,23-Jun-19,9.8,bags,
H01092,F0173,2019-SR,Sorgum,2020-02-29,24.2,90kg bag,
H01093,F0173,2020 LR,Sorghum ,2020-08-06,,bag,
H01094,F0173,2020 Short Rains,beans,"Feb 06, 2021",6.9,bag,drought
H01095,F0173,2021 Long Rains,Maize ,31-Aug-21,26.2,,
H01096,F0173,2022 Long Rains,Sorghum,2022-07-30,7.3,bags,
H01097,F0173,2022-SR,Maize,2023-04-21,8.5,bags,drought
H01098,F0173,LR 2023,Beans,2023-07-18,8.3,bag,
H01099,F0173,2023 SR,Maize,18/02/2024,17.8,bags,drought
H01100,F0173,LR 2024,Beans,2024-07-10,8.3,bag,
H01101,F0173,2024 short rains,Beans,2025-02-03,14.1,bags,
H01102,F0174,2020 long rains,Wheat,2020-07-18,3953.0,Kg,
H01103,F0174,SR2020,Maize,2021-03-10,3.0,KG,crop failure
H01104,F0174,2021 Long Rains,Wheat,2021-08-05,1437.0,kg,
H01105,F0174,SR2021,Wheat,10/04/2022,3094.0,kg,
H01106,F0174,2022 LR,Maize,2022-07-30,3676.0,kg,
H01107,F0174 ,2022 Short Rains,Beans,02/02/2023,1042.0,kg,
H01108,F0174,LR2023,Maize,06-Sep-23,3590.0,Kg,
H01109,F0174,2023-SR,Maize,2024-03-19,4429.0,kg,
H01110,F0175,2019 Long Rains,Beans ,2019-07-04,286.0,KG,
H01111,F0175,2021 long rains,Beans,07/07/2021,294.0,Kg,
H01112,f0175,2021 short rains,Sorghum,2022-02-18,706.0,KG,
H01113,F0175,2022 Long Rains,Maize,21-Jun-22,804.0,kg,
H01114,F0175,2023 Long Rains,Maize,01/08/2023,676.0,kg,
H01115,F0175,SR 2023,Maize ,2024-02-18,1321.0,kg,
H01116,F0176,2019 Long Rains,Maize,2019-07-24,10237.0,kg,
H01117,F0176,LR2020,Maize ,2020-09-08,5048.0,kg,drought
H01118,F0176,2020 Short Rains,Maize,16-Mar-21,47.0,kg,crop failure
H01119,F0176,2021 short rains,Wheat,2022-03-17,9860.0,kg,
H01120,F0176,SR2022,Wheat,2023-03-27,8499.0,KG,
H01121,F0176,2023 LR,Beans,2023-06-17,605.0,kg,
H01122,F0176,2024 Long Rains,Maize,24/08/2024,8175.0,kgs,
H01123,F0177,LR 2020,Beans,2020-07-12,3.5,bags,
H01124,F0177,LR2021,MAIZE,2021-08-20,11.3,bags,
H01125,F0177,2022 long rains,maize,2022-08-05,4.0,Bags,
H01126,F0177,2023 LR,Maize ,22-Jul-23,0.3,Bags,crop failure
H01127,F0177,2024-SR,MAIZE,2025-02-18,12.5,bag,
H01128,F0178,2019-LR,Maize,2019-08-18,16.8,bags,
H01129,F0178,2020 short rains,maize,12/02/2021,,bags,
H01130,F0178,2021 Short Rains,Maize,2022-02-23,30.7,bags,drought
H01131,F0178,SR2022,Maize,2023-02-27,11.0,bags,
H01132,F0178,2023 Short Rains,Corn,2024-04-11,33.4,Bags,
H01133,F0178,2024 Long Rains,maize,2024-07-30,12.9,Bags,
H01134,F0179,2019 Long Rains,Maize,2019-07-17,2045.0,Kg,
H01135,F0179,SR 2019,wheat,2020-03-17,3449.0,kg,
H01136,F0179,LR 2020,Maize,03-Sep-20,1999.0,KG,drought
H01137,F0179,LR2021,Maize,2021-08-10,1301.0,,
H01138,F0179,2021 Short Rains,WHEAT,21/03/2022,5764.0,Kg,
H01139,F0179,2022-LR,Wheat,12/08/2022,1723.0,KG,
H01140,F0179,2022 Short Rains,Wheat,23/03/2023,5928.0,Kg,
H01141,F0179,2023-LR,Maize,2023-09-12,5162.0,kg,
H01142,F0179,2023 SR,Wheat grain,2024-03-10,2236.0,kg,
H01143,F0180,2019 Long Rains,Beans,2019-07-21,3.6,Bags,
H01144,F0180,SR2020,MAIZE,02-Mar-21,5.6,bags,
H01145,F0180,2021 LR,Maize,2021-09-01,6.3,Bags,
H01146,F0180,LR 2023,Beans,15/06/2023,0.7,Bags,
H01147,F0180,2023 SR,MAIZE,2024-03-12,6.6,bags,drought
H01148,F0180,SR 2024,Beans,31/01/2025,3.3,bag,
H01149,F0181,LR2019,Beans,26/07/2019,1.8,bag,
H01150,F0181,2019 Short Rains,Maize,2020-02-26,9.0,90kg bag,
H01151,F0181,2020 Long Rains,Beans,28/05/2020,4.6,bags,
H01152,F0181,2020 Short Rains,Sorghum,2021-03-19,3.8,bags,
H01153,F0181,2021 long rains,Maize,09/09/2021,3.3,Bags,
H01154,F0181,2022 LR,Beans,2022-06-19,0.5,bags,
H01155,F0181,2023 Long Rains,Maize,2023-07-19,6.3,bags,
H01156,F0181,2023 Short Rains,Sorghum,2024-03-02,0.8,bags,
H01157,F0182,LR 2019,Maize,25/07/2019,8040.0,kg,
H01158,F0182,LR2023,Maize,18-Jul-23,13162.0,kg,
H01159,F0182,SR2023,Maize,2024-03-07,4678.0,kgs,drought
H01160,F0182,2024 Long Rains,Wheat,05/09/2024,10077.0,Kg,
H01161,f0183,2019 Long Rains,Beans,23/06/2019,733.0,Kg,
H01162,F0183,2020 SR,maize,2021-02-23,1641.0,Kg,
H01163,F0183,2021 Long Rains,maize,08/08/2021,1419.0,kgs,
H01164,F0183,SR 2022,beans,2023-01-26,249.0,KG,
H01165,F0183,2024-LR,Beans,2024-07-21,1364.0,Kg,
H01166,F0184,2019 SR,Sorghum,2020-02-19,14.9,bag,
H01167,F0184,2020 Short Rains,Sorghum,2021-03-11,4.0,Bags,drought
H01168,F0184 ,2021 long rains,Sorghum,2021-07-20,7.0,bags,
H01169,F0184,2022 Long Rains,Maize,02/08/2022,13.6,bags,
H01170,F0184,2022 short rains,Maize,"Feb 11, 2023",21.6,bags,
H01171,F0184,LR 2023,Sorghum,2023-08-06,4.7,bags,
H01172,F0184,2024 Short Rains,Beans,2025-01-04,2.4,bags,
H01173,F0185,LR2019,MAIZE,2019-08-05,10.35,tonnes,
H01174,F0185,LR 2020,Maize,29-Jul-20,10.62,MT,
H01175,F0185,2022 Short Rains,Maize,2023-03-29,11.25,MT,
H01176,F0185,2024-LR,Wheat,2024-08-31,6.58,tonnes,
H01177,F0186,2019 LR,BEANS,12/06/2019,7.5,bags,
H01178,F0186,SR 2019,Maize,2020-03-06,18.9,bags,
H01179,F0909,2022 short rains,Beans,15/02/2023,5.9,Bags,
H01180,F0186,2023 LR,Beans,08/07/2023,,bag,
H01181,F0186,SR 2023,Maize,2024-03-20,12.0,bags,
H01182,F0186,2024 LR,Maize,2024-07-03,20.2,bags,
H01183,F0187,2019 Short Rains,Beans,18/02/2020,225.0,Kg,
H01184,F0187,2020 Long Rains,sorghum,2020-08-04,659.0,Kg,
H01185,F0187,2022 Short Rains,Corn,2023-03-21,1278.0,Kg,
H01186,F0187,2023 short rains,Maize,2024-03-13,1890.0,kg,
H01187,F0187,SR 2024,sorghum,2025-02-19,209.0,Kg,
H01188,F0188,2019 long rains,Maize,2019-08-25,,bags,
H01189,F0188,2022 Long Rains,maize,2022-08-01,9.8,bag,
H01190,F0188,2022 Short Rains,Maize,2023-03-18,16.1,bags,
H01191,F0188,2023 Long Rains,Beans,2023-07-30,4.3,bags,
H01192,F0188,2024 Long Rains,sorghum,2024-08-04,8.2,bags,
H01193,F0189,SR2020,Beans,2021-02-06,4.5,Bags,
H01194,F0189,2022 Long Rains,Maize,31-Jul-22,14.6,bags,
H01195,F0189,2022 short rains,Beans,2023-01-31,4.3,bags,
H01196,F0189,2023 short rains,Sorghum,2024-02-07,10.5,bags,
H01197,F0190,LR 2019,Beans,2019-07-17,837.0,kg,
H01198,F0190,LR2020,Sorghum,2020-08-02,524.0,Kg,drought
H01199,F0190,SR 2020,Sorghum,27/01/2021,923.0,kg,
H01200,F0190,SR 2021,Sorghum,30/01/2022,1050.0,Kg,
H01201,F0190,2023 long rains,Sorghum,2023-07-31,1226.0,Kg,
H01202,F0190,2024 Short Rains,Sorghum,2025-03-17,784.0,kg,
H01203,F0191,SR 2019,wheat,10-Mar-20,50.5,Bags,
H01204,F0191,2020 Long Rains,maize,2020-09-05,,bags,
H01205,F0191,2021 Short Rains,Wheat,2022-03-23,109.2,bags,
H01206,F0191,2022-LR,Maize,2022-08-13,61.0,bags,
H01207,F0191,LR2023,Maize,05-Aug-23,80.7,90kg bag,
H01208,F0191,2023-SR,Wheat,29-Feb-24,38.9,bags,drought
H01209,F0191,2024 SR,Wheat grain,28/02/2025,63.4,bags,
H01210,F0192,2019-SR,Maize,2020-02-21,337.0,kg,
H01211,F0192,2020-SR,Beans,16/01/2021,151.0,kg,
H01212,F0192,LR 2021,Maize,10-Sep-21,137.0,kg,
H01213,F0192,2021 short rains,Maize,18-Mar-22,318.0,KG,drought
H01214,F0192,SR2022,Beans,2023-01-23,12.0,KG,crop failure
H01215,f0192,2024 SR,Beans,29/01/2025,84.0,kg,
H01216,F0193,2019 long rains,Maize,14/07/2019,1248.0,kg,
H01217,F0193,2021 Long Rains,MAIZE,06/07/2021,538.0,kg,
H01218,F0193,2021 short rains,MAIZE,09/03/2022,1310.0,kg,
H01219,F0193,LR 2022,Maize,2022-08-24,743.0,kg,
H01220,F0193,2022 Short Rains,Beans,2023-01-14,214.0,kg,
H01221,F0193,2023-SR,Maize,2024-03-13,856.0,Kg,
H01222,F0194,2019-SR,Beans,10/02/2020,11.2,bags,
H01223,F0194,2020 long rains,BEANS,15/06/2020,5.4,bags,
H01224,F0194,SR 2020,Maize,2021-03-15,10.5,bags,
H01225,F0194,2021 LR,Bean,2021-07-12,6.4,bags,
H01226,F0194,2022-LR,MAIZE,16-Jul-22,12.8,bags,
H01227,F0194,2023 Short Rains,Maize,2024-02-22,34.5,bag,
H01228,F0194,2024 Short Rains,Maize,04-Mar-25,29.9,bags,
H01229,F0195,2019-LR,Maize,2019-08-07,46.7,bags,
H01230,F0195,2020 Long Rains,Sorghum,2020-08-09,19.4,bags,
H01231,F0195,2020 Short Rains,Maize,2021-03-17,-88.4,bags,
H01232,F0195,LR 2021,Maize,26/07/2021,58.8,bag,
H01233,F-0195,2022 Long Rains,MAIZE,23/07/2022,31.7,Bags,
H01234,F0195,2023 Long Rains,Maize,10/08/2023,40.8,bags,
H01235,F0195,2024 LR,sorghum,04/08/2024,21.0,90kg bag,
H01236,F0195,2024 Short Rains,sorghum,"Mar 09, 2025",19.0,Bags,
H01237,F0196,2019 Short Rains,Maize,26-Feb-20,860.0,kg,
H01238,F0196,2020 Long Rains,Maize,2020-07-29,1037.0,kg,
H01239,F0196,2021 Long Rains,Beans,2021-06-18,210.0,KG,
H01240,F0196,SR 2021,BEANS,09/01/2022,144.0,kg,
H01241,F0196,2024-SR,Maize,2025-01-29,971.0,Kg,
H01242,F0197,2019 LR,Wheat grain,2019-09-05,3647.0,kg,
H01243,F0197 ,SR 2020,Wheat,14-Mar-21,1398.0,kg,drought
H01244,F0197,2021 Long Rains,Wheat,2021-07-26,1546.0,kg,
H01245,F0197,2021 SR,maize,2022-03-09,2260.0,kg,
H01246,F0197,LR 2022,Beans,30/07/2022,635.0,kgs,
H01247,F0197,2023 LR,Wheat,2023-08-16,3511.0,kg,
H01248,F0197,SR2023,Wheat,15/02/2024,2701.0,kg,
H01249,F0198,LR 2020,Beans,2020-06-20,1.01,tonnes,
H01250,F0198,2020 Short Rains,Sorghum,2021-02-10,3.92,MT,
H01251,F0198,2022 Short Rains,Sorgum,2023-03-14,1.04,tonnes,
H01252,F0198,2023 short rains,Maize,09-Mar-24,5.21,tonnes,
H01253,F0198 ,2024 short rains,Beans,"Jan 24, 2025",1.57,tonnes,
H01254,F0199,2019 LR,BEANS,2019-06-19,3.9,bags,
H01255,F0199,2019 SR,Beans,08/02/2020,0.1,bags,crop failure
H01256,F0199,2020-LR,Maize,18/08/2020,16.9,bags,partial harvest
H01257,F0199,2020 short rains,Maize,2021-02-18,11.0,90kg bag,
H01258,F0199,2021 Long Rains,Maize,2021-08-26,10.0,,
H01259,F0199,2022 Long Rains,Bean,2022-07-07,1.9,bags,
H01260,F0199,SR 2022,Beans,2023-02-15,3.7,bags,
H01261,F0199,2024 long rains,Maize,27/07/2024,22.9,bags,
H01262,F0200,2019-LR,beans,2019-07-17,521.0,kg,
H01263,F0200,2020 long rains,Maize,"Jun 29, 2020",2136.0,kg,
H01264,F0200,2021 Long Rains,maize,"Aug 19, 2021",1188.0,KG,
H01265,F0200,2021 Short Rains,Beans,2022-01-23,270.0,kg,
H01266,F0200,LR 2022,maize,2022-08-15,1475.0,KG,drought
H01267,F0200,2022 SR,Beans,"Jan 21, 2023",619.0,kg,
H01268,F0200,2023 Short Rains,Maize,2024-03-13,1686.0,kg,
H01269,F0200,2024-LR,Maize,2024-07-14,2817.0,kgs,
H01270,f0200,2024 Short Rains,Maize,2025-03-24,2057.0,kg,
H01271,F0201,2019 SR,MAIZE,29/02/2020,15573.0,kg,
H01272,F0201,LR 2020,Maize,2020-07-31,16797.0,Kg,drought
H01273,F0201,2021 LR,Beans,20-Jul-21,9742.0,kg,
H01274,F0957,2022 Short Rains,Maize,2023-03-24,30932.0,kg,
H01275,F0201,2023 Long Rains,Beans,2023-07-05,4481.0,kg,
H01276,F0201,SR 2024,WHEAT,2025-02-23,13075.0,KG,
H01277,F0202,2019 Long Rains,Maize,05/09/2019,178.0,kg,crop failure
H01278,F0202,SR2021,Beans ,03/02/2022,1941.0,kg,
H01279,F0202,2022-LR,maize,31/08/2022,1594.0,kg,
H01280,F0202,2023 short rains,Beans,2024-01-16,958.0,Kg,
H01281,F0202,2024 long rains,BEANS,"Jun 05, 2024",892.0,kg,
H01282,F0202,2024 Short Rains,Maize,21/02/2025,1843.0,Kg,
H01283,F0203,2020 Long Rains,Maize,2020-09-01,14.63,tonnes,
H01284,F0203,SR2020,Wheat,03/03/2021,5.88,tonnes,drought
H01285,F0203,SR 2022,maize,2023-03-08,11.58,tonnes,
H01286,F0203,LR2023,wheat,2023-08-13,14.8,tonnes,
H01287,F0203,2024 SR,Maize,2025-03-14,15.78,tonnes,
H01288,F0204,2019-SR,Maize,18/02/2020,10.8,bag,
H01289,F0204,LR 2021,Beans ,2021-06-26,1.8,bags,
H01290,F0204,SR 2022,maize,2023-02-28,8.6,bag,
H01291,F0204,2024 Short Rains,beans,16/01/2025,3.3,bags,
H01292,F0205,LR 2020,beans,16/07/2020,0.66,tonnes,
H01293,F0205,SR2020,Maize,2021-02-12,1.31,t,armyworm
H01294,F0205,2021-SR,sorghum,2022-02-16,1.57,t,
H01295,F0205,2023 long rains,Maize,23/08/2023,1.09,MT,
H01296,F0205,2023 Short Rains,Sorghum,30/01/2024,0.6,tonnes,
H01297,F0206,2019 Long Rains,Beans,2019-06-21,1.8,bags,
H01298,F0206,2019-SR,maize,2020-03-16,7.0,bags,
H01299,F0206,2020 Short Rains,Sorghum,2021-02-12,2.5,bags,
H01300,F0206,LR2021,Sorghum,20/08/2021,0.8,bags,
H01301,F0206,2022 Long Rains,Maize,21/08/2022,2.4,bags,
H01302,F0206,2024 long rains,Sorghum,2024-08-12,2.5,bags,drought
H01303,F0206,2024 SR,sorghum,12/02/2025,1.0,bag,late planting
H01304,F0207,2019 Long Rains,Corn,15/08/2019,70.6,Bags,
H01305,F0207,2020 long rains,Maize,20/09/2020,123.3,bags,
H01306,F0207,2021 Long Rains,Beans,2021-07-06,20.7,bags,
H01307,F-0207,2022-SR,Wheat grain,03-Apr-23,151.5,bags,
H01308,F0207,LR 2024,beans,07/06/2024,38.2,Bags,
H01309,F0208,2019 Long Rains,Beans,18/06/2019,337.0,KG,
H01310,F0208,2019 Short Rains,Beans,2020-02-20,341.0,kg,
H01311,F0208,2020 Short Rains,Sorghum,2021-02-25,685.0,kg,
H01312,F0208 ,2021 Short Rains,Maize,30/03/2022,604.0,kg,
H01313,F0208,2022 LR,Maize,2022-08-18,972.0,kg,
H01314,F0208,SR 2023,Beans,04/02/2024,390.0,kg,
H01315,F0208,2024 Long Rains,Maize,21/08/2024,963.0,kg,
H01316,F0208,2024 Short Rains,Sorghum,2025-02-01,474.0,Kg,
H01317,F0209,LR 2019,Maize,30/08/2019,4.4,bags,
H01318,f0209,SR2021,Sorghum,2022-03-01,2.1,bags,
H01319,F0209,LR 2024,Beans,11/07/2024,1.8,bags,
H01320,F0210,2019 Short Rains,Maize,2020-03-22,20.9,bags,
H01321,F0210,2023 Long Rains,Beans,2023-07-10,1.7,bags,
H01322,F0210,LR 2024,sorghum,2024-07-18,5.6,Bags,
H01323,F0211,LR 2019,Wheat,04-Sep-19,18.6,bags,
H01324,F0211,SR 2019,Maize,2020-03-07,11.7,bags,
H01325,F0211,SR 2020,Maize,2021-04-15,12.6,bags,
H01326,F0922,2021-LR,Maize ,2021-07-17,19.7,bags,
H01327,F0211,2022 LR,Maize,2022-08-26,12.6,Bags,
H01328,F0211,2024 Long Rains,Beans,2024-07-07,5.7,90kg bag,
H01329,F0211,SR 2024,Beans,19/12/2024,3.5,Bags,
H01330,F0212,2019 Long Rains,Beans,03/06/2019,3.0,bags,
H01331,F0212,2020 Short Rains,Sorghum,2021-02-25,4.0,Bags,
H01332,F0212,2022 Long Rains,Maize,30/07/2022,8.0,bags,
H01333,F0212,2024 Long Rains,Maize,27/08/2024,10.7,Bags,
H01334,F0213,2019 LR,Maize,14-Jul-19,5.38,tonnes,
H01335,F0213,2019 Short Rains,Maize,2020-03-16,3.86,tonnes,
H01336,F0213,2020 Short Rains,Beans,2021-01-25,1.81,tonnes,
H01337,F0213,2022 Long Rains,Maize ,2022-08-03,3.68,tonnes,armyworm
H01338,F0213,LR 2023,Beans ,06/06/2023,1.31,tonnes,
H01339,F0213,2024 long rains,Wheat,2024-08-14,6.29,tonnes,
H01340,F-0213,2024 Short Rains,Beans,2025-01-11,1.83,t,
H01341,F0214,2019 Short Rains,Beans,22/01/2020,1.8,bags,
H01342,F0214,2020 long rains,Bean,2020-07-03,1.2,Bags,
H01343,F0214,SR 2020,Maize,2021-02-23,6.9,bags,
H01344,F0214,2022 long rains,SORGHUM,2022-08-07,1.0,bags,
H01345,F0214,2022 SR,Maize,2023-03-06,7.4,90kg bag,
H01346,F0214,2023 long rains,Maize,2023-07-07,10.9,bags,
H01347,F0214,2024 short rains,Beans,17/02/2025,1.7,Bags,
H01348,F0215,LR 2019,Bean,15/07/2019,1.5,Bags,
H01349,F0215,SR 2019,Maize,14/02/2020,11.2,bags,
H01350,F0215,2021 short rains,Maize,2022-03-09,12.3,bags,
H01351,F0215,LR 2023,Maize,04-Sep-23,13.2,bag,
H01352,F0215 ,2023 Short Rains,Maize,2024-02-27,8.8,Bags,
H01353,F0216,2021-LR,Beans,2021-07-09,1.0,,
H01354,F0216,2022 Long Rains,Sorghum,2022-07-25,0.0,bag,crop failure
H01355,F0216,2022 short rains,sorghum,2023-03-01,2.1,bag,
H01356,F0216,SR 2023,Beans,2024-01-09,2.5,bags,
H01357,f0216,2024-LR,maize,2024-09-06,10.0,bag,drought
H01358,F0217,SR 2019,Beans,13-Feb-20,0.77,tonnes,
H01359,F0217,2022 Short Rains,Wheat,2023-03-14,3.53,tonnes,
H01360,F0218,2019 Long Rains,Maize,2019-07-16,307.0,kg,
H01361,F0218,2019 Short Rains,Maize,2020-03-22,281.0,KG,
H01362,F0218,2020 Short Rains,Beans,2021-01-13,199.0,kg,
H01363,F0218,2021 Long Rains,Beans,2021-06-13,3.0,kg,crop failure
H01364,F0218,2021 Short Rains,Beans,2022-01-20,187.0,kg,
H01365,F0218,2022 SR,Beans,2023-02-08,90.0,,
H01366,F0218,2023 short rains,Beans,2024-02-05,114.0,kg,
H01367,F0218,2024 Short Rains,Beans,2025-02-03,130.0,kg,
H01368,F0219,2020-SR,maize,13-Mar-21,7.5,Bags,
H01369,F0219,2021 Long Rains,Maize,2021-08-13,7.5,bags,
H01370,F0219,2022 Short Rains,Corn,2023-02-14,13.1,bags,
H01371,F0219,2023 long rains,Beans,2023-07-01,2.5,90kg bag,
H01372,F0219,SR2023,Beans,2024-01-21,3.7,bags,
H01373,F0219,2024 Long Rains,Maize,2024-08-08,10.2,Bags,
H01374,F0219,2024 Short Rains,Sorghum,2025-03-07,5.7,bags,
H01375,F0220,2019-LR,Maize,2019-08-02,6.9,bags,
H01376,F0220,2019 SR,maize,2020-04-16,8.9,bags,
H01377,F0220,2021 Long Rains,Maize,"Jul 24, 2021",3.6,bags,
H01378,F0220,2021 Short Rains,Maize,30/03/2022,13.4,bags,
H01379,F0220,2022 Short Rains,Maize,2023-03-10,12.6,bags,
H01380,F-0220,2024-SR,Beans,21/01/2025,4.3,bags,
H01381,F0221,2019-LR,Wheat,2019-09-01,3470.0,kg,
H01382,F0221,2020 LR,Maize,2020-08-17,2251.0,KG,
H01383,F0221,2020 Short Rains,Maize,10-Mar-21,2159.0,kg,
H01384,F0221,2021 long rains,Wheat,"Aug 31, 2021",3310.0,Kg,
H01385,F0221,2021 Short Rains,Wheat,24-Feb-22,2896.0,kg,
H01386,F0221,2022 Long Rains,Maize,2022-09-02,1498.0,kg,
H01387,F0221,SR 2022,Maize,2023-02-17,4151.0,kg,
H01388,F0221,2023 long rains,Maize,2023-07-12,2921.0,kg,
H01389,F0221,SR 2023,Maize,05/04/2024,3737.0,kg,drought
H01390,F0221,2024 Long Rains,Wheat,"Aug 26, 2024",4216.0,kg,
H01391,F-0221,SR 2024,wheat,2025-02-21,4863.0,KG,
H01392,F0222,2020 Short Rains,Beans,2021-01-23,0.36,tonnes,late planting
H01393,F0222 ,2021-LR,Maize,08/08/2021,0.93,t,
H01394,F0223,LR 2019,Maize,22/08/2019,8.0,bags,
H01395,F0223,SR 2019,sorghum,2020-03-25,8.4,90kg bag,
H01396,F0223,2020 Long Rains,Sorgum,2020-08-26,0.1,bag,crop failure
H01397,F0223,SR2020,Beans,"Jan 25, 2021",1.2,bags,
H01398,F0223,2021 Long Rains,Sorghum,10-Jul-21,4.1,bags,
H01399,F0223,LR 2022,maize,2022-07-12,0.1,bags,crop failure
H01400,F0223,2022 SR,maize,2023-03-08,6.0,Bags,
H01401,F0223,2024-SR,maize,2025-02-20,4.6,bags,
H01402,f0224,2019 Short Rains,Maize,07-Apr-20,7.5,bags,
H01403,F0224,2020 Short Rains,Maize ,2021-03-27,4.5,bags,
H01404,F0224,LR 2021,Maize,2021-07-09,2.2,Bags,
H01405,F0224,SR 2021,Maize,2022-04-16,2.9,bags,drought
H01406,F0904,2022 Long Rains,beans,07/06/2022,0.5,bags,
H01407,F0224,LR 2023,BEANS,23/06/2023,0.5,90kg bag,partial harvest
H01408,F0225,LR 2019,Maize,2019-08-05,8269.0,kg,partial harvest
H01409,F0225,2019 Short Rains,Maize,"Mar 16, 2020",5959.0,kgs,
H01410,F0225,2020 Long Rains,Maize,2020-08-23,4174.0,kg,
H01411,F0225,2020-SR,Beans,07/02/2021,799.0,kg,
H01412,F0225,SR2021,Maize,20-Mar-22,,kgs,
H01413,F0225,LR 2024,Maize,27/08/2024,7478.0,KG,
H01414,F0226,2019 Short Rains,wheat,14/02/2020,975.0,kg,
H01415,F0226,2020 LR,Beans,10/06/2020,300.0,Kg,
H01416,F0226,2022 LR,Beans,28/06/2022,309.0,kg,
H01417,F0226,2022 Short Rains,BEANS,27/02/2023,572.0,kg,
H01418,F0226,2023 long rains,Maize,25/08/2023,195.0,kg,crop failure
H01419,F0227,2019 Long Rains,Maize,2019-07-31,1202.0,Kg,
H01420,F0227,2020 Short Rains,sorghum,2021-02-09,469.0,kg,
H01421,F0227,2022 Short Rains,Beans,24-Jan-23,159.0,kg,
H01422,F0227,2023 Long Rains,beans,2023-06-12,212.0,kg,
H01423,F0227,2024 long rains,Sorghum,2024-07-15,452.0,kg,
H01424,F0227,2024 SR,Beans,16/01/2025,243.0,KG,
H01425,F0228,SR 2019,MAIZE,2020-04-10,2064.0,Kg,
H01426,F0228,2020 Long Rains,Maize,15-Sep-20,1154.0,kg,drought
H01427,F0228,SR 2021,WHEAT,2022-03-04,4522.0,kg,
H01428,F0228,2022-LR,Maize ,"Aug 09, 2022",761.0,kg,
H01429,F0228,SR 2023,Bean,2024-01-22,605.0,kg,
H01430,F0228,2024-SR,WHEAT,2025-02-17,2229.0,kg,
H01431,F0229,2019 Short Rains,Wheat ,2020-04-08,265.0,Kg,crop failure
H01432,F0229,2021 Short Rains,Wheat,22/03/2022,10918.0,kg,
H01433,F0229,LR 2022,Beans ,2022-07-18,753.0,kgs,
H01434,F-0229,2023 Short Rains,Maize,19-Feb-24,2976.0,kg,
H01435,F0229,LR 2024,Wheat,2024-08-30,10179.0,Kg,
H01436,F0229,2024 SR,Maize,25/03/2025,5855.0,,
H01437,F0230,LR 2019,Maize,28-Jul-19,3.3,bag,
H01438,F0230,2020 Short Rains,Maize,04/03/2021,5.5,bags,
H01439,F0230,LR2021,maize,2021-08-25,3.4,bags,
H01440,F0230,2021 Short Rains,Sorghum,2022-02-06,2.6,Bags,
H01441,F0230,LR 2022,Maize,2022-08-01,1.9,90kg bag,
H01442,F0230,2024 Long Rains,Beans,2024-07-09,1.4,bag,
H01443,F0231,2020 long rains,Maize,2020-08-26,1333.0,Kg,
H01444,f0231,2020 SR,Maize,2021-02-22,2547.0,Kg,
H01445,F0231,2023-SR,WHEAT,2024-02-18,2178.0,KG,
H01446,F0231,2024 Short Rains,Beans,28-Dec-24,304.0,kg,
H01447,F0232,2019 Long Rains,Maize,17-Aug-19,1646.0,KG,
H01448,F0232,2020 Long Rains,Sorghum,2020-07-26,934.0,kg,
H01449,F0232,2020 Short Rains,sorghum,2021-02-06,1176.0,Kg,
H01450,F0232,LR 2021,Beans ,2021-06-23,379.0,kg,
H01451,F0232,2022-SR,Maize,2023-01-23,1031.0,kg,
H01452,F0232,2024-LR,Maize,2024-08-17,2418.0,kg,drought
H01453,F0233,LR 2020,Maize,2020-07-15,20.1,,
H01454,F0233,2020 Short Rains,Sorghum,"Feb 09, 2021",19.4,bags,
H01455,F0233,LR2021,Sorghum,2021-07-15,6.3,bags,
H01456,F0233,2021 SR,Maize,2022-04-01,25.3,bags,
H01457,F0233,SR 2022,Beans,2023-02-18,3.4,bags,
H01458,F0233,SR 2023,beans,2024-02-09,4.8,bags,
H01459,F0234,2020 short rains,Maize,2021-03-05,37.8,bags,
H01460,F0234,SR2021,Maize,2022-03-31,103.5,bags,
H01461,F0970,SR 2022,Wheat,2023-04-08,81.7,bag,
H01462,F0234,LR2023,Maize,11/08/2023,39.3,bags,
H01463,F0234,LR 2024,Maize,2024-08-10,66.8,bags,
H01464,F0235,SR 2020,Corn,2021-02-23,11.2,bag,
H01465,F0235,2023 SR,Sorghum,2024-02-29,5.1,bag,
H01466,F0235,2024 LR,Maize,12/08/2024,16.6,bags,
H01467,F0235,2024 short rains,beans,29/12/2024,6.2,bags,
H01468,F0236,LR2019,Beans,2019-06-02,2.8,bags,
H01469,F0236,SR 2019,Beans,2020-01-05,1.6,bags,
H01470,F0236,SR 2021,Maize,28/02/2022,6.7,90kg bag,
H01471,F0236,SR 2022,sorghum,2023-02-08,4.1,Bags,
H01472,F0236,2024 Short Rains,Maize,2025-03-05,3.5,bags,
H01473,F0237,SR2020,Maize,02/03/2021,181.0,kgs,
H01474,F0237,2021 short rains,BEANS,07-Jan-22,37.0,KG,
H01475,F0237,2022 Long Rains,Maize,01/08/2022,182.0,kg,
H01476,F0237,2022 Short Rains,Beans,2022-12-24,68.0,kg,
H01477,F0237,LR2023,Maize,08/08/2023,154.0,kg,
H01478,F0237,2024 Short Rains,Beans,2025-01-17,77.0,KG,
H01479,F0238,2019 long rains,maize,25/08/2019,1.26,tonnes,drought
H01480,F0238,2020 Long Rains,Wheat,"Aug 31, 2020",0.96,tonnes,
H01481,F0238,2022 Long Rains,Wheat,"Jul 20, 2022",23.599999999999998,MT,
H01482,F0238,2022-SR,Wheat,15-Feb-23,1.24,tonnes,
H01483,F0238,2023 Short Rains,Corn,14-Mar-24,1.55,t,
H01484,F0238,2024 Long Rains,Corn,2024-08-31,2.45,tonnes,
H01485,F0238,SR 2024,Wheat,2025-02-10,2.68,tonnes,
H01486,F0239,2019 Long Rains,Beans,2019-05-28,414.0,kg,
H01487,F0239,2020 Long Rains,MAIZE,2020-08-07,865.0,kg,
H01488,F0239,2020 Short Rains,Beans,2021-02-07,246.0,kg,
H01489,F0239,LR 2021,Maize,2021-08-04,11850.0,Kg,
H01490,F0239,2023 long rains,MAIZE,"Sep 12, 2023",972.0,KG,armyworm
H01491,F0239,2024 long rains,Maize,2024-07-09,1734.0,kg,
H01492,F0239,2024 SR,Maize,2025-03-04,1090.0,kg,
H01493,F0240,2019-LR,BEANS,2019-07-04,3.5,bags,
H01494,F0240,2019-SR,Maize,21-Mar-20,7.9,bags,
H01495,F0240,2020 Short Rains,Maize,"Apr 02, 2021",5.6,bags,
H01496,F0240,SR2021,Maize ,08/04/2022,9.2,bags,
H01497,F0240,2023 LR,maize,"Aug 30, 2023",,bag,
H01498,F0241,2019 LR,Maize,"Aug 17, 2019",36.5,Bags,
H01499,F0241,2020 Long Rains,Wheat,2020-07-12,284.0,bags,
H01500,F0241,SR 2020,Maize,11/03/2021,0.3,Bags,crop failure
H01501,F0241,SR2021,Corn,05/04/2022,10.8,Bags,
H01502,F0242,2019 Long Rains,Corn,2019-08-18,21.7,bags,
H01503,F0242,SR 2019,Maize,2020-02-22,35.9,bags,
H01504,F0242,2020 Long Rains,Beans,2020-06-13,6.5,bags,
H01505,f0242,2020 SR,Maize,06/02/2021,18.5,bag,
H01506,F0242,2021 long rains,Beans,2021-07-28,7.3,bags,
H01507,F0242,2022-SR,Maize,2023-02-24,25.9,bag,
H01508,F0242,2023 Long Rains,Maize,2023-07-31,18.0,bags,
H01509,F0242,2023 Short Rains,Beans,31/01/2024,11.2,Bags,
H01510,F0242,2024 LR,maize,"Sep 11, 2024",23.8,bags,
H01511,F0242,2024 short rains,MAIZE,16/03/2025,17.9,Bags,
H01512,F0243,2019 Short Rains,Beans,2020-02-09,12.2,bags,
H01513,F0243,2020 Long Rains,Beans,05/06/2020,8.1,bags,
H01514,F0243,2021 Short Rains,MAIZE,2022-03-12,24.6,bag,
H01515,F0244,2019 Short Rains,Corn,2020-03-13,0.2,bags,crop failure
H01516,F0244,SR 2020,Maize,2021-01-23,5.3,Bags,
H01517,F-0244,2021 long rains,Maize,2021-06-28,2.2,90kg bag,
H01518,F0244,SR 2022,Maize,"Feb 28, 2023",3.9,Bags,
H01519,F0244,2024 Long Rains,Sorghum,2024-07-13,2.1,Bags,
H01520,F0245,2021 LR,Beans,2021-07-09,1.9,bags,
H01521,F0245,2021 Short Rains,Beans,2022-02-14,,bags,drought
H01522,F0245,2022-SR,Beans,29-Jan-23,2.4,Bags,
H01523,F0245,2023 Long Rains,beans,2023-06-23,1.2,bags,
H01524,F0245,SR 2024,Bean,2025-01-19,3.2,90kg bag,
H01525,F0246,LR 2019,maize,10/08/2019,1.84,MT,
H01526,F0246,2020 long rains,Maize,28/08/2020,1.38,MT,
H01527,F0246,2021 Short Rains,SORGHUM,06/03/2022,0.63,tonnes,
H01528,F0954,2023 LR,Beans ,2023-06-25,0.55,tonnes,
H01529,F0246,SR 2023,maize,2024-02-22,,tonnes,
H01530,F0247,2019 Long Rains,Maize,2019-08-25,19.1,bags,
H01531,F0247,2019 Short Rains,Beans,20/01/2020,6.9,bag,
H01532,F0247,2020 Long Rains,Maize ,2020-08-27,32.4,Bags,
H01533,F0247,SR2020,Beans,2021-01-14,4.1,,
H01534,F0247 ,2021 Long Rains,Beans,03/07/2021,6.6,90kg bag,
H01535,F0247,2022 SR,Maize,2023-03-22,20.3,bags,
H01536,F0247,2023 Long Rains,Maize,26-Jul-23,11.9,Bags,
H01537,F0247,2023 Short Rains,Beans,23/01/2024,6.7,bags,
H01538,F0247,SR 2024,beans,2025-02-08,,Bags,
H01539,F0248,2020 Long Rains,Maize,2020-08-14,5.0,bags,
H01540,F0248,2021 Long Rains,Sorghum,2021-08-23,1.7,bags,
H01541,F0248,2021 Short Rains,Maize,2022-02-05,6.5,bag,
H01542,F0248,2022 LR,Sorghum ,2022-07-14,1.1,bag,
H01543,F0248,2022-SR,Sorghum,2023-03-22,0.9,90kg bag,
H01544,F0248,2023 Long Rains,Sorghum,2023-07-12,1.0,Bags,
H01545,F0248,2023 short rains,BEANS,10-Jan-24,1.5,Bags,
H01546,F0248,2024 Long Rains,Sorghum,2024-08-07,1.4,Bags,
H01547,F0248,2024 Short Rains,Beans ,2025-01-10,0.9,bag,partial harvest
H01548,F0249,LR 2019,beans,16/06/2019,0.4,bags,crop failure
H01549,F0249,2021 short rains,Maize,21/02/2022,18.4,Bags,
H01550,F0249,2022 Long Rains,Maize,2022-08-12,13.6,bags,
H01551,F0249,2024 long rains,Sorghum,2024-07-02,6.8,bag,
H01552,F0249,SR2024,Beans,2025-01-19,3.4,bags,
H01553,F0250,2019 LR,Maize,2019-08-25,16.4,bag,
H01554,F0250,2020 long rains,Maize ,21/07/2020,12.0,bags,
H01555,F0250,2021 Long Rains,Maize,2021-07-27,13.7,bag,
H01556,F0250,2021 SR,Corn,2022-03-21,16.4,Bags,drought
H01557,F0250,2023 Long Rains,Beans ,01/07/2023,2.2,bags,
H01558,F0250,SR2023,Maize,05/02/2024,7.7,bags,
H01559,F0250,SR 2024,beans,18/01/2025,3.1,bags,
H01560,F0251,2019 Short Rains,Beans,2020-01-12,1482.0,kg,
H01561,F0251,2021 Long Rains,Bean,2021-07-20,1286.0,KG,
H01562,F0251,2021 Short Rains,WHEAT,2022-02-18,6985.0,kg,
H01563,F0251,2022 long rains,Corn,06/08/2022,4847.0,,
H01564,F0251,SR2022,Beans,2023-01-24,11370.0,Kg,
H01565,F0251,2023 Long Rains,Maize,2023-08-23,4754.0,kg,
H01566,F0251,2023 Short Rains,Maize ,"Feb 26, 2024",2699.0,Kg,
H01567,F0251,2024 Long Rains,beans,2024-07-18,1199.0,kg,
H01568,F0251,2024 SR,Wheat,2025-03-28,3686.0,Kg,
H01569,F0252,2020 Short Rains,Sorghum,2021-03-07,3.6,bags,
H01570,F0252,2021-LR,Beans,2021-07-04,1.7,bags,
H01571,F0252,SR 2021,Maize,2022-03-05,20.4,,
H01572,f0252,2023 Long Rains,Sorghum,30/07/2023,3.2,Bags,
H01573,F0252,SR 2023,Maize,2024-02-24,15.9,bags,
H01574,F0252,LR 2024,Maize,2024-07-24,10.7,bags,
H01575,F0252,2024 short rains,Maize,13/02/2025,8.4,bag,
H01576,F0253,2019 short rains,Maize,2020-03-30,1678.0,kg,
H01577,F0253,2020-LR,MAIZE,2020-07-08,67.0,kg,crop failure
H01578,F0253,LR 2021,Beans,2021-07-01,475.0,kg,
H01579,f0253,2022-LR,Maize,30/07/2022,1124.0,kg,
H01580,F0253,2022 Short Rains,Maize,2023-03-08,1363.0,kg,
H01581,F0253,2024 Short Rains,Beans,30/01/2025,489.0,kg,
H01582,F0254,2019 Long Rains,Maize,15-Sep-19,676.0,Kg,
H01583,F0254,2021 short rains,Maize,2022-03-01,1376.0,kg,
H01584,F0254,SR2024,Maize,2025-02-18,971.0,kgs,
H01585,F0255,2019 Short Rains,Beans,2020-01-19,3.8,bags,
H01586,F0255,2020 Short Rains,maize,2021-02-10,18.0,bag,
H01587,F0255,2022 Long Rains,maize,2022-07-03,10.7,bags,
H01588,F0255,2023 Long Rains,Beans,09-Jun-23,0.9,Bags,
H01589,F0255,2023 Short Rains,Beans,10/02/2024,,bag,
H01590,F0255,2024 long rains,Maize,31-Aug-24,17.1,90kg bag,
H01591,F0256,2019 Long Rains,maize,2019-07-28,4339.0,kg,
H01592,F0256,2020 long rains,Beans,03/07/2020,1116.0,KG,
H01593,F0256,2021 Short Rains,Maize,2022-02-18,2643.0,KG,
H01594,F0256,2023-SR,WHEAT,"Feb 17, 2024",3217.0,Kg,
H01595,F0953,2024 short rains,Beans,2024-12-29,626.0,kg,
H01596,F0257,2021 Short Rains,beans,2022-02-11,294.0,Kg,drought
H01597,F0257,SR 2022,beans,2023-01-24,248.0,Kg,
H01598,F0257,2023 Short Rains,Beans,"Jan 04, 2024",3670.0,kg,
H01599,F0258,2019-SR,Maize,2020-03-02,4.91,tonnes,
H01600,F0258,2020 LR,Wheat,12/09/2020,4.91,tonnes,drought
H01601,F0258,2021 Short Rains,MAIZE,2022-03-08,6.8,tonnes,
H01602,F0258,LR 2022,Maize,2022-07-27,6.78,tonnes,
H01603,F0258,2023-LR,Wheat,2023-08-08,2.83,t,drought
H01604,F0259,2019 short rains,Maize,2020-04-01,6.7,bags,
H01605,F0259,SR 2020,Beans,2021-02-07,1.1,bags,pest damage
H01606,F0259,2021 Short Rains,Bean,2021-12-29,0.9,Bags,
H01607,F0259,2022 long rains,Maize,2022-07-01,3.0,bags,
H01608,F0259,SR 2022,Beans,02-Feb-23,1.3,bags,
H01609,F0259,2023 long rains,Maize,22-Aug-23,2.3,bags,
H01610,F0259,2023 short rains,Beans,15-Feb-24,1.3,bags,
H01611,F0260,2019 Long Rains,Beans,2019-06-19,108.0,kg,crop failure
H01612,F0260,LR 2021,Wheat,01/08/2021,3007.0,kg,
H01613,F0260,2022-LR,Wheat,28/07/2022,895.0,kg,
H01614,F0260,SR 2022,maize,2023-04-22,980.0,KG,
H01615,F0260,2023 SR,Beans,16/02/2024,430.0,kg,
H01616,F0260,2024-LR,Maize,2024-08-03,5101.0,kgs,
H01617,F0261,2019 Long Rains,Corn,28-Jul-19,1.39,tonnes,
H01618,F0261,SR2019,Maize,25/02/2020,1.99,MT,
H01619,F0261,2021 Long Rains,Maize,2021-07-15,1.75,tonnes,
H01620,F0261,2021-SR,Beans,19/01/2022,1.05,t,
H01621,F0261,LR2022,Maize,02/09/2022,1.82,t,
H01622,F0262,2019 Short Rains,Corn,03/03/2020,30.1,bags,
H01623,F0262,SR2020,Sorgum,2021-03-16,8.9,bag,
H01624,F-0262,LR 2021,Maize,2021-07-29,13.1,Bags,
H01625,F0262,2023 Long Rains,Maize,2023-08-27,18.3,bags,
H01626,F0263,2019 long rains,Bean,2019-07-28,2.7,bags,
H01627,F0263,2020 Long Rains,Maize,2020-08-17,5.2,bags,
H01628,F0263,LR 2022,Beans,2022-06-11,0.6,90kg bag,
H01629,F0263,2022 Short Rains,Sorghum,26-Mar-23,2.1,Bags,
H01630,F0263,2023 Long Rains,Maize,2023-08-20,2.9,bags,
H01631,F0263,SR 2023,Beans,2024-01-24,1.9,90kg bag,
H01632,F0264,LR 2019,SORGHUM,2019-08-02,1.69,tonnes,
H01633,F0264,2020 LR,Maize,2020-07-25,1.08,tonnes,
H01634,F0264,LR 2021,maize,2021-07-29,1.21,t,
H01635,F0264,SR 2022,Sorghum,16/03/2023,0.74,tonnes,
H01636,F0264,2024-LR,Maize,2024-08-05,2.66,MT,
H01637,F0265,2019 SR,MAIZE,2020-03-10,4.7,bags,
H01638,F0265,2021 Long Rains,Corn,12/08/2021,0.1,bag,crop failure
H01639,F0265,2022-LR,Beans,2022-07-20,1.2,bags,
H01640,F0265,2022 Short Rains,Beans,2023-02-08,1.7,bags,
H01641,F0265,2023-SR,Maize,19-Feb-24,5.6,bags,
H01642,F0265,2024 SR,Beans,12-Jan-25,3.0,bags,
H01643,F0266,2020 Long Rains,Maize,2020-09-22,1409.0,kg,
H01644,F0266,2021 Long Rains,Sorghum,2021-08-21,662.0,Kg,
H01645,F0266,SR2021,Maize,22/03/2022,2324.0,kg,
H01646,F0266,2023-LR,Beans,2023-07-12,635.0,kg,
H01647,F-0266,LR 2024,Beans,21-Jun-24,591.0,kg,
H01648,F0266,2024 Short Rains,Beans,"Dec 31, 2024",596.0,Kg,
H01649,F0267,LR2019,Maize,13/08/2019,100.5,bags,
H01650,F0267,SR 2019,Maize,07/02/2020,50.4,bags,
H01651,F0267,2020 Long Rains,Wheat,14/08/2020,111.8,bags,drought
H01652,F0267,2022-LR,Wheat,2022-09-02,33.3,bag,
H01653,F0267,SR 2024,Maize,23/02/2025,53.1,Bags,
H01654,F0268,LR 2020,Beans,2020-06-27,280.0,kg,
H01655,F0268,2020 Short Rains,Beans,2021-01-11,287.0,KG,
H01656,F0268,LR 2021,Beans,2021-06-08,-242.0,KG,
H01657,F0268,2021 short rains,Corn,2022-03-26,31.0,kg,crop failure
H01658,F0268,2022 Short Rains,Maize,2023-03-24,2510.0,kg,
H01659,F0268,2023 Long Rains,Maize,03/08/2023,454.0,kg,
H01660,F0268,2023 Short Rains,Maize,29/02/2024,1636.0,kg,
H01661,F0268,LR 2024,maize,2024-08-09,1177.0,kg,
H01662,F0268,2024-SR,Beans,20-Jan-25,321.0,,
H01663,F0269,2019 SR,Maize,2020-03-09,1811.0,kg,
H01664,F0269,2020 Long Rains,MAIZE,2020-07-26,2321.0,kg,
H01665,F0948,2021 SR,Wheat,2022-04-03,655.0,KG,
H01666,F0961,LR 2022,BEANS,03/08/2022,773.0,kg,
H01667,F0269,2023-SR,Wheat,2024-02-19,3492.0,kg,
H01668,F0269,LR2024,Wheat,07/08/2024,3873.0,Kg,
H01669,F0270,2019 Long Rains,Maize ,2019-08-17,36.6,bag,
H01670,F0270,LR2020,maize,2020-08-30,41.5,bag,
H01671,F0270,SR2021,Beans,2022-02-06,5.0,90kg bag,
H01672,F0270,2022 Long Rains,BEANS,2022-06-14,,bag,crop failure
H01673,F0270,2022 Short Rains,Maize,02/04/2023,31.5,bags,
H01674,F0270,SR 2023,Beans,2024-01-10,7.6,bag,
H01675,F0270,2024 Long Rains,Maize,2024-09-07,52.8,Bags,
H01676,F0270,2024 Short Rains,beans,2025-01-03,7.9,Bags,
H01677,F0271,2019 Long Rains,maize,01/09/2019,3.3,bags,
H01678,F0983,2021 LR,Beans,2021-06-16,2.1,bags,
H01679,F0271,SR2021,maize,2022-03-02,0.1,90kg bag,crop failure
H01680,F0271,2022 Short Rains,Beans,2023-01-09,1.2,bags,
H01681,F0271,2023 Long Rains,Maize,2023-08-29,6.0,bags,
H01682,F0271,SR 2023,Maize,"Mar 24, 2024",9.5,Bags,
H01683,F0272,2021 Short Rains,Maize,"Feb 22, 2022",13.8,bags,drought
H01684,F0272,2022 Long Rains,Maize,2022-08-17,,bags,crop failure
H01685,F0272,2023 LR,Beans,2023-07-02,1.6,bag,
H01686,F0272,2024 LR,Beans,27/06/2024,2.3,bags,
H01687,F0272,2024 SR,Beans,2025-01-26,2.9,,
H01688,F0273,2019 Long Rains,Maize,2019-07-24,0.92,tonnes,crop failure
H01689,F0273,SR 2019,Maize,10-Mar-20,7.76,tonnes,
H01690,F0273,2020-LR,sorghum,2020-08-17,4.64,t,drought
H01691,F0273,2021 Short Rains,Maize,2022-03-31,14.82,MT,
H01692,F0273,2022 Long Rains,Sorghum,01/07/2022,2.33,t,
H01693,F0274,LR2020,Beans,2020-06-17,5.4,bag,
H01694,F0274,2020 Short Rains,Beans,14/02/2021,2.4,bags,armyworm
H01695,F0274,LR2021,Maize,2021-08-01,8.4,Bags,
H01696,F0274,2022 short rains,SORGHUM,2023-01-31,4.7,bags,
H01697,F0274,LR2023,sorghum,05/08/2023,4.4,bags,
H01698,F0275,2019 Long Rains,Maize,2019-07-17,12.4,bags,
H01699,F0275,SR2020,wheat,2021-03-09,8.9,Bags,drought
H01700,F0275,2021 LR,Wheat,2021-09-03,7.0,bags,
H01701,F0275,2021-SR,maize,2022-02-26,25.9,bags,
H01702,F0275,2022 LR,maize,17/07/2022,11.0,bags,
H01703,F0275,2024 LR,Wheat,2024-07-08,12.6,bags,
H01704,F0275,2024 short rains,Wheat,23/03/2025,24.6,bags,
H01705,F0276,2021 Long Rains,Maize,11/07/2021,7.2,bag,
H01706,F0276,2023 Short Rains,Sorghum,16/03/2024,4.7,bags,
H01707,F0277,LR 2019,Maize ,25-Jul-19,28.5,bags,
H01708,F0277,2020 LR,maize,20-Jul-20,0.4,bags,crop failure
H01709,F0277,SR 2020,Maize ,14/03/2021,16.8,Bags,drought
H01710,f0277,SR 2021,Wheat,2022-03-13,41.5,bags,
H01711,F0277,LR 2022,Maize,2022-08-16,39.9,bags,
H01712,F0277,LR 2024,maize,2024-08-20,91.6,Bags,
H01713,F0278,LR 2019,Beans,"Jun 14, 2019",2103.0,kg,
H01714,F0278,2021 SR,maize,22/02/2022,3607.0,kg,
H01715,F0278,2022 Long Rains,Maize,2022-07-18,4380.0,kgs,
H01716,F0278,SR 2023,Wheat,2024-03-04,4557.0,kg,
H01717,F0278,2024 Short Rains,Maize,2025-03-25,3131.0,,
H01718,F0279,2019 Long Rains,Maize,2019-07-30,5.8,Bags,
H01719,f0279,SR 2019,Maize,16/03/2020,5.3,bags,
H01720,F0279,2020 Long Rains,maize,2020-08-13,6.4,bags,
H01721,F0279,2020 Short Rains,SORGHUM,2021-01-30,2.9,bags,
H01722,F0279,2021-SR,beans,25/01/2022,13.0,bags,
H01723,F0279,2022 Long Rains,Maize,2022-08-25,2.1,bags,
H01724,F0279,2022 Short Rains,maize,2023-03-05,7.5,bags,
H01725,F0279,LR 2024,Maize,2024-07-12,4.1,bags,
H01726,F0279,2024 Short Rains,Beans,2025-01-06,1.9,bag,
H01727,F0280,2019 Long Rains,beans,2019-06-17,3.8,bags,
H01728,F0280,2019 short rains,Corn,29/03/2020,,bags,
H01729,F0280,2020 LR,Maize,2020-09-01,13.6,bags,
H01730,F0280,2021 Short Rains,Sorghum,2022-01-31,10.2,bags,
H01731,F0280,2022 long rains,Maize,11/08/2022,7.3,bags,
H01732,F0280 ,2023-LR,BEANS,22/06/2023,3.9,bags,
H01733,F0280 ,2023 Short Rains,Maize,27-Mar-24,10.1,bags,
H01734,F0280,LR 2024,Beans,14-Jun-24,4.0,bags,
H01735,F0280,2024 SR,Sorghum,2025-02-16,3.1,bags,
H01736,F0281,2019 long rains,Beans,2019-06-15,1028.0,kg,
H01737,f0281,2021-LR,Maize,2021-08-05,9300.0,Kg,armyworm
H01738,F0281,LR2023,Maize,25/07/2023,1988.0,kg,
H01739,F0282,2019-SR,Beans,06/01/2020,1181.0,Kg,
H01740,F0282,2020-SR,Beans,25/01/2021,518.0,kg,
H01741,F0282,2021 long rains,Beans,"Jun 26, 2021",944.0,kgs,
H01742,F0282,2022 short rains,Maize,2023-02-10,4189.0,kg,pest damage
H01743,F0282,2023 Long Rains,Beans,2023-07-16,375.0,KG,
H01744,F0282,2023 Short Rains,Beans,2024-02-20,1659.0,Kg,
H01745,F0283,2020 Short Rains,MAIZE,2021-03-27,3.5,bags,
H01746,F0283,2021 Long Rains,Maize,31/07/2021,4.3,Bags,
H01747,F0283,2023 LR,Maize,2023-07-18,2.9,bags,
H01748,F0283,2024 LR,maize,"Sep 08, 2024",11.4,bags,
H01749,F-0284,LR 2019,Wheat,04/09/2019,5732.0,kg,
H01750,F0284,SR2019,Wheat,04/03/2020,7687.0,kg,
H01751,F0284,2020 Long Rains,Maize,2020-09-12,4718.0,Kg,
H01752,f0284,2021 Long Rains,Wheat,2021-07-22,8909.0,kg,
H01753,F0284,2021 Short Rains,Wheat,26/03/2022,8963.0,kg,
H01754,F0284,2023 Long Rains,Maize,03-Sep-23,4744.0,kg,
H01755,F0285,2020 Long Rains,maize,2020-09-06,1141.0,kg,drought
H01756,F0285,2022 Long Rains,Wheat grain,22/07/2022,1624.0,kg,
H01757,F0285,SR 2022,Wheat ,2023-02-21,3166.0,KG,
H01758,F0285,2023 Short Rains,Maize ,2024-04-13,1165.0,kg,drought
H01759,F0285 ,2024 Long Rains,Wheat,2024-08-18,2432.0,kg,
H01760,F0285,2024 Short Rains,Beans,2025-01-31,436.0,kg,
H01761,F0286,2019 Long Rains,Maize,2019-08-13,67.0,bags,
H01762,F0286,SR 2019,maize,2020-03-04,38.0,90kg bag,
H01763,F0286 ,2020 Long Rains,maize,2020-07-19,39.9,bags,
H01764,F0952,2021-SR,Wheat,30/03/2022,58.2,,
H01765,F0286,2022 Long Rains,Beans,2022-06-02,14.8,bags,
H01766,F0287,2021-LR,Beans,2021-08-04,157.0,Kg,
H01767,F0287,2022 LR,Maize,2022-07-23,5860.0,Kg,
H01768,F0287,2023 Short Rains,Maize,2024-03-23,612.0,KG,
H01769,F0287 ,2024 Short Rains,Maize,20/02/2025,898.0,kg,
H01770,F0288,2019 Long Rains,Maize,25-Aug-19,19128.0,kg,
H01771,F0288,2020 Short Rains,MAIZE,2021-02-21,35102.0,kg,
H01772,F0288,2021-SR,Wheat,2022-04-11,21399.0,kg,
H01773,F0288,2022 long rains,Maize,2022-08-06,35091.0,kg,
H01774,F0288,2023 Long Rains,Wheat grain,2023-08-23,7194.0,Kg,
H01775,F0288,2024 Long Rains,Maize,2024-08-08,37252.0,kg,
H01776,F0917,2020-SR,maize,2021-02-21,0.1,bags,crop failure
H01777,F0289,LR2021,maize,2021-07-28,20.6,bags,
H01778,F0289,2021 Short Rains,maize,2022-03-16,23.5,Bags,
H01779,F0289,LR 2022,Beans,03-Jun-22,1.8,bags,
H01780,F-0289,2022 Short Rains,Sorghum,2023-03-20,71.0,bags,
H01781,F0289,LR 2024,Maize,2024-08-25,14.1,Bags,
H01782,F0290,2019 Short Rains,Beans,06/02/2020,0.97,tonnes,
H01783,F0290,2020 Long Rains,Maize,2020-07-15,10.03,tonnes,
H01784,F0290,2021 Short Rains,Beans,31-Jan-22,1.93,MT,
H01785,F0290,LR 2022,Maize,22/08/2022,7.32,tonnes,
H01786,F0290,2023 LR,Wheat,2023-09-18,10.06,tonnes,
H01787,F0290,2023 Short Rains,Maize,2024-02-15,3.83,tonnes,
H01788,F0291,2019-LR,Beans,2019-07-17,2.5,bag,
H01789,F0291,2021 Long Rains,MAIZE,2021-06-30,7.0,bag,
H01790,F0291,SR 2021,Maize,2022-03-18,0.2,bag,crop failure
H01791,F0291,SR 2022,beans,20-Jan-23,3.3,bags,
H01792,F0997,2023 Long Rains,MAIZE,05-Aug-23,7.6,bags,
H01793,F0291,2024-SR,Sorghum,2025-03-01,3.7,bag,
H01794,F0292,LR 2019,Maize,2019-08-21,2715.0,kgs,
H01795,F0292,SR 2019,BEANS,2020-02-06,563.0,kg,
H01796,F0292,2020 LR,Beans,2020-06-21,-1704.0,kg,
H01797,F0292,LR2022,Maize,2022-08-15,3278.0,kg,drought
H01798,F0292,SR2022,Beans,2023-01-09,765.0,kg,
H01799,F0292,2023 Long Rains,Sorgum,2023-07-12,588.0,Kg,
H01800,F0293,2020 Short Rains,maize,2021-02-19,13.0,bag,
H01801,F0293,2021 short rains,Sorghum,2022-02-26,5.1,bags,
H01802,F0293,LR 2023,sorghum,2023-08-07,5.8,bags,
H01803,F0293,2024 Long Rains,Maize,2024-08-03,8.7,bags,
H01804,F0294,LR 2019,Sorghum,21/07/2019,61.0,kg,crop failure
H01805,F0294,SR 2019,sorghum,2020-02-08,635.0,kg,
H01806,F0294,2020 Long Rains,Beans,2020-06-22,20.0,Kg,crop failure
H01807,F0294,2020 SR,Maize,2021-03-08,1263.0,KG,
H01808,F0294,2022 Long Rains,Maize,2022-07-27,10300.0,KG,
H01809,F0294,2022-SR,Beans,2022-12-27,273.0,kg,
H01810,F-0294,2023-LR,Maize,2023-09-05,1404.0,kg,
H01811,F0294,2023 Short Rains,Maize,2024-02-25,1590.0,kg,
H01812,F0294,2024 Long Rains,Sorghum,25-Jun-24,941.0,Kg,
H01813,F0294,2024 Short Rains,Sorghum,2025-03-20,689.0,kg,
H01814,F0295,2019 Long Rains,Beans,2019-06-10,198.0,KG,
H01815,F0295,2019 Short Rains,Maize,14-Feb-20,618.0,Kg,
H01816,F0295 ,2020 Short Rains,Beans,2021-01-08,140.0,Kg,
H01817,F0295,2021 Long Rains,MAIZE,24/08/2021,295.0,kgs,
H01818,F0295,2022 long rains,Maize,05/07/2022,359.0,Kg,
H01819,F0295,LR 2023,Beans,2023-06-18,75.0,kg,
H01820,F-0295,2024 Short Rains,beans,2025-01-13,10.0,kg,crop failure
H01821,F0296,2021 Long Rains,Beans ,2021-07-06,529.0,kg,
H01822,F0296,2023 Long Rains,Sorghum,03/08/2023,281.0,Kg,
H01823,F0297,LR 2020,Maize,24/07/2020,823.0,Kg,
H01824,F0297,SR 2020,Sorghum ,2021-03-08,333.0,kg,
H01825,F0297,LR 2021,Beans ,2021-07-19,637.0,Kg,
H01826,F0297,2021 Short Rains,Maize,2022-02-03,1259.0,kg,
H01827,F0297,2022 Long Rains,Sorghum,2022-07-21,,Kg,
H01828,F0297,SR 2022,Beans,2023-01-26,232.0,Kg,
H01829,F0297,2023-LR,Maize,2023-07-27,315.0,Kg,
H01830,F0297,2024 short rains,Maize,2025-03-13,916.0,kg,
H01831,F0298,2019 long rains,maize,24/07/2019,11.0,Bags,
H01832,F0298,SR2020,Maize,2021-03-23,6.5,Bags,
H01833,F0298,2021 Long Rains,beans,2021-07-24,2.4,Bags,late planting
H01834,F0298,LR 2023,Beans,2023-07-04,4.0,bags,
H01835,f0298,2023 Short Rains,Beans ,2024-02-07,5.2,bags,
H01836,F0298,2024 Long Rains,Beans,2024-06-27,3.3,Bags,
H01837,F0299,2021-SR,Maize,20-Mar-22,5.2,bags,
H01838,F0299,2022 Long Rains,Maize,2022-06-29,40.0,bags,
H01839,F0299,SR 2023,maize,12/03/2024,4.2,bags,
H01840,F0300,2019 Long Rains,Wheat ,29/07/2019,201.7,bag,
H01841,F0300,SR2019,WHEAT,03/03/2020,146.3,bags,
H01842,F0300,2020 Long Rains,Maize,09-Aug-20,107.7,Bags,
H01843,F0300,2021-LR,Maize,24/07/2021,38.8,bags,
H01844,F0300,2021 short rains,Wheat,2022-03-12,76.5,bags,
H01845,F0300,2022-SR,Wheat,2023-04-12,167.7,bags,
H01846,F0300,2023 Long Rains,Maize,2023-07-18,177.0,Bags,
H01847,F0300,2024 Long Rains,Wheat,31/07/2024,152.9,bags,
H01848,F0301,2019-LR,Maize,2019-08-29,,bags,
H01849,F0301,2019 SR,Maize,2020-04-05,21.3,bags,
H01850,F0301,LR 2020,Maize,2020-09-02,37.7,90kg bag,
H01851,F0301,2020 Short Rains,Beans ,2021-01-10,9.2,bags,
H01852,F0301,2022 Long Rains,Beans,02/07/2022,6.1,bags,
H01853,F0301,2023 Long Rains,maize,2023-07-25,14.9,bag,
H01854,F0301,2023 Short Rains,maize,2024-03-09,37.1,bags,
H01855,F0302,2019 Long Rains,Sorghum,16-Aug-19,2.0,90kg bag,
H01856,f0302,SR2019,SORGHUM,2020-02-08,2.3,bags,
H01857,F0302,LR2021,Sorghum,15/07/2021,1.5,bags,
H01858,f0302,2021-SR,Sorghum,"Feb 22, 2022",3.2,bags,
H01859,F0302,2022 long rains,Beans,2022-06-02,0.5,bags,
H01860,F0302,2022 SR,Sorghum,2023-02-18,1.8,Bags,
H01861,F0302,SR 2024,Maize ,08/03/2025,3.0,bags,
H01862,F0303,2019 Short Rains,Bean,05/01/2020,3.6,90kg bag,
H01863,F0303,2020 Long Rains,Maize,2020-08-20,,bags,
H01864,F0303,2023 Short Rains,Maize ,01-Mar-24,7.5,bags,
H01865,F0303,LR 2024,Beans,21/06/2024,4.7,bags,
H01866,F0304,2020 LR,Maize,2020-07-23,31.3,bags,
H01867,F0304,2021 LR,beans,2021-06-25,12.1,Bags,
H01868,F0304,2022 Long Rains,Beans,2022-07-04,2.9,bags,
H01869,F0304,2023-LR,Maize,29-Jul-23,19.9,bags,
H01870,F0305,2020 long rains,Beans,2020-06-26,3.8,bags,
H01871,F0305,2020 SR,Maize,2021-03-11,6.1,bags,drought
H01872,F0305,2022 LR,Maize,28/08/2022,12.6,bags,
H01873,F0305,2023 Short Rains,Maize,06/04/2024,4.0,bag,
H01874,F0306,2019 Short Rains,Beans,2020-02-01,501.0,kg,
H01875,F0306,2021 Long Rains,Beans,2021-07-26,253.0,kg,
H01876,F0306,2021 Short Rains,Maize,"Feb 19, 2022",878.0,kg,
H01877,F0306,2022-SR,Bean,2023-02-06,322.0,kg,
H01878,F0306,2023 Short Rains,Beans,17/01/2024,359.0,kg,
H01879,F0306,2024 Short Rains,Maize,2025-03-20,1944.0,kg,
H01880,F0307,SR 2019,Maize,2020-02-15,3.7,tonnes,
H01881,F0307,SR 2024,BEANS,2025-01-09,2.23,tonnes,
H01882,F0308,2021-LR,Beans,2021-07-12,2.02,t,
H01883,F0308,2021 Short Rains,Beans,20/01/2022,1.4,tonnes,
H01884,F0308,2022 Long Rains,Maize ,22/08/2022,7.01,t,
H01885,F0308,2023 LR,Beans,03/06/2023,2.33,tonnes,
H01886,F0308,SR2023,maize,12/02/2024,4.68,tonnes,
H01887,F0309,LR 2020,Beans,2020-07-15,3.8,Bags,
H01888,F0309,2020 Short Rains,Sorghum,2021-03-23,5.0,bag,
H01889,F0309,2021 Long Rains,Maize,2021-07-22,7.4,bag,
H01890,F0309,SR 2021,Beans,23/02/2022,2.9,bags,
H01891,F0309,2022 Long Rains,Corn,20/08/2022,17.8,bags,
H01892,F0309,2023-LR,Sorghum,2023-07-15,1.6,Bags,
H01893,F0309,LR 2024,Sorghum,31/07/2024,8.6,bags,drought
H01894,F0309,SR2024,Beans,2025-01-14,3.2,bags,
H01895,F0310,2019 LR,Beans,2019-07-19,14.6,bags,
H01896,F0310,2019 Short Rains,Wheat,24/03/2020,45.9,bags,
H01897,f0310,2020 short rains,Beans,2021-02-14,4.9,bag,
H01898,F0310,2021 LR,Beans,09/07/2021,16.2,bags,
H01899,F0310,2022 Long Rains,WHEAT,2022-09-22,71.0,bag,
H01900,F0310,SR 2022,Beans,2023-01-29,10.8,bags,
H01901,F0310,2023-SR,beans,2024-01-27,9.6,bag,
H01902,F0310,SR 2024,Beans,2025-01-26,14.4,bags,
H01903,F0311,2020 Long Rains,Maize,25/07/2020,17.9,bags,
H01904,F0311,2021-LR,Sorghum,"Jul 04, 2021",6.7,bag,
H01905,F0311,2021 Short Rains,Maize,2022-02-18,10.9,bags,
H01906,F0311,LR 2022,Sorghum ,25/07/2022,2.4,Bags,
H01907,F0311,2022 SR,Maize,2023-02-22,7.4,bags,
H01908,F0311,2023-LR,Maize,02/08/2023,10.2,bags,
H01909,F0311,2024 Short Rains,Maize,2025-03-23,8.5,bags,
H01910,F0312,LR 2019,maize,28-Jul-19,2.33,t,
H01911,F0312,2019 Short Rains,Beans,2020-01-25,0.69,t,
H01912,F-0312,2021 Short Rains,Maize,2022-02-19,1.45,t,drought
H01913,F0312,2022 LR,Beans,2022-06-25,0.36,tonnes,
H01914,F0312,2023 Long Rains,Beans,2023-06-29,0.16,tonnes,
H01915,F0312,2024 Long Rains,Maize,31-Aug-24,2.15,tonnes,
H01916,F0312,2024 Short Rains,beans,18/12/2024,0.71,tonnes,
H01917,F0313,LR 2020,Maize,20/09/2020,8.4,bag,
H01918,F0313,2021 Short Rains,Beans,2022-02-05,2.4,bags,
H01919,F0313,2022 Long Rains,beans,06-Jul-22,1.5,bags,
H01920,F0313,SR2022,Maize,2023-04-09,4.5,bags,
H01921,F0314,2020-SR,maize,2021-04-04,6.6,bag,
H01922,F0314,2023 Long Rains,Maize,03-Sep-23,10.7,90kg bag,
H01923,F0314,2024 Long Rains,beans,2024-06-10,3.2,bags,
H01924,F0315,LR 2019,Maize,2019-07-25,2008.0,Kg,
H01925,F0315,2019 Short Rains,maize,16/03/2020,1977.0,kg,
H01926,F0315,LR2021,Maize,2021-08-18,1732.0,KG,
H01927,F0315,2021-SR,Maize,25/02/2022,1607.0,kg,
H01928,F0315,SR2022,Beans,2023-02-03,604.0,Kg,
H01929,F0315 ,2023 Long Rains,Maize,22/08/2023,2250.0,kg,
H01930,F0315,LR 2024,MAIZE,24-Aug-24,1295.0,,
H01931,F0315,2024-SR,beans,23/01/2025,590.0,kg,
H01932,F0316,2019 Long Rains,Maize,"Aug 18, 2019",3637.0,Kg,
H01933,F0316,LR 2020,Beans,09/06/2020,1232.0,kg,
H01934,F0938,2021 Long Rains,Maize,2021-09-26,2158.0,Kg,
H01935,F0316,LR 2022,Beans,14/06/2022,265.0,kg,
H01936,F0316,2023-LR,Sorghum,2023-08-02,1186.0,kg,
H01937,F-0316,2024-LR,Maize,14/08/2024,3554.0,kg,
H01938,F0316,2024 Short Rains,Maize,2025-04-09,6749.0,KG,
H01939,F0317,2019 short rains,Sorghum,27-Mar-20,17.8,bags,
H01940,F0317,2020-SR,Maize,14/03/2021,41.6,bags,
H01941,F0317,2022 Short Rains,MAIZE,"Mar 25, 2023",28.5,Bags,drought
H01942,F0317,LR 2023,Sorghum,01/08/2023,24.9,bags,
H01943,F0317,2023 SR,Sorghum,2024-01-18,13.8,bags,
H01944,F0317,2024 Long Rains,Sorghum,2024-07-09,23.3,bags,
H01945,F0318,SR2019,maize,2020-04-04,1092.0,kg,
H01946,F0318,2020 Long Rains,Beans,"May 28, 2020",492.0,kg,
H01947,F0318,2020 SR,Beans,2021-01-25,422.0,KG,
H01948,F0318,2021-LR,Beans,2021-06-30,285.0,KG,
H01949,F0318,2022 Long Rains,SORGHUM,2022-07-31,233.0,kg,
H01950,F0318,SR 2023,beans,2024-01-23,362.0,kg,
H01951,F0318,LR2024,Maize,10/08/2024,1552.0,kg,
H01952,F0318,2024 Short Rains,Maize,26/03/2025,1210.0,kg,
H01953,F0319,2019 Short Rains,Maize,16/03/2020,,Kg,
H01954,F0319,2022 Long Rains,Beans,2022-07-03,623.0,kg,
H01955,F0319,2022-SR,Beans,03/02/2023,499.0,kg,
H01956,F0319,2024 Short Rains,Wheat ,26/02/2025,2052.0,kg,
H01957,F0320,2019 Long Rains,Corn,2019-08-29,51.1,bag,armyworm
H01958,F0320,2020 LR,Maize,2020-08-21,49.9,bags,drought
H01959,F0320,SR 2023,Maize,2024-03-05,44.7,bag,
H01960,F0320,2024 long rains,WHEAT,18-Jul-24,93.1,Bags,
H01961,F0320,SR2024,MAIZE,16/03/2025,139.2,90kg bag,
H01962,F0321,SR2019,Beans,2020-02-26,10.1,bags,
H01963,F0321,2020 LR,Sorghum,2020-06-26,21.0,Bags,
H01964,F0321,2020-SR,Sorgum,19/01/2021,25.4,90kg bag,drought
H01965,F0321,SR 2022,Maize,2023-03-08,43.2,bags,
H01966,F0321,2023-LR,Maize,2023-08-19,38.8,bags,armyworm
H01967,F0322,2019 long rains,Maize,19/08/2019,,kg,
H01968,F0322,2019 short rains,MAIZE,12-Mar-20,294880.0,kg,
H01969,F0322,2021 Long Rains,Maize,06/08/2021,24459.0,kgs,
H01970,F0322,2021 Short Rains,MAIZE,2022-02-20,12184.0,kg,
H01971,F0322,2022 Long Rains,Wheat,08-Aug-22,14770.0,,
H01972,F0322,2023 Long Rains,Wheat,2023-08-27,9786.0,kg,
H01973,F0322,2024 long rains,Wheat,2024-08-29,2188.0,kg,crop failure
H01974,F0322,2024 Short Rains,Wheat,2025-03-23,24194.0,kg,
H01975,F0323,LR2019,Wheat,"Aug 10, 2019",4.2,bags,
H01976,F0323,2019 Short Rains,wheat,11/03/2020,8.7,90kg bag,
H01977,F0323,2020 Long Rains,MAIZE,2020-07-07,8.6,Bags,
H01978,F0323,2021 Long Rains,Maize,2021-08-30,2.9,bags,late planting
H01979,F0323,2022 Short Rains,Wheat,2023-02-27,6.6,Bags,
H01980,F0323 ,LR2023,Beans,27/06/2023,3.1,90kg bag,
H01981,F0323,2023 Short Rains,Maize,30-Mar-24,3.9,bags,
H01982,F0323,2024 short rains,MAIZE,2025-03-05,6.3,Bags,
H01983,F0324,2019 Long Rains,BEANS,2019-06-22,444.0,KG,
H01984,F0324,2021-SR,Maize,2022-02-19,1902.0,kg,
H01985,F0324,SR 2022,Beans,2023-01-19,326.0,Kg,
H01986,F0324,2023 SR,Beans,12/01/2024,353.0,kg,
H01987,f0324,2024-LR,Beans,16-Jun-24,344.0,kgs,
H01988,F0325,2019 LR,Beans ,2019-06-08,57.3,bag,
H01989,F0325,2019 Short Rains,Beans,24/01/2020,22.7,90kg bag,
H01990,F0325,2020 long rains,Beans,2020-06-02,16.6,Bags,
H01991,F0325,2021 Short Rains,Beans,05-Mar-22,22.9,bags,
H01992,F0325,2023 Long Rains,Beans,2023-07-02,19.1,bags,
H01993,F0325 ,2024 long rains,Sorghum,11/07/2024,25.1,bag,
H01994,F0326,2019 Short Rains,Maize,2020-02-23,1399.0,Kg,
H01995,F0326,2020 short rains,Beans,03/02/2021,429.0,kg,
H01996,F0326,2021-SR,sorghum,04/02/2022,1332.0,KG,
H01997,F0326,2022 Long Rains,Sorghum,05/08/2022,429.0,kg,
H01998,F0326,2022-SR,Maize,2023-02-24,1450.0,kg,
H01999,F0326,SR 2024,Maize,2025-03-20,137.0,kg,crop failure
H02000,F0327,2019 long rains,Beans,2019-07-03,1.32,MT,
H02001,F0327,SR2020,maize,2021-01-30,1.24,t,
H02002,F0327,2021 Long Rains,Beans,2021-06-08,0.57,tonnes,
H02003,F0327,2021 Short Rains,Maize,2022-04-03,1.93,tonnes,
H02004,F0327,2024 Long Rains,BEANS,2024-07-06,1.45,t,
H02005,F0328,2020 Long Rains,Maize,17-Aug-20,1197.0,kg,drought
H02006,F0328,2021 Long Rains,Beans,2021-06-25,404.0,kg,
H02007,F-0328,SR 2021,Maize,03/04/2022,1479.0,,
H02008,F0328,LR 2023,Beans,2023-07-05,228.0,kg,
H02009,F0328,SR 2023,Maize,2024-03-10,1887.0,,drought
H02010,F0328,2024 short rains,Maize,21/02/2025,743.0,Kg,
H02011,F0329,2019 Short Rains,Beans,07/02/2020,5.3,bags,
H02012,F0329,2020 Long Rains,Maize,"Jul 14, 2020",26.1,bags,
H02013,F0329,2020 short rains,Maize,16/03/2021,24.4,bags,
H02014,F0329,LR2021,Beans,14/07/2021,6.8,Bags,
H02015,F-0329,2022 long rains,Beans ,2022-06-14,5.4,Bags,
H02016,F0329,2024 Short Rains,Corn,02-Apr-25,29.0,bags,
H02017,F0330,2019 LR,Sorghum,25/08/2019,6.2,bag,
H02018,F0330,2021 short rains,Beans,2022-01-17,1.6,bags,
H02019,F0330,LR 2023,Maize,2023-08-06,10.2,bags,
H02020,F0331,LR 2019,Wheat grain,2019-09-08,4681.0,KG,
H02021,f0331,2021 Short Rains,Beans,05-Feb-22,416.0,kg,
H02022,F0331,2022 Short Rains,Maize,2023-02-27,1565.0,kg,
H02023,F0331,2023 Short Rains,beans,2024-02-22,443.0,Kg,
H02024,F0331,2024 long rains,Maize,03/09/2024,2794.0,Kg,
H02025,F0331,SR 2024,Maize,2025-02-28,1247.0,kg,
H02026,F0332,LR 2019,Beans,2019-06-27,,bags,
H02027,F0332,2020 long rains,beans,2020-05-23,5.1,bags,
H02028,F0332,2020 Short Rains,MAIZE,"Feb 15, 2021",26.9,bags,drought
H02029,F0332,2022 Long Rains,Maize,06/08/2022,,bag,
H02030,F0332,SR 2022,Maize,25/03/2023,0.2,bags,crop failure
H02031,F0332,2023 long rains,Maize ,"Jul 17, 2023",8.5,Bags,
H02032,F0332,2024 Long Rains,Beans,22/06/2024,3.4,bags,
H02033,F0333,2019 LR,maize,2019-08-02,5.0,kg,crop failure
H02034,F0333,LR 2021,MAIZE,2021-09-10,630.0,kg,
H02035,F0333,2021 short rains,Maize,2022-03-21,340.0,kg,drought
H02036,F0333,2022 Short Rains,Beans,2023-02-01,588.0,kgs,
H02037,F0333,2023 Short Rains,MAIZE,07-Apr-24,946.0,kg,
H02038,F0334,2020 Short Rains,Maize,12/02/2021,,bags,
H02039,F0334,LR 2021,Wheat,2021-07-24,40.4,bags,
H02040,F0334,2021 Short Rains,Beans,"Jan 23, 2022",27.8,bags,
H02041,F0334,2024 Long Rains,Maize,2024-09-26,126.1,bags,
H02042,F0335,SR 2019,Wheat,2020-04-23,20.1,bags,
H02043,F0335,2020 Short Rains,Wheat,2021-03-05,5.0,Bags,late planting
H02044,F0335 ,2021-LR,Maize,2021-07-09,21.4,bags,
H02045,F0335,2021 short rains,Beans,2022-02-14,2.1,bags,
H02046,F0335,2023 SR,Beans,2024-01-10,4.5,bags,partial harvest
H02047,F0335,SR 2024,Maize,19-Feb-25,11.5,bags,
H02048,F0336,2019 SR,Maize,2020-03-16,247.0,Kg,
H02049,F0336,2020 Long Rains,Maize,2020-07-26,735.0,kg,
H02050,F0336,SR2020,Beans,"Jan 31, 2021",163.0,kg,
H02051,F0336,2021 LR,Beans,2021-07-23,142.0,Kg,
H02052,F0336,SR2021,BEANS,31/01/2022,163.0,kg,
H02053,F0336,2022 Long Rains,Maize,2022-08-29,395.0,kg,
H02054,F-0336,LR 2023,maize,2023-09-10,310.0,Kg,
H02055,F0337,2019 Long Rains,wheat,04/08/2019,21.3,bags,
H02056,F0337,2020 long rains,Maize,2020-06-30,37.1,bags,
H02057,F-0337,SR2020,beans,22-Jan-21,,bags,
H02058,F0337,2021-LR,Wheat,25/09/2021,14.7,Bags,
H02059,F0337,2021 SR,Wheat,2022-04-10,24.4,90kg bag,
H02060,F0338,2020 SR,Maize,2021-04-09,1934.0,kg,
H02061,F0338,2021-LR,Maize,2021-07-15,3339.0,Kg,
H02062,F0338,2021 short rains,Wheat grain,"Mar 29, 2022",4156.0,Kg,
H02063,F0338,2022 long rains,Wheat,07/08/2022,2210.0,kg,
H02064,F0338,LR 2023,beans,17/07/2023,10230.0,kg,
H02065,F0338,2023 short rains,Wheat,"Mar 27, 2024",3535.0,kg,
H02066,F0338,2024 short rains,Maize,2025-03-04,2148.0,kg,partial harvest
H02067,F0339,2019 long rains,Wheat,2019-09-15,6.37,tonnes,
H02068,F0339,SR 2019,Corn,2020-03-04,5.91,tonnes,
H02069,F0339,2020 long rains,Maize,22/08/2020,5.73,tonnes,
H02070,F0339,2020-SR,Beans,2021-01-04,1.34,tonnes,drought
H02071,F0339,LR2022,Wheat ,11-Sep-22,4.74,t,
H02072,F0339,SR 2022,wheat,2023-04-05,15.2,MT,
H02073,f0339,2023 long rains,wheat,04/08/2023,86.8,tonnes,
H02074,F0339,2023 Short Rains,WHEAT,"Mar 16, 2024",11.86,tonnes,drought
H02075,F0340,2019 Long Rains,Beans ,24/07/2019,7.1,bag,
H02076,F0340,2019-SR,Maize,2020-02-12,30.2,bags,
H02077,F0340,2020 Short Rains,Maize,21-Mar-21,32.4,bags,
H02078,F0340,LR 2021,Beans,2021-06-15,11.1,bag,
H02079,F0340,2022 long rains,Maize,"Aug 02, 2022",22.0,bags,
H02080,F0340,2023 Short Rains,beans,22/01/2024,7.6,Bags,
H02081,F0340,2024 Long Rains,Maize,13-Jul-24,26.7,Bags,
H02082,F0340,SR 2024,maize,2025-03-15,22.7,Bags,
H02083,F0341,LR 2019,Maize,13/07/2019,1480.0,kg,
H02084,F0341,2020-LR,Sorghum ,2020-06-21,973.0,Kg,
H02085,F0341,2020 Short Rains,SORGHUM,2021-02-05,707.0,KG,drought
H02086,F0341,2021 Short Rains,Corn,01/04/2022,1023.0,kgs,
H02087,F-0341,2022-SR,Beans,2023-01-25,440.0,Kg,drought
H02088,F0341,2023 Short Rains,Maize,2024-01-31,1607.0,kg,drought
H02089,F0342,LR2020,Beans,2020-06-06,231.0,Kg,
H02090,F0342,2021 Long Rains,Maize,2021-09-12,849.0,kg,
H02091,F0342,2022-LR,MAIZE,28/07/2022,554.0,Kg,armyworm
H02092,F0342,LR 2024,BEANS,2024-07-02,443.0,kg,
H02093,F0343,2019-SR,Maize,15/03/2020,18.1,bags,
H02094,F0343,2020 Long Rains,maize,2020-08-14,16.6,bag,
H02095,F0343,2022-LR,Wheat,2022-07-27,13.0,Bags,
H02096,F0343,2023 Short Rains,Beans,2024-02-14,0.3,bags,crop failure
H02097,F0343,2024 Short Rains,Beans,2025-01-27,3.5,bags,
H02098,F0344,LR2019,Beans,24/05/2019,240.0,kg,
H02099,F0344,2020 Long Rains,Maize,21/08/2020,1172.0,KG,
H02100,F0344,SR2020,Maize,2021-03-08,531.0,kg,
H02101,F0344,2021-LR,Maize,26-Aug-21,,kg,
H02102,F0344,2021-SR,Corn,2022-03-11,735.0,kgs,drought
H02103,F0344,2022 long rains,Maize ,13/07/2022,453.0,KG,
H02104,F0344,2022-SR,Maize,23/02/2023,455.0,kg,
H02105,F0344,2023 short rains,Beans,2024-02-10,211.0,KG,
H02106,F0344,SR 2024,Bean,2025-01-05,633.0,kg,
H02107,F0345,2020 Short Rains,Maize,2021-03-22,39.7,Bags,
H02108,F0345,2021 Long Rains,Maize,2021-08-13,40.1,bags,
H02109,F0345,2022-LR,Maize,2022-08-16,8.1,Bags,
H02110,F0345,2022 Short Rains,maize,2023-03-06,39.0,bags,
H02111,F0345,2023 LR,BEANS,2023-06-15,4.4,Bags,
H02112,F0345,2024-LR,Maize,2024-08-07,37.3,bag,
H02113,F0346,LR 2020,Maize,2020-07-07,,kg,
H02114,F0346,2021 short rains,Beans ,2022-01-20,250.0,Kg,
H02115,F0347,2019 Long Rains,sorghum,08/08/2019,0.93,tonnes,
H02116,F0347,SR 2020,Beans,25/12/2020,1.01,tonnes,late planting
H02117,F0347,2022 Long Rains,Maize,15/07/2022,1.65,tonnes,
H02118,F0347,SR 2022,Maize,"Mar 31, 2023",1.07,tonnes,
H02119,F0347,2023 LR,beans,2023-06-16,0.58,tonnes,
H02120,F0347,SR 2023,Maize,2024-03-10,0.15,,crop failure
H02121,F0347,2024 short rains,Maize,2025-04-06,15.0,tonnes,
H02122,F0348,SR 2019,Maize,2020-03-04,28.9,,
H02123,F0348,2020 Long Rains,MAIZE,10/07/2020,28.6,bags,
H02124,F0348,2021 long rains,Beans,2021-07-07,6.9,bag,
H02125,F0990,2021 short rains,Maize,2022-04-13,282.0,bag,drought
H02126,F0348,2022 Long Rains,Maize,19/09/2022,27.4,bags,
H02127,F0348,2023 LR,BEANS,2023-07-13,7.9,bag,
H02128,F0348,2024 short rains,Beans,2024-12-26,10.6,bags,
H02129,F0349,2020-SR,Maize,2021-03-04,44.9,bags,
H02130,f0349,2021 Long Rains,WHEAT,2021-07-20,53.8,bag,
H02131,F0349,2022 long rains,Maize,"Jul 31, 2022",18.6,bag,
H02132,F0349,2022 short rains,Wheat,25-Mar-23,53.4,90kg bag,
H02133,f0349,2023 Long Rains,Beans,29/06/2023,0.1,bags,crop failure
H02134,F0349,2024-LR,Maize,2024-07-26,32.1,bag,
H02135,F0349,2024 SR,Maize ,06-Feb-25,42.6,bag,
H02136,F0350,2020 Long Rains,BEANS,2020-07-01,10.7,bags,
H02137,F0350,LR 2021,Beans,16/07/2021,6.1,Bags,
H02138,F0350,2021 Short Rains,Maize,2022-03-03,23.0,90kg bag,
H02139,F0350,2023 long rains,Maize,2023-07-06,20.9,Bags,
H02140,F0350,LR 2024,beans,2024-07-03,4.2,bags,
H02141,F0350,2024 Short Rains,Sorghum,07/02/2025,7.0,bags,
H02142,F0351,2019 short rains,Beans,2020-02-28,176.0,kg,
H02143,F0351,2020 Long Rains,Sorghum,26-Jul-20,313.0,kg,
H02144,F0351,2021 short rains,Beans,2022-01-04,197.0,kg,
H02145,F0351,2024 Long Rains,Beans,2024-06-09,154.0,KG,
H02146,F0352,2020 Long Rains,Beans,27/07/2020,7.3,bags,
H02147,F0352,SR 2020,Maize,15/02/2021,4.5,Bags,drought
H02148,F0352,2021 LR,Wheat,21-Jul-21,21.4,bags,
H02149,F0352,2021 Short Rains,Wheat,"Feb 07, 2022",16.3,bags,
H02150,F0352,2022 Short Rains,Maize,2023-03-18,15.4,bags,
H02151,f0352,2023 Long Rains,Maize,2023-08-18,21.9,bags,
H02152,F0352,2023 Short Rains,Wheat,15/03/2024,13.5,bags,
H02153,F0352,2024 Long Rains,Beans,2024-07-04,7.1,bags,
H02154,F0352,2024 Short Rains,Maize,2025-02-12,21.0,bag,
H02155,F0353,SR 2019,Corn,2020-02-19,5120.0,KG,
H02156,F0353,2020 long rains,Maize,2020-09-20,931.0,kg,
H02157,F-0353,2021 Short Rains,Maize ,18/02/2022,1332.0,kg,
H02158,F0353,LR 2023,Maize,2023-08-09,615.0,kgs,
H02159,F0353 ,2023 Short Rains,Maize,15/03/2024,961.0,kg,late planting
H02160,F0354,2019 Long Rains,MAIZE,22/08/2019,0.74,tonnes,
H02161,F0354,2020 Long Rains,Maize,2020-08-16,1.14,tonnes,
H02162,F0354,2020-SR,Beans,"Jan 18, 2021",0.38,tonnes,
H02163,F0354,2021 LR,sorghum,01-Aug-21,0.03,MT,crop failure
H02164,F0354,2022 LR,Beans,14-Jun-22,0.34,tonnes,
H02165,F0354,LR 2023,Maize,2023-07-14,0.88,tonnes,
H02166,F0355,2020 Long Rains,Beans,2020-06-15,5.9,Bags,
H02167,F0355,2020 Short Rains,Maize,2021-02-25,53.3,bag,
H02168,F0355,2023-LR,Maize,2023-08-01,38.1,bags,
H02169,F0355,2023 Short Rains,Maize,2024-03-03,15.0,bags,drought
H02170,F0355,2024 long rains,Sorghum,2024-08-06,,bags,
H02171,F0355,2024 Short Rains,Maize,22-Mar-25,21.4,bag,
H02172,F0356,2019 Long Rains,MAIZE,09-Jul-19,123.7,,
H02173,F0356,2019-SR,WHEAT,2020-03-06,1.7,bags,crop failure
H02174,F0356,2020 Long Rains,Maize,2020-08-21,107.2,bags,
H02175,F0356,SR 2020,Maize,2021-03-26,16.3,,drought
H02176,F-0356,2021 Long Rains,Wheat,24/07/2021,96.0,bags,
H02177,F0356,SR 2021,Wheat,21/02/2022,6.3,bags,crop failure
H02178,F0356,2022 Long Rains,Wheat ,2022-07-30,107.3,bags,
H02179,F0356,2022 Short Rains,Beans,10-Feb-23,34.4,bags,
H02180,F0356,2023 Short Rains,Maize,2024-03-07,55.0,bags,
H02181,F0356,LR 2024,Wheat,16/08/2024,48.7,bag,
H02182,F0356,2024-SR,Wheat,2025-03-07,81.9,bags,
H02183,F0357,2019 Long Rains,Maize,2019-08-12,,kg,
H02184,F0357,2019 Short Rains,Maize,2020-02-21,1720.0,kgs,
H02185,F0357,2020 long rains,Beans,2020-06-22,142.0,kgs,
H02186,F0357,SR 2020,Maize,2021-03-20,802.0,kg,
H02187,F0357,2023 Long Rains,Beans,2023-06-03,215.0,kg,
H02188,F0358,2019-SR,Maize,2020-02-24,9.2,bags,
H02189,F0358,2020 Short Rains,maize,06/04/2021,4.2,Bags,
H02190,F0358,2021 Long Rains,Maize,2021-08-10,4.6,bags,
H02191,F0358,LR 2023,MAIZE,2023-06-28,4.2,bags,
H02192,F0358,2023-SR,MAIZE,2024-03-23,7.4,bag,
H02193,F0358,2024 long rains,Maize ,19/07/2024,14.9,bags,
H02194,F0359,2021 Long Rains,Maize,2021-08-05,14.7,bags,
H02195,F0359,2021 Short Rains,Beans,30/01/2022,12.6,bags,
H02196,F0359,2022 Short Rains,Maize,2023-04-08,22.5,bags,
H02197,F0359,2024 LR,Beans,28/06/2024,13.1,90kg bag,
H02198,F0360,2019 Long Rains,Beans,2019-06-24,3959.0,Kg,
H02199,F0360,2020 Short Rains,Beans,23/01/2021,1228.0,kg,drought
H02200,F0360,LR 2022,maize,2022-08-15,6560.0,kg,
H02201,F0360,2022 Short Rains,Maize ,08/03/2023,5952.0,kg,
H02202,F0360,2023 long rains,Corn,"Jul 20, 2023",4291.0,kg,
H02203,F0360,2024 Long Rains,Corn,15/08/2024,9232.0,kgs,
H02204,F0360,2024 Short Rains,Wheat grain,2025-03-13,5075.0,kg,
H02205,F0361,2019 Long Rains,MAIZE,25/08/2019,3162.0,kg,
H02206,F0361,LR 2020,Maize,08/09/2020,3284.0,kg,drought
H02207,F0361,SR 2021,Maize,2022-02-26,40320.0,kg,
H02208,F0361,2023 Long Rains,Maize,14/08/2023,2671.0,kg,
H02209,F0361,2023 short rains,Maize,14/04/2024,1904.0,kg,
H02210,F0361,2024 long rains,Sorghum,2024-08-20,2717.0,Kg,
H02211,F0361,2024 short rains,beans,24/01/2025,1135.0,Kg,
H02212,F0362,2019 long rains,Sorghum,2019-08-22,16.3,bags,
H02213,f0362,2019 Short Rains,maize,2020-03-02,68.6,bags,
H02214,F0362,2021 Long Rains,Maize,2021-08-24,32.2,bags,
H02215,F0362,LR 2022,Sorghum,2022-06-27,7.5,bags,
H02216,F0363,LR 2019,Maize ,03/09/2019,9.9,bags,
H02217,F0363,2020 Short Rains,Beans,2021-01-22,1.7,bag,
H02218,F0363,LR 2021,Maize,07/08/2021,4.6,bags,
H02219,F0363,2021 Short Rains,Maize,2022-03-09,10.1,bag,
H02220,F0363,SR2024,MAIZE,2025-03-14,4.1,bag,
H02221,F0364,2019 Short Rains,Maize,2020-03-01,35.7,,
H02222,F0364,LR2020,Maize,27/07/2020,226.0,Bags,
H02223,F0364,2020 Short Rains,Wheat,2021-02-23,19.8,bag,
H02224,F0364,LR 2021,Maize,2021-09-05,15.7,bags,
H02225,F0364,2021 Short Rains,wheat,28-Feb-22,33.1,Bags,
H02226,F0364,LR2022,Maize,2022-06-23,22.3,bags,
H02227,F0364,SR 2023,Maize,2024-02-20,43.4,Bags,
H02228,F0365,2020 Short Rains,Maize,2021-03-09,702.0,kg,drought
H02229,F0365,2023 SR,beans,2024-01-20,23.0,Kg,crop failure
H02230,F0365,2024 Short Rains,Sorgum,07/02/2025,282.0,kg,
H02231,F0366,2019 Long Rains,maize,2019-08-26,20.2,bags,
H02232,F0366,SR 2019,MAIZE,22/03/2020,14.9,bags,
H02233,F0366,LR2020,Beans,2020-06-14,2.6,bags,
H02234,F-0366,2021 Long Rains,Sorghum ,2021-07-08,4.9,bags,
H02235,F0366,LR 2022,MAIZE,2022-08-11,3.6,Bags,
H02236,F0366,SR2023,beans,2024-01-30,3.6,bags,
H02237,F0366,SR 2024,sorghum,08-Feb-25,3.3,bags,
H02238,F0367,2019 short rains,Maize,16/02/2020,4.5,bag,
H02239,F0367,2020 LR,Maize,2020-07-04,4.3,bags,
H02240,F0367,2020 SR,Bean,17/01/2021,0.0,bags,crop failure
H02241,F0367,2021 LR,MAIZE,"Sep 04, 2021",4.8,bags,
H02242,F0367,SR2022,Maize,2023-03-26,3.7,bags,
H02243,F0368,2020 Long Rains,Wheat,2020-07-30,2428.0,kg,
H02244,F0368,2020 short rains,Maize,2021-02-02,379.0,kgs,drought
H02245,F0368,2022 Short Rains,Wheat,2023-03-03,2692.0,kgs,
H02246,F0368,2023 long rains,Wheat,04-Sep-23,3138.0,kgs,
H02247,F0985,2023 Short Rains,Maize,04-Feb-24,5069.0,Kg,
H02248,F0368,2024 Long Rains,Beans,2024-06-08,359.0,kgs,
H02249,F0369,2019 Short Rains,Beans ,28-Feb-20,2.8,bags,
H02250,F0369,LR 2020,Beans,11/07/2020,2.1,bag,
H02251,F0369 ,2022 long rains,Maize,2022-08-21,13.0,Bags,
H02252,F0369,2022 Short Rains,Beans,2023-01-21,1.5,bags,
H02253,F-0369,SR2023,Maize,2024-03-03,10.3,bags,
H02254,F0370,SR 2019,Maize,2020-03-24,1266.0,kgs,
H02255,F0370,LR 2020,beans,2020-07-08,761.0,kg,
H02256,F0370,2020-SR,Maize ,2021-03-07,832.0,kg,
H02257,F0370,2021-LR,Maize,27/08/2021,1161.0,kg,
H02258,F0370,2021 SR,Beans,2022-01-19,314.0,kg,
H02259,F0370,2022 LR,Wheat,2022-07-07,1030.0,kg,
H02260,F0370,2022 Short Rains,Wheat,2023-03-22,1651.0,kgs,
H02261,F0370 ,2023 Long Rains,Maize,29/08/2023,1694.0,KG,
H02262,F0370,2024 long rains,Beans,19-Jul-24,537.0,kg,
H02263,F0371,LR 2019,Maize,"Sep 19, 2019",4.2,Bags,armyworm
H02264,F0371,2019 Short Rains,Maize ,2020-03-10,12.1,90kg bag,
H02265,F0371,2020 LR,Beans,2020-05-29,2.0,bag,
H02266,F0371,2021 Long Rains,Beans,2021-06-09,2.5,Bags,
H02267,F0371,SR2021,Beans,2022-01-24,3.0,90kg bag,
H02268,F0371,2022-SR,Maize,18/03/2023,9.2,Bags,
H02269,F0371,2024 Long Rains,maize,2024-09-11,14.0,90kg bag,
H02270,F0372,SR2019,Beans,2019-12-31,1.82,MT,
H02271,F0372 ,2021 long rains,Wheat,2021-07-27,10.2,tonnes,
H02272,F0372,2022 short rains,Wheat,2023-04-07,6.07,tonnes,
H02273,F0372,2023 Short Rains,Maize,2024-03-29,5.12,tonnes,drought
H02274,F0373,2019-SR,Beans,13/01/2020,3.14,tonnes,
H02275,F0373,2020 Short Rains,Beans,14/02/2021,3.58,MT,drought
H02276,F0373,2021 long rains,Maize,25/08/2021,13.13,t,
H02277,F0373,2021 SR,Wheat,03-Apr-22,0.78,t,crop failure
H02278,F0373,2022 Long Rains,Maize,2022-07-25,10.16,tonnes,
H02279,F0373,SR2022,Maize,16/03/2023,17.99,t,
H02280,f0373,2024 SR,beans,2025-02-06,3.56,t,
H02281,F0374,2019-LR,Beans,22-May-19,3.7,Bags,
H02282,F0374,SR 2019,MAIZE,2020-03-12,13.2,Bags,
H02283,F0374,LR 2020,Maize,27/08/2020,14.1,Bags,drought
H02284,f0374,2021 Short Rains,Maize,03/03/2022,15.8,bag,pest damage
H02285,F0374,2022-LR,Maize,2022-09-10,18.1,bags,
H02286,F0374,SR2022,Wheat,2023-03-04,17.8,Bags,
H02287,F0374,2024 Short Rains,Maize,2025-03-03,24.2,bags,
H02288,F0375,2019 SR,Maize,2020-03-28,732.0,kgs,
H02289,F0375,2020-LR,Beans,06/07/2020,190.0,kg,
H02290,F-0375,SR2020,Sorghum,2021-01-29,363.0,kg,
H02291,F0375,2021 Long Rains,Corn,2021-08-23,902.0,Kg,
H02292,F0375,2021 Short Rains,Beans,02/03/2022,220.0,Kg,pest damage
H02293,F0375,2022 long rains,sorghum,2022-07-22,190.0,KG,
H02294,F0375,2022 SR,SORGHUM,2023-03-20,144.0,kg,
H02295,F-0375,LR 2023,Sorghum,09-Aug-23,438.0,kg,
H02296,F0375,2023-SR,Beans,2024-01-20,266.0,kg,
H02297,f0376,2019 short rains,Maize,2020-03-07,11.9,Bags,
H02298,F0376,2022 LR,Beans,2022-06-14,1.0,bags,
H02299,F0376,2022 short rains,Maize,20/02/2023,9.4,bags,
H02300,F0376,2024-SR,Maize,2025-03-01,5.8,90kg bag,
H02301,F0377,2019 long rains,Maize,2019-07-20,1323.0,kg,
H02302,F0377,2019 Short Rains,Maize,2020-02-12,1509.0,Kg,
H02303,F0377,2020 Long Rains,sorghum,08/07/2020,615.0,kg,
H02304,F0377,2020 Short Rains,Beans,18/02/2021,650.0,KG,
H02305,F0377,2023 Short Rains,Maize,2024-03-04,801.0,,
H02306,F0377,2024-LR,Sorghum,2024-07-08,429.0,kg,
H02307,F0377,2024 Short Rains,Beans,2025-02-21,1.0,kg,crop failure
H02308,F0378,2019 Long Rains,Sorghum,2019-08-13,31.2,Bags,
H02309,F0378,LR 2020,beans,2020-07-15,20.6,bag,
H02310,F0378,2021-SR,Beans,2022-01-30,8.7,Bags,
H02311,F0378 ,LR2022,Maize,2022-08-15,17.8,bags,
H02312,F0378,2023 Long Rains,Beans,"Jul 15, 2023",10.2,,
H02313,F0378,2024-LR,Maize,"Aug 17, 2024",31.6,bags,
H02314,F0378,2024 short rains,Sorghum,16/02/2025,13.6,Bags,
H02315,F0379,2022 SR,Wheat,2023-03-16,2086.0,kg,
H02316,F0380,2019-LR,Beans,2019-07-28,570.0,Kg,
H02317,F0380,2019 Short Rains,Sorgum,31/01/2020,1128.0,kg,
H02318,F0380,LR 2020,Maize,2020-09-04,1345.0,,
H02319,F0380,2020 Short Rains,Beans,2021-01-24,794.0,kg,
H02320,F0380,2021 Long Rains,Beans,09-Jul-21,312.0,kg,
H02321,F0380,2022 Long Rains,Maize,19/07/2022,1062.0,Kg,late planting
H02322,F0380,2023 long rains,sorghum,2023-07-31,418.0,KG,
H02323,F0380,LR 2024,Maize,30/07/2024,119.0,Kg,crop failure
H02324,F0381,2019 long rains,Beans,2019-07-27,134.0,Kg,
H02325,F0381,SR 2019,Beans,2020-01-05,66.0,kgs,
H02326,F0381,2020 Short Rains,Beans,05/01/2021,109.0,kg,
H02327,F0381,SR 2021,Maize,"Feb 21, 2022",242.0,KG,
H02328,F0381,2022 Short Rains,Maize,08/02/2023,185.0,kg,
H02329,F0381,2023 Long Rains,Beans,2023-06-23,30.0,kg,
H02330,F0381,2024 LR,Beans,2024-07-18,71.0,kg,
H02331,F0382,2019 short rains,WHEAT,2020-04-14,6920.0,KG,
H02332,F0382,2020 Long Rains,Maize,27/08/2020,13087.0,kg,drought
H02333,F0382,2020 short rains,Maize,12/04/2021,9938.0,kg,
H02334,F0382,2021 Short Rains,Maize ,2022-03-13,15197.0,kg,
H02335,F0382,2024 Long Rains,Wheat,2024-08-15,15730.0,Kg,
H02336,F0383,2021 SR,Maize,14-Apr-22,511.0,kg,
H02337,f0383,2022 Short Rains,Maize,2023-03-28,459.0,kgs,drought
H02338,F0383,2023 Long Rains,sorghum,2023-06-29,112.0,kg,
H02339,F0383,2024 Long Rains,Beans ,"Jun 24, 2024",1360.0,Kg,
H02340,F0383,SR 2024,BEANS,2025-02-11,207.0,kg,
H02341,F-0384,2019-SR,Sorghum,25-Jan-20,9.1,bags,
H02342,F0384,2020 Short Rains,Beans,07/02/2021,3.4,bags,
H02343,F0958,2021 SR,MAIZE,2022-03-13,26.7,bag,
H02344,F0384,2022 Long Rains,Maize ,12/08/2022,6.4,bag,
H02345,F0384,LR2023,Sorgum,2023-06-29,3.3,bags,
H02346,F0384,2023 Short Rains,Maize,"Mar 02, 2024",6.8,bags,
H02347,F0384,LR 2024,Maize,2024-08-30,31.0,bags,drought
H02348,F0384,2024-SR,Sorghum ,2025-03-05,3.6,bags,
H02349,F0957,2022 LR,Maize,2022-07-28,13.0,bags,
H02350,F0385,2023 Short Rains,Wheat,2024-03-04,36.1,bags,late planting
H02351,F0385,2024 LR,Maize,27-Jul-24,35.1,Bags,
H02352,F0386,2019 Long Rains,Maize,30/07/2019,35.9,bag,
H02353,F0386,2019 Short Rains,Maize,26/02/2020,42.4,bags,
H02354,F0386,2020 long rains,MAIZE,2020-08-04,31.9,bags,
H02355,F0386,SR 2020,Wheat,11/03/2021,12.1,90kg bag,drought
H02356,F0386,SR2021,Beans,17-Jan-22,15.6,Bags,
H02357,F0386,2023 LR,Maize,18/09/2023,43.4,bag,
H02358,F0386,2023 Short Rains,MAIZE,2024-03-30,19.8,bags,drought
H02359,F0386,2024 Short Rains,Beans,2025-01-19,6.3,Bags,
H02360,F0387,2019-SR,Maize,18-Mar-20,2.66,MT,
H02361,F0387,2020 Long Rains,Maize,29/07/2020,2.54,t,
H02362,F0387,2021 Long Rains,maize,2021-09-18,0.89,t,
H02363,f0387,2021 SR,Maize,2022-03-03,1.92,tonnes,
H02364,F0387,LR2022,Maize,2022-08-31,2.66,t,
H02365,F0387,2022 Short Rains,Maize,26/03/2023,1.56,MT,
H02366,F0387,2023 Short Rains,Maize ,"Mar 29, 2024",1.21,tonnes,drought
H02367,F0387,2024-SR,Maize,2025-03-02,2.03,tonnes,
H02368,F0388,2019 Short Rains,BEANS,28/12/2019,110.0,kg,
H02369,F0388,2020 long rains,Beans,2020-07-14,201.0,kg,
H02370,F0388,2020 short rains,Sorghum ,10/02/2021,321.0,kg,
H02371,F0388,LR2021,Beans,"Jun 13, 2021",,Kg,
H02372,F0388,2023 Short Rains,Beans,2024-02-22,197.0,kg,
H02373,F0388,2024 Long Rains,Maize,2024-08-20,596.0,kg,
H02374,F0389,2019 Long Rains,Maize,2019-07-15,15.8,bags,
H02375,F0389,2021-LR,Maize,09/09/2021,9.9,bag,
H02376,F0389,2021 short rains,Beans,2022-01-19,16.0,bags,
H02377,F0389,2022-SR,Beans,2023-02-10,9.7,bags,
H02378,F0389,2023 LR,sorghum,2023-08-14,7.3,bags,
H02379,F0389,2023 Short Rains,Maize,2024-03-16,18.9,bags,
H02380,F0389,LR 2024,Maize,19/07/2024,33.6,Bags,
H02381,F0390,2019 Long Rains,Maize,28-Aug-19,7.1,bags,
H02382,F0390,2019 Short Rains,Sorghum,2020-03-06,6.9,bags,
H02383,F-0390,2020 LR,Beans,2020-06-27,,bag,
H02384,F0390,SR 2020,Maize,27/03/2021,4.2,bags,drought
H02385,F0390,2021 Long Rains,SORGHUM,2021-08-14,2.2,bags,
H02386,F0390,SR 2021,Maize,2022-03-30,14.9,bags,
H02387,F0390,2022 Long Rains,Sorghum,2022-06-23,2.3,bags,
H02388,F0390,2022 Short Rains,Sorghum,2023-02-20,1.3,90kg bag,
H02389,F0390,LR2023,Maize,05/08/2023,0.7,bags,crop failure
H02390,F0390,2024-LR,Maize,2024-07-24,11.9,bags,
H02391,F0391,2019 Long Rains,wheat,19/08/2019,809.0,KG,
H02392,F0391,2020-LR,Maize,2020-07-05,952.0,Kg,
H02393,F0391,2020 Short Rains,MAIZE,2021-03-07,359.0,kg,drought
H02394,F0391,LR 2021,Wheat,2021-09-01,594.0,kg,
H02395,F0391,2021 short rains,Wheat grain,31-Mar-22,820.0,KG,
H02396,F0391,2022 SR,Beans,13/01/2023,172.0,kg,
H02397,F0391,2023 Long Rains,Maize,04/09/2023,1012.0,kg,
H02398,F0391,2024 Long Rains,Maize,25/07/2024,969.0,kg,
H02399,F0391 ,2024 short rains,Maize,31-Mar-25,509.0,kg,
H02400,F0392,2020 Short Rains,Maize,17-Mar-21,13.3,bags,drought
H02401,F0392,SR2021,Maize,2022-02-19,10.4,bags,
H02402,F0392,2022 short rains,Maize,05/03/2023,23.3,bag,
H02403,F0393,LR 2019,Sorghum,05/07/2019,1305.0,kg,
H02404,F0393,2019 Short Rains,Bean,2020-01-04,964.0,Kg,
H02405,F-0393,2021 long rains,beans,2021-06-03,,KG,drought
H02406,F0393,SR 2021,Maize,2022-02-15,1309.0,kg,
H02407,F0393,2022 Long Rains,Beans,2022-07-19,11.0,kg,crop failure
H02408,F0393,2022 Short Rains,Beans,2023-02-23,1150.0,KG,
H02409,F0393,2023 Long Rains,Maize,14/07/2023,3722.0,KG,
H02410,F0394,2019 SR,Beans,2020-01-27,3.0,bags,crop failure
H02411,F0394,2020 long rains,Maize,16/08/2020,104.6,bags,drought
H02412,F0394,2020 Short Rains,Wheat,29-Mar-21,156.1,Bags,
H02413,F0394,2021 Short Rains,Maize,2022-03-09,201.4,90kg bag,
H02414,F0394,2022 Long Rains,MAIZE,29-Jul-22,87.8,bags,
H02415,F0395,2019 SR,maize,2020-03-03,5.21,tonnes,
H02416,F0395,2021 Long Rains,wheat,2021-07-27,5.41,tonnes,
H02417,F0395,2022 Long Rains,Maize,17/07/2022,6.61,MT,
H02418,F0395,2024 Short Rains,Wheat,2025-04-04,0.24,tonnes,crop failure
H02419,F0396,LR2019,Sorghum,2019-07-27,8.0,90kg bag,
H02420,F0396,SR 2023,SORGHUM,28/02/2024,20.7,bag,pest damage
H02421,F0396,LR2024,Beans,2024-06-07,5.7,Bags,
H02422,F0397,2019 Long Rains,wheat,2019-07-27,1692.0,kg,
H02423,F0397,2019 short rains,Corn,29-Feb-20,1017.0,kg,
H02424,F0397 ,2020 Long Rains,Maize,25/07/2020,1647.0,kg,
H02425,F0397,SR2020,maize,19/03/2021,370.0,kg,
H02426,F0397,LR 2021,Maize,18-Jul-21,862.0,kg,
H02427,F0397,LR2022,Maize,11/07/2022,2068.0,Kg,
H02428,F0397,SR 2023,Maize,2024-02-18,1701.0,Kg,
H02429,F0397,LR 2024,Beans,05/06/2024,575.0,Kg,
H02430,F0397,SR 2024,Maize,06/04/2025,766.0,kg,
H02431,F0398,2019-SR,Maize,2020-04-07,27.7,bags,
H02432,F0398,SR 2020,Wheat,2021-03-22,17.3,,
H02433,F0398,2022-LR,MAIZE,2022-08-10,19.0,Bags,
H02434,F0398,2022 Short Rains,Wheat,2023-03-07,31.5,Bags,
H02435,F0398,2023 Short Rains,WHEAT,05/04/2024,11.8,bag,drought
H02436,F0399,2019 Long Rains,Beans ,02/06/2019,8.3,Bags,
H02437,F0399,2019 Short Rains,WHEAT,2020-02-24,34.5,Bags,
H02438,F0399,2020-LR,Maize,28-Jul-20,53.2,bag,
H02439,F0399,2020 short rains,Maize,2021-03-02,32.7,Bags,
H02440,F0399,LR 2023,Wheat,2023-07-31,36.6,bags,
H02441,F0399,2024 Long Rains,Maize,08/08/2024,126.9,bag,
H02442,F0399,2024 Short Rains,Maize,07/03/2025,45.6,bags,
H02443,F0400,2019 Long Rains,Maize,05-Sep-19,16.8,bags,
H02444,F0400,2019 Short Rains,SORGHUM,2020-03-14,1.2,90kg bag,crop failure
H02445,F0400,2021 LR,Beans,03/07/2021,3.4,bags,
H02446,F0400,LR 2022,Maize,2022-07-27,13.1,Bags,
H02447,f0400,2022-SR,Sorghum,2023-02-22,9.4,bag,
H02448,F0400,SR 2023,Beans,2024-02-03,54.0,bags,armyworm
H02449,f0400,2024 long rains,Sorghum,13/07/2024,0.0,bags,crop failure
H02450,F0401,2019 long rains,Wheat,"Jul 27, 2019",23809.0,Kg,
H02451,F0401,2020 Long Rains,Wheat,2020-08-10,26454.0,Kg,
H02452,F0401,SR 2020,wheat,19/03/2021,,kg,
H02453,F0401,2021-SR,Beans,16/02/2022,4495.0,KG,
H02454,F0401,LR 2022,Maize,"Sep 11, 2022",8970.0,KG,
H02455,f0401,2022 short rains,Maize,2023-03-21,,kg,
H02456,F0401,2023 Long Rains,Maize,22/08/2023,14859.0,kg,
H02457,F0401,2023 Short Rains,Wheat,07-Feb-24,14965.0,kg,
H02458,F0401,2024-SR,Maize,02/03/2025,17843.0,kgs,
H02459,F0402,2019 LR,Maize,2019-07-27,7191.0,KG,
H02460,F0402,2019 Short Rains,Maize,2020-02-27,6734.0,Kg,
H02461,F0402,SR2020,Maize,2021-03-17,2546.0,kg,drought
H02462,F0402,2023 long rains,Maize,28/08/2023,11354.0,kg,
H02463,F0403,2019 LR,Sorghum,2019-08-04,696.0,kg,
H02464,F0403,2019 Short Rains,Maize,2020-03-13,1491.0,KG,
H02465,F0403,SR 2020,Maize,2021-03-29,737.0,,
H02466,F0403,2021 Long Rains,Maize,2021-08-27,387.0,kg,drought
H02467,F0403,2022 Long Rains,Maize,13/07/2022,1035.0,kg,
H02468,F0403,2022 short rains,Beans,2023-01-30,284.0,kg,
H02469,F0403,2023 LR,Beans,2023-07-02,305.0,Kg,partial harvest
H02470,F0403,2024 Long Rains,Beans,05-Jul-24,391.0,kg,
H02471,F0404,2019 Short Rains,maize,18/03/2020,4573.0,KG,drought
H02472,F0404,LR2020,Wheat,2020-08-16,6544.0,kg,
H02473,F-0404,2020 SR,Maize,2021-02-21,8128.0,kg,drought
H02474,f0404,2021 LR,wheat,2021-09-13,6446.0,KG,
H02475,F0404,2022 long rains,Maize,2022-07-15,4736.0,kg,
H02476,F0404,SR 2023,Wheat,2024-04-08,176.0,Kg,crop failure
H02477,F0404,2024 Long Rains,Wheat,2024-09-06,5921.0,KG,
H02478,F0405,2019 Long Rains,Maize,2019-08-21,958.0,KG,
H02479,F0405,2021-SR,Maize,2022-03-27,1558.0,kgs,
H02480,F0405,LR 2023,Maize,2023-07-01,1382.0,Kg,
H02481,F0405,2023 Short Rains,Wheat,06/04/2024,1913.0,kg,
H02482,F0405,LR 2024,wheat,2024-08-14,1479.0,kg,
H02483,F0406,2021 LR,maize,2021-08-14,1701.0,kg,
H02484,F0406,2021 Short Rains,Maize,2022-03-20,3576.0,kg,
H02485,F0406,2022 Short Rains,maize,28-Feb-23,2276.0,kg,
H02486,F0406,2023 Short Rains,Maize,2024-02-18,3599.0,kg,
H02487,F0406,2024 long rains,Beans,02-Jul-24,23.0,Kg,crop failure
H02488,F0406,2024 short rains,Corn,2025-04-01,1690.0,kg,
H02489,F0407,LR 2019,Beans,25/06/2019,1503.0,KG,
H02490,F0407,SR 2019,Sorghum,2020-02-12,,kgs,
H02491,F0407,2020 short rains,Beans,09/02/2021,767.0,kg,drought
H02492,F0407,2021 long rains,Maize,27/08/2021,1631.0,kg,
H02493,F0407,2021 Short Rains,Sorghum,2022-03-18,1231.0,KG,
H02494,F0407,2022 SR,MAIZE,28-Feb-23,1060.0,kg,
H02495,F0407,LR 2023,MAIZE,2023-08-21,2774.0,kgs,
H02496,F0407,2024 LR,Corn,22/07/2024,3071.0,kg,
H02497,F0408,2019-LR,Beans,13/07/2019,277.0,kg,
H02498,F0408,2019 Short Rains,Maize,2020-04-16,702.0,kg,
H02499,F0408,SR2020,Beans,14/02/2021,29.0,Kg,crop failure
H02500,F0408,2021 Long Rains,BEANS,2021-06-20,484.0,Kg,
H02501,F0408,2022 Long Rains,Maize,29-Aug-22,834.0,KG,
H02502,F0408,2022 short rains,Maize,27/02/2023,1118.0,kg,
H02503,F0408,2024 Short Rains,Sorghum,2025-02-16,304.0,Kg,
H02504,F0409,LR2021,Wheat,30/07/2021,13.7,bags,
H02505,F0409,LR 2023,Maize,12/07/2023,7.7,bag,
H02506,F0410,2019-LR,Beans,11-Jun-19,626.0,kg,
H02507,F0410,LR 2020,Maize,2020-07-26,1054.0,Kg,
H02508,F0410,2020 Short Rains,Maize,11/03/2021,1021.0,kg,
H02509,F0410,LR 2021,Beans,2021-06-22,2830.0,KG,
H02510,F0410,2021 Short Rains,Sorghum,2022-02-28,771.0,kg,
H02511,F0410,2022 long rains,SORGHUM,24-Jul-22,314.0,kgs,
H02512,F0410,SR 2022,Sorghum,2023-03-06,259.0,kg,
H02513,F0410,SR 2023,Beans,22-Jan-24,452.0,kg,
H02514,F0410,LR 2024,Beans,13/07/2024,781.0,kgs,
H02515,F0410,2024 short rains,BEANS,2025-01-26,319.0,Kg,
H02516,F0411,2020 Short Rains,Maize,08-Feb-21,15.7,bags,
H02517,F0411,2021 Long Rains,Maize,19/08/2021,7.3,bags,
H02518,F0411,2023 Short Rains,Maize,2024-03-14,12.2,bags,
H02519,F0411,LR 2024,Beans,2024-07-01,7.9,bags,
H02520,F0411,2024 Short Rains,Maize,"Feb 05, 2025",18.8,Bags,
H02521,F0412,LR 2021,Wheat grain,31/07/2021,14.8,bags,
H02522,F0412 ,2021 SR,Wheat,25/03/2022,1.5,bags,crop failure
H02523,F0412,2022 Long Rains,Maize,2022-08-09,29.9,bag,
H02524,F0412,2022 Short Rains,Maize,2023-03-10,13.2,bags,
H02525,F0412,2023 Short Rains,Wheat,2024-03-21,11.8,Bags,
H02526,F0412,2024-LR,Wheat,2024-08-21,17.0,bags,
H02527,F0412,2024 Short Rains,MAIZE,25/03/2025,18.5,Bags,
H02528,F0413,2019 SR,Maize,01-Mar-20,,bags,
H02529,F0413,2020 LR,Beans,2020-06-02,1.0,bags,
H02530,F0413,2021 Long Rains,maize,2021-09-02,3.2,Bags,
H02531,F0413,2022 long rains,Maize,2022-09-05,3.3,bags,
H02532,F0413,2024 Long Rains,beans,2024-06-19,0.6,bags,
H02533,F0413,2024 Short Rains,Maize,2025-03-31,5.6,bags,
H02534,F0414,SR2019,beans,2020-02-06,3.4,bags,
H02535,F0414,2020 Long Rains,Maize,27-Jul-20,12.4,Bags,
H02536,F0414,LR 2021,maize,13/07/2021,7.9,90kg bag,
H02537,F0414,LR2022,Maize,2022-09-05,5.3,bag,
H02538,F0414,2022 Short Rains,Corn,2023-04-03,7.6,Bags,
H02539,F0414,2024 LR,Maize,2024-07-16,9.1,bags,
H02540,F0415,LR 2019,Sorghum,19/07/2019,320.0,kgs,
H02541,F0415,2020 SR,Corn,11/03/2021,789.0,kg,
H02542,f0415,2023 Short Rains,Maize,2024-02-29,1095.0,kg,
H02543,F0416,2019-SR,Beans,2020-02-09,1.8,90kg bag,
H02544,F0416,2020 Long Rains,Beans,13/07/2020,2.2,bags,
H02545,F0416,2021 long rains,MAIZE,2021-08-22,4.0,bags,
H02546,F0416,2021-SR,Sorghum,16-Feb-22,1.5,bags,
H02547,f0416,2022 Short Rains,sorghum,07/02/2023,0.8,bags,
H02548,F0416,2024 Long Rains,sorghum,2024-08-07,2.1,bags,
H02549,F0417,2019-SR,sorghum,2020-03-04,11.5,bags,
H02550,F0417,2020 Short Rains,Sorghum,"Jan 30, 2021",8.0,bags,
H02551,F0417,2021 short rains,Sorghum ,"Mar 24, 2022",12.6,bags,
H02552,F0417,2022 Long Rains,Maize ,2022-08-03,9.4,bags,
H02553,F0417,2023 Long Rains,Beans,25/05/2023,3.2,bags,
H02554,F0417,2024 Short Rains,Maize,2025-02-13,,Bags,
H02555,F0418,2019 Long Rains,Wheat,2019-08-10,18.1,Bags,
H02556,F0418,2019 Short Rains,Beans,12/02/2020,6.5,,
H02557,F0418 ,2020 Short Rains,Wheat grain,2021-04-03,7.0,,
H02558,F0418,2021 LR,Beans,2021-07-08,6.8,bags,
H02559,F0418,LR2022,Wheat,2022-08-31,19.2,Bags,
H02560,F0418,2022 Short Rains,Wheat,"Mar 15, 2023",35.3,90kg bag,
H02561,F0418,SR2023,Corn,27/02/2024,43.0,bags,
H02562,F0418,2024 long rains,Maize,2024-07-20,46.9,bags,
H02563,F0419,2019 Long Rains,Sorghum,22/07/2019,5.7,bags,partial harvest
H02564,F0419,LR 2020,Beans,2020-07-13,6.8,bags,
H02565,F0419,2023 Short Rains,Sorghum,2024-03-05,5.3,Bags,
H02566,F0419,2024-LR,Sorghum,2024-08-17,7.4,bags,drought
H02567,F0420,2019 Short Rains,beans,"Feb 15, 2020",5.3,bags,
H02568,F0420,2020 Long Rains,Beans,2020-07-19,,bags,
H02569,F0420,LR 2021,Maize,2021-08-02,5.3,bags,
H02570,F0420,2021 Short Rains,Sorghum,10/02/2022,4.8,bags,
H02571,F0420,2022 Long Rains,Maize,2022-07-31,6.9,bags,
H02572,F0420,2022 Short Rains,Sorghum,2023-02-26,2.3,bags,
H02573,F0420,2023 short rains,Maize,29/03/2024,1.8,Bags,drought
H02574,F0420,2024-LR,beans,06-Jun-24,4.3,bags,
H02575,F0421,2021 SR,Maize,2022-03-02,14.36,tonnes,
H02576,F0421,2022 long rains,Wheat,2022-07-27,10.13,tonnes,
H02577,F0421,2022-SR,Maize,"Mar 04, 2023",9.63,tonnes,
H02578,F0421,LR2024,maize,2024-08-18,21.53,tonnes,
H02579,F0421,2024-SR,Wheat,2025-03-13,5.24,t,
H02580,F0422,LR2019,Maize,2019-08-17,1.7,t,
H02581,F0422,2020 SR,Maize,01/03/2021,1.64,tonnes,
H02582,F0423,2023 LR,Beans,2023-07-03,5268.0,kg,
H02583,F0423,2023 Short Rains,Wheat,"Apr 12, 2024",12316.0,kgs,drought
H02584,F0424,LR 2021,maize,21/08/2021,8.5,bags,
H02585,F0424,2021 Short Rains,maize,2022-04-04,11.5,bags,drought
H02586,F0424,2023 short rains,Maize,18-Feb-24,5.8,bags,
H02587,F0424,2024 Long Rains,Maize,"Aug 20, 2024",8.6,Bags,
H02588,F0425,SR 2019,Wheat,13-Mar-20,31.8,Bags,
H02589,F0425,2020 long rains,Beans,2020-06-26,7.0,Bags,
H02590,F0425,LR2021,Beans,19-Jun-21,6.9,Bags,
H02591,F0425,2022 Long Rains,Maize,2022-09-05,30.9,bags,
H02592,F0425,2024-SR,Maize,2025-03-05,429.0,bags,
H02593,F0426,2020-SR,Maize,2021-02-22,774.0,Kg,
H02594,F0426,2021-LR,Wheat,2021-08-26,1174.0,kg,
H02595,f0426,SR 2021,Maize,2022-04-11,1523.0,kg,
H02596,F0426,2023 long rains,Maize ,04-Sep-23,1702.0,kg,
H02597,F0426,2024 Short Rains,Maize,2025-02-16,1369.0,kg,
H02598,F0427,2021 Long Rains,Maize,28/07/2021,7.7,bags,
H02599,F0427,2021 short rains,Maize,2022-03-11,7.3,bags,
H02600,F0427,2022 Long Rains,Beans,2022-07-12,0.9,Bags,
H02601,F0427,2022 short rains,Beans,2023-01-06,3.1,bags,
H02602,F0427,2023 Long Rains,Maize,2023-07-22,5.3,bags,
H02603,F0427,2024-LR,Beans,2024-06-10,4.3,Bags,
H02604,F0427,2024 short rains,Maize,21/03/2025,13.0,bags,
H02605,F0428,2020 Long Rains,Maize,18/07/2020,835.0,kg,
H02606,F0428,2020 Short Rains,Beans,2021-01-10,109.0,kg,
H02607,F0428,SR 2021,Sorghum,2022-03-01,188.0,kg,
H02608,F0428,2022 long rains,Beans,2022-07-21,70.0,kg,
H02609,F0428,2022 SR,Beans,2023-02-03,158.0,kg,
H02610,F0428,LR 2023,Beans,26/07/2023,69.0,kg,
H02611,F0428,SR 2023,Beans,2024-01-10,92.0,kg,
H02612,F0429,2019 long rains,Maize,21/07/2019,13.6,Bags,
H02613,F0429,2019 SR,Maize,2020-03-18,15.5,bags,
H02614,F0429,2021 Long Rains,Maize,2021-08-02,5.5,bags,
H02615,F0429,2022 Short Rains,Maize,2023-02-14,14.0,bags,
H02616,F0429,LR 2023,Maize,20/07/2023,15.0,Bags,
H02617,F0430,2019-LR,Beans,02-Jun-19,6.1,bags,
H02618,F0430,SR2019,Sorghum ,31-Mar-20,22.5,Bags,
H02619,F0430,2020 Long Rains,Sorgum,2020-07-28,11.2,bags,
H02620,F0430,LR2021,sorghum,19/07/2021,9.8,bags,
H02621,F0430,SR 2021,Maize ,2022-03-08,52.7,bags,
H02622,F0430,2022 long rains,Maize,2022-08-10,26.8,bag,
H02623,F0430,2022 Short Rains,Beans,08/01/2023,3.2,Bags,
H02624,F0430,2023 LR,Maize,"Sep 19, 2023",19.7,90kg bag,
H02625,F0430,2024-LR,MAIZE,2024-09-10,33.6,bags,
H02626,F0431,2019 LR,Corn,"Sep 02, 2019",9.1,Bags,
H02627,F0431,SR 2019,MAIZE,2020-02-02,4.8,bags,
H02628,F0431,2021 long rains,Beans,"Jun 21, 2021",0.8,bags,
H02629,F0431,2021 Short Rains,Maize,2022-03-03,12.4,bags,
H02630,F0431,SR 2022,Beans,31/01/2023,1.6,bag,
H02631,F0431,2023 LR,beans,2023-08-03,0.1,Bags,crop failure
H02632,F0431,2023 Short Rains,Beans,2024-02-08,2.5,bag,
H02633,F0431,2024 Short Rains,Beans,26/01/2025,1.3,Bags,
H02634,F0432,2020-SR,Maize,2021-03-12,41.0,bags,
H02635,F0432,2021 Long Rains,wheat,2021-07-31,49.4,bags,
H02636,f0432,2022 LR,Wheat,2022-09-02,30.2,Bags,
H02637,F0432,SR 2022,Wheat,20/02/2023,34.3,Bags,
H02638,F0432,SR 2023,MAIZE,2024-02-05,27.2,bags,
H02639,F0432,2024 Long Rains,Wheat,10/08/2024,34.6,bags,
H02640,F0432 ,2024 Short Rains,Corn,2025-03-13,2.1,bags,crop failure
H02641,F0433,2021-LR,Beans,27/07/2021,182.0,kg,
H02642,F0433,2021 SR,Maize,02-Feb-22,400.0,kg,
H02643,F0433,LR 2024,Maize,2024-08-15,764.0,kg,
H02644,F0433,SR 2024,Beans,2025-01-22,200.0,kg,
H02645,F0434,2019 Short Rains,maize,2020-04-08,1881.0,kgs,
H02646,F0434,2020 Long Rains,Maize,"Jul 27, 2020",3136.0,kg,
H02647,F0434,2020 Short Rains,Maize,2021-04-02,3062.0,kg,
H02648,F0434,2021 SR,Maize,19/03/2022,,kg,
H02649,F0434,LR2022,Maize,2022-08-31,2781.0,,
H02650,F0434,2022 Short Rains,Beans,2023-02-02,977.0,kg,
H02651,F0434,LR 2023,Beans,2023-07-03,1198.0,Kg,
H02652,F0434,2023 Short Rains,Beans,2024-01-17,1166.0,kg,
H02653,F0434,SR 2024,Corn,"Mar 16, 2025",3288.0,KG,
H02654,F0935,2019-LR,Beans,2019-06-16,510.0,kgs,
H02655,F0435,SR 2019,Wheat,2020-02-04,3944.0,kg,
H02656,F0435,2021 Long Rains,Maize,17/08/2021,1832.0,KG,
H02657,F0435,2022 Long Rains,Maize ,"Jul 08, 2022",979.0,kg,
H02658,F0435,2022 short rains,Wheat ,2023-03-27,3607.0,kg,
H02659,F0435,2023 Short Rains,Wheat,13-Feb-24,1857.0,Kg,
H02660,F0436,2019 long rains,Wheat,2019-08-25,12.76,t,
H02661,F0436,SR 2019,Wheat,2020-02-12,11.96,t,
H02662,F0436,SR2020,Maize,22-Feb-21,4.13,tonnes,drought
H02663,F0436,LR2021,Wheat,21/07/2021,14.14,,
H02664,F0436,2022 long rains,BEANS,2022-06-12,3.38,tonnes,
H02665,F0436,2022 Short Rains,Maize,22-Feb-23,16.14,MT,
H02666,F0436,2023 Long Rains,Maize,2023-07-24,11.52,tonnes,
H02667,F0436,2024 Short Rains,Wheat,2025-02-27,13.07,MT,
H02668,F0437,SR2020,Maize,08/03/2021,18.6,bag,
H02669,F0437,2022 Long Rains,Maize,2022-07-09,7.1,Bags,
H02670,f0437,LR 2023,Maize,2023-09-05,5.8,bag,
H02671,F0437,2024 SR,Maize,2025-03-14,7.8,90kg bag,
H02672,F0438,2020 Short Rains,Beans,14/02/2021,1.3,bags,
H02673,F0438,LR2021,Maize,2021-07-24,1.8,bags,
H02674,F0438,SR2021,maize,16-Mar-22,0.7,bag,crop failure
H02675,F0438,LR 2022,Maize,"Aug 12, 2022",2.7,Bags,
H02676,F0438,SR2022,Maize,2023-02-10,1.7,bags,
H02677,F0438,LR 2023,Sorghum,03/08/2023,1.9,bag,
H02678,F0438,2024 Long Rains,Maize,2024-08-11,4.6,bags,
H02679,F0438,2024-SR,Sorghum,2025-01-26,0.1,Bags,crop failure
H02680,F-0439,LR 2019,Maize,12/08/2019,5284.0,kg,
H02681,F0439,SR 2020,Maize,04-Apr-21,3483.0,kgs,
H02682,F0439,2022 Short Rains,maize,2023-03-24,4510.0,KG,
H02683,F0439,2023-SR,Maize ,18/03/2024,7755.0,kg,
H02684,F0439,SR 2024,Beans,01-Jan-25,3544.0,kg,
H02685,F0440,LR 2019,Maize,02-Sep-19,13.8,bags,
H02686,F0440,2019 Short Rains,Wheat,20-Feb-20,13.9,bags,
H02687,F0440,2021 SR,Corn,2022-03-05,8.3,,
H02688,F0440,2023 short rains,Wheat ,11-Mar-24,16.6,bags,
H02689,F0440,2024 Short Rains,Maize,2025-04-20,4.8,bags,
H02690,F0441,2019 SR,MAIZE,2020-03-19,459.0,kg,
H02691,F0441,2020 Long Rains,Beans,2020-06-18,237.0,Kg,
H02692,F0441,2021 long rains,Maize,2021-09-01,395.0,kg,drought
H02693,F0441,2021 Short Rains,Sorghum,04-Feb-22,425.0,kg,
H02694,F0441,LR2023,Maize,2023-07-15,726.0,Kg,
H02695,F0441,SR 2023,MAIZE,2024-04-15,275.0,kg,
H02696,F0441,2024 LR,Beans,2024-07-20,322.0,Kg,pest damage
H02697,F0442,2019-LR,Wheat,"Aug 21, 2019",4079.0,Kg,
H02698,F0442,2019 short rains,Maize,2020-02-06,1332.0,kg,
H02699,F0442,2020 long rains,Maize,29/07/2020,273.0,Kg,crop failure
H02700,F0442,SR 2020,MAIZE,2021-03-23,1885.0,Kg,
H02701,F0442,2022 LR,Wheat grain,02/08/2022,84.0,kg,crop failure
H02702,F0442,2022 Short Rains,Maize,2023-03-14,2038.0,kg,
H02703,F0443,2019 short rains,Sorghum,2020-02-01,15.8,bags,
H02704,F0443,2020-LR,Sorghum,23/07/2020,7.9,bags,drought
H02705,F-0443,2020 Short Rains,Sorghum,2021-02-28,0.1,90kg bag,crop failure
H02706,F0443,2021 Short Rains,SORGHUM,2022-03-27,13.0,90kg bag,
H02707,F0443,2023 Long Rains,BEANS,17/07/2023,13.4,bag,
H02708,F0443,LR2024,Beans,2024-07-02,7.8,bag,
H02709,F0444,2019-LR,Beans,2019-06-15,283.0,kg,
H02710,F0444,2020 SR,Sorghum,2021-03-02,209.0,kg,
H02711,F0444,2021 Long Rains,Maize,2021-07-23,337.0,kg,
H02712,F0444,2022 LR,maize,2022-07-18,306.0,Kg,
H02713,F0444,2022 Short Rains,Sorghum,2023-03-10,119.0,kg,
H02714,F0444,2024-LR,Corn,09-Aug-24,526.0,KG,
H02715,F0445,2020 Long Rains,Maize,12-Aug-20,2.22,tonnes,
H02716,F0445,2020 Short Rains,Wheat,11/03/2021,2.8,tonnes,
H02717,F0445 ,2021 Long Rains,Wheat,2021-07-31,3.69,tonnes,
H02718,F0445,SR2021,MAIZE,2022-04-01,2.26,tonnes,
H02719,F0445,2023 LR,Maize,2023-09-02,3.26,tonnes,drought
H02720,F0445,2023 Short Rains,Maize,25/02/2024,3.86,tonnes,drought
H02721,F0445,SR2024,Beans,13/02/2025,0.67,tonnes,
H02722,F0949,2019 LR,Maize,2019-09-07,14.0,bags,
H02723,F0446,2019 Short Rains,Beans,2020-01-12,8.3,Bags,
H02724,F0446,2020 Long Rains,Maize,08/08/2020,20.2,bag,
H02725,F0446,2020 Short Rains,Beans,08/01/2021,1.8,bag,
H02726,F0446,2021-LR,Maize,2021-08-11,16.6,Bags,
H02727,F0447,LR2019,Wheat,"Aug 24, 2019",-6.4,bag,drought
H02728,F0447,SR 2019,Wheat,29/03/2020,16.9,,
H02729,F0447,2020 Long Rains,Maize ,24-Aug-20,9.3,bags,
H02730,F0447,LR 2021,wheat,2021-08-02,10.0,bag,
H02731,F0447,SR 2022,Beans,2022-12-22,3.7,bags,
H02732,F0447,2023 LR,Maize,06/08/2023,16.6,bag,
H02733,F0447 ,2023 Short Rains,Maize,2024-03-07,16.6,Bags,drought
H02734,F0447,2024 Long Rains,Wheat ,04/08/2024,20.0,90kg bag,
H02735,F0448,2019 Long Rains,Sorghum,08/07/2019,212.0,Kg,
H02736,F0448,2019 Short Rains,Maize,2020-03-05,955.0,kg,
H02737,F0448,LR 2020,maize,2020-08-30,,kg,
H02738,F0448,2021 Short Rains,Maize,2022-02-03,809.0,Kg,
H02739,F0448,2023 SR,Maize,2024-02-08,470.0,KG,
H02740,F0448,2024 Short Rains,MAIZE,2025-04-09,277.0,kg,drought
H02741,F0449,2019-LR,Maize,2019-08-13,10.6,bags,
H02742,F0449,2019 Short Rains,Wheat,17/03/2020,17.0,bag,drought
H02743,F0449,2020-LR,Bean,2020-07-05,6.8,bags,
H02744,F0449,2020 Short Rains,Maize,2021-02-06,16.4,bags,
H02745,F0449,LR 2022,Maize,2022-08-24,29.0,bags,
H02746,F0449,2023 Long Rains,Wheat,2023-08-24,19.2,Bags,
H02747,F0449,2023 Short Rains,maize,2024-04-08,37.0,bags,drought
H02748,F0449,2024 short rains,maize,2025-03-28,29.9,90kg bag,
H02749,F0960,SR2019,Maize,2020-02-19,3015.0,kg,
H02750,F0450,2020 Long Rains,Beans ,"Jul 19, 2020",1570.0,kg,
H02751,F0988,2021 Long Rains,Beans,04-Jun-21,962.0,kg,
H02752,F0450,LR 2022,Maize,2022-09-17,8285.0,Kg,
H02753,f0450,SR2022,Beans,02/02/2023,1042.0,kg,
H02754,F0450,2024 short rains,BEANS,13/01/2025,1771.0,Kg,
H02755,F0451,2019 Long Rains,Maize,2019-08-02,851.0,kg,
H02756,F0451,2019 Short Rains,Sorghum,2020-03-19,279.0,kgs,
H02757,F0451,2020-LR,Beans,2020-06-04,169.0,kg,
H02758,F0451,2020 Short Rains,Sorgum,23/02/2021,222.0,kg,
H02759,F0451,LR 2023,Maize,2023-08-02,1341.0,,
H02760,F0452,2019 Long Rains,Maize,30/08/2019,6.6,90kg bag,pest damage
H02761,F0452,SR 2019,Corn,17/03/2020,14.4,bags,
H02762,F0452,2020 LR,Maize,2020-08-05,14.7,Bags,
H02763,F0452,SR 2020,Maize,01-Mar-21,9.5,bags,partial harvest
H02764,F0452,2021 Long Rains,Maize,"Aug 19, 2021",11.8,bag,
H02765,F0452,2022 LR,Maize,30/07/2022,-9.3,bags,
H02766,F0452,2023 Long Rains,MAIZE,2023-07-07,12.5,bags,
H02767,F0452,2024 Short Rains,Sorghum,23-Feb-25,3.8,bags,
H02768,f0453,2019 long rains,Beans,16/06/2019,6.6,Bags,
H02769,F0453,2019 Short Rains,Maize,25-Feb-20,6.5,bag,
H02770,F0453,2021 short rains,maize,2022-03-02,12.3,bags,
H02771,F0453,2022-LR,Maize,2022-08-23,6.8,90kg bag,
H02772,F0453,2022-SR,MAIZE,04/04/2023,13.2,90kg bag,
H02773,F0453,2023 LR,Beans,2023-07-24,4.2,bags,
H02774,F0453,2023 Short Rains,Beans,2023-12-24,,,
H02775,F0454,2019 Long Rains,Wheat grain,30/07/2019,40.7,bags,
H02776,F0454,SR 2019,Maize,"Mar 25, 2020",10.6,bags,
H02777,F0454,LR 2020,Wheat,2020-08-28,9.5,bags,drought
H02778,F0454,2021 SR,Maize,2022-03-21,27.2,Bags,
H02779,F0454,2022 long rains,wheat,2022-07-11,10.8,,
H02780,F0454,2023 Long Rains,Maize,2023-07-27,118.0,bags,
H02781,F0455,2019 long rains,MAIZE,06/08/2019,19.8,Bags,
H02782,F0455,SR 2019,Maize,2020-03-14,7.7,bags,
H02783,F0455,2020 Long Rains,Beans,2020-06-04,4.1,bags,
H02784,F0455,SR2020,maize,2021-02-23,25.0,bag,
H02785,F0455,LR 2021,Beans,13-Jul-21,1.8,bags,
H02786,F0455,2022 long rains,Beans,2022-07-13,1.4,bag,
H02787,F0456,2020-SR,Maize,01/03/2021,2.16,MT,
H02788,F0456,LR 2021,Wheat,21/07/2021,7.26,tonnes,
H02789,F0456,SR 2021,Beans,2022-02-03,3.45,tonnes,armyworm
H02790,F0456,SR2024,Beans,2025-01-03,2.87,tonnes,
H02791,F0457,LR2019,Maize,"Aug 29, 2019",38.3,Bags,
H02792,F0457,2021 Long Rains,Maize,2021-08-26,37.2,Bags,drought
H02793,F0457,SR2021,Maize,"Mar 30, 2022",41.4,bags,
H02794,F0457,2022 Long Rains,Maize,2022-08-12,25.3,bags,
H02795,F0457,LR2023,Maize ,16-Aug-23,32.3,bags,
H02796,F0457,2023 Short Rains,Maize,21/02/2024,46.3,90kg bag,
H02797,F0458,2019 Long Rains,Wheat,07/08/2019,383.0,kg,
H02798,F0458,2020 Short Rains,Maize,2021-03-26,284.0,kg,drought
H02799,F0458,LR2021,Corn,25/07/2021,465.0,kg,
H02800,F0458,SR2021,Wheat,2022-03-04,740.0,kg,
H02801,F0459,2019 Long Rains,Maize ,2019-08-23,4418.0,kg,
H02802,F0459,LR 2020,wheat,2020-09-06,2976.0,Kg,drought
H02803,F0459,2021 Long Rains,Maize,2021-07-05,2095.0,kg,
H02804,F0459,2021-SR,Maize,2022-02-01,2538.0,kg,
H02805,F0459,2023 SR,MAIZE,18/02/2024,2524.0,kg,
H02806,F0977,LR2019,Maize,27-Aug-19,34.0,bags,
H02807,F0460,2019 Short Rains,Sorghum,12/02/2020,27.1,bags,
H02808,F0460,2021 Long Rains,Sorghum,2021-08-16,9.8,Bags,
H02809,F0460,2022-SR,Maize,2023-03-28,45.9,Bags,
H02810,F0460,2024 Long Rains,Beans,23-Jun-24,10.2,bags,
H02811,F0461,2020-LR,Beans,2020-07-30,285.0,KG,drought
H02812,f0461,2020-SR,maize,2021-03-25,1082.0,kg,drought
H02813,F0461,LR 2022,Maize,18/08/2022,618.0,kg,
H02814,F0461,2024 Short Rains,beans,2025-01-27,299.0,kg,
H02815,F0462,2019 long rains,Sorghum,2019-07-15,28.0,,
H02816,F0462,2020 Long Rains,Sorghum,2020-07-12,15.3,bags,
H02817,F0462,2021 Long Rains,Bean,01-Jul-21,5.7,bag,
H02818,F0462,2022 Short Rains,Sorghum,25/01/2023,17.4,Bags,
H02819,F0462,2023 Long Rains,maize,2023-08-03,47.2,bags,
H02820,F0462,LR2024,Beans,2024-07-22,41.1,bag,
H02821,F0463,2019 Short Rains,Maize,2020-02-15,3.8,90kg bag,
H02822,F0463,2020 Short Rains,Beans,23/01/2021,1.3,bags,
H02823,F0463,2022 Long Rains,Sorghum,2022-08-03,2.7,bags,
H02824,F0463,2022 short rains,Maize,17/02/2023,5.3,bags,
H02825,F0463,2023 Short Rains,Bean,2024-02-07,1.1,bags,
H02826,F0463,2024 Long Rains,Beans,2024-05-27,3.5,bag,
H02827,F0463,SR 2024,Maize,2025-03-16,5.8,bags,
H02828,F0464,2019 Long Rains,beans,22-Jul-19,503.0,kgs,
H02829,F0464,2019 Short Rains,Maize,23/02/2020,2587.0,Kg,
H02830,F0464,2021 Long Rains,Beans,2021-06-19,1223.0,kg,
H02831,F0464,SR 2021,Maize,2022-04-02,1613.0,kg,
H02832,F0464,2022 Long Rains,Maize,30/07/2022,1494.0,kg,
H02833,F0464,2022 Short Rains,maize,2023-03-17,2768.0,kgs,
H02834,F0464,2023 LR,maize,27/08/2023,7.0,kg,crop failure
H02835,F0464,SR 2023,Beans,2023-12-31,667.0,kg,
H02836,F0464,2024 LR,Maize,2024-09-07,1829.0,Kg,
H02837,F0464,2024 short rains,Bean,2025-01-15,,Kg,
H02838,F0465,LR2019,Maize,2019-09-10,20.87,t,
H02839,F0465,2020 Short Rains,Wheat,2021-02-10,31.27,t,armyworm
H02840,F0465,2021 Short Rains,Wheat,2022-04-25,22.09,t,
H02841,F0465,2022 SR,Maize,2023-03-29,31.84,tonnes,
H02842,F-0465,2023-LR,Maize,2023-08-05,8.95,tonnes,
H02843,F0465,2023 Short Rains,Maize,19/03/2024,32.07,tonnes,drought
H02844,F0465,2024 Long Rains,Maize,2024-08-11,16.51,MT,
H02845,F0465,SR 2024,Maize,17/03/2025,14.56,tonnes,
H02846,F0466,2019-LR,Maize,2019-07-20,8.8,Bags,
H02847,F0466,2020 Long Rains,Maize,2020-08-25,14.8,90kg bag,
H02848,F0466,2022 Long Rains,Maize,11/08/2022,10.1,bags,
H02849,F0466,2023 Long Rains,MAIZE,2023-07-08,8.7,Bags,
H02850,F0466,2024 SR,Beans,2025-02-10,4.2,90kg bag,
H02851,F0467,2020 Long Rains,Sorghum,2020-07-15,5.2,bags,
H02852,F0467,2021-LR,Maize,2021-08-10,8.4,bags,
H02853,F0467,LR2022,Maize,24/08/2022,3.7,bags,
H02854,F0467,LR 2023,Sorghum,2023-07-22,1.0,bags,
H02855,F0467,2024 Long Rains,beans,2024-07-09,1.5,bags,
H02856,F0468,2019 short rains,Beans,05/01/2020,4.8,bags,
H02857,F0468,2022 long rains,Sorghum,2022-08-03,3.8,bags,
H02858,F0468,2022 SR,Maize,04/03/2023,14.5,Bags,
H02859,F0468,2024 Long Rains,beans,2024-07-10,2.8,bags,
H02860,F0469,2019-LR,maize,2019-08-16,4.09,tonnes,
H02861,F0469,SR 2022,Maize,2023-03-14,3.16,tonnes,
H02862,F0469,2023 Short Rains,Maize,02/03/2024,1.5,t,
H02863,F0469,2024 Long Rains,wheat,2024-08-21,4.69,tonnes,
H02864,F0469,SR 2024,Maize,19-Mar-25,2.73,tonnes,
H02865,F0470,2019 short rains,Beans,"Jan 29, 2020",652.0,kg,
H02866,F0470,LR 2020,Sorghum,06-Aug-20,1162.0,Kg,
H02867,F0470,2020 Short Rains,Beans,2021-02-22,,kg,
H02868,F0470,2021 LR,Sorghum,11/07/2021,1724.0,kgs,
H02869,F0470,SR2021,Sorghum ,2022-02-10,986.0,kg,
H02870,F0470,2022 Long Rains,Maize,2022-07-26,1152.0,kg,
H02871,F0471,LR 2019,Beans,2019-07-18,322.0,kg,
H02872,F0471,2020 short rains,Maize,13/03/2021,392.0,kg,
H02873,F0471,2022 SR,Beans,14/01/2023,217.0,KG,
H02874,F0471,2023 long rains,maize,06-Aug-23,526.0,kg,
H02875,F0472,SR2019,Maize ,2020-02-29,1315.0,kg,
H02876,F0472,2020 Long Rains,Beans,2020-06-09,350.0,Kg,
H02877,F0472,2022 Long Rains,maize,08/09/2022,1015.0,kg,
H02878,F0472,2024-SR,Maize,2025-02-21,1880.0,KG,
H02879,F0473,2019 Long Rains,Maize,08/08/2019,8.0,90kg bag,
H02880,F0473,2019 Short Rains,Maize,2020-02-23,15.3,90kg bag,
H02881,F0473,2020 SR,Sorghum ,28-Jan-21,7.5,bags,
H02882,F0473,2021 LR,Beans,"Jul 05, 2021",5.7,bag,
H02883,F0473,2022 Long Rains,Maize,2022-08-17,,bags,
H02884,F0473,2023-SR,beans,2024-01-05,2.9,Bags,
H02885,F0473,2024 Short Rains,Beans,2025-01-16,3.8,bags,
H02886,F0474,2019-SR,Beans,2020-01-09,1500.0,KG,
H02887,F0474,LR 2020,Wheat,2020-08-18,7551.0,kg,
H02888,F0474,SR 2020,Beans,2021-01-04,349.0,kg,drought
H02889,F0474,2022 LR,Maize,13/08/2022,3692.0,kgs,
H02890,F0474,2023 Long Rains,Wheat,03/09/2023,2208.0,kg,
H02891,F0475,2020 Long Rains,Sorghum,11/08/2020,1.18,MT,
H02892,F0475,2020 short rains,Sorghum,2021-02-06,1.1,tonnes,drought
H02893,F0475,2021 Long Rains,Maize,2021-09-02,1.97,tonnes,
H02894,F0475,2021 Short Rains,Maize ,2022-03-27,2.06,tonnes,
H02895,F0475,SR2022,Maize,"Feb 15, 2023",1.66,tonnes,
H02896,F0475,LR2024,Beans,2024-05-20,0.96,tonnes,
H02897,F0475,2024 SR,Maize,2025-03-06,2.31,t,
H02898,F0476,2019 Short Rains,Beans,07/02/2020,341.0,KG,
H02899,F0476,SR2020,maize,"Mar 26, 2021",1292.0,kg,
H02900,F0476,LR 2021,Beans ,2021-06-16,242.0,Kg,
H02901,F0476,2021 Short Rains,Maize,03/03/2022,1514.0,KG,
H02902,F0476,2022 Long Rains,beans,16/06/2022,144.0,KG,
H02903,F0476,SR 2022,Sorghum,19-Feb-23,342.0,kg,
H02904,F0476,2024 SR,maize,27/02/2025,1923.0,Kg,
H02905,F0477,2021-LR,Beans,29/06/2021,,bags,
H02906,F0477,2021-SR,Maize,2022-03-10,30.0,bags,
H02907,F0477,2022 Long Rains,MAIZE,08-Aug-22,39.9,bags,
H02908,F0477,2023 Long Rains,Sorghum,2023-06-18,5.8,bags,
H02909,F0477,2023 Short Rains,Sorghum,31/01/2024,21.7,bags,
H02910,F0477,2024 long rains,Sorghum,2024-07-29,13.7,bags,drought
H02911,F0477,2024 Short Rains,sorghum,24/01/2025,7.6,bags,
H02912,F0478,2019-LR,beans,2019-07-06,,bag,
H02913,F0478,2021 Long Rains,Maize,2021-09-01,11.3,bags,
H02914,F0478,2023 Long Rains,Beans,20/07/2023,3.2,bags,
H02915,F0478,2024 Short Rains,Maize,2025-02-18,10.6,bags,
H02916,F0479,2019 LR,Maize,2019-08-22,311.0,Kg,
H02917,F0479,2019-SR,Sorghum,04/02/2020,194.0,Kg,
H02918,F0479,2022 long rains,maize,2022-08-05,184.0,kg,
H02919,F0479,2023 long rains,Maize,2023-08-11,126.0,Kg,
H02920,f0479,2024 Short Rains,Maize,2025-03-22,225.0,kg,drought
H02921,F0480,2019 long rains,Maize,2019-08-17,,Bags,
H02922,F-0480,SR2019,Maize,31/03/2020,0.0,bag,crop failure
H02923,F0480,2020-SR,Maize,"Feb 17, 2021",4.2,bags,
H02924,F0480,SR 2021,Maize,22-Feb-22,3.8,bags,
H02925,F0480,2022-LR,Maize,2022-07-25,3.4,bags,
H02926,F0480,2022-SR,Maize,2023-03-04,8.2,bags,
H02927,F0480,2023 Long Rains,Beans,2023-06-11,1.6,Bags,
H02928,F0480,2024 long rains,Beans,22/06/2024,0.0,bags,crop failure
H02929,F0480,2024 Short Rains,Corn,20-Mar-25,4.0,bags,
H02930,F0481,2020-LR,Corn,22/08/2020,1531.0,kg,drought
H02931,F0481,2020 Short Rains,wheat,2021-04-04,6360.0,kg,
H02932,F0481,LR 2021,Maize,2021-07-26,3966.0,kg,
H02933,F0481,2021-SR,Wheat,"Mar 20, 2022",4683.0,KG,
H02934,F0481,2022 Long Rains,Wheat,2022-08-08,4109.0,kg,
H02935,F0481,2022-SR,Wheat,02-Mar-23,7088.0,Kg,
H02936,F0481,LR 2023,Maize,2023-07-27,3884.0,kg,
H02937,F0482,2019 Long Rains,Maize,15/07/2019,,bags,
H02938,F0482,SR 2019,Maize,2020-02-24,12.3,bags,
H02939,F0482,2021 Short Rains,Maize,2022-02-21,11.8,bag,
H02940,F0482,LR 2022,Maize,2022-08-20,16.4,Bags,
H02941,F0482,2022 Short Rains,Maize,09/04/2023,24.2,bags,
H02942,F0482,2023 Long Rains,Maize,2023-09-10,18.0,Bags,
H02943,F0482,LR 2024,Beans,"Jul 19, 2024",6.0,Bags,
H02944,F0483,2019 Long Rains,Beans,2019-06-21,15.0,bags,
H02945,F0483,SR 2019,maize,31/03/2020,41.6,bags,drought
H02946,F0483,2020 Long Rains,Maize,2020-08-07,51.2,bags,
H02947,F0483,2020 short rains,Beans,2021-01-11,4.5,bags,drought
H02948,F0483,LR 2021,Wheat,09-Jul-21,46.0,bags,
H02949,F0483,2022 Long Rains,Wheat,2022-07-31,54.1,Bags,
H02950,F0483,2023-LR,WHEAT,2023-07-06,35.0,bags,
H02951,F0483,2023 Short Rains,Beans,14/01/2024,18.5,bags,
H02952,F0483,LR 2024,Wheat,29/07/2024,-59.7,Bags,
H02953,F0484,2019-SR,Maize,2020-02-08,16.6,Bags,
H02954,F0484,2020 Long Rains,Beans,19/06/2020,5.9,bags,
H02955,F0484,2020 Short Rains,Maize,2021-02-08,21.5,bag,
H02956,F0484,LR 2023,MAIZE,2023-08-15,14.6,90kg bag,
H02957,F0484,2024 SR,Beans,17/02/2025,3.3,bags,
H02958,F0485,2020 Long Rains,Beans,2020-07-26,492.0,kg,
H02959,F0485,2022 Short Rains,Beans,2023-02-12,136.0,kg,
H02960,F0485,2023 Long Rains,MAIZE,2023-08-31,1539.0,kg,
H02961,F0485,2023 Short Rains,Maize,09/03/2024,1221.0,KG,
H02962,F0485,LR2024,Sorghum,25-Jul-24,515.0,Kg,
H02963,F0485,2024 Short Rains,maize,2025-02-16,1231.0,KG,
H02964,F0486,2019 Long Rains,Maize,2019-07-23,1018.0,kg,
H02965,F0486,2019 Short Rains,Wheat,2020-03-09,993.0,kgs,
H02966,F0486,2021 Short Rains,Beans,2022-01-19,170.0,Kg,
H02967,F0486,2022 long rains,Beans,2022-06-25,193.0,kg,
H02968,F0486,2024 Long Rains,Beans,22/07/2024,179.0,KG,
H02969,F0487,2020 LR,Maize,2020-06-26,94.4,bags,
H02970,F0487,2020 Short Rains,MAIZE,24/02/2021,52.4,90kg bag,
H02971,F0487,LR 2021,Beans,2021-06-03,12.7,bags,armyworm
H02972,F0487,2022-SR,Maize,2023-02-23,90.0,bags,
H02973,F0487,LR 2023,WHEAT,2023-08-02,48.4,Bags,
H02974,F0487,2023 Short Rains,Wheat,2024-03-17,90.3,,drought
H02975,F0488,LR 2020,Maize,24/08/2020,36.3,bags,
H02976,F0488,2020 Short Rains,Maize,2021-03-21,8.0,Bags,drought
H02977,F0488,2022-SR,Maize,2023-03-24,73.2,Bags,
H02978,F0488,2023 Short Rains,wheat,2024-04-10,41.5,bags,
H02979,F0489,2019 Short Rains,Beans ,2020-02-26,1.1,bags,
H02980,F0489,LR2020,Corn,2020-08-02,3.9,bags,
H02981,F0489,LR 2021,Maize,2021-08-17,53.0,bags,
H02982,F0489,2022-LR,Maize,2022-07-22,4.8,bag,
H02983,F0489,2023 Short Rains,Maize,"Apr 01, 2024",4.6,bags,
H02984,F0489,LR2024,Maize ,2024-08-13,10.2,bags,
H02985,F0490,LR 2019,Beans,2019-07-26,867.0,kg,
H02986,F0490,SR2019,Maize,31/03/2020,2184.0,KG,
H02987,F0490,LR2020,Maize,2020-08-21,3091.0,kgs,
H02988,F0490,SR 2020,Maize,2021-02-19,2853.0,kg,
H02989,F0490,2021 Short Rains,Maize,05/04/2022,1307.0,kg,
H02990,F0490,2022 LR,Maize ,2022-08-06,1465.0,kg,
H02991,F0490,2023 Long Rains,Maize,15/08/2023,2060.0,KG,
H02992,F0490,SR 2024,maize,01/02/2025,2527.0,kg,
H02993,F0491,2019 SR,Maize,07/03/2020,2.8,bags,
H02994,F0491,2020 Long Rains,Maize,04-Aug-20,4.3,bags,
H02995,F0491,2020 SR,Sorghum,11/03/2021,1.8,bag,
H02996,F0987,2022 Short Rains,maize,2023-03-16,2.8,Bags,
H02997,F0491,LR 2023,Maize,2023-07-20,0.2,bags,crop failure
H02998,F0491,2024 Long Rains,Beans,2024-06-11,1.5,bags,
H02999,F0491,2024 SR,Maize,2025-03-27,4.5,bags,drought
H03000,F0492,2019 Long Rains,Beans,2019-06-24,2.5,bags,
H03001,F0492,SR 2019,Maize,2020-03-21,6.3,90kg bag,
H03002,F0492,2020 Long Rains,Maize ,2020-08-07,3.3,bags,
H03003,F0492,2021 Short Rains,Beans,2022-01-11,5.1,bags,
H03004,F0492,LR 2022,Beans,24/06/2022,1.6,90kg bag,
H03005,F0492,2022 Short Rains,sorghum,05/02/2023,3.2,bags,drought
H03006,F0492,2023 Long Rains,Sorghum ,2023-08-01,3.1,bags,
H03007,F0492,2024 Long Rains,Corn,2024-07-30,-6.7,Bags,
H03008,F0493,SR2019,sorghum,2020-03-24,0.6,bags,crop failure
H03009,F0493,2020 Long Rains,Maize,2020-07-11,12.3,90kg bag,
H03010,F0493,2021-SR,sorghum,28-Jan-22,6.5,bags,
H03011,F0493,2022 long rains,Sorghum,2022-08-03,2.5,Bags,
H03012,F0493,SR 2023,Beans,07/02/2024,4.1,90kg bag,
H03013,F0494,2022 Long Rains,Maize,2022-09-06,311.0,kg,drought
H03014,F0494,SR 2022,Maize,2023-02-19,504.0,kg,
H03015,F0494,2023 Long Rains,Maize,2023-07-18,263.0,kg,
H03016,F0494,SR 2023,Beans,06/01/2024,162.0,kg,
H03017,F0494,2024 LR,Sorghum,13/07/2024,170.0,kg,
H03018,F0495,2019-LR,BEANS,2019-06-21,1.0,90kg bag,
H03019,F0495,2019 SR,Maize,01-Mar-20,3.4,bags,
H03020,F0495,LR2020,Maize,2020-07-17,10.1,bags,
H03021,F0495,2020 short rains,Maize,2021-03-23,4.0,bags,late planting
H03022,F0495,2021-LR,Bean,2021-06-04,1.2,bags,
H03023,F0495,2022 short rains,Beans,10-Feb-23,0.9,bags,
H03024,f0495,2023 Short Rains,SORGHUM,2024-03-21,1.6,bag,
H03025,F0495,2024 Short Rains,Beans,11/02/2025,1.2,bag,
H03026,F0496,2020 Short Rains,Beans,2021-02-11,5.7,bags,drought
H03027,F0496,2021-LR,Maize,"Aug 23, 2021",14.7,bag,
H03028,F0496,2022 long rains,Sorghum,24/08/2022,9.0,bag,
H03029,F0496,2023-LR,Sorghum,2023-07-12,17.0,bags,
H03030,F0497,2019 Long Rains,Bean,2019-07-08,187.0,Kg,
H03031,F0497,2020 SR,Maize,16/03/2021,997.0,Kg,
H03032,F0497,2021 Long Rains,MAIZE,"Jul 22, 2021",141.0,kg,
H03033,F0497,2021 Short Rains,maize,27/02/2022,330.0,KG,
H03034,F0497,2022 Short Rains,Beans ,2023-02-03,66.0,KG,
H03035,F0497,2023 Long Rains,Sorghum,2023-08-16,150.0,KG,
H03036,F0497,2023 short rains,Beans,06-Feb-24,250.0,Kg,
H03037,F0497,SR2024,Sorghum,2025-03-13,167.0,kg,
H03038,F0498,2019-LR,BEANS,2019-07-16,-1481.0,Kg,
H03039,F0498,LR2021,Bean,2021-06-30,982.0,kg,
H03040,F0498,SR2021,Beans,2022-03-02,727.0,kg,
H03041,F0498,2023 Long Rains,Maize,14/08/2023,6174.0,KG,
H03042,F0498,2023-SR,Wheat,2024-03-22,3857.0,kgs,
H03043,F0499,2019-LR,Sorghum,2019-07-03,6.8,bags,
H03044,F0499,2022-SR,Maize,17-Mar-23,8.3,bags,
H03045,F0500,2020 short rains,Maize,2021-02-26,14.7,bag,
H03046,F0993,2021-LR,Maize,25/08/2021,23.5,bags,
H03047,F0500,SR 2023,Maize,2024-03-05,16.6,90kg bag,
H03048,F0500,LR 2024,maize,2024-08-31,26.2,Bags,
H03049,F0500,SR2024,Wheat,2025-04-06,30.2,bags,
H03050,F0501,2021 Long Rains,Beans ,2021-07-18,7.6,Bags,
H03051,F0501,2021 Short Rains,Beans,16/01/2022,18.2,90kg bag,
H03052,F0501,2022-LR,Sorghum,2022-07-12,6.9,bag,
H03053,F0501,2022 short rains,BEANS,2023-02-18,3.6,bags,drought
H03054,F0501,2024 Long Rains,Sorghum,25/07/2024,14.6,Bags,
H03055,F0502,2019 long rains,MAIZE,09-Aug-19,20.3,bags,
H03056,F0502,LR 2021,Maize,"Sep 13, 2021",13.5,90kg bag,drought
H03057,F0502,SR2021,Maize,2022-03-17,12.3,Bags,
H03058,F0502,LR2023,SORGHUM,2023-07-19,8.2,bag,
H03059,F0502,2023 Short Rains,Maize,23/03/2024,14.5,bag,
H03060,F0502,2024 Short Rains,Bean,2024-12-31,8.0,bags,
H03061,F0503,2019 long rains,Wheat,2019-08-07,46.0,bags,
H03062,F0503,2022 Short Rains,Maize,2023-02-22,35.0,bags,
H03063,F0503,2024 LR,Wheat,2024-08-23,74.9,bags,
H03064,F0504,2019 short rains,Maize,2020-03-17,3.4,bags,
H03065,F0504,2020-SR,Maize,05/04/2021,4.3,bags,
H03066,F0504,LR 2021,Maize,18/09/2021,1.8,Bags,
H03067,F0504,LR 2022,beans,14-Jun-22,0.7,bag,
H03068,F0504,2022 Short Rains,Beans,2023-02-18,2.1,bags,
H03069,F0504,2024-LR,Maize,21-Jul-24,4.6,Bags,
H03070,F0505,2020 Long Rains,Maize,2020-07-28,10.5,bags,
H03071,F0505,2020 SR,Beans,"Jan 11, 2021",2.5,bags,
H03072,F0505,2021 LR,Maize,2021-09-02,10.4,bag,
H03073,F0505,SR 2022,Maize,2023-02-17,15.4,bags,
H03074,F0505,2023 Short Rains,Maize,2024-03-09,6.0,bag,drought
H03075,F0505,2024 long rains,Maize,2024-08-09,6.0,bags,
H03076,F0506,2019 long rains,Beans,2019-06-26,17.7,bag,
H03077,F0506,2019-SR,sorghum,2020-03-25,10.0,bags,
H03078,F0506,2021 Long Rains,Maize,2021-07-25,37.2,bags,
H03079,F0506,2021 short rains,SORGHUM,27/02/2022,16.3,bags,
H03080,F0506,2022 SR,Maize,2023-02-20,17.7,bags,
H03081,F0506,2023 Long Rains,Beans,14-Jul-23,4.9,,
H03082,F0506,2023 short rains,BEANS,22/01/2024,5.2,Bags,
H03083,F0507,LR 2019,wheat,2019-08-17,55.0,kg,crop failure
H03084,F0507,2020-LR,Wheat ,2020-08-23,1128.0,kgs,
H03085,F0507,SR 2020,Maize,2021-02-11,,kg,
H03086,F0507,2021 Long Rains,MAIZE,14-Jul-21,388.0,KG,
H03087,F0507,2023 Short Rains,Bean,2024-01-29,323.0,kg,
H03088,F0507,SR2024,Wheat,2025-03-21,1587.0,Kg,drought
H03089,F0508,2019 Long Rains,maize,07/09/2019,1807.0,KG,
H03090,F0508,2019 Short Rains,Wheat,22/02/2020,1798.0,kg,
H03091,F0508,2021 long rains,Corn,2021-07-23,954.0,kgs,
H03092,F0508,LR2022,Maize,2022-08-11,2064.0,Kg,
H03093,F0508,2022 Short Rains,Maize,2023-03-31,2099.0,kgs,
H03094,F0508,2023 LR,Maize,09/07/2023,1012.0,Kg,
H03095,F0508 ,SR2023,Maize,03/03/2024,910.0,kg,
H03096,F0508,2024-LR,Wheat,05/08/2024,2459.0,kg,
H03097,F0978,2019 LR,Beans,2019-07-21,5.7,bags,
H03098,F-0509,SR2019,maize,2020-02-19,16.6,90kg bag,
H03099,F0509,2020 long rains,BEANS,2020-06-13,9.3,bags,
H03100,F0509,2020 Short Rains,Beans,2021-01-18,9.6,bag,
H03101,F0509,2023 long rains,Beans,17-Jun-23,7.3,Bags,
H03102,F0509,SR 2023,Maize,2024-02-18,26.3,Bags,
H03103,F0509,2024 Long Rains,Corn,2024-09-04,13.0,bags,drought
H03104,F0509,2024-SR,Sorghum,2025-03-01,5.0,bags,
H03105,F0510,2021 long rains,Maize,2021-07-19,477.0,Kg,
H03106,F0510,LR 2022,Maize,2022-08-23,999.0,kg,
H03107,F0510,2023 Long Rains,maize,11-Aug-23,513.0,kg,
H03108,F0510,SR2023,Beans,2024-01-27,300.0,kg,
H03109,F0510,LR 2024,Sorghum,2024-07-04,566.0,kg,
H03110,F0511,2020 Long Rains,Beans,2020-05-26,144.0,kg,
H03111,F0511,2020 SR,Beans,12/01/2021,209.0,kg,
H03112,F0511,2021 Long Rains,Bean,2021-07-10,152.0,Kg,
H03113,F0511,2023 Long Rains,Maize,2023-07-14,480.0,kg,
H03114,F0511,LR 2024,Beans,2024-07-14,21.0,kg,crop failure
H03115,F0512,2019 Short Rains,Maize,25/03/2020,2.0,bags,crop failure
H03116,F-0512,LR 2020,MAIZE,12-Jul-20,68.1,bags,
H03117,F0512,2021-SR,Maize,29/03/2022,84.2,bags,
H03118,F0512 ,2023 LR,Wheat,24/07/2023,81.5,Bags,
H03119,F0512,2023 Short Rains,Wheat,2024-03-02,89.0,Bags,
H03120,F0512,2024 LR,Maize,27-Jul-24,140.2,bags,
H03121,F0512,2024-SR,Wheat,2025-03-05,176.5,bag,
H03122,F0513,2019 SR,maize,2020-02-10,,,
H03123,F0513,2020-SR,Beans,2021-02-20,2.0,90kg bag,
H03124,F0513,2021 short rains,Beans,09/01/2022,8.0,bags,
H03125,F0513,LR 2024,Beans,13-Jun-24,5.1,bags,
H03126,F0514,2019 LR,Corn,"Aug 24, 2019",32.4,Bags,
H03127,F0514,2019 Short Rains,wheat,2020-02-27,17.0,bags,
H03128,F0514,2022 long rains,Maize,21-Jul-22,18.4,,
H03129,F0514,2023-LR,Maize,2023-08-13,24.8,bag,
H03130,F0514,2024 long rains,Maize,07/08/2024,22.2,bags,
H03131,F0515,2020 Long Rains,Beans,2020-07-24,8.6,Bags,
H03132,F0515,SR 2020,Wheat,06/04/2021,14.7,bags,
H03133,F0515,SR 2021,Maize,07/03/2022,58.9,bags,
H03134,F0515,2022 Long Rains,Maize,23/08/2022,20.6,bags,
H03135,F0515,2022 Short Rains,MAIZE,2023-03-23,25.5,bags,
H03136,F0515,SR2023,Wheat,21/03/2024,45.5,bags,drought
H03137,F0515,2024 SR,Maize,21-Feb-25,40.0,bag,
H03138,F0516,2019-SR,Maize,2020-02-29,583.0,kg,
H03139,F0516 ,2020 short rains,Beans,2020-12-21,150.0,Kg,
H03140,F0516,2021 Long Rains,maize,17/07/2021,499.0,,
H03141,F0516,2021 short rains,Maize,2022-02-09,740.0,kg,pest damage
H03142,F0516,SR 2022,Beans,2023-02-19,203.0,kg,
H03143,f0516,SR2024,Beans,"Mar 03, 2025",227.0,kg,
H03144,F0517,LR2019,Maize,2019-09-05,6559.0,kg,
H03145,F0517,2020 long rains,Wheat grain,01-Sep-20,3534.0,kg,
H03146,F0517,2020 short rains,Corn,2021-02-25,5093.0,kg,
H03147,F0517,2021 long rains,Wheat grain,2021-08-11,8660.0,kg,
H03148,F0517 ,2022 Long Rains,Wheat,2022-09-07,6695.0,Kg,
H03149,F0517,SR 2023,Maize,04/04/2024,,kg,drought
H03150,F0517,2024 SR,Maize,2025-03-03,8119.0,kg,
H03151,F0518,2019-LR,BEANS,2019-07-11,1.2,bag,
H03152,F0518,2020-LR,MAIZE,2020-08-18,3.2,Bags,
H03153,F0518,SR 2020,Beans,2021-02-02,0.0,bag,crop failure
H03154,F0518,2021 LR,Beans,2021-05-30,0.5,90kg bag,
H03155,F0518,2021-SR,Beans,2022-01-04,0.6,Bags,
H03156,F0518,2022 Long Rains,Maize,2022-07-31,1.7,bags,
H03157,F0518,2022 Short Rains,Maize,2023-02-09,5.3,90kg bag,
H03158,F0518,LR 2023,Maize,2023-07-29,2.1,Bags,
H03159,F0518,2023 short rains,Maize,18/03/2024,2.0,bags,
H03160,F0518,SR 2024,Corn,2025-03-05,1.5,bag,
H03161,F0519,SR2019,Maize,2020-03-09,20.7,bags,
H03162,F0519,LR 2020,WHEAT,2020-08-24,11.0,bags,drought
H03163,F0519,2021 LR,Maize,2021-08-11,13.3,bag,
H03164,F-0519,2022-SR,beans,2022-12-31,8.0,bags,
H03165,F0519,LR 2023,Wheat,04-Sep-23,10.6,bags,
H03166,F0519,2024 LR,Wheat,2024-07-24,49.5,Bags,
H03167,F0519,2024 Short Rains,Maize,2025-01-30,0.6,bags,crop failure
H03168,F0520,2020 Long Rains,Beans,01/07/2020,1.6,bags,
H03169,F0520,2021 Short Rains,Beans,10-Feb-22,4.2,bags,drought
H03170,F0520,2022 Short Rains,Maize,14/03/2023,11.5,bag,
H03171,F0520,2023 Short Rains,Beans,2024-01-13,3.4,bags,
H03172,F0521,2019 short rains,Corn,2020-03-05,591.0,Kg,armyworm
H03173,F0521,2020 Long Rains,Maize,2020-07-25,429.0,kg,
H03174,F0521,2020-SR,Beans,20/01/2021,121.0,kg,
H03175,F0521,2021 Long Rains,Maize,2021-08-19,268.0,Kg,
H03176,F0521,2021 short rains,Beans,2022-02-15,7.0,kg,crop failure
H03177,F0521,2022 short rains,Beans,21/02/2023,182.0,kg,
H03178,F0521,SR 2023,Maize,2024-03-23,571.0,Kg,
H03179,F0522,2019 LR,Beans,28/06/2019,0.3,bags,crop failure
H03180,F0522,SR 2019,Beans,04-Feb-20,2.5,bags,
H03181,F-0522,2020 Long Rains,Maize,2020-08-10,13.2,bags,
H03182,F0522,SR 2021,BEANS,2022-01-31,2.2,bag,
H03183,F0522,SR 2023,Maize ,2024-02-26,7.6,90kg bag,
H03184,F0522,2024-LR,MAIZE,2024-08-23,13.3,Bags,
H03185,F0523 ,LR2020,Maize,2020-08-16,3.5,bags,
H03186,F0523,SR2021,Beans,2022-01-01,0.7,Bags,
H03187,F0523,2022 Short Rains,Maize,18/03/2023,5.5,bags,
H03188,F0523,SR 2023,Maize,2024-03-17,1.7,bag,
H03189,F0523,2024 Long Rains,Beans,2024-07-16,1.3,bags,partial harvest
H03190,F0524,2020 Short Rains,Corn,2021-03-25,3.2,bags,
H03191,F0524,2021 Long Rains,Maize,29/07/2021,8.7,bags,
H03192,F0524,2021 Short Rains,Maize,"Mar 21, 2022",3.6,bags,
H03193,F0524,SR2022,sorghum,19-Feb-23,0.7,bags,armyworm
H03194,F0524,LR2024,Maize,2024-07-20,2.4,bags,
H03195,F0525,SR 2019,Beans,2020-01-26,2135.0,kgs,
H03196,F0525,2020 Short Rains,Beans,2021-01-25,1347.0,Kg,
H03197,F0525,2021 Short Rains,Sorghum,2022-02-12,1472.0,kg,
H03198,F0525,2022 Long Rains,Sorghum,30-Jun-22,398.0,kg,
H03199,F0525,2022 SR,Maize,2023-03-07,3004.0,KG,
H03200,F-0525,SR 2023,sorghum,06/03/2024,1846.0,kg,
H03201,F0526 ,2019 short rains,Wheat,2020-02-28,106.5,bags,
H03202,F0526,2020 Long Rains,Maize,04/09/2020,67.2,bags,
H03203,F0526,LR 2021,Wheat,24/08/2021,29.4,bags,
H03204,F0526,2021 Short Rains,Maize,"Mar 07, 2022",97.3,Bags,
H03205,F0526,2022 Long Rains,Maize,2022-07-06,45.0,bags,
H03206,F0526,2022 Short Rains,Maize,2023-03-18,47.2,Bags,
H03207,F0526,2024 Long Rains,Maize,2024-08-20,55.3,bags,
H03208,F0527,2019-SR,Wheat,18-Feb-20,1599.0,Kg,
H03209,F0527,2020 Long Rains,Maize,19-Jul-20,1646.0,Kg,
H03210,F0527,2021 LR,maize,12/07/2021,1086.0,kg,
H03211,F0527,2021 Short Rains,Beans,2022-02-22,277.0,kg,
H03212,F0527,2022 SR,Beans,2023-01-27,539.0,Kg,
H03213,F0527,2023 Long Rains,Maize,2023-07-29,3052.0,kg,
H03214,F0527,2023 Short Rains,Beans,14/01/2024,726.0,kg,
H03215,F0528,2019-LR,Maize,04-Aug-19,8.2,bags,
H03216,F0528,SR2019,Beans,2020-01-14,2.2,90kg bag,
H03217,F0528,2020-LR,Maize,2020-07-28,5.2,bags,
H03218,F0528,LR 2022,Maize,2022-09-21,9.2,bags,drought
H03219,F0528,2022-SR,Maize,01/04/2023,1.3,90kg bag,crop failure
H03220,F0528,SR 2023,Bean,30/12/2023,1.1,bags,
H03221,F0528,2024 Long Rains,Maize,2024-07-22,6.6,Bags,late planting
H03222,F0528,2024 Short Rains,maize,2025-02-09,5.8,bags,
H03223,F0529,2020 LR,Beans,30/06/2020,6.3,bags,
H03224,F0529,SR2020,Beans,"Jan 08, 2021",5.5,bag,late planting
H03225,F0529,2021 Short Rains,Beans,29/01/2022,3.1,bags,
H03226,F0529,LR 2023,Maize,2023-09-03,5.5,Bags,
H03227,F0529,SR 2024,Sorghum,2025-02-09,4.4,bag,
H03228,F0530,2019 Long Rains,Beans,04/06/2019,25.6,bags,
H03229,F0530,SR2019,Maize,2020-03-21,77.6,bags,
H03230,F0530,2020 LR,Maize ,2020-07-19,63.7,90kg bag,
H03231,F0530,2020 Short Rains,Maize,2021-02-19,20.6,bag,
H03232,F0530,2021-SR,Maize,2022-02-13,38.3,bags,
H03233,F0530,2023 Long Rains,maize,2023-07-19,84.5,Bags,
H03234,F0530,SR 2023,Maize,"Feb 22, 2024",554.0,bags,
H03235,F0530,LR 2024,Beans,2024-07-09,28.4,bags,
H03236,F0530,2024 Short Rains,Beans,2025-01-30,6.6,Bags,
H03237,F0531,2019-LR,Sorghum,2019-07-24,295.0,Kg,
H03238,F0531,2021 long rains,Beans,2021-06-25,341.0,kg,
H03239,F0531,SR2021,Beans,14/02/2022,305.0,kg,
H03240,F0531,2022 Short Rains,Sorghum,2023-02-08,241.0,kg,
H03241,F-0531,2023 Long Rains,maize,2023-07-02,829.0,Kg,
H03242,F0532,2019 Long Rains,wheat,26-Aug-19,6765.0,kg,
H03243,F0532,2019 short rains,Wheat,"Mar 24, 2020",3860.0,Kg,
H03244,F0532,LR 2020,Wheat,27/07/2020,6290.0,kg,
H03245,F0532,SR2020,Wheat,2021-03-26,2220.0,kg,
H03246,F0532,2021 Short Rains,wheat,2022-02-15,-4836.0,kg,
H03247,F-0532,2022 Long Rains,Maize,2022-09-07,2888.0,KG,
H03248,F0532,2022 Short Rains,Wheat,"Mar 12, 2023",6565.0,kg,
H03249,F0532,LR2023,Maize,2023-06-30,1494.0,kg,
H03250,F0532,SR 2023,Wheat,16/02/2024,,kg,drought
H03251,F0532,2024-LR,Wheat,28-Aug-24,6136.0,kg,
H03252,F-0532,2024 short rains,Maize,2025-02-28,4422.0,kgs,
H03253,F0533,2020 Long Rains,Corn,27-Jun-20,17.0,bags,
H03254,F0533,2021 short rains,Bean,2022-02-07,2.9,bags,
H03255,F0533,2022 LR,Maize,06/08/2022,16.0,bags,
H03256,F0533,2023 long rains,beans,05/06/2023,2.5,Bags,
H03257,F0533,2023 Short Rains,Maize,2024-02-23,13.2,bags,
H03258,F0533,2024 short rains,Sorghum,2025-03-02,3.7,bags,
H03259,F0534,2019 Long Rains,maize,29/07/2019,4209.0,kg,
H03260,F0534,2020 Long Rains,Maize,17-Aug-20,3250.0,kg,
H03261,F0534,2021 long rains,Maize,26/08/2021,5041.0,kgs,
H03262,F0534,2022-SR,wheat,2023-04-03,8501.0,kg,
H03263,F0534,2024 LR,Maize,2024-09-13,11499.0,Kg,
H03264,F0534,2024 Short Rains,Maize,2025-03-11,5733.0,Kg,pest damage
H03265,F0535,2021-LR,Beans,2021-06-30,9.8,bag,
H03266,F0535,2021 short rains,Sorghum ,2022-03-05,14.3,bags,
H03267,F0535,LR 2022,Maize,14/08/2022,10.7,90kg bag,
H03268,F0535,2022 Short Rains,Maize,2023-02-04,12.5,bags,
H03269,F0535,2023 Long Rains,Sorghum,2023-08-04,2.6,90kg bag,
H03270,F0535,2023 Short Rains,BEANS,24-Jan-24,4.0,Bags,
H03271,F0535,SR2024,Maize,28/02/2025,17.4,bags,
H03272,F0536,LR 2019,Beans,11-Jul-19,134.0,kg,
H03273,F0536,2019 Short Rains,Beans,2020-02-17,132.0,kg,
H03274,F0536,2020-SR,Beans,2021-02-16,67.0,kg,
H03275,F0536,2021 long rains,Beans,2021-07-03,72.0,KG,
H03276,F0536,2022 short rains,Maize,2023-03-17,739.0,kg,
H03277,F0536,2023 LR,Beans,2023-07-21,109.0,kg,
H03278,F0536,2023 short rains,Maize,2024-03-07,463.0,Kg,
H03279,F0536,2024 Long Rains,Beans,"Jun 28, 2024",82.0,Kg,late planting
H03280,F0537,2019 short rains,Maize,05/03/2020,13812.0,Kg,
H03281,F0537,2020-LR,Wheat,"Aug 25, 2020",10882.0,KG,drought
H03282,F0537,2020 Short Rains,Maize,13/02/2021,25009.0,kg,
H03283,F0537,2021 Long Rains,Wheat,16-Aug-21,11687.0,kg,
H03284,F0537,SR 2021,Wheat,2022-03-26,15032.0,kgs,
H03285,F0537,2022 LR,Maize,10-Jul-22,17037.0,Kg,
H03286,F0537,2023 Long Rains,Wheat,"Sep 23, 2023",10292.0,Kg,
H03287,F0537,2023 Short Rains,Maize,20/02/2024,12622.0,kg,
H03288,F0537,LR 2024,Maize,2024-08-19,23853.0,kgs,
H03289,F0537,2024 Short Rains,Maize,2025-04-19,24155.0,kg,
H03290,F0538,2019 long rains,Maize,2019-08-09,62.7,bags,
H03291,F0538,LR 2020,MAIZE,2020-07-20,45.4,bags,
H03292,F0538,2021 Short Rains,maize,2022-02-23,31.8,bags,
H03293,F0538,2022 Long Rains,maize,30-Jul-22,40.9,bags,
H03294,F0538,2023 Long Rains,Beans,14/06/2023,15.2,Bags,
H03295,F0538,2023 Short Rains,Maize,04/04/2024,37.4,bags,
H03296,F0538,LR2024,Maize,2024-09-01,20.1,bags,
H03297,F0539,2020 Long Rains,Bean,2020-07-31,3.1,bags,
H03298,F0539,2020-SR,Wheat,31-Mar-21,6.0,bags,
H03299,F0539,2021-SR,Corn,03/04/2022,5.2,90kg bag,partial harvest
H03300,F0539,2022 Long Rains,Beans,2022-06-29,2.2,bag,
H03301,F0539,2022 short rains,maize,2023-02-12,6.9,bags,
H03302,F0539,LR2023,Maize,17/07/2023,10.3,,
H03303,F0539,2023 Short Rains,maize,2024-02-07,7.3,Bags,
H03304,F0539,2024 Long Rains,Beans,04/06/2024,2.4,bag,
H03305,F0540,2019 long rains,Sorghum,30/07/2019,12.4,bags,
H03306,F0540,2022 long rains,Sorghum,2022-08-28,5.2,Bags,
H03307,F0540,2022 Short Rains,Corn,2023-02-25,15.5,90kg bag,
H03308,F0540,2023 Long Rains,Beans,2023-06-23,3.6,Bags,
H03309,F0540,2023 short rains,Sorghum,04/04/2024,8.1,90kg bag,
H03310,F0540 ,LR 2024,maize,2024-07-31,0.4,Bags,crop failure
H03311,F0541,2019 short rains,Maize,28/02/2020,50.6,bag,
H03312,F0541,2020 Short Rains,Maize,18/03/2021,2.6,bags,crop failure
H03313,F0541,2021 long rains,maize,2021-08-16,45.4,bag,
H03314,F0541,2021 short rains,Maize,18/03/2022,44.2,bags,drought
H03315,F0541,2022 long rains,Maize,23-Aug-22,22.0,bag,
H03316,F0541,2023 Long Rains,Maize,02/08/2023,25.4,bags,
H03317,F0541,2023 Short Rains,Maize,11-Feb-24,62.5,bags,
H03318,F0541,2024 Short Rains,Maize,2025-03-11,52.3,bags,
H03319,F0542,LR 2019,Corn,06/08/2019,7.2,Bags,
H03320,F0542,2021 Long Rains,maize,2021-08-17,12.5,bags,
H03321,F0542,2022 Long Rains,Beans,07/07/2022,3.3,bags,
H03322,F0542,2022 Short Rains,Maize,2023-03-20,7.0,bag,
H03323,f0542,LR 2023,Maize,03/08/2023,7.0,bags,
H03324,F0542,2024-SR,Maize ,11/03/2025,10.5,Bags,
H03325,F0543,2019 LR,Beans,2019-06-28,0.1,bags,crop failure
H03326,f0543,2019 Short Rains,Maize,03/03/2020,0.1,Bags,crop failure
H03327,F0543,LR 2020,Sorghum,2020-08-15,2.8,bags,
H03328,F0543,2021 Short Rains,Sorghum,24/02/2022,4.1,Bags,
H03329,F0543,2022 LR,Beans,"Jun 09, 2022",1.2,bags,
H03330,F0543,SR2022,Maize,2023-03-20,5.7,Bags,
H03331,F0544,2019 Short Rains,Maize,04/03/2020,1709.0,Kg,
H03332,F0544,2020 Long Rains,Maize,2020-08-12,1848.0,kg,
H03333,F0544,2021 Short Rains,BEANS,07/01/2022,407.0,Kg,
H03334,F0544,2022-SR,Sorgum,2023-03-01,859.0,kg,
H03335,F0544,2023 short rains,Sorghum ,15/02/2024,484.0,kg,
H03336,F0545,2019 Long Rains,Sorghum,2019-08-06,8.7,bag,
H03337,F0545,2019 SR,MAIZE,2020-03-21,7.4,bags,
H03338,F0545,2020 Long Rains,Maize,2020-08-14,12.7,Bags,
H03339,F-0545,2022 LR,Sorghum,2022-06-23,2.8,bag,
H03340,F0545,LR 2023,Beans,2023-06-07,1.9,bags,
H03341,F0545,SR 2023,sorghum,2024-03-15,5.8,bags,
H03342,F0545,LR2024,Sorghum,09-Jul-24,4.3,bags,
H03343,F0546,2020 Short Rains,MAIZE,2021-04-08,2586.0,KG,
H03344,F0546,2021 Short Rains,Beans,2022-01-07,1246.0,KG,
H03345,F0546,2023 long rains,Maize,2023-08-28,5658.0,Kg,
H03346,F0546,LR 2024,Maize,2024-09-05,3164.0,kg,
H03347,F0546,SR2024,beans,2025-02-24,1354.0,kg,pest damage
H03348,F0547,2019-LR,SORGHUM,2019-07-29,23.5,bags,
H03349,F0547,2021 SR,Beans,2022-01-11,12.4,bags,
H03350,F0547,2022 Long Rains,Maize ,2022-07-15,0.3,Bags,crop failure
H03351,F0547,2023 Short Rains,Sorghum,09/02/2024,13.5,90kg bag,drought
H03352,F0547,2024 Short Rains,Maize,20/03/2025,33.2,Bags,
H03353,F0548,2020 LR,Maize,06/09/2020,6.2,Bags,
H03354,F0548,2020 Short Rains,Maize,"Apr 04, 2021",2.0,bags,
H03355,F0548,2021 Long Rains,Maize,21/09/2021,6.0,bags,
H03356,F0548,2021-SR,maize,2022-04-06,4.0,bag,
H03357,F0548,2022 LR,Wheat grain,2022-08-31,12.8,bags,
H03358,F0548,2022-SR,Beans,"Jan 05, 2023",5.1,90kg bag,
H03359,F0548,2024 Short Rains,maize,2025-04-09,8.3,bags,
H03360,F0549,2019 Long Rains,Wheat,"Jul 30, 2019",86.8,bags,
H03361,F0549,2020-LR,Maize,20/07/2020,38.5,Bags,drought
H03362,F0549,2022 Long Rains,wheat,2022-09-04,56.1,bags,
H03363,F0549,2023 LR,wheat,2023-08-10,23.2,bag,
H03364,F0550,2019 LR,Maize,2019-08-04,14.98,tonnes,
H03365,F0550,2021 Long Rains,Maize,15-Sep-21,3.39,tonnes,
H03366,F0550,2022 long rains,Maize,2022-07-28,3.44,tonnes,
H03367,F0550,2022-SR,Maize,07/04/2023,5.09,tonnes,
H03368,F0550,2023 long rains,Wheat,2023-08-02,0.49,tonnes,crop failure
H03369,F0550,LR2024,Wheat,2024-07-26,,tonnes,
H03370,F0550,SR2024,Wheat,2025-03-04,5.82,t,
H03371,F0551,2019-SR,Beans,2020-01-25,8.1,bag,
H03372,F0551,2020 Long Rains,Wheat ,2020-09-04,19.7,bags,
H03373,F0551,2021 Long Rains,beans,2021-06-16,4.0,bags,
H03374,F0551,2021 short rains,Maize,2022-03-15,22.1,bags,
H03375,F0551,LR 2022,Maize,13/08/2022,24.4,bags,
H03376,F0551,LR2023,Beans,2023-07-09,12.9,Bags,
H03377,F0551,2024 long rains,Beans,2024-06-06,7.0,bag,
H03378,F0552,LR 2019,Sorghum,2019-08-19,1.5,bags,
H03379,F0552,2020 Long Rains,Sorgum,2020-08-19,1.3,Bags,
H03380,F0552,2021 Long Rains,Beans ,2021-06-20,0.5,bags,
H03381,f0552,2022 Short Rains,Maize,2023-02-02,1.3,bags,
H03382,F0552,2023 Short Rains,beans,2024-01-17,1.9,bags,
H03383,F0552,2024 Long Rains,Beans,11-Jun-24,1.3,bags,
H03384,F0553,SR 2019,Beans,27/01/2020,1604.0,kg,
H03385,F0553,2020 LR,Beans ,20/06/2020,1127.0,KG,
H03386,F0553,2020 Short Rains,Maize,2021-02-15,5474.0,kg,
H03387,F0553,2021 Long Rains,Maize,19/08/2021,1153.0,Kg,
H03388,F0553,2021 Short Rains,Bean,2022-01-27,805.0,kg,
H03389,F0553,2022 Long Rains,Maize,"Aug 20, 2022",1769.0,Kg,
H03390,F0553,2023 Long Rains,maize,28-Aug-23,1828.0,kgs,
H03391,F0553,2024 LR,Maize,09-Jul-24,2790.0,kg,
H03392,F0553,SR 2024,Maize,2025-02-26,2330.0,kg,
H03393,F0554,2019 LR,Beans,2019-06-17,32.0,bags,
H03394,F0554,2021 LR,beans,2021-06-30,1.1,bags,
H03395,F0554,2021 SR,Maize,2022-03-09,6.9,bags,
H03396,F0554,2022 Short Rains,maize,2023-03-07,,bags,
H03397,f0554,2023 Short Rains,Sorghum,2024-02-28,1.2,bag,drought
H03398,F0554,2024 long rains,Maize,10/08/2024,6.4,90kg bag,
H03399,F0554,2024 SR,Corn,14/02/2025,4.0,bags,
H03400,F0555,2019 Long Rains,maize,2019-09-01,3.5,90kg bag,
H03401,F0555,2019 Short Rains,SORGHUM,2020-01-14,1.0,Bags,
H03402,F0555,2020 Short Rains,Beans ,2021-02-10,0.8,bags,armyworm
H03403,F0555,2021 long rains,Beans,2021-07-10,0.6,bags,
H03404,F0555,2021-SR,Maize,2022-03-22,3.1,bag,
H03405,F-0555,2022 LR,beans,2022-08-01,0.5,Bags,
H03406,F0555,LR2023,Beans,2023-07-24,0.6,Bags,
H03407,F0555,2023 Short Rains,Maize,2024-02-01,2.0,bag,
H03408,F0555,LR 2024,Maize,2024-08-06,5.3,Bags,
H03409,F0556,2019 Long Rains,Maize,2019-08-07,4.2,bags,
H03410,F0556,2020-LR,Beans,17/06/2020,0.1,bag,crop failure
H03411,F0556,2020 Short Rains,Maize,2021-03-25,1.9,bags,drought
H03412,F0556,2021 Short Rains,Beans,12-Jan-22,0.1,bags,crop failure
H03413,F0556,2023 long rains,Maize,08/08/2023,3.4,bags,
H03414,F0556,2023 Short Rains,Maize,2024-03-31,3.0,Bags,
H03415,f0556,2024-LR,Maize,29/08/2024,,bags,
H03416,F0557,2019 SR,Maize,19/03/2020,9.8,bags,
H03417,F0557,LR2021,Maize,2021-07-23,6.9,bags,
H03418,F0557,2021 short rains,Sorghum,2022-03-03,6.9,bag,
H03419,F0557,2022 Long Rains,Sorghum,08/08/2022,3.7,bag,
H03420,F0557,2023 long rains,Maize,2023-07-30,6.5,Bags,
H03421,F0557,2024 Long Rains,Beans,25/06/2024,6.6,Bags,
H03422,F0558,2019 SR,Beans,11/01/2020,3.37,tonnes,
H03423,F0558,LR 2020,Beans,2020-07-23,1.46,tonnes,
H03424,F0558,SR2020,Wheat,2021-04-19,,MT,
H03425,F0558,2021 Long Rains,Maize,2021-07-19,0.14,t,crop failure
H03426,F0558,2023 Long Rains,Maize,2023-07-04,5.14,tonnes,
H03427,F0558,SR2023,maize,"Feb 22, 2024",4.22,MT,
H03428,F0559,2019 Long Rains,BEANS,"Jun 17, 2019",242.0,Kg,
H03429,F0559,2019 short rains,Maize,2020-03-18,1051.0,kg,drought
H03430,F0559,2020 short rains,Maize,20/03/2021,26.0,kg,crop failure
H03431,F0559,2021 long rains,Wheat,26/08/2021,825.0,kg,
H03432,F0559,SR 2024,Wheat,21/03/2025,1241.0,Kg,late planting
H03433,F0560,2020 long rains,Maize,09-Aug-20,1772.0,kg,
H03434,F0560 ,2022 SR,Beans,2023-02-18,593.0,KG,
H03435,F0560,LR 2024,maize,20/08/2024,2853.0,kg,drought
H03436,F0560,2024-SR,Sorghum,20/02/2025,896.0,kgs,
H03437,F0561,2019 Short Rains,Wheat,2020-03-10,1575.0,kg,drought
H03438,F0561,2020 Long Rains,Maize,2020-07-24,3111.0,kg,
H03439,F0561,2020 SR,Maize,2021-03-07,723.0,kg,drought
H03440,F0561,2021 Long Rains,Maize,30/08/2021,1802.0,Kg,
H03441,F0561,2021-SR,beans,2022-01-18,1328.0,Kg,
H03442,F0561,2022 LR,wheat,2022-08-18,26820.0,kgs,
H03443,F0561,2022 Short Rains,Beans,2023-02-15,1070.0,kg,
H03444,F0561,2024-LR,Maize,10/08/2024,2139.0,KG,
H03445,F0562,2019 Short Rains,Sorghum,2020-03-12,,Bags,
H03446,F0562,2020 LR,Beans,2020-05-28,10.1,bags,
H03447,F0562,2020 SR,BEANS,2021-01-09,13.1,90kg bag,
H03448,F0562,2021 Short Rains,Maize,27/02/2022,42.7,bag,
H03449,F0562,LR2023,Sorghum,26-Jul-23,13.3,bag,
H03450,F0562,2024 Short Rains,Beans,2025-01-31,14.4,bags,
H03451,F0563,2019 LR,Beans,2019-08-04,0.6,bags,crop failure
H03452,F0563,2019 Short Rains,Wheat,05/03/2020,48.2,90kg bag,
H03453,F0563,2020 Long Rains,MAIZE,16/07/2020,43.5,90kg bag,
H03454,F0563,2021 Long Rains,Maize,2021-07-24,36.0,Bags,
H03455,F0563,SR2021,Wheat grain,2022-04-07,71.4,Bags,
H03456,F0563,LR 2022,Wheat,18/07/2022,16.1,bags,
H03457,F0563,2022-SR,Wheat,2023-02-17,143.2,Bags,
H03458,F0563,LR2024,Wheat,"Aug 03, 2024",63.9,Bags,
H03459,F0563,SR2024,Corn,2025-03-29,105.1,bags,
H03460,F0564,LR2019,MAIZE,2019-07-01,27.7,bags,
H03461,F0564,2020 long rains,beans,"Jun 09, 2020",9.3,bags,
H03462,F0564,2020 Short Rains,Maize,2021-02-25,14.0,bags,
H03463,F0564,SR 2023,Maize,2024-03-17,48.9,bags,
H03464,F0564,2024 Short Rains,Beans,27/01/2025,14.9,bags,
H03465,F0565,2020 long rains,Maize,2020-08-06,10.3,bags,
H03466,F0565,2021 Long Rains,Beans,2021-07-05,1.7,bags,
H03467,F0565,2022 Short Rains,Maize,2023-03-21,8.6,bags,
H03468,F0565,2023 Long Rains,beans,2023-07-02,1.0,bags,
H03469,F0565,2023 Short Rains,Maize,2024-02-25,7.5,Bags,
H03470,F0565,2024 Long Rains,Maize,23/08/2024,10.7,90kg bag,
H03471,F0565,2024-SR,Maize ,2025-02-03,3.9,bag,partial harvest
H03472,F0566,2019 Short Rains,Beans,2020-01-03,675.0,kg,
H03473,F0566,2020 Long Rains,MAIZE,18/08/2020,1352.0,kg,drought
H03474,F0566,2020 short rains,Beans,2021-02-07,535.0,KG,
H03475,F0566,2021 Short Rains,Beans,2022-01-14,648.0,Kg,
H03476,F0566,2022 Long Rains,Maize,2022-09-05,2075.0,kg,
H03477,F0566,2023-LR,Sorghum,18/08/2023,1624.0,KG,
H03478,F0566,2023 Short Rains,Sorghum,2024-01-20,773.0,kg,
H03479,F0567,2019 long rains,Maize,2019-07-10,8.5,bags,
H03480,F0567,LR2020,Sorghum ,16/07/2020,6.3,bags,
H03481,F0567,2021 Long Rains,Maize,09/08/2021,22.5,bag,
H03482,F0567,2022-LR,Beans,01/06/2022,2.7,bags,
H03483,F0567,LR 2024,Maize,27-Jul-24,21.0,90kg bag,
H03484,F0567,SR 2024,Beans,2025-01-03,8.8,bags,
H03485,F0568,2019 Long Rains,maize,"Jul 24, 2019",3.3,bag,
H03486,F0568,2019-SR,beans,2020-02-06,1.2,bags,
H03487,F0568,LR 2020,Beans ,2020-07-06,1.3,Bags,
H03488,F0568,2020 Short Rains,Maize,2021-04-14,2.7,bags,
H03489,F0568,2024 Long Rains,Maize,2024-07-04,4.1,Bags,
H03490,F0568,2024 SR,Maize,09-Mar-25,3.9,bag,
H03491,F0569,2019 Short Rains,Maize,2020-02-19,2752.0,kg,
H03492,F0569,2020-SR,Maize,26/02/2021,1970.0,kg,
H03493,F0569,2021-LR,wheat,2021-07-28,4091.0,KG,
H03494,F0569,SR2021,Wheat,2022-03-24,,kgs,
H03495,F0569,2022-LR,MAIZE,20/08/2022,4885.0,kg,
H03496,F0569,2023 long rains,Wheat,12-Sep-23,11232.0,kg,
H03497,F0569,2023 SR,Wheat,29/02/2024,1805.0,kg,
H03498,F0569,2024 SR,Corn,2025-03-16,4521.0,kg,drought
H03499,F0570,2019 short rains,wheat,2020-03-15,44.9,bags,
H03500,F0570,SR 2020,wheat,05/03/2021,0.4,bags,crop failure
H03501,F0570,2022 Long Rains,Maize,09-Aug-22,52.4,Bags,
H03502,F0570,SR2022,Wheat,2023-02-26,70.5,Bags,
H03503,F0570,2023 Long Rains,BEANS,06-Jun-23,15.4,bags,
H03504,F0571,LR 2020,Corn,16-Aug-20,461.0,kg,
H03505,F0571,2021 Long Rains,Beans,2021-06-07,57.0,kg,
H03506,F0571,2021-SR,Maize,04-Apr-22,332.0,kg,
H03507,F0571,LR2022,Maize,07/07/2022,236.0,Kg,
H03508,F0571,SR 2022,Maize,01-Apr-23,505.0,Kg,
H03509,F0571,SR2023,Maize,2024-03-28,184.0,KG,drought
H03510,F0572,2019-LR,Maize,2019-08-04,3.8,Bags,
H03511,F0572,2019 SR,Beans,2020-01-19,0.4,bags,
H03512,F0972,2020 Long Rains,Maize,"Jul 19, 2020",3.3,Bags,
H03513,F0572,SR 2020,Beans,18/02/2021,0.0,bags,crop failure
H03514,F0572,2021 Long Rains,Maize,2021-08-29,3.0,bags,
H03515,F0572,2021 Short Rains,Maize ,2022-02-21,2.8,bags,
H03516,F0572,2022 long rains,Beans,11/07/2022,0.7,bags,
H03517,F0572,SR 2022,Maize,2023-02-05,3.1,bag,
H03518,F0572,2024 Long Rains,Maize,2024-08-02,5.6,Bags,
H03519,F0573,2020 long rains,Maize,2020-09-05,19.8,90kg bag,
H03520,F0573 ,2021 long rains,MAIZE,2021-08-29,2.5,bags,
H03521,F0573,2021 Short Rains,Beans,03/02/2022,2.1,bags,drought
H03522,F0573,2022 Short Rains,Maize,2023-03-17,11.3,bags,
H03523,F0573,LR 2023,Corn,2023-07-24,4.7,bags,
H03524,F0573,2024 LR,Maize,2024-08-27,17.8,bags,
H03525,F0574,SR 2019,Maize,11-Mar-20,35.8,bags,
H03526,F0574,LR 2020,Maize,2020-08-20,22.3,bag,drought
H03527,F0574,2020-SR,maize,2021-03-11,28.8,bag,
H03528,F0574,2021-LR,maize,2021-08-25,16.3,90kg bag,
H03529,F0574,2022 long rains,Wheat,2022-08-07,20.3,bag,
H03530,F0574,2024 Long Rains,Maize,2024-07-30,64.9,bags,
H03531,F0575,SR 2021,Maize ,2022-03-15,6.4,bags,
H03532,F0575,2022 Long Rains,maize,11/08/2022,4.2,Bags,
H03533,F0575,SR2022,Maize,22-Mar-23,8.6,Bags,
H03534,F0575,2023 long rains,Sorghum,05/07/2023,2.4,Bags,
H03535,F0575,2023-SR,Beans,01-Jan-24,3.6,bags,
H03536,F0575,2024-SR,Maize,2025-02-21,5.4,bags,
H03537,F0576,2020-LR,Maize,"Jul 21, 2020",10.1,bag,
H03538,F0576,2020 SR,Maize ,26-Feb-21,5.2,Bags,
H03539,F0576,SR2021,Maize,2022-02-20,131.0,bags,drought
H03540,F0576,2022 long rains,Maize,12/08/2022,8.7,bag,
H03541,f0576,2022 short rains,Maize,06/04/2023,8.1,Bags,
H03542,F0577,LR2019,Wheat,2019-08-08,1.45,MT,crop failure
H03543,f0577,2020 Long Rains,Maize,09/08/2020,6.72,tonnes,
H03544,F0577,2021 Long Rains,Maize,2021-08-18,4.46,t,
H03545,F0577,2021 Short Rains,Maize,2022-03-03,10.93,tonnes,
H03546,F0577,2022 Short Rains,Beans,2023-02-18,2.41,tonnes,
H03547,F0577,LR2023,Maize,2023-08-23,6.04,tonnes,
H03548,F0577,2024 Short Rains,Maize,2025-03-13,4.47,tonnes,drought
H03549,F0578,2019 Short Rains,Maize,2020-02-07,7.5,Bags,
H03550,F0578,2020 short rains,Maize,2021-03-09,9.1,bags,
H03551,F0578,LR 2021,maize,2021-08-05,8.4,bags,
H03552,F0578,SR 2021,Maize,2022-02-28,9.5,bags,
H03553,F0578,2022 long rains,Beans,"Jun 05, 2022",1.2,bag,partial harvest
H03554,F0578,2023 LR,Maize,2023-08-12,4.9,bags,
H03555,F0578,2023 Short Rains,Maize,2024-03-06,16.6,bags,
H03556,F0578,2024 Short Rains,maize,2025-04-10,6.0,Bags,
H03557,F0579,2019 Long Rains,Maize,01-Sep-19,16.4,bag,
H03558,F0579,LR 2020,Corn,21-Aug-20,19.1,bag,
H03559,F0579,SR 2020,Wheat,2021-03-15,3.1,Bags,drought
H03560,F0579,2021-SR,Maize,2022-03-13,9.6,Bags,
H03561,F0579,LR 2022,maize,13/08/2022,22.0,Bags,
H03562,F0579,2022 Short Rains,Wheat,2023-03-07,7.9,Bags,
H03563,F0579,2023 Long Rains,Beans,2023-06-22,4.6,90kg bag,
H03564,F0579,2024 short rains,beans,2025-01-12,2.9,bag,
H03565,F0580,2019 LR,Wheat,09/08/2019,34.2,bags,
H03566,F0580,2020 Long Rains,Maize,2020-08-28,51.9,bags,drought
H03567,f0580,2020 SR,Wheat,2021-03-20,30.5,bags,
H03568,F0580,2021 Long Rains,Maize,"Aug 15, 2021",16.8,bags,
H03569,F0580,2022-LR,Maize,2022-09-16,29.4,bag,
H03570,F0580,2023 Long Rains,Wheat,2023-07-18,43.4,bags,
H03571,F0580,SR2023,wheat,06/04/2024,38.7,bags,drought
H03572,F0580,LR2024,Wheat,2024-08-27,39.5,,
H03573,F0580,2024 SR,Wheat,2025-03-01,28.7,bags,
H03574,F0581,2019 SR,Maize,2020-03-26,406.0,kg,
H03575,F0581,2020 SR,Maize,2021-03-15,100.0,kg,
H03576,F0581,2021 Long Rains,Maize,2021-07-20,301.0,Kg,
H03577,F0581,2022 Short Rains,Beans,2023-02-24,129.0,KG,
H03578,F0582,2019 Long Rains,Beans,12/06/2019,247.0,kgs,
H03579,F-0582,2020 Long Rains,maize,20-Jul-20,1300.0,kg,
H03580,F0582,2020 Short Rains,Sorghum,01/03/2021,167.0,kg,drought
H03581,F0582,2022 Long Rains,Maize,16/09/2022,716.0,kg,
H03582,F0582,2022 Short Rains,Sorghum,2023-03-10,152.0,kg,
H03583,F0582,LR 2023,Sorghum,2023-07-20,175.0,kgs,
H03584,F0583,2019 Long Rains,Beans,2019-07-13,203.0,kg,
H03585,F0583,2020 Long Rains,Sorghum,2020-08-06,53.0,KG,crop failure
H03586,F0583,2020 short rains,beans,15/02/2021,277.0,Kg,
H03587,F0583,2021 LR,Bean,11/07/2021,178.0,KG,
H03588,F0583,2021 Short Rains,Maize,2022-02-10,1141.0,kg,
H03589,F0583,2022 SR,Maize,"Jan 27, 2023",306.0,kg,
H03590,F0583,2023 Long Rains,Sorghum,2023-07-18,239.0,KG,
H03591,F0583,LR2024,Sorghum,2024-08-07,459.0,kg,drought
H03592,F0583,2024 SR,Maize,2025-02-14,863.0,KG,
H03593,F0584,SR 2019,Maize,2020-03-25,5.93,MT,
H03594,F0584,2020 Long Rains,WHEAT,2020-08-28,6.04,t,
H03595,F0584,2020 Short Rains,wheat,18/02/2021,3.13,tonnes,
H03596,F0584,2021 Long Rains,beans,2021-06-04,1.8,tonnes,
H03597,F0584,SR 2021,Wheat,2022-03-27,8.69,t,
H03598,F0584,2022 long rains,Wheat,2022-08-30,3.34,tonnes,
H03599,F0585,LR 2019,maize,2019-08-23,630.0,kg,
H03600,F0585,2020-LR,Maize,2020-08-30,306.0,KG,
H03601,F0585,2020 Short Rains,sorghum,02/02/2021,264.0,Kg,
H03602,F0585,2021-SR,Beans,08/01/2022,154.0,kg,
H03603,F0585,SR 2022,Beans,2023-01-30,135.0,kg,
H03604,F0585,2023-LR,Beans,07-Jun-23,77.0,Kg,
H03605,F0585,2024 Long Rains,Maize,2024-08-16,864.0,KG,
H03606,F0585,2024 Short Rains,Beans,16/02/2025,91.0,Kg,
H03607,F0586,SR 2019,Maize,2020-04-11,2137.0,kg,
H03608,F0586,2020 Long Rains,Beans,2020-07-02,552.0,kg,
H03609,F0586,2021 Long Rains,maize,2021-07-27,,kg,
H03610,F0586,2021 Short Rains,Maize,2022-04-05,950.0,kg,
H03611,F0586,2022 short rains,Maize,2023-03-01,53.0,Kg,crop failure
H03612,F0587 ,2019 Long Rains,Beans ,2019-06-02,6.5,90kg bag,
H03613,F0587,2019-SR,BEANS,2020-02-05,6.7,Bags,
H03614,F0587,LR 2020,Maize,2020-08-04,12.1,bags,partial harvest
H03615,F0587,LR 2021,Maize,08/08/2021,18.7,90kg bag,
H03616,F0587,2021 Short Rains,Maize,2022-03-31,24.2,bags,
H03617,F-0587,2023 Long Rains,Beans,2023-06-29,2.3,bag,
H03618,F0587,SR2023,MAIZE,2024-03-28,0.4,bags,crop failure
H03619,F0587,2024 Short Rains,Maize,"Mar 03, 2025",13.7,,
H03620,F0588,SR 2019,Beans,14-Jan-20,8.1,Bags,
H03621,F0588,2020 Long Rains,Maize,2020-08-20,25.0,Bags,armyworm
H03622,F0588,SR2020,Maize,2021-03-29,19.3,bags,
H03623,f0588,2021 Long Rains,Maize,20/07/2021,23.5,Bags,
H03624,F0588,2021 short rains,Wheat,2022-03-22,20.6,bags,
H03625,F0588,SR 2022,Beans,21/02/2023,9.6,bags,
H03626,F0588,2023 long rains,beans,2023-06-02,6.2,bags,
H03627,F0588,SR2023,Wheat ,2024-04-08,40.7,bags,drought
H03628,F0588,2024 Long Rains,Maize,2024-07-02,42.2,bags,
H03629,F0588,2024 Short Rains,Maize,17/02/2025,39.3,90kg bag,
H03630,F0589,2019 Short Rains,Sorghum,"Feb 26, 2020",3.0,bags,
H03631,F0589,LR2020,Beans,20/07/2020,2.4,bags,drought
H03632,F0589,2020 Short Rains,Bean,2021-02-10,2.9,Bags,
H03633,F0589,2021 Short Rains,Maize,14/02/2022,6.2,Bags,
H03634,F0589,2022-LR,Maize,06/09/2022,11.6,Bags,
H03635,F0589,SR 2022,Beans,2022-12-24,2.0,90kg bag,pest damage
H03636,F0589,SR 2023,Maize,20/02/2024,6.4,bags,
H03637,F-0589,2024-SR,Beans,2025-02-06,4.9,bags,
H03638,F0590,LR 2019,Maize ,2019-08-20,24.8,bags,
H03639,F0590,2019 Short Rains,Maize,2020-02-23,,bags,
H03640,F0590,2020 Long Rains,Maize,2020-08-24,26.8,bags,
H03641,F0590,2021 Long Rains,Maize,2021-07-24,13.9,bag,
H03642,F0590,2021 SR,Maize,2022-02-09,11.7,bags,
H03643,F0590,2022 Long Rains,maize,"Jul 04, 2022",12.0,bags,
H03644,F0590,2023-LR,Maize,2023-08-13,8.1,bag,
H03645,F0590,2023 SR,Maize,2024-03-21,10.9,bags,
H03646,F0591,LR 2019,Wheat,24/08/2019,6981.0,kg,
H03647,F0591,2020 Long Rains,Maize,2020-07-30,7938.0,kg,
H03648,F0591,2021-LR,Wheat,2021-08-20,1507.0,kg,
H03649,F0591,2021 Short Rains,Maize,17/02/2022,5065.0,kgs,
H03650,F0591,2023 long rains,Maize ,22-Aug-23,2789.0,KG,
H03651,F0591,2023 Short Rains,Corn,2024-04-05,5779.0,kg,
H03652,F0591,2024 Short Rains,Maize,18/02/2025,3265.0,kg,pest damage
H03653,F0592,2019 Short Rains,Sorghum,2020-02-25,14.7,Bags,
H03654,F0973,2020 Long Rains,Sorghum ,2020-07-12,22.6,bags,
H03655,F0592,2020 SR,Bean,2021-02-03,13.8,bags,drought
H03656,F0592,LR 2021,maize,2021-08-09,39.6,90kg bag,
H03657,F0592,2023 long rains,Maize,12-Jul-23,66.0,bags,
H03658,F0592,2024 short rains,Maize ,25/02/2025,84.1,bag,
H03659,F0593,2019 long rains,maize,17/08/2019,26.9,bags,
H03660,F0593,2020 Long Rains,Maize,2020-08-28,17.8,bags,
H03661,f0593,2020 short rains,Beans,2021-01-24,3.6,bags,
H03662,F0593,2022 Long Rains,Sorghum ,2022-06-25,3.3,Bags,
H03663,F0593,SR 2023,Beans,2024-01-18,3.6,bags,
H03664,F0593,LR 2024,BEANS,11/07/2024,3.1,bags,drought
H03665,F0594,LR2020,maize,02-Sep-20,17.6,bags,
H03666,F0594 ,2021 LR,Maize,07/09/2021,11.1,Bags,
H03667,F0594,2022 Long Rains,SORGHUM,11/08/2022,3.5,Bags,
H03668,f0594,SR 2023,Beans,04/02/2024,5.6,Bags,
H03669,F0594,2024-LR,Beans,2024-06-14,6.4,bag,
H03670,F0595,SR 2019,Wheat,2020-03-20,,tonnes,partial harvest
H03671,F0595,2020 LR,Wheat,26/08/2020,2.79,tonnes,drought
H03672,F0595,SR 2020,Wheat,2021-02-26,1.5,tonnes,
H03673,F0595,2021 Long Rains,Maize,2021-07-12,1.07,tonnes,
H03674,F0595,2021 Short Rains,beans,2022-02-04,0.58,tonnes,armyworm
H03675,f0595,SR 2022,Wheat,18-Feb-23,1.36,t,
H03676,F0595,2023 LR,Maize,2023-07-24,0.73,tonnes,armyworm
H03677,F0595,SR 2023,Wheat,"Apr 12, 2024",2.55,tonnes,drought
H03678,F0596,LR 2019,Maize,27/07/2019,1990.0,kgs,
H03679,F0596,LR 2021,maize,"Aug 19, 2021",1503.0,kg,
H03680,F0596,2022-LR,Maize,2022-07-20,1095.0,Kg,
H03681,F0596,SR2022,Beans,2023-01-28,591.0,kg,
H03682,F0596,2024 LR,Maize,2024-08-18,2390.0,kg,
H03683,f0597,SR 2019,Maize,2020-03-20,445.0,kg,
H03684,F0597,2024 SR,Beans,15-Feb-25,72.0,kg,
H03685,F0598,SR 2019,Maize,2020-03-26,23.0,Bags,
H03686,F0598,2020 Long Rains,Sorghum,2020-06-28,48.5,bag,
H03687,F0598,2020 SR,Maize,15/03/2021,38.9,bags,
H03688,F0598,LR2021,Sorghum,2021-08-13,6.0,bag,
H03689,F0598,2021 Short Rains,Beans,2021-12-28,11.9,90kg bag,
H03690,F0598,2022 Short Rains,Maize,25-Mar-23,61.0,bags,
H03691,F0598,SR2023,Maize,2024-03-08,46.8,bags,
H03692,F0598,2024-SR,Beans,2025-01-30,20.6,bags,
H03693,F0599,LR 2019,maize,21-Jul-19,21.6,bags,
H03694,F0599,LR 2020,Sorghum,2020-08-01,9.0,,
H03695,F0599,SR2020,sorghum,14/02/2021,5.2,bags,
H03696,F0599,2021 Short Rains,sorghum,10/02/2022,6.6,bags,
H03697,F0599,SR2022,Beans,2023-02-15,4.8,bags,
H03698,F0599,LR 2023,Maize,16/09/2023,14.8,Bags,
H03699,F0599,2024 Long Rains,Maize,2024-07-29,23.3,bags,
H03700,F0600,2020-LR,BEANS,2020-06-23,4.3,bags,
H03701,F0600,2020 short rains,maize,02/04/2021,18.8,bags,
H03702,F0600,2021 Long Rains,Wheat,29/07/2021,21.2,Bags,
H03703,F0600,SR2021,Wheat,26/03/2022,15.9,bags,
H03704,F0600,2022 Long Rains,Wheat ,26-Jul-22,7.4,Bags,
H03705,F0600,LR 2024,Wheat,20/08/2024,18.0,Bags,
H03706,F0601,2019 Long Rains,Sorghum,31/07/2019,302.0,kg,
H03707,F0601,2020 Short Rains,Maize,31/03/2021,1601.0,KG,armyworm
H03708,F0601,LR 2021,Sorghum,2021-07-29,350.0,kgs,
H03709,F0601,2021-SR,Sorghum,2022-02-25,720.0,kg,
H03710,F0601,2022 Short Rains,Beans,2023-01-18,138.0,Kg,
H03711,F0601,2023 Short Rains,Sorghum,2024-02-14,520.0,Kg,
H03712,F0601,2024 Long Rains,Beans,15/06/2024,512.0,Kg,
H03713,F0601,2024 Short Rains,Sorghum,2025-02-19,304.0,kg,
H03714,F0602,2020 long rains,maize,2020-08-05,,bag,
H03715,F0602,2020 Short Rains,Maize,2021-02-12,43.8,bags,
H03716,F0602,2022 LR,Wheat,03-Sep-22,22.1,bag,late planting
H03717,F0602,2022-SR,Wheat,07-Mar-23,32.2,bag,
H03718,F0602,2023 Short Rains,Wheat,12/04/2024,30.0,bags,drought
H03719,F0602,2024 Long Rains,Corn,2024-08-28,43.6,bag,
H03720,F0603,SR 2019,Maize ,05/04/2020,2.96,tonnes,
H03721,F0603,2020 long rains,Beans,2020-08-09,0.43,MT,
H03722,F0603,2021 Short Rains,wheat,2022-03-21,1.76,t,
H03723,F0603,2022 LR,Maize,2022-07-12,3.25,tonnes,
H03724,F0603,2022-SR,Maize,2023-03-10,0.84,tonnes,
H03725,F0603,2024-LR,Maize,2024-08-19,2.36,tonnes,
H03726,F0604,LR 2019,Maize,2019-09-02,14.9,bags,
H03727,F0604,2020 Long Rains,Maize,2020-08-31,10.1,bag,
H03728,F0604,2020 Short Rains,Maize,2021-03-23,14.4,Bags,
H03729,F0604,2021-LR,maize,18/09/2021,8.3,Bags,
H03730,F0604,2024 short rains,Beans,2025-01-25,2.6,bags,
H03731,F0605,2019 Short Rains,Wheat,15-Feb-20,66.7,bags,
H03732,F0605,LR 2020,Maize,07-Sep-20,22.6,bags,drought
H03733,F0605,2021 short rains,maize,2022-03-09,55.1,bags,
H03734,F0605,SR 2022,Maize,2023-03-10,30.6,bags,
H03735,F0605,LR2024,Beans,17/07/2024,7.5,bags,
H03736,F0605,2024-SR,Beans,2025-02-06,13.4,bags,
H03737,F0606,LR 2019,Beans,2019-07-17,1.1,bags,
H03738,F0606,2019 Short Rains,Beans,2020-01-01,2.7,bag,
H03739,F0606,2020 Long Rains,Maize,2020-08-27,2.2,bags,
H03740,F0606,SR 2020,Maize,28/02/2021,0.1,bags,crop failure
H03741,F0606,2021 Short Rains,Beans,2022-02-04,1.4,Bags,
H03742,F0606,2022 Long Rains,Beans,"Jun 22, 2022",0.9,bags,
H03743,F0606,SR2022,BEANS,10/02/2023,1.8,bags,
H03744,F0606,LR 2024,MAIZE,20/08/2024,7.4,,
H03745,F0606,2024 Short Rains,Maize,16/04/2025,5.9,bag,
H03746,F0607,LR 2019,Beans,2019-05-26,0.5,bags,crop failure
H03747,F0607,SR2019,Maize,2020-03-15,20.6,bags,
H03748,F0607 ,2020 LR,Maize,17/08/2020,11.3,bags,
H03749,F0607,2020 Short Rains,Maize,2021-03-25,11.6,Bags,
H03750,F0607,2021-LR,Maize,23/08/2021,7.3,bags,
H03751,F0607 ,2021 short rains,Maize,2022-03-11,22.6,Bags,late planting
H03752,F0607,2022 Long Rains,Maize,2022-08-25,12.0,bag,
H03753,F0607,2023 SR,beans,07/01/2024,8.5,,
H03754,F0607,2024 Short Rains,Maize,08-Feb-25,27.7,bag,
H03755,F0608,2019 Long Rains,Maize,2019-07-21,24.0,bags,
H03756,F0608,2019-SR,Beans ,03/01/2020,3.9,bags,
H03757,F0608,SR2021,Corn,"Feb 12, 2022",11.2,bags,
H03758,F0608 ,2022 Short Rains,Maize,2023-02-24,12.4,Bags,
H03759,F0608,2024 Short Rains,Maize,20/03/2025,31.0,Bags,
H03760,F0609,LR 2019,Maize,2019-09-06,1.62,MT,drought
H03761,F0609,2020 Short Rains,wheat,2021-02-18,0.43,tonnes,
H03762,F0609,2021 Long Rains,Maize,2021-08-09,1.33,tonnes,
H03763,F0609,SR 2021,Wheat,"Apr 06, 2022",4.61,tonnes,
H03764,F0609,2022 long rains,Maize,27/08/2022,2.84,tonnes,
H03765,F0609,2022 short rains,MAIZE,2023-03-08,2.54,t,
H03766,F0987,2024 long rains,Wheat,2024-08-09,2.32,tonnes,
H03767,F0609,2024-SR,Wheat,2025-03-17,1.78,tonnes,
H03768,F0610,2020 Long Rains,Maize,2020-08-17,4.7,bags,
H03769,F0610,2020 Short Rains,Beans ,2021-02-23,1.1,90kg bag,pest damage
H03770,F0610,SR 2021,Maize,2022-02-24,6.7,bags,
H03771,F0610,LR2022,Beans ,2022-07-16,1.6,bags,
H03772,F0610,2022 Short Rains,Maize,19/03/2023,10.2,bags,
H03773,F0610,SR2023,MAIZE,2024-02-19,5.9,bags,
H03774,F0610,LR2024,Maize,2024-09-07,9.6,bags,
H03775,F0611,SR 2019,Sorghum,2020-02-03,12.0,bags,
H03776,F0611,LR 2020,Beans ,2020-06-25,7.3,bags,
H03777,F0611,SR 2020,Beans,14-Jan-21,6.3,bags,
H03778,F0611,2021 Short Rains,maize,19/02/2022,12.4,Bags,
H03779,F0611,2022 Short Rains,Sorghum,2023-03-16,2.8,bags,
H03780,F0611,2023 Short Rains,Beans,13/02/2024,5.3,bags,
H03781,F0611,2024 Long Rains,Sorghum,2024-07-01,5.1,bags,
H03782,F0612,2019 Long Rains,Maize,2019-07-24,2907.0,kg,
H03783,F0612,2019 Short Rains,maize,2020-03-18,2611.0,Kg,
H03784,F0612,2020 long rains,Maize,20/08/2020,998.0,kg,
H03785,F0612,2020 Short Rains,Beans,2021-01-14,709.0,Kg,
H03786,F0612,2022 short rains,Maize,06/03/2023,2127.0,Kg,
H03787,F0612,2023 short rains,Beans,03/02/2024,597.0,KG,
H03788,F0612,2024 short rains,maize,17/02/2025,1874.0,kg,
H03789,F0613,2019 Long Rains,Beans,22/06/2019,1283.0,kgs,
H03790,F0613,2020-LR,Beans,21-Jun-20,845.0,kg,
H03791,F0613,2021 LR,Beans,04/07/2021,866.0,kg,
H03792,F0613,2021 Short Rains,Sorghum,2022-03-15,1568.0,Kg,
H03793,F0613,LR 2023,Maize,2023-07-23,2710.0,,
H03794,F0613,LR 2024,Beans,2024-06-18,673.0,Kg,
H03795,F0614,2019 LR,maize,31/07/2019,19.4,bags,
H03796,F0614 ,LR 2020,Beans,28/06/2020,10.9,bags,
H03797,F0614,LR2021,Maize,16-Aug-21,12.3,90kg bag,
H03798,F0614,2021 short rains,Maize,2022-03-12,-14.7,Bags,
H03799,F0614,2022 Short Rains,Wheat,03/03/2023,14.2,bags,
H03800,F0614,2023 Short Rains,Beans,2024-02-09,7.2,Bags,
H03801,F0614,2024 Short Rains,Maize,2025-03-17,10.6,bags,
H03802,F0615,2019 LR,Maize,19/08/2019,1249.0,Kg,
H03803,F0615,2019 Short Rains,maize,"Mar 31, 2020",3656.0,kgs,
H03804,F0615,2020 Long Rains,Beans,2020-07-29,767.0,kg,
H03805,F0615,2021 Long Rains,Maize,03/09/2021,1485.0,kg,
H03806,F0615,2021 Short Rains,Sorghum,2022-03-02,2034.0,Kg,
H03807,F0615,2022-LR,Maize,2022-08-08,1915.0,kgs,
H03808,F0615,SR2022,Maize,10/03/2023,3177.0,KG,
H03809,F0615,2023 short rains,Maize,2024-02-19,3535.0,kg,
H03810,F0616,2019 LR,maize,2019-08-26,511.0,KG,
H03811,F0616,2021-SR,Maize,2022-04-17,605.0,kg,
H03812,F0616,2024 Long Rains,Maize,2024-08-19,426.0,kg,
H03813,F0617,2019 Short Rains,Maize,06/03/2020,6.2,Bags,
H03814,F0617,2020 SR,maize,04-Mar-21,3.5,bags,
H03815,F0617,2022 LR,Bean,2022-07-19,1.5,Bags,
H03816,F0617,SR 2022,Maize,2023-02-14,8.1,90kg bag,
H03817,F0617,2023 Long Rains,Beans,2023-07-04,0.9,bags,
H03818,F0617,2023 Short Rains,Maize,17/03/2024,2.5,bags,
H03819,F0617,2024 Long Rains,Maize,08-Sep-24,4.9,bags,
H03820,F0617,2024 Short Rains,maize,26/02/2025,4.4,bags,
H03821,F0618,2019 Short Rains,Maize,2020-03-20,1693.0,KG,
H03822,F-0619,2019 Long Rains,Corn,2019-08-04,-10009.0,kgs,
H03823,F0619,LR 2020,wheat,2020-08-28,6149.0,kg,drought
H03824,F0619,LR 2021,Beans ,2021-06-25,631.0,kg,armyworm
H03825,F0619,2024 Long Rains,Maize,2024-08-22,4783.0,kg,
H03826,F0620,2019-SR,Beans,03/02/2020,312.0,kg,
H03827,F0620,2020 long rains,Maize,15/08/2020,1750.0,kg,
H03828,F0620 ,2020 Short Rains,Maize,24-Mar-21,646.0,kg,
H03829,F0620,LR 2021,Beans,"Jul 02, 2021",,KG,
H03830,F0620,2022-LR,MAIZE,2022-08-03,1317.0,kg,
H03831,F0620,2022 Short Rains,beans,01/02/2023,711.0,kg,
H03832,F0620,LR2023,Beans,27/06/2023,571.0,kg,
H03833,F0621,LR 2019,MAIZE,18/09/2019,8.8,90kg bag,partial harvest
H03834,F0621,2020-LR,Beans,2020-06-08,1.4,bags,
H03835,F0621,2020 SR,Maize ,10/03/2021,12.4,bags,
H03836,F0621,2021 Long Rains,maize,2021-08-01,1.9,90kg bag,
H03837,F-0621,2022 Long Rains,Maize,18-Aug-22,6.6,90kg bag,drought
H03838,F0621,2022 Short Rains,Maize,29/01/2023,,Bags,
H03839,F0622,LR 2019,beans,26-Jun-19,1232.0,kg,
H03840,F0622,2019 Short Rains,Wheat,09/03/2020,,Kg,drought
H03841,F0622,2020-LR,Wheat,2020-08-22,2766.0,KG,
H03842,F0622,2020 Short Rains,Beans,24/01/2021,186.0,kg,drought
H03843,F0622,2021-LR,Wheat ,2021-08-12,5.0,kg,crop failure
H03844,F0622,2022 long rains,Maize,2022-08-26,,kg,
H03845,F0622,2022 SR,Maize,2023-02-14,1678.0,kg,
H03846,F0622,2023 short rains,Maize,08/03/2024,146.0,kg,crop failure
H03847,F0622,LR 2024,Maize,23/08/2024,291.0,Kg,crop failure
H03848,F0622,2024 short rains,maize,11/03/2025,2667.0,kg,drought
H03849,F0623,2019 Long Rains,Maize ,2019-07-03,37.9,bags,pest damage
H03850,F0623,2019 SR,Maize,2020-03-03,35.2,bags,
H03851,F0623,2020-SR,Maize,29/03/2021,24.6,bags,
H03852,F0623,2022 Short Rains,Beans,2023-01-10,10.3,Bags,
H03853,F0624,2019 short rains,Maize,2020-02-19,1781.0,kgs,
H03854,F0624,LR2020,Maize,2020-08-02,869.0,kg,drought
H03855,F0624,2020 SR,Corn,2021-03-08,903.0,Kg,
H03856,F0624,LR2021,MAIZE,2021-07-31,658.0,Kg,
H03857,F0624,2021 short rains,Sorghum,13/02/2022,731.0,KG,
H03858,F0624,2022 Long Rains,Sorghum,2022-08-03,389.0,kg,
H03859,F0624,2022-SR,Maize,2023-03-23,809.0,kg,
H03860,F0624 ,2023 Long Rains,Sorghum,2023-07-19,696.0,kg,
H03861,F0624,2024-LR,maize,14-Jul-24,1187.0,kg,
H03862,F0624,2024 Short Rains,Sorghum,30/03/2025,707.0,kg,
H03863,F0625,LR 2019,Maize,03-Sep-19,10.8,bag,
H03864,F0625,SR 2022,Maize ,18/03/2023,11.0,bags,
H03865,F0626,2019 Short Rains,Beans,2020-02-02,209.0,kg,
H03866,F0626,2020 Long Rains,Maize,30-Aug-20,586.0,kg,
H03867,F0626,SR2021,Maize,2022-04-05,352.0,kg,
H03868,F0626,2022 Long Rains,Maize,2022-09-02,359.0,KG,
H03869,F0626,LR2024,maize,2024-07-24,608.0,kg,
H03870,F0627,2019-SR,beans,2020-01-26,13.8,bag,
H03871,f0627,2020 Long Rains,Maize,19/07/2020,14.3,bags,
H03872,F0627,SR 2021,Beans,22/01/2022,13.4,bags,
H03873,F0627,2022 LR,Maize,2022-09-16,21.2,Bags,
H03874,F0627,2023 Long Rains,Maize,2023-08-11,19.6,bags,
H03875,F0627,2023 short rains,Maize,25-Mar-24,18.4,bags,
H03876,F0627,2024 Long Rains,Corn,06/08/2024,25.0,bags,
H03877,F0627,2024 SR,Beans,2025-02-13,6.4,bags,
H03878,f0628,SR2020,Maize,22/03/2021,706.0,kg,drought
H03879,F0628,2021 Long Rains,Maize,03/09/2021,1712.0,kg,
H03880,F0628 ,2021 short rains,Maize ,08-Mar-22,3646.0,kg,
H03881,F0628,2022 long rains,MAIZE,2022-08-01,3875.0,Kg,
H03882,F0628,2023 LR,Beans,2023-06-17,638.0,kg,
H03883,F0628,2024 SR,Maize,2025-04-03,204.0,kg,crop failure
H03884,F0629,2020 SR,maize,2021-04-07,5.8,bags,drought
H03885,F0629,2021 SR,Beans,2021-12-22,2.5,bags,
H03886,F0629,2022-SR,beans,2023-01-12,54.0,bags,
H03887,F0629,2023 Short Rains,Beans,17/02/2024,2.6,90kg bag,
H03888,F0630,2020 Short Rains,Maize,2021-03-08,3.2,bags,
H03889,F0630,2023 Long Rains,wheat,2023-08-17,18.1,90kg bag,
H03890,F0630,2024 Long Rains,Beans,2024-07-04,3.1,bags,
H03891,F-0630,2024 Short Rains,WHEAT,28/02/2025,11.3,bags,
H03892,F0631,2019 short rains,Wheat,2020-02-28,32.2,bags,
H03893,F0631,2020 short rains,Beans,2021-01-15,9.2,Bags,
H03894,F0631,LR 2021,Maize,30/07/2021,43.1,Bags,
H03895,F0631,2021 short rains,Maize,2022-02-20,24.2,bags,
H03896,F0631,2022 Short Rains,Beans,17/01/2023,7.4,bags,
H03897,F0631,2023 long rains,beans,2023-07-05,9.7,bags,
H03898,F0631,2023 Short Rains,Beans,2024-01-03,0.7,bags,crop failure
H03899,F0631,2024 Long Rains,Maize,2024-08-09,68.0,bags,
H03900,F0632,2020 short rains,beans,2021-01-03,1076.0,kg,
H03901,F0632,2021-LR,Beans,2021-06-30,1101.0,Kg,
H03902,F0632,2022 Long Rains,Beans,2022-07-16,1955.0,kg,
H03903,F0632,2023 long rains,Beans,2023-07-04,1181.0,KG,
H03904,F0632,2023 Short Rains,Maize,14/02/2024,6256.0,kg,
H03905,F0632,2024-LR,Maize,10-Jul-24,3820.0,kg,
H03906,F0632,2024-SR,Maize,21/03/2025,1941.0,KG,
H03907,F0633,2019 Short Rains,Maize,12-Mar-20,7.5,bags,
H03908,F0633,2020 long rains,Sorghum,24/07/2020,2.6,bags,
H03909,F0633,2020 Short Rains,Maize,07/03/2021,3.7,Bags,
H03910,f0633,LR 2021,Beans,2021-06-14,0.7,bags,
H03911,F0633,2021 short rains,Maize,25/03/2022,5.8,Bags,
H03912,F-0633,2022 Long Rains,Beans,2022-07-05,0.6,bags,
H03913,F0633,SR2022,Maize,14-Feb-23,4.8,bags,
H03914,F0633,2024 Long Rains,Maize,2024-08-25,2.7,bags,
H03915,F0634,2019-SR,Wheat,2020-03-17,9.4,Bags,
H03916,F0634,LR2020,Wheat,2020-07-18,16.7,bags,
H03917,F0634,2022 long rains,Maize ,2022-06-30,6.8,Bags,
H03918,F0634,SR 2022,Maize,08/04/2023,4.0,bag,
H03919,F0634,2023 Long Rains,MAIZE,2023-09-10,16.5,bag,
H03920,F0634,LR 2024,Beans,08/07/2024,3.2,90kg bag,
H03921,F0634,2024 short rains,beans,10/02/2025,3.5,bags,
H03922,F0635,2019 LR,Maize,20/08/2019,4.7,90kg bag,
H03923,F0635,2020 Long Rains,Beans,2020-07-20,1.3,bags,
H03924,F0635,2020 Short Rains,Maize,2021-03-18,5.0,bag,
H03925,F0635,2021 Short Rains,Maize,21/02/2022,3.8,bag,drought
H03926,F0635,2022 Short Rains,Maize,2023-02-19,6.2,Bags,
H03927,F0635,2024 long rains,Maize,2024-07-30,7.6,bags,
H03928,F0635,SR 2024,maize,2025-03-13,3.4,Bags,
H03929,F0636,2019 Long Rains,Corn,2019-07-28,,kg,
H03930,F0636 ,2020 Short Rains,Maize,05/03/2021,2539.0,Kg,
H03931,F0636,LR 2021,Maize,18/09/2021,1745.0,kg,
H03932,F0636,2022-LR,Maize,2022-08-13,1247.0,kgs,
H03933,F0636,LR2023,Maize,19/08/2023,1358.0,kg,
H03934,F0637,2019 Long Rains,Beans,"Jul 18, 2019",0.2,Bags,crop failure
H03935,F0637,SR 2019,sorghum,18/02/2020,10.2,Bags,
H03936,F0637,2022 LR,Maize,2022-08-10,20.6,bag,
H03937,F0637,2024 Long Rains,Maize,"Aug 07, 2024",32.9,Bags,
H03938,F0637,2024 Short Rains,MAIZE,08/03/2025,20.2,bags,
H03939,F-0638,2019 Long Rains,MAIZE,2019-08-21,5.6,bags,
H03940,F0953,2019 SR,Sorgum,2020-03-02,1.9,Bags,
H03941,F0638,2020 Long Rains,BEANS,2020-05-31,1.4,bag,
H03942,F0638,2021 Short Rains,Sorghum,2022-03-04,3.8,Bags,
H03943,F0638,2022-SR,Maize,2023-03-23,2.7,90kg bag,drought
H03944,F0639,LR2019,Beans,2019-07-18,2.0,Bags,
H03945,F0639,SR 2019,Beans,04-Jan-20,3.3,bags,
H03946,F0639,2020 Long Rains,Sorgum,2020-07-30,4.7,Bags,
H03947,F0639,SR 2020,MAIZE,2021-02-12,7.8,Bags,
H03948,F0639,2021 Long Rains,Maize,2021-08-24,8.3,bags,
H03949,F0639,2022 Long Rains,Sorghum,2022-08-14,4.9,bags,
H03950,F0639,LR 2023,SORGHUM,"Aug 07, 2023",1.3,bags,
H03951,F0639,2024 LR,Sorghum,2024-07-11,2.6,,armyworm
H03952,f0639,2024 Short Rains,Sorghum,2025-03-10,2.4,90kg bag,
H03953,F0640,2019 LR,Wheat,2019-09-17,9.82,MT,
H03954,F0640 ,2020 Long Rains,Maize,17/08/2020,5.69,t,
H03955,F0640,2021 long rains,Wheat,13/09/2021,4.97,MT,
H03956,F0640,2021-SR,Beans,17-Feb-22,1.74,tonnes,
H03957,F0640,2022 SR,Wheat,23/03/2023,8.68,tonnes,
H03958,F0640,2024-LR,Maize,2024-07-10,10.38,t,
H03959,F0641,2019 Long Rains,Maize,26-Jul-19,19.3,bags,
H03960,F0641,2020-LR,Maize,31/07/2020,15.6,bags,
H03961,F0641,2020 Short Rains,Beans,"Jan 14, 2021",5.8,bags,
H03962,F0641,2021 long rains,beans,23/07/2021,1.8,bags,
H03963,F0641,2021 short rains,BEANS,21/01/2022,4.2,Bags,
H03964,F0641,2022 Long Rains,Beans,2022-06-24,1.1,bags,
H03965,F0641,2022 Short Rains,Maize,24/02/2023,11.8,bags,
H03966,F0641,2024 Short Rains,maize,2025-02-22,9.8,bags,
H03967,F0642,2019 Short Rains,Sorghum ,2020-03-09,2.5,bags,
H03968,F0642,LR 2022,beans,2022-07-15,0.6,bags,
H03969,F0642,2023 Long Rains,MAIZE,2023-08-14,5.4,bags,late planting
H03970,F0642,2024 Long Rains,Maize,2024-08-01,7.6,Bags,
H03971,F0642,2024-SR,Maize,23-Mar-25,3.2,90kg bag,
H03972,F0643,LR2019,Maize,2019-07-11,57.2,bags,
H03973,F0643,2020 Long Rains,Maize,2020-07-01,45.7,bags,
H03974,F0643 ,SR 2020,Sorghum,2021-02-13,15.1,90kg bag,drought
H03975,F0643,2022 Short Rains,Beans,2023-01-27,4.6,bags,
H03976,F0644,2019 LR,maize,2019-08-03,5.5,bags,
H03977,F0644,2019 Short Rains,Corn,2020-03-20,5.0,bags,
H03978,F0644,2020 Short Rains,Beans,2021-02-23,1.8,Bags,
H03979,F0644,LR2021,Beans,2021-07-09,1.5,bag,
H03980,F0644,2021 Short Rains,Maize,2022-03-22,10.2,bags,
H03981,F0644,LR 2024,Sorghum,2024-06-21,5.0,bags,
H03982,F0645,2020 Long Rains,Maize,2020-09-09,3165.0,kgs,
H03983,F0645,2022 LR,Maize,08/08/2022,471.0,kg,
H03984,F0645,SR 2022,MAIZE,08/03/2023,1274.0,kg,
H03985,F0645,2023 LR,Beans,2023-07-21,202.0,Kg,
H03986,F0645,2024-SR,Beans,2025-01-19,555.0,KG,
H03987,F0646,2019 long rains,Corn,21/07/2019,3154.0,kg,
H03988,F0646,2019 short rains,Wheat,2020-03-18,2612.0,kg,
H03989,F0646,2020 Long Rains,MAIZE,2020-07-25,3674.0,Kg,
H03990,F0646 ,SR 2020,Beans,2021-02-06,1123.0,Kg,
H03991,F0646,2021 Long Rains,Wheat,2021-08-12,6830.0,kg,
H03992,F0911,2021-SR,MAIZE,2022-03-13,113.0,kg,crop failure
H03993,F0646,2022-SR,Maize,2023-03-03,6840.0,kg,
H03994,F0646,2023 Long Rains,Maize,06/08/2023,3491.0,kg,
H03995,F0646,2024 LR,Wheat,26/07/2024,7055.0,KG,
H03996,F0647,2019-LR,maize,2019-08-11,10.2,bag,
H03997,F0647,2019 SR,Maize,2020-03-27,11.5,Bags,
H03998,F0647,2020 Long Rains,Maize,2020-08-12,14.0,Bags,
H03999,F0647,LR 2021,Maize,2021-08-31,4.2,bags,
H04000,F0647,2021 SR,Maize,2022-03-27,11.3,bags,
H04001,F0647,2023 long rains,Sorghum,02/08/2023,3.8,bags,
H04002,F0647,2023 Short Rains,Maize,2024-03-08,14.1,bag,
H04003,F0648,2019 LR,Maize,06/08/2019,26.8,bags,
H04004,F0648,2019 Short Rains,Maize,23/03/2020,23.6,bags,
H04005,F0648,2020-LR,Corn,07-Sep-20,25.7,bags,
H04006,F0648,2021 short rains,Wheat,31/03/2022,14.6,bags,
H04007,F0648,2022 Long Rains,beans,12/07/2022,3.9,Bags,
H04008,F0648,2022 Short Rains,Beans,2023-02-16,4.8,bags,
H04009,F0648,2024 short rains,maize,2025-02-19,19.3,bag,
H04010,F0649,2019 LR,Maize,30/07/2019,53.6,bags,
H04011,F0649,SR2019,Maize,2020-02-21,18.0,bags,
H04012,F0649,2020-LR,Maize,26-Jun-20,29.7,90kg bag,
H04013,F0649,2020 Short Rains,Beans,2021-01-05,4.0,bags,drought
H04014,F0649,2021 Long Rains,Maize,2021-08-04,20.3,bags,
H04015,F0649,2021-SR,Beans,2021-12-30,7.0,Bags,
H04016,F0649,LR 2022,Maize,2022-07-31,22.8,bag,
H04017,F-0649,2023 SR,wheat,2024-03-05,27.4,bags,
H04018,F0650,2020 Long Rains,Maize,2020-07-21,25.9,bags,
H04019,F0650,SR 2020,Beans,2021-01-31,4.9,Bags,
H04020,F0651,2020 Short Rains,Maize,19/03/2021,6.2,Bags,
H04021,F0651,LR2021,Maize,2021-08-18,8.1,bags,
H04022,F0651,2022 Long Rains,Wheat,06/09/2022,19.3,bags,
H04023,F0651,2022 Short Rains,Maize,07/02/2023,4.5,Bags,
H04024,F0651,2023 long rains,Maize,17-Aug-23,11.5,bags,
H04025,F0651,2024 Long Rains,Beans,29/05/2024,4.7,bags,
H04026,F0652,2019 Short Rains,Beans,20/02/2020,761.0,Kg,
H04027,F0652,LR 2020,Wheat,2020-08-30,4619.0,KG,
H04028,F0652,2021 LR,Maize,2021-08-06,935.0,kg,
H04029,F0652,2021-SR,Beans,2022-01-12,805.0,kg,
H04030,F0652,2022-SR,Maize,2023-03-05,3033.0,kgs,
H04031,F-0652,2023-SR,maize,2024-02-28,2242.0,Kg,
H04032,F0652,2024 Short Rains,Corn,13/02/2025,2132.0,KG,
H04033,F0653,LR2019,Maize,2019-09-13,9.7,bags,
H04034,F0653,2019 Short Rains,maize,2020-02-26,14.1,bags,
H04035,F0653,2020 Short Rains,Beans,2021-01-23,2.8,bags,
H04036,F0653,2021-SR,maize,04-Apr-22,15.3,,
H04037,F0653,2022 Short Rains,Maize,22/02/2023,19.5,bags,
H04038,F0653,LR 2023,Bean,2023-06-26,2.3,bag,
H04039,F0653,2024 Short Rains,Corn,2025-03-12,9.0,bag,
H04040,F0654,2019 SR,Sorghum,11/03/2020,1.19,t,
H04041,F0654,2020 LR,Sorghum,24/08/2020,1.12,t,
H04042,f0654,2021 Long Rains,Maize,2021-08-19,1.0,tonnes,
H04043,F0654,2021 Short Rains,Maize,03/04/2022,2.34,tonnes,
H04044,F-0654,2023 long rains,Maize,2023-07-14,1.0,tonnes,
H04045,F0654,2023 Short Rains,Maize,2024-04-08,1.9,tonnes,
H04046,F0654,2024-LR,Maize,04/08/2024,2.65,tonnes,
H04047,F0655,2020 Long Rains,MAIZE,2020-09-02,2501.0,Kg,
H04048,F0655,2022 Long Rains,Beans,26/07/2022,649.0,kg,
H04049,F0655,2022 Short Rains,Beans,2023-02-14,822.0,kg,
H04050,F0656,LR 2020,Beans,2020-06-29,1.1,Bags,late planting
H04051,F0656,SR 2020,Maize,12/03/2021,5.1,bags,
H04052,F0656,2023 Short Rains,Beans,2024-01-22,2.1,bags,
H04053,F0657,2019 SR,Beans,2020-01-06,5.7,bag,
H04054,F0657,2021 LR,wheat,2021-08-17,1.3,bags,crop failure
H04055,f0657,SR2021,Maize,23/02/2022,17.3,bags,
H04056,F-0657,LR 2023,wheat,2023-07-12,14.9,bags,
H04057,F0658,2019 short rains,Sorghum,01/02/2020,3.1,bags,
H04058,F0658,2020 short rains,Maize,2021-03-03,5.2,Bags,drought
H04059,F0658,LR2021,Sorghum,2021-07-22,4.6,bags,
H04060,F0658,SR2021,Maize,2022-02-06,5.2,bags,
H04061,F0658,2023 Long Rains,Maize,2023-07-09,8.0,bags,
H04062,F0658,2024 LR,beans,27/06/2024,2.4,bags,
H04063,F0658,2024-SR,Maize,"Mar 08, 2025",4.4,bag,
H04064,F0659,LR 2019,Maize,2019-08-11,356.0,kg,
H04065,F0659,2020 Long Rains,maize,13/08/2020,,kg,
H04066,F0659,SR 2020,beans,2021-01-25,210.0,kg,
H04067,F0659,2021 Long Rains,Beans,2021-06-14,234.0,Kg,
H04068,F0659,2022-SR,Beans,2023-01-17,176.0,kg,
H04069,F0659,LR2024,Maize,19/09/2024,639.0,kg,
H04070,F0660,SR 2020,Wheat,2021-03-05,0.36,tonnes,drought
H04071,F0660,2021 Long Rains,Beans,2021-07-06,0.38,tonnes,
H04072,F0660,2021-SR,Beans,12/01/2022,,,
H04073,F0660,2022 long rains,Beans,23/06/2022,0.46,tonnes,
H04074,F0660,2023 LR,Beans,18/06/2023,-0.34,tonnes,
H04075,f0660,2023-SR,wheat,02-Apr-24,1.11,tonnes,
H04076,F0660,2024 Short Rains,Wheat,2025-02-24,0.9,t,
H04077,F0661,LR2019,Beans,2019-07-06,5.6,bags,
H04078,F0661,2020-LR,Sorghum,05-Aug-20,10.1,bags,
H04079,F0661,SR 2021,Maize,2022-03-02,20.8,bags,
H04080,F0661,2022 Long Rains,beans,2022-07-13,4.7,bags,
H04081,F0661,2022 Short Rains,maize,13/03/2023,13.2,bags,
H04082,F0661,2023-SR,Maize,23/02/2024,13.9,bags,drought
H04083,F0661,2024 LR,Beans,"Jun 25, 2024",9.9,Bags,
H04084,F0661,2024 Short Rains,Beans,2025-01-16,13.4,bags,
H04085,F0662,LR 2019,Beans,2019-06-11,153.0,kg,
H04086,F0662,2021 Short Rains,MAIZE,28-Jan-22,567.0,Kg,
H04087,F0662,LR 2023,Corn,2023-08-29,262.0,kgs,
H04088,F0662,2023 Short Rains,Maize,2024-03-16,512.0,kgs,
H04089,F0663,2019-LR,Maize,02/07/2019,0.5,bags,crop failure
H04090,F0663,SR 2019,Beans,18-Jan-20,7.4,90kg bag,
H04091,F-0663,2020-SR,Beans,07/02/2021,3.7,bags,
H04092,F0663,2021 Long Rains,sorghum,2021-07-07,1.9,bags,
H04093,F0663,SR 2021,Corn,11/04/2022,24.6,bag,
H04094,F0973,LR 2022,Maize,2022-09-01,7.3,90kg bag,
H04095,F0663,2024 Long Rains,Beans,27/06/2024,5.4,bags,
H04096,F0663,2024 SR,Sorghum,2025-03-18,5.5,Bags,
H04097,F0664,2019 long rains,Maize,23/09/2019,13.1,Bags,
H04098,F0664,LR2020,beans,2020-07-11,3.4,bags,
H04099,F0664,SR2020,Maize,2021-03-29,11.4,Bags,
H04100,F-0664,LR2021,Maize,2021-07-16,12.4,bags,
H04101,F0664,LR 2022,beans,10/06/2022,0.9,bag,
H04102,F0664,SR 2023,Maize,07-Mar-24,7.9,Bags,
H04103,F0664,2024-LR,Corn,2024-08-05,14.6,90kg bag,
H04104,F0665,2019 Long Rains,Maize,2019-09-11,13.9,bags,
H04105,F0665,2019 Short Rains,maize,16-Mar-20,17.1,bags,
H04106,F0665,2020 Long Rains,Maize,"Jul 27, 2020",8.7,bags,
H04107,F0976,2020 Short Rains,Maize,2021-02-03,13.8,bag,
H04108,F0665,2021 long rains,MAIZE,04-Jul-21,10.7,bags,
H04109,F0665,2021 Short Rains,Maize,"Feb 13, 2022",15.6,bags,
H04110,F0665,2022 long rains,Maize,2022-07-07,8.2,bags,
H04111,F0665,2023 long rains,Beans,2023-07-08,2.1,Bags,
H04112,F0666,2019 Short Rains,Maize,2020-02-18,12.4,bags,armyworm
H04113,F0666,2020-LR,Maize,2020-07-26,18.9,bags,
H04114,F0666,2020 SR,Maize,2021-02-23,9.8,bags,drought
H04115,f0666,2022 Short Rains,Wheat,07/03/2023,31.3,bags,
H04116,F0666,SR2023,Maize,06/03/2024,38.5,,
H04117,F0667,LR2019,Maize,02/08/2019,54.4,90kg bag,
H04118,F0667 ,2020 Long Rains,maize,06/09/2020,2.9,bag,crop failure
H04119,F0667,2020 Short Rains,Beans,07-Feb-21,18.7,bags,
H04120,F0667,LR2021,Maize,2021-07-19,44.5,Bags,
H04121,F0667,LR 2022,Sorghum,2022-07-05,13.6,bag,
H04122,F0667,2022-SR,sorghum,2023-01-25,0.7,bags,crop failure
H04123,F0667,2024 Short Rains,Beans,2025-01-28,11.8,bags,
H04124,F0668,2020 Long Rains,SORGHUM,01/07/2020,1068.0,kg,
H04125,F0668,2020 SR,Sorghum,31/01/2021,718.0,Kg,
H04126,F0668,LR 2021,Maize,2021-07-25,426.0,kg,
H04127,F0668,2021 Short Rains,Beans,2022-02-14,378.0,kg,
H04128,F0668,SR 2022,Maize,2023-03-04,872.0,kg,
H04129,F0668,2023-SR,Beans ,2024-01-11,675.0,kg,
H04130,F0668,LR2024,Maize,05/08/2024,1387.0,kg,
H04131,F0668,2024 Short Rains,Beans,2025-01-26,532.0,kg,
H04132,F0669,2019-LR,Maize,2019-08-03,2327.0,kg,
H04133,F0669,2020 Long Rains,maize,11-Jul-20,1852.0,kg,
H04134,F0669,2020 Short Rains,SORGHUM,2021-03-07,,Kg,
H04135,F0669,2021 Long Rains,Beans,14/07/2021,229.0,kgs,
H04136,F-0669,LR2022,Maize,2022-07-24,1456.0,kg,
H04137,F0669,2022 Short Rains,Corn,28/02/2023,1642.0,kg,
H04138,F0669,LR 2024,Sorghum,2024-06-19,1159.0,kg,
H04139,F0669,2024 SR,Beans,2025-01-16,542.0,kg,
H04140,F0670,LR2019,Sorghum,2019-08-07,557.0,Kg,
H04141,F0670,2019 Short Rains,Maize,06/02/2020,538.0,KG,
H04142,F0670,LR 2021,maize,04-Jul-21,1448.0,kg,
H04143,F0670 ,2021-SR,beans,2022-02-17,229.0,kg,
H04144,F0670,2023-LR,Beans,2023-07-16,540.0,KG,
H04145,F0670,2024 Long Rains,Maize,"Jul 06, 2024",2104.0,kg,
H04146,F0670,2024-SR,Beans,06-Feb-25,393.0,kg,
H04147,F0671,2019-LR,beans,13/06/2019,-20.8,bags,
H04148,F0671,2020 Long Rains,maize,2020-07-08,89.9,90kg bag,
H04149,F0671,2020 short rains,Maize,2021-03-14,64.1,bags,
H04150,f0671,2022 Short Rains,beans,2023-02-09,22.0,bags,
H04151,F0671,2023 Long Rains,Beans,04/07/2023,21.5,bags,
H04152,F0672,2019 Long Rains,Beans,2019-07-01,820.0,kgs,
H04153,F0672,SR 2019,Maize,"Mar 13, 2020",2483.0,kg,
H04154,F0672,LR 2021,MAIZE,2021-08-07,1207.0,kg,
H04155,F0672 ,2021 short rains,Wheat,2022-04-02,2307.0,kg,
H04156,F0672,2022-SR,Corn,23/03/2023,692.0,Kg,
H04157,F0672,2024 LR,beans,11/07/2024,1070.0,Kg,
H04158,F0672,SR2024,Beans,2025-01-18,635.0,kg,
H04159,F0673,2019-LR,Wheat,23-Aug-19,28.8,Bags,
H04160,F0673,2019-SR,Maize,25/02/2020,59.8,90kg bag,
H04161,F0673,2020 LR,maize,2020-08-20,24.9,bags,
H04162,F0673,LR 2021,Wheat,2021-09-16,19.1,bags,
H04163,F0673,2021 Short Rains,Wheat,2022-04-03,47.4,bags,
H04164,f0673,2023-LR,MAIZE,11-Aug-23,973.0,Bags,
H04165,F0673,2023-SR,Maize,2024-03-25,42.7,bags,drought
H04166,F0673,2024 Long Rains,Beans,2024-06-19,12.1,bags,
H04167,f0673,SR 2024,Wheat,03/04/2025,46.3,bags,
H04168,F0674,2019 Short Rains,Sorghum,2020-02-02,0.78,tonnes,
H04169,F0674,LR 2020,Beans,2020-06-01,0.68,t,
H04170,F0674,2020 short rains,Sorghum,2021-03-14,0.72,tonnes,drought
H04171,F0674,2021 Long Rains,Sorghum,2021-08-13,0.26,MT,
H04172,F0674,2021 Short Rains,Sorghum,2022-02-13,0.01,t,crop failure
H04173,f0674,2022 LR,Maize,2022-08-28,2.33,t,
H04174,F0674,SR 2023,Sorghum,2024-03-05,0.29,tonnes,
H04175,F0675,2023 Long Rains,Beans,2023-07-09,1.2,bags,
H04176,F0675,2023 Short Rains,Maize,2024-02-17,13.1,bag,
H04177,F0675,2024 Long Rains,beans,2024-06-15,5.1,Bags,late planting
H04178,F0676,2019 short rains,BEANS,2020-01-17,199.0,kg,
H04179,F0676,2022-LR,Beans,2022-07-07,67.0,kg,
H04180,F0676,2022-SR,Beans,15/01/2023,121.0,kg,
H04181,F0676,2023 Short Rains,Beans,28/01/2024,153.0,kg,
H04182,F0676,2024 Short Rains,Beans,2025-01-02,176.0,kgs,
H04183,F0946,2019 Short Rains,Maize ,21/03/2020,24.2,bags,
H04184,F0677,2020-LR,Beans ,2020-06-25,19.6,bags,
H04185,F0677,LR2021,Wheat,2021-07-27,36.7,bags,
H04186,F0677,SR 2021,Wheat,2022-02-27,46.4,90kg bag,
H04187,F0677,SR 2024,Wheat ,20/03/2025,51.0,bags,
H04188,F0678,2019-LR,Maize,2019-08-08,-14.5,Bags,
H04189,F0678,2019 SR,Beans,2020-01-09,5.1,Bags,
H04190,F0678,2020 LR,Beans ,2020-06-04,1.0,bags,
H04191,F0678,2022 Long Rains,Sorghum,2022-07-27,3.4,bag,
H04192,F0678,2022 SR,Maize,2023-02-13,9.8,bags,
H04193,F0678 ,2024 long rains,MAIZE,2024-09-10,12.5,bags,
H04194,F0679,2019 Short Rains,beans,28/02/2020,7.8,bags,
H04195,F0679,2020 Long Rains,Sorgum,2020-07-20,10.9,Bags,
H04196,f0679,2020-SR,Sorghum,27/02/2021,9.8,Bags,
H04197,F0679,2021-LR,maize,04-Jul-21,7.2,bag,
H04198,F0679,2023 Long Rains,MAIZE,2023-09-12,32.1,Bags,
H04199,F0679,2023 Short Rains,Sorghum,2024-03-06,7.2,bags,
H04200,F0680,2019 LR,Beans,2019-06-15,1.3,bags,armyworm
H04201,F0680,2019 short rains,Beans,2020-01-15,1.0,bags,late planting
H04202,F0680,2021 LR,Beans,2021-07-09,1.3,bags,
H04203,F0680,2022 Long Rains,Corn,2022-08-22,3.9,Bags,
H04204,F0680,2024 Short Rains,Maize,2025-04-02,3.2,bags,
H04205,F0681,2019 long rains,Maize,07-Sep-19,8.2,,
H04206,F0681,2019 short rains,Maize,2020-03-16,23.1,bags,
H04207,F0681,LR2021,Bean,2021-07-20,2.5,bags,
H04208,F0681,2022-LR,Beans,30/05/2022,3.0,bags,armyworm
H04209,F0681,2022 Short Rains,Maize,2023-02-18,10.4,bag,
H04210,F0681,2023-LR,Wheat,"Aug 07, 2023",6.2,Bags,
H04211,F-0681,2023 Short Rains,Beans,12/01/2024,2.2,bags,
H04212,F0681,2024 Long Rains,Maize,2024-08-08,25.6,Bags,
H04213,F0682,2020 Long Rains,Beans,2020-07-19,4.0,bags,
H04214,F0682,2020 Short Rains,Maize,2021-02-15,14.3,bag,
H04215,F0682,2021 Long Rains,Maize,30-Aug-21,,bags,
H04216,F0682,2022 Short Rains,maize,2023-02-01,36.5,bags,
H04217,F0682,2023-LR,Beans,2023-07-02,5.1,Bags,
H04218,F0682,2024 Long Rains,beans,22/06/2024,7.0,bags,
H04219,F0682,2024-SR,Beans ,2025-01-14,3.2,Bags,
H04220,F0683,2019 Long Rains,Beans,04-Jun-19,11.7,90kg bag,
H04221,F0683,SR 2019,Maize,2020-03-02,14.9,bags,
H04222,F0683,SR 2020,Wheat,2021-03-14,321.0,90kg bag,
H04223,F0683,2021 Long Rains,Maize,2021-09-05,27.2,Bags,
H04224,F0683,2022-LR,Maize,2022-08-02,20.1,bags,
H04225,F0683,2022 Short Rains,maize,12/04/2023,19.1,Bags,
H04226,F0683,2024 Short Rains,Beans,2025-02-17,3.1,Bags,
H04227,F0684,SR 2019,Maize,"Mar 16, 2020",24.4,bag,
H04228,F0684,SR 2020,Maize,19-Mar-21,39.2,bags,
H04229,F0684,2021 Short Rains,Wheat,23/02/2022,25.0,90kg bag,
H04230,F0684,2022 Short Rains,Wheat,2023-03-05,35.4,bags,
H04231,F0684,2023 Short Rains,Beans,2024-01-28,11.7,Bags,
H04232,F0684,2024 Long Rains,maize,2024-08-22,19.6,bag,
H04233,F0684,2024 SR,Maize,2025-02-05,29.2,bags,
H04234,F0685,2019 Long Rains,SORGHUM,2019-08-13,3.2,Bags,
H04235,F0685,SR 2021,SORGHUM,2022-02-10,3.6,bags,
H04236,F0685,2022 Short Rains,Sorghum,10/02/2023,0.1,90kg bag,crop failure
H04237,F0686,2019 Long Rains,maize,2019-08-05,747.0,Kg,
H04238,F0686,2020 Short Rains,Maize,2021-02-14,1286.0,Kg,
H04239,F0686,2021 Long Rains,Bean,2021-07-07,272.0,Kg,
H04240,F0686,LR2023,Sorghum,2023-07-08,656.0,kg,
H04241,F0686,2023-SR,Beans,26/01/2024,468.0,kg,
H04242,F0687,LR2019,Beans,2019-06-02,12.3,bag,
H04243,F0687,2019 Short Rains,Beans,2020-01-30,13.6,bags,
H04244,F0687,LR 2021,Beans,2021-07-25,13.4,bag,
H04245,F0687,2022-LR,Beans,2022-07-12,12.9,bag,
H04246,F0687,2022 SR,Maize,"Mar 24, 2023",24.2,bags,
H04247,F0687,2023 Long Rains,Maize,28/08/2023,48.0,90kg bag,
H04248,F0687,2023 Short Rains,Beans,"Jan 11, 2024",9.7,bags,
H04249,F0687 ,2024 Long Rains,Wheat,2024-08-07,57.5,bags,
H04250,F0688,2019 Short Rains,Maize,2020-03-27,8.6,tonnes,
H04251,F0688,SR 2020,Wheat,15/03/2021,20.12,tonnes,
H04252,F0688,2021 Long Rains,Wheat,22/08/2021,17.17,tonnes,
H04253,F0688,SR 2022,Maize,2023-03-19,11.91,tonnes,
H04254,F0688,2023 SR,Wheat,29/02/2024,10.6,tonnes,
H04255,F0688,2024 short rains,Maize,13-Apr-25,9.39,tonnes,
H04256,F0689,LR 2019,Maize,2019-08-08,1158.0,kg,
H04257,F0689,SR 2019,Maize,19/03/2020,542.0,kgs,
H04258,F0689,LR2021,Sorghum,06-Jul-21,305.0,kg,
H04259,F0689,2022 Long Rains,Sorghum,2022-07-03,94.0,kg,
H04260,F0689,2022 Short Rains,Maize,19/02/2023,713.0,kg,
H04261,F0689,2023 long rains,Sorghum,"Jul 01, 2023",171.0,KG,
H04262,F0689,2024 Short Rains,Beans,2025-02-01,256.0,kg,
H04263,F0690,LR 2019,Maize,2019-09-18,1808.0,kgs,
H04264,F0690,2019 Short Rains,beans,21/02/2020,787.0,kg,
H04265,F0690,LR 2020,Maize,2020-08-19,2277.0,kg,
H04266,F0690,2022 Long Rains,Maize,2022-07-25,909.0,Kg,
H04267,F0690,2022 SR,Maize,2023-03-07,3725.0,kg,
H04268,F0690,2023-LR,maize,2023-08-06,793.0,kg,pest damage
H04269,F0690,2023 Short Rains,Maize,22/03/2024,1372.0,kg,
H04270,F0690,2024 SR,Maize,2025-02-13,2601.0,kg,
H04271,F0691,2019 Long Rains,Beans,2019-07-28,298.0,Kg,
H04272,F0691,2020 Long Rains,maize,29/07/2020,903.0,kg,
H04273,F-0691,2020-SR,MAIZE,2021-04-02,628.0,kg,
H04274,F0691,2021 short rains,Wheat,"Mar 08, 2022",955.0,kg,
H04275,F0691,2022 Long Rains,Maize,04/08/2022,2731.0,Kg,
H04276,F0691,SR 2022,Beans,20/01/2023,431.0,,
H04277,F0691,2024 Long Rains,Beans,29-Jul-24,388.0,kg,
H04278,F0691,SR 2024,Beans,2025-01-26,149.0,kgs,
H04279,F0692,2019 Short Rains,Maize,2020-02-27,1618.0,kg,drought
H04280,F0692,2020 Short Rains,Maize,2021-04-06,1094.0,Kg,drought
H04281,F0692,2022 long rains,Maize,2022-08-19,7658.0,Kg,
H04282,F0692,SR 2022,Wheat,2023-03-05,10649.0,kg,
H04283,F0692,2023 Long Rains,Wheat,2023-08-18,9250.0,kg,
H04284,F-0692,SR 2023,Beans ,07/02/2024,1537.0,kg,
H04285,f0692,LR 2024,Maize,2024-08-08,4780.0,kgs,
H04286,F0693,2019 SR,Wheat,2020-03-31,2842.0,kg,drought
H04287,F0693,LR 2020,beans,2020-06-07,608.0,Kg,
H04288,F0693,2020 Short Rains,Maize,23/02/2021,573.0,KG,drought
H04289,F0693,2023 Long Rains,maize,2023-07-12,145.0,Kg,crop failure
H04290,F0693,2023 short rains,Maize,"Mar 08, 2024",1852.0,kg,
H04291,F0694,2020 Long Rains,Maize,2020-08-21,27.7,bag,
H04292,F0694,SR 2020,maize,22/02/2021,43.2,bags,
H04293,f0694,2021 Short Rains,Wheat,2022-04-20,29.7,bags,
H04294,F0694,2022 SR,beans,2023-01-17,8.1,bag,
H04295,F0694,2023 Long Rains,maize,2023-08-03,22.3,bags,
H04296,F0694,2023 short rains,Wheat,2024-03-10,16.9,bags,drought
H04297,F0695,2019-LR,Sorghum ,2019-08-24,628.0,kg,
H04298,F0695,2019 Short Rains,sorghum,2020-02-25,517.0,kg,
H04299,F0695,SR2020,Sorghum,03/02/2021,486.0,Kg,
H04300,F0695,SR2021,Maize,2022-04-06,1378.0,kg,
H04301,F0695,2022 Long Rains,Beans,22/06/2022,2.0,kg,crop failure
H04302,F0695,2024 long rains,BEANS,2024-06-05,390.0,kg,
H04303,F0695,2024 Short Rains,Beans,04-Jan-25,2.0,kg,crop failure
H04304,f0696,2019-LR,Beans,2019-07-24,253.0,kg,
H04305,F0696,LR 2020,Maize,"Jul 17, 2020",1543.0,kg,
H04306,F0696,SR2021,Maize,2022-02-19,1043.0,Kg,
H04307,F0696,2022 Long Rains,maize,2022-07-29,527.0,kg,
H04308,F0696,2022 Short Rains,Maize,2023-02-19,1427.0,Kg,
H04309,F0696,LR 2023,Maize,14-Aug-23,678.0,Kg,
H04310,F0696,SR2023,Maize,17/02/2024,,kg,
H04311,F0696,2024-LR,Wheat,2024-08-09,1553.0,kg,
H04312,F0697,2020 Short Rains,Maize,2021-02-13,307.0,Kg,
H04313,F0697,LR 2021,Beans,2021-07-08,99.0,KG,
H04314,F0697 ,SR 2022,Maize,2023-02-22,231.0,Kg,
H04315,F0697,2023 long rains,Beans,2023-07-06,82.0,kg,
H04316,F0697,2024 Long Rains,Sorghum,30-Aug-24,149.0,kg,
H04317,F0698,2019 long rains,Maize,2019-09-10,13.5,bags,
H04318,F0698,2019 short rains,MAIZE,2020-02-18,7.4,bags,
H04319,F0698,LR2020,Maize,15-Aug-20,6.2,Bags,
H04320,F0698,2020 SR,Wheat,01-Mar-21,5.2,bag,drought
H04321,F0698,LR 2023,Maize,16-Aug-23,10.7,bag,
H04322,F0698,2023-SR,Beans,21-Feb-24,2.0,bags,
H04323,F0698,LR2024,Beans,2024-06-13,-4.9,bags,
H04324,F0698,2024-SR,Wheat grain,31-Mar-25,10.9,bags,
H04325,F0699,2021 Long Rains,Wheat,2021-08-24,3748.0,kgs,
H04326,F0699,SR 2021,Wheat,16/02/2022,6160.0,Kg,
H04327,F0699,2022-SR,Maize,2023-02-17,162.0,Kg,crop failure
H04328,F0699,LR2023,Wheat grain,2023-08-29,4845.0,Kg,drought
H04329,F0699,LR 2024,Maize,17/07/2024,6374.0,kg,
H04330,F0699,2024-SR,Wheat,2025-03-01,115.0,kg,crop failure
H04331,F0933,2020 SR,Maize,2021-01-25,1.01,tonnes,drought
H04332,F0700,2022 long rains,Beans,2022-05-30,0.23,tonnes,
H04333,F0700,2024 Long Rains,Bean,2024-05-26,0.42,tonnes,
H04334,F0701,2020-LR,Beans,2020-06-14,1163.0,kg,
H04335,F0701,2020-SR,Maize,04/03/2021,4047.0,kg,
H04336,F0701,2021 Long Rains,Maize ,2021-07-28,1233.0,kg,
H04337,F0701,2021-SR,Beans,2022-02-22,850.0,kg,
H04338,F0701,2022 Short Rains,Beans,2023-02-17,491.0,kg,
H04339,F0701,2024 Short Rains,sorghum,22/02/2025,863.0,kg,
H04340,F0702,2019-SR,MAIZE,27-Jan-20,10.0,bags,
H04341,F0702,LR2020,Beans,2020-07-07,6.5,bags,
H04342,F0702,SR 2021,Maize,17-Mar-22,1.0,Bags,crop failure
H04343,F0702,LR 2022,Maize,08-Aug-22,10.2,Bags,
H04344,F0702,2022 Short Rains,Maize,2023-03-12,15.5,bags,
H04345,F0702,2023 LR,Maize,2023-08-04,9.0,bags,
H04346,F0702,2024 short rains,Sorghum,07/03/2025,3.0,bags,
H04347,F0703,2021 long rains,Maize,2021-08-27,11.0,bags,
H04348,F0703,2022 Short Rains,Maize,16-Mar-23,15.8,bags,partial harvest
H04349,F0703,2024 Long Rains,Maize,2024-09-07,14.9,90kg bag,
H04350,F0704,2019 Short Rains,Beans,10/01/2020,1.1,bags,
H04351,F0704,2022 Long Rains,beans,2022-05-20,1.4,bags,
H04352,F0704,2022-SR,Beans,2023-02-09,0.7,bags,
H04353,F0704,2023-LR,Beans,2023-06-22,,bags,
H04354,F0704,SR 2023,Maize,2024-03-16,1.9,Bags,
H04355,F0704,2024 long rains,Maize,24/07/2024,3.6,bags,
H04356,F0705,2020-LR,Corn,19-Aug-20,25456.0,kg,
H04357,F0705,SR2020,Maize,12/03/2021,4161.0,kg,drought
H04358,F0705,LR2021,Wheat,2021-08-07,7673.0,Kg,
H04359,F0705,2021 Short Rains,Maize,23/03/2022,11226.0,kgs,
H04360,F0705,2022 LR,Maize,02-Aug-22,27123.0,kg,
H04361,F0705,SR 2023,Maize ,22/03/2024,11454.0,kg,
H04362,F0705,SR2024,Wheat,"Apr 18, 2025",13195.0,kg,drought
H04363,F0706,2019-LR,maize,2019-07-29,8.8,90kg bag,
H04364,F0706,2019 Short Rains,Maize,11-Mar-20,8.5,bags,
H04365,F0706,2020 Long Rains,Maize,2020-09-07,8.1,bags,
H04366,F0706,2020-SR,maize,2021-03-11,4.0,bags,
H04367,F0706,2021 Short Rains,Beans ,15/02/2022,3.3,bags,drought
H04368,F0706,2022 Short Rains,Beans,11/01/2023,2.6,90kg bag,
H04369,F0706,2023 LR,Beans,2023-07-19,1.4,bags,
H04370,F0706,2023 SR,Corn,2024-02-19,11.1,bags,
H04371,F0706,LR 2024,Maize,2024-07-20,7.6,bag,
H04372,F0707,2020 LR,Maize,"Jul 28, 2020",34.9,90kg bag,
H04373,F0707,2021 Long Rains,Beans,2021-07-18,5.4,bag,
H04374,F0707,2021 Short Rains,Sorghum,18/03/2022,14.3,90kg bag,
H04375,F0707,2022 Short Rains,Maize ,14-Feb-23,23.2,bags,
H04376,F0707,2023 Long Rains,Corn,2023-07-04,17.1,Bags,
H04377,F0964,2024 Short Rains,Sorghum,20-Mar-25,8.7,bag,partial harvest
H04378,F0708,2020 short rains,wheat,2021-03-26,38.7,bags,
H04379,F0708,2021 Short Rains,Corn,20-Mar-22,86.2,Bags,
H04380,F-0708,SR 2022,Maize,2023-02-28,42.5,bags,
H04381,F0708,LR2023,MAIZE,28/08/2023,20.5,bags,drought
H04382,F0708,2023-SR,Beans ,2024-02-01,12.1,bag,
H04383,F0709,LR 2019,Wheat,2019-08-15,0.19,tonnes,crop failure
H04384,F0709,2019 Short Rains,Beans,2020-02-17,0.57,tonnes,
H04385,F0709,2020 Long Rains,Maize,26/07/2020,6.23,tonnes,
H04386,F0709,2021 short rains,Maize,2022-03-18,2.2,t,
H04387,F0709,2022 Long Rains,Wheat,26/08/2022,3.22,tonnes,
H04388,F0709,2022 short rains,Maize,2023-01-29,2.65,tonnes,
H04389,F0709,2024 Long Rains,Maize,2024-07-01,1.87,t,
H04390,F0709,2024 Short Rains,Maize,03/04/2025,2.14,t,
H04391,F0710,2019 Long Rains,Maize,2019-07-31,0.2,bags,crop failure
H04392,F0710,2020 LR,Maize,05-Aug-20,3.2,bags,
H04393,F0710,2020-SR,Beans,2021-01-21,1.3,bags,late planting
H04394,F0710,2021 LR,MAIZE,2021-07-17,2.1,bags,
H04395,F0710,SR 2021,Maize,10/03/2022,4.0,Bags,
H04396,F0710,2022 Long Rains,Maize,2022-06-29,1.1,bag,
H04397,F0710,2023 long rains,Maize,2023-08-22,4.1,bags,
H04398,F0710,2024 long rains,Maize,22/07/2024,3.7,bags,
H04399,f0711,2019 Long Rains,wheat,23/07/2019,6.3,tonnes,
H04400,F0711,LR 2020,Wheat,30/07/2020,9.71,MT,
H04401,F0711,2020-SR,Beans,2021-02-14,1.11,tonnes,
H04402,F0711,2021 Long Rains,Wheat,2021-08-10,3.37,tonnes,
H04403,F0711,LR 2023,Wheat,09/08/2023,2.89,tonnes,
H04404,F0711,2023 Short Rains,Wheat,04/04/2024,4.95,tonnes,drought
H04405,F0711,2024 long rains,Maize,02/09/2024,0.04,t,crop failure
H04406,F0712,SR 2019,MAIZE,2020-04-08,2.02,t,
H04407,F0712,2022 Long Rains,Maize,2022-09-04,0.8,tonnes,
H04408,F0712,2023 long rains,Maize,2023-08-22,1.45,tonnes,
H04409,f0712,2024 Long Rains,Sorghum,08-Jul-24,1.05,t,
H04410,F0712 ,2024 short rains,Sorghum,2025-01-30,1.4,tonnes,
H04411,F0713,LR 2019,Maize ,2019-08-21,6.0,bags,
H04412,F0713,2020 Long Rains,Beans,2020-07-16,2.2,bags,
H04413,F0713,2020 Short Rains,Sorghum,2021-02-10,2.7,bag,
H04414,F0713,2022 Short Rains,Maize,11/02/2023,4.0,90kg bag,
H04415,F0713,LR 2023,Corn,2023-08-15,4.0,bags,
H04416,F0713,LR2024,Maize,11-Sep-24,10.5,bags,
H04417,F0714,2019 long rains,Maize,2019-08-12,37.0,bags,
H04418,F0714,2019 SR,Maize,14/04/2020,37.0,bags,
H04419,F0714,2020-LR,Beans ,04/06/2020,16.7,bags,
H04420,F0714,2023 Short Rains,Maize,2024-04-10,24.1,bag,
H04421,F0715,2019-SR,Beans,2020-01-22,1.5,bags,
H04422,F0715,2020 LR,Maize,22/09/2020,15.2,bags,
H04423,F0715 ,2021 Long Rains,Beans,2021-07-02,3.7,bags,
H04424,F0715,2022 LR,Wheat,2022-08-02,22.6,bags,
H04425,F0715,2022 Short Rains,Maize,17/04/2023,7.2,bags,
H04426,F0715,2023 short rains,Beans,19/02/2024,1.8,90kg bag,
H04427,F0715,LR 2024,MAIZE,21-Aug-24,14.5,bags,
H04428,F0715,2024 Short Rains,Maize,2025-02-23,15.4,Bags,
H04429,F0716,SR 2019,Wheat,2020-02-10,24.0,kg,crop failure
H04430,F0716,2020 SR,maize,2021-02-23,354.0,kg,
H04431,F0716,2021-SR,Maize,2022-03-15,1806.0,KG,
H04432,F0716,2024-LR,Wheat,2024-09-12,1222.0,kg,
H04433,F0717,2019 Long Rains,Beans,2019-07-16,39.5,,
H04434,F0717,2023-LR,maize,25/07/2023,62.5,,
H04435,F0717,2023 Short Rains,Maize,10-Feb-24,36.9,bags,
H04436,F0717,2024 LR,Beans,2024-07-03,27.3,bags,
H04437,F0718,2019 Long Rains,Beans,19/07/2019,1.2,bags,
H04438,F0718,2019 short rains,Maize,2020-03-29,2.5,Bags,
H04439,F0718,2021 Long Rains,Maize,2021-08-03,2.0,Bags,drought
H04440,F0718,2022 LR,Corn,30-Jul-22,1.5,bags,
H04441,F0718,2022 Short Rains,Maize,2023-03-08,0.3,bags,crop failure
H04442,F0718,2024-SR,Maize,2025-03-09,3.6,Bags,
H04443,f0719,2019 long rains,Maize,21/07/2019,2.71,tonnes,
H04444,F0719,2020 LR,Maize,2020-07-26,1.6,tonnes,
H04445,F0719,2021-LR,Beans,2021-07-04,0.66,tonnes,
H04446,F0719,2021 Short Rains,Maize,22/01/2022,2.81,tonnes,
H04447,f0719,SR 2022,Maize,2023-03-03,1.13,tonnes,
H04448,F0967,2023 Long Rains,Wheat grain,2023-08-31,4.68,tonnes,
H04449,F0719,2024 long rains,maize,2024-09-07,1.45,tonnes,
H04450,F0719,2024 SR,maize,02-Apr-25,0.65,MT,late planting
H04451,F0720,LR 2020,maize,2020-08-31,1337.0,kg,
H04452,F0720,2020 short rains,BEANS,2021-01-03,940.0,kg,
H04453,F0720,LR 2021,Maize,02/09/2021,1467.0,kgs,
H04454,F0720,2023 long rains,Beans,"May 31, 2023",210.0,kg,
H04455,F0720,2023 SR,Wheat,2024-03-30,2197.0,kg,drought
H04456,F0721,2019-LR,Beans,2019-07-01,2523.0,Kg,
H04457,F0721,2019 Short Rains,Wheat grain,13-Mar-20,4990.0,kg,
H04458,F0721,2020 Long Rains,Beans ,2020-07-09,1595.0,kg,
H04459,F0721,2020 short rains,Maize,2021-04-14,,Kg,
H04460,F0721,LR2021,Beans,2021-07-09,1783.0,kg,pest damage
H04461,F0721,SR2022,wheat,30-Mar-23,4186.0,kg,
H04462,F0721,2023-LR,Beans,30/05/2023,2225.0,KG,
H04463,f0721,SR 2023,Beans,2024-01-13,1878.0,kg,
H04464,F0721,SR 2024,Beans,19/01/2025,1236.0,kg,
H04465,F0722,2019 Long Rains,MAIZE,2019-08-18,20.3,bags,
H04466,F0722,2020 long rains,Maize,2020-08-11,35.0,bags,
H04467,F0722,2020-SR,Beans,2021-01-23,7.3,Bags,
H04468,F0722,2021 Short Rains,Bean,2022-02-06,7.1,bags,
H04469,F0722,2022 Short Rains,MAIZE,03/04/2023,27.1,bags,
H04470,F0722,2023 short rains,Maize ,15/03/2024,15.8,bags,
H04471,F0722,2024 Short Rains,Beans,10/02/2025,3.9,bags,
H04472,F0723,2019 long rains,Beans,03/07/2019,345.0,KG,
H04473,F0723,2021 Long Rains,Maize,2021-08-27,836.0,kg,
H04474,F0723,LR 2022,Beans,26/06/2022,203.0,kg,
H04475,F0723,LR 2024,Maize,"Aug 17, 2024",1493.0,KG,
H04476,F0723,2024 SR,Maize,2025-04-10,2218.0,kg,
H04477,F0724,2019 Long Rains,Maize,2019-08-21,23.9,bags,
H04478,F0724,SR2019,Beans,2020-01-02,13.0,bags,
H04479,F0724,2020 long rains,Wheat,26/07/2020,37.0,bags,
H04480,F0724,2020 Short Rains,Maize,2021-02-09,26.4,Bags,
H04481,F0724,LR 2022,Maize,"Jul 24, 2022",31.0,Bags,
H04482,F0724,2023 SR,Wheat,14/03/2024,2.2,90kg bag,crop failure
H04483,F0724,2024 Long Rains,Corn,2024-07-15,29.8,bags,
H04484,F0724,2024 SR,Corn,21-Feb-25,52.0,bags,
H04485,F0725,2019 Short Rains,Sorghum,29/01/2020,541.0,kg,
H04486,F0725,2021 Long Rains,Sorghum,"Aug 13, 2021",185.0,kg,
H04487,F0725,2021-SR,maize,2022-03-01,1183.0,kg,
H04488,F0725,2022-LR,sorghum,08/08/2022,493.0,kg,
H04489,F0725,SR 2022,SORGHUM,2023-02-21,208.0,kg,
H04490,F0725,2023-LR,Beans,2023-07-16,147.0,kg,
H04491,F0725,2024 LR,Sorghum,2024-08-08,210.0,kg,
H04492,F0725,SR2024,maize,2025-02-18,790.0,Kg,
H04493,F0726,2020 Short Rains,Wheat,2021-03-12,54.4,90kg bag,
H04494,F0726,SR2022,Maize,2023-02-28,35.7,90kg bag,
H04495,F0726,2023 short rains,Wheat,2024-02-22,61.5,90kg bag,
H04496,F0726,2024 long rains,Maize,14/08/2024,65.0,Bags,
H04497,F0726,2024 Short Rains,Wheat,2025-03-13,38.9,bags,
H04498,F0727,2019 Long Rains,MAIZE,2019-08-08,289.0,kg,
H04499,F0727,SR 2021,Beans,27-Feb-22,62.0,kg,
H04500,F-0727,2022-LR,MAIZE,01-Aug-22,306.0,kg,
H04501,F0727,2023 LR,Maize,17/08/2023,339.0,kg,
H04502,F0727,2024 Short Rains,Maize,2025-03-04,559.0,kg,
H04503,F0728,2019 SR,Maize,2020-04-16,22.6,bags,
H04504,F0728,2020 long rains,Maize,25/08/2020,9.5,bags,
H04505,F0728,2022 long rains,Beans,11/07/2022,3.6,bags,
H04506,F0728,2023 Short Rains,Maize,2024-03-28,15.4,bags,pest damage
H04507,F0728,LR 2024,Maize,2024-07-11,14.9,bag,
H04508,F0729,LR 2019,Wheat,2019-08-13,46.1,bags,armyworm
H04509,F0729,LR 2022,Maize,2022-08-18,24.4,bags,
H04510,F0729,SR 2024,maize,2025-02-27,24.4,bags,
H04511,F0730,2020 Short Rains,beans,2021-01-08,0.1,Bags,crop failure
H04512,F0730,2021-SR,maize,2022-02-23,8.0,Bags,crop failure
H04513,F0730,2024 Long Rains,Maize,11/08/2024,13.2,90kg bag,
H04514,F0730,2024 SR,Maize,2025-03-30,13.9,bags,
H04515,F0731,LR2020,maize,2020-07-22,18.5,bags,
H04516,F0731,2022 long rains,Sorgum,23/07/2022,4.2,bag,
H04517,F0731,2023 Long Rains,Corn,2023-07-07,22.2,bags,
H04518,F0732,2019 Long Rains,WHEAT,2019-08-03,9401.0,kg,
H04519,F0732,2020-SR,Wheat,"Mar 26, 2021",3648.0,kg,
H04520,F0732,2022 Long Rains,Wheat,2022-07-27,3741.0,kg,
H04521,F0732,LR 2024,Corn,07-Sep-24,9387.0,kg,
H04522,F0732,2024 Short Rains,Wheat,2025-04-20,6480.0,kg,
H04523,F0733,2020 Short Rains,Maize,2021-02-06,4.0,bags,
H04524,F0733,LR 2021,Maize,2021-08-11,2.2,bags,
H04525,F0733,2023 long rains,Sorghum ,2023-07-08,0.8,bags,
H04526,F0733,2024 long rains,Maize,15/08/2024,8.9,Bags,
H04527,F0734,LR 2019,maize,"Aug 09, 2019",7.3,,
H04528,F0734,LR 2022,Beans,2022-07-27,1.0,bags,
H04529,F0734,2022 Short Rains,Beans,"Feb 27, 2023",1.5,90kg bag,
H04530,F0734,LR2023,Beans,2023-07-26,1.4,Bags,
H04531,F0735,2019 Long Rains,Beans ,2019-06-28,4.9,Bags,
H04532,F0735,2019 Short Rains,Beans,2020-01-04,7.9,bags,armyworm
H04533,F0735,2020 short rains,Maize,2021-04-10,8.2,Bags,
H04534,F0735,2021 short rains,Maize,2022-03-10,25.6,Bags,drought
H04535,F0735,SR 2022,Beans,2023-01-20,4.1,Bags,
H04536,F0735,2023 Long Rains,Beans,"May 29, 2023",2.3,Bags,
H04537,F0735,2023 Short Rains,Beans,23-Jan-24,3.1,Bags,
H04538,F0736,2020-LR,Maize,2020-08-21,33.4,bags,drought
H04539,F0736,2020-SR,Maize,09/04/2021,36.1,bag,
H04540,F0736 ,2021 Short Rains,Bean,05-Jan-22,16.3,bags,
H04541,F0736,LR 2023,Wheat,29/08/2023,50.3,bags,drought
H04542,F0736,SR 2023,Wheat,19/03/2024,66.5,bag,drought
H04543,F0737,2020 Long Rains,Maize,"Aug 02, 2020",7.5,bags,
H04544,F0737,SR2020,Beans,19/02/2021,2.0,bags,drought
H04545,F0737,2021 Long Rains,Wheat,2021-09-01,7.0,bags,
H04546,F0737,SR2022,Beans,2023-01-13,2.6,bag,
H04547,F0737,2023 Long Rains,maize,2023-07-25,3.5,bags,
H04548,F0737,2023-SR,Maize,2024-03-09,5.8,bags,
H04549,F0737,2024-LR,Maize,2024-08-12,10.2,bags,
H04550,F0738,2020-LR,Beans,11/06/2020,10.0,bag,
H04551,F0738,2021 Short Rains,BEANS,2021-12-30,6.2,bags,
H04552,F0738,2023 LR,Maize,"Aug 31, 2023",53.3,bags,
H04553,f0738,SR2023,Beans,2024-01-15,8.2,bags,
H04554,F0738,2024 Long Rains,Beans,"Jun 10, 2024",13.0,Bags,
H04555,F0739,2020 LR,Maize,2020-08-10,7.5,Bags,
H04556,F0739,LR 2021,Maize,2021-08-30,7.7,bags,
H04557,F0739,2022-SR,Beans,2023-02-08,8.6,bags,
H04558,f0739,2024-LR,Corn,2024-07-13,23.6,bags,
H04559,F0740,LR 2019,maize,2019-07-14,24.1,bags,
H04560,F0740,2019 SR,Wheat,2020-03-22,22.2,bag,
H04561,F0740,2020 LR,Maize,15-Jul-20,30.5,,
H04562,F0740,2020 short rains,maize,24/03/2021,31.2,bags,
H04563,F0740,2022 Short Rains,Corn,2023-02-05,25.2,bags,
H04564,F0740,SR2023,Beans,2024-01-19,17.3,Bags,
H04565,F0741,SR 2020,Maize,2021-03-17,14.5,Bags,
H04566,F0741,2021 Long Rains,Maize,2021-07-15,14.2,90kg bag,
H04567,F0741,2022 Short Rains,beans,2023-01-17,4.4,Bags,
H04568,F0741,SR 2023,Beans,2024-02-17,3.9,bags,
H04569,F0741,2024 long rains,Maize,"Sep 14, 2024",19.6,Bags,
H04570,F0742,SR 2019,Beans,2020-02-01,7.5,bag,
H04571,F0742,2022 LR,Wheat,2022-08-18,18.4,bags,
H04572,F0742,2023 Long Rains,Beans,2023-06-08,6.3,bags,
H04573,F0742,2024 Short Rains,Maize,2025-03-22,10.9,Bags,
H04574,F0743,LR 2019,sorghum,30/07/2019,18.1,Bags,
H04575,F0743,2020 SR,Sorghum,2021-02-05,19.7,Bags,
H04576,F0743,LR 2022,Maize,06/08/2022,17.8,bags,
H04577,F0743,2022 SR,Maize,2023-03-17,19.9,bags,
H04578,F0743,LR 2024,Beans,2024-06-07,7.1,bags,
H04579,F0743,2024 Short Rains,Sorghum,2025-02-27,6.5,bags,
H04580,F0744,2019 Long Rains,Maize,2019-08-12,22.6,90kg bag,
H04581,F0744,2019 Short Rains,Beans,2019-12-28,3.3,bags,
H04582,F0744,2020 LR,Maize,2020-07-08,1.3,bag,crop failure
H04583,F0744,2020-SR,Maize ,2021-02-15,12.8,bag,
H04584,f0744,2021 Long Rains,Maize,19/08/2021,7.1,bag,
H04585,F0744,2022 Long Rains,Maize,08/09/2022,6.8,bags,
H04586,F0744,2023 Long Rains,maize,10/09/2023,4.4,Bags,
H04587,F0744,2023-SR,Beans,2024-02-05,,Bags,
H04588,F0745,2019 Long Rains,Wheat,2019-07-23,3129.0,kg,
H04589,F0745,2019 short rains,Maize,2020-02-16,6975.0,Kg,
H04590,F0745,SR 2020,wheat,2021-04-21,2549.0,kg,drought
H04591,F0745,2022 Short Rains,Bean,2023-01-17,18760.0,kg,
H04592,F0745,2024 long rains,Wheat,05/09/2024,2739.0,kg,
H04593,F0746,2019-LR,Maize,2019-08-07,27.0,90kg bag,
H04594,F0746,2019-SR,Maize,11/03/2020,77.5,bag,
H04595,F0746,LR2020,maize,2020-07-16,126.1,,
H04596,F0746,2020 Short Rains,Bean,2021-01-09,15.5,Bags,
H04597,F0746,2021 LR,Maize,2021-09-11,31.7,bags,
H04598,F0746,2023 Long Rains,Bean,2023-07-03,5.2,bags,
H04599,F0746,2023 Short Rains,Maize,2024-02-28,31.8,bags,
H04600,F0746,2024 SR,maize,15/03/2025,37.7,90kg bag,
H04601,F0747,SR 2019,Maize,2020-02-18,,Kg,pest damage
H04602,f0747,SR 2020,Maize,20-Feb-21,843.0,kg,
H04603,F0747,2021 Short Rains,Beans ,2022-02-27,273.0,kg,
H04604,F0747,2022 SR,maize,07/03/2023,477.0,Kg,drought
H04605,F0747,2023 LR,Sorghum,2023-08-14,673.0,kg,
H04606,F0747,2023 Short Rains,Maize,14/03/2024,1151.0,kg,
H04607,F0747,2024 Long Rains,Maize,2024-08-14,902.0,kg,
H04608,F0747,2024 Short Rains,Maize,26-Mar-25,2725.0,kg,
H04609,F0748,LR 2020,maize,2020-08-04,372.0,kg,
H04610,F0748,2020 Short Rains,Maize ,2021-03-19,253.0,kg,drought
H04611,F0748,2022 Long Rains,beans,2022-06-26,169.0,kg,
H04612,F0748,SR 2022,Maize,2023-04-01,471.0,Kg,
H04613,F0748,SR 2023,Maize,21/02/2024,248.0,kg,
H04614,F0748,SR2024,Wheat,23-Feb-25,466.0,Kg,
H04615,F0749,2020 long rains,Sorghum,2020-07-21,4.0,90kg bag,
H04616,F0749,2021 Long Rains,Maize,21/07/2021,2.1,bags,
H04617,F0749,SR2022,Sorghum,2023-02-04,0.0,Bags,crop failure
H04618,F0749,LR 2023,Sorghum,2023-07-27,0.8,90kg bag,
H04619,f0749,2023 short rains,Maize ,27/03/2024,4.7,Bags,
H04620,F0749,2024 Long Rains,maize,2024-07-22,0.3,bags,crop failure
H04621,F0749,2024 Short Rains,Sorghum,2025-03-06,2.7,90kg bag,
H04622,F0750,2019 Long Rains,Sorghum,2019-07-08,522.0,kg,
H04623,F0750,2019 short rains,Beans,2020-02-12,474.0,kg,
H04624,F0750,LR 2021,Sorghum,2021-08-14,320.0,Kg,
H04625,F0750,2022 Short Rains,MAIZE,2023-03-03,920.0,kgs,
H04626,F0750,2023 Long Rains,Maize,03/08/2023,2387.0,kg,
H04627,F0750,2023 short rains,SORGHUM,2024-02-22,,kg,armyworm
H04628,F0750,2024 Long Rains,Sorghum,04-Aug-24,417.0,kg,
H04629,F0750,2024 Short Rains,Sorghum,2025-03-18,933.0,kg,
H04630,F0751,2019 Long Rains,Wheat,2019-09-06,15.0,bags,
H04631,F0751,2019 Short Rains,Wheat,2020-03-04,71.7,bag,
H04632,F0751,2020 Short Rains,maize,30/03/2021,21.6,bags,
H04633,f0751,LR 2022,Beans,19/06/2022,4.7,90kg bag,
H04634,F0751,2022 Short Rains,beans,02/01/2023,14.0,Bags,
H04635,F0751,LR2023,Wheat,2023-09-05,0.3,bags,crop failure
H04636,F-0751,LR2024,Wheat,22/07/2024,33.1,Bags,
H04637,F0751,2024 Short Rains,beans,2025-02-05,4.9,bags,
H04638,F0752,2019 Short Rains,Sorghum,24/02/2020,1071.0,kg,
H04639,F0752,2020 Long Rains,Beans,"Jul 24, 2020",1089.0,kg,drought
H04640,F0752,SR2020,Beans,2021-01-25,869.0,kgs,drought
H04641,F0752,2021 LR,Sorghum,2021-07-06,274.0,kg,
H04642,F0752,SR2021,Maize,2022-02-22,1276.0,kg,
H04643,F0752,2022 long rains,Maize,17-Aug-22,2894.0,kgs,
H04644,F-0752,2023 short rains,Maize,2024-03-14,1557.0,kg,
H04645,F0752,LR2024,Maize,09/07/2024,2224.0,kg,
H04646,F0753,2019 Short Rains,Beans,05/02/2020,608.0,KG,
H04647,F0753,2021 Short Rains,Bean,2022-01-20,557.0,kg,
H04648,F0753,2022 short rains,Beans,"Jan 14, 2023",415.0,kg,
H04649,F0753,LR 2024,MAIZE,2024-06-27,3698.0,Kg,late planting
H04650,F0753,2024 Short Rains,maize,2025-04-04,1836.0,kg,
H04651,F0754,LR2019,Beans,2019-06-23,632.0,Kg,
H04652,F0754,2020 SR,Maize,2021-03-02,647.0,kg,
H04653,F0754,2022 short rains,Beans,2023-02-01,254.0,kg,
H04654,F0754,2024 Short Rains,Maize,"Feb 08, 2025",654.0,Kg,
H04655,F0755,2021 Long Rains,Corn,2021-07-04,18.8,bags,
H04656,F0755,2023 Short Rains,Maize,2024-02-11,12.1,bags,
H04657,F0755,2024 SR,Beans,2025-01-13,4.1,bags,
H04658,F0756,2019 long rains,Wheat,2019-08-24,28.5,bag,
H04659,F0756,2020 SR,Maize,2021-04-06,25.2,bags,drought
H04660,F0756,LR 2021,Beans,05/06/2021,4.0,bag,
H04661,F0756,SR 2021,Beans,30/12/2021,11.2,bags,
H04662,F0756,2024 Long Rains,Beans,2024-05-30,19.0,bags,
H04663,F0757,2020 Long Rains,Wheat,2020-08-04,1876.0,KG,
H04664,F0757,SR2020,Maize,03/04/2021,471.0,kg,drought
H04665,F0757,2021 LR,Maize,2021-07-17,1200.0,Kg,
H04666,F0757,SR 2021,Beans,2022-01-24,486.0,kg,
H04667,F0757,2023 Long Rains,Maize ,"Jul 07, 2023",2461.0,Kg,
H04668,F0757,SR 2023,Maize,2024-02-16,1006.0,Kg,
H04669,F0757,2024 Long Rains,Maize,17/07/2024,1620.0,kg,
H04670,F0757,2024 short rains,Beans,2024-12-30,439.0,kgs,late planting
H04671,F0758,2019 long rains,maize,2019-07-24,21.9,bags,
H04672,F0758,LR 2020,Maize,13/08/2020,19.1,Bags,
H04673,F0758,2020 Short Rains,Beans,2021-01-16,7.2,90kg bag,
H04674,F0758,2022 LR,Maize,2022-08-19,10.2,bag,
H04675,F0758,2022-SR,Maize,2023-03-28,10.6,bags,
H04676,F0758,LR 2023,Maize,08/09/2023,1.3,bag,crop failure
H04677,F0758,SR 2023,Maize ,"Feb 15, 2024",7.7,bag,
H04678,F0759,2019 Long Rains,sorghum,"Aug 03, 2019",3.9,bags,
H04679,F0759,SR2020,Beans,14/02/2021,2.6,bags,
H04680,F0759,2021 Short Rains,Sorghum,22-Feb-22,4.0,Bags,
H04681,F0759,LR 2022,Beans,16/07/2022,3.3,bag,
H04682,F0759,LR2023,sorghum,22/07/2023,9.4,bag,
H04683,F0759,SR2024,Sorghum,2025-02-01,7.5,bags,pest damage
H04684,F0760,2019 long rains,SORGHUM,2019-08-10,1.4,bags,
H04685,F0760,2020 Short Rains,Maize,2021-03-19,5.9,bags,drought
H04686,F0760,2021 Long Rains,Sorghum,2021-07-30,0.8,Bags,
H04687,F0760,2022-LR,Sorgum,27/08/2022,1.5,bags,
H04688,F0760,2022 Short Rains,Sorghum,2023-02-03,1.0,Bags,
H04689,F0760,SR 2023,Sorghum,2024-03-05,1.3,bags,
H04690,F0760,2024 SR,Maize,25/03/2025,4.2,Bags,
H04691,F0761,LR 2019,beans,06-Jun-19,4.6,bags,
H04692,F0761,2022 Short Rains,Maize,2023-02-06,11.7,bag,
H04693,F0761,2023 Long Rains,Beans,12/07/2023,6.0,bags,
H04694,F0761 ,2023-SR,Wheat,2024-03-04,36.3,90kg bag,
H04695,F0762,LR 2019,Maize,2019-08-11,8.4,bags,
H04696,F0762,2019 Short Rains,Beans,"Jan 21, 2020",2.1,bags,
H04697,F0762,2020 Long Rains,Maize,2020-07-15,10.1,bags,
H04698,F0762,2021 Long Rains,Maize,20-Sep-21,4.6,bag,
H04699,f0762,SR2021,Beans,27/12/2021,4.8,bags,
H04700,F0762,SR 2022,Maize,2023-03-11,7.8,bags,
H04701,F0762,2023 Short Rains,Maize,2024-02-29,11.8,bags,
H04702,F0762,2024 Long Rains,Beans,2024-06-30,3.2,bags,
H04703,F0762,2024 Short Rains,Maize,26-Feb-25,3.9,bags,
H04704,F0763,LR 2019,Maize,2019-08-07,21366.0,kgs,
H04705,F0763,SR 2019,MAIZE,24/03/2020,18014.0,KG,
H04706,F0763,2020-SR,Wheat ,2021-04-04,7541.0,KG,
H04707,F0763,2021 Short Rains,Maize,25/03/2022,20805.0,kg,
H04708,F0763,SR 2022,wheat,2023-03-02,166.0,Kg,crop failure
H04709,F0763,2023-LR,Wheat,2023-07-24,5995.0,kg,
H04710,F0763,2023 Short Rains,Wheat,2024-04-20,13996.0,kgs,drought
H04711,F0764,2019 Short Rains,Maize,17-Mar-20,13.6,bag,
H04712,F0764,2020 Long Rains,Beans,2020-05-29,6.4,Bags,
H04713,F0764,2020 short rains,beans,2021-01-26,6.7,bags,
H04714,F0764,2021 long rains,Maize,2021-09-08,,bags,
H04715,F-0764,SR 2021,Beans ,2022-01-04,3.8,bag,
H04716,F0764,2022 Short Rains,Maize,03/03/2023,14.2,bags,
H04717,F0764,LR2024,Beans,2024-07-09,4.8,bags,
H04718,F0764,2024 Short Rains,Beans ,2025-02-12,3.8,bags,
H04719,F0765,2019 long rains,Maize,2019-07-31,18.0,bags,
H04720,F0765,2019 short rains,MAIZE,2020-03-18,7.6,Bags,
H04721,F0765,2020 Long Rains,BEANS,28-May-20,4.1,bag,
H04722,F0765,LR 2021,Maize,2021-08-03,8.8,90kg bag,
H04723,F0765,SR 2022,Maize,2023-03-22,9.8,90kg bag,
H04724,F0954,SR 2024,Maize,2025-04-06,11.5,bags,
H04725,F0766,LR 2019,Wheat,2019-08-12,1720.0,kg,
H04726,F0766,2019 Short Rains,Maize,06/04/2020,1092.0,kg,
H04727,F0766,2020 SR,maize,11-Mar-21,5190.0,KG,
H04728,F0766,2021 Long Rains,Maize,2021-08-23,1165.0,Kg,
H04729,F0766,LR 2022,Beans,2022-07-20,637.0,kg,
H04730,F0766,2023 Long Rains,Bean,11/07/2023,515.0,kg,
H04731,F0766,2023 Short Rains,Maize ,2024-02-17,181.0,KG,crop failure
H04732,F0767,SR 2020,Maize,14/02/2021,16.0,KG,crop failure
H04733,F0767,2022 Long Rains,maize,26-Jul-22,488.0,Kg,
H04734,F0767,2023-SR,Beans,2024-02-21,220.0,kgs,
H04735,F0768,2019 Long Rains,Maize,17-Jul-19,15.1,bags,
H04736,F0768,2019 Short Rains,Maize,2020-02-14,19.0,bags,
H04737,F0768,LR 2020,Wheat,2020-08-14,15.8,bags,
H04738,F0768,2020-SR,Wheat,25-Feb-21,37.6,Bags,
H04739,F0768,2021 long rains,Wheat,2021-08-03,19.5,bags,
H04740,F0768,2022 LR,Wheat,2022-09-11,17.4,bag,
H04741,F0768,SR 2022,wheat,2023-02-26,10.5,bags,
H04742,F0768,2023 Short Rains,Maize,2024-03-02,20.0,bags,
H04743,F0768,2024 short rains,Maize,16/02/2025,8.4,bags,
H04744,F0769,2019 LR,Maize,2019-08-16,1063.0,kg,
H04745,F0769,LR 2022,Wheat,2022-07-31,922.0,kg,
H04746,F0769,2023 LR,Maize,"Jul 16, 2023",1391.0,KG,
H04747,F0769,2024 LR,Maize,01/08/2024,1513.0,kg,
H04748,F0769,2024 Short Rains,Beans,2025-01-17,304.0,kg,
H04749,F0770,2019-LR,Maize,06/08/2019,3.37,t,
H04750,F0770,2019 Short Rains,sorghum,2020-02-26,1.94,t,
H04751,F0770,2020 Long Rains,Beans,10/07/2020,1.31,MT,
H04752,F0770,2020-SR,Corn,06/04/2021,3.12,tonnes,drought
H04753,f0770,2021 Long Rains,Maize,04/08/2021,3.07,MT,
H04754,F0770,LR 2022,Beans,2022-07-12,1.17,t,
H04755,F0770,2023-SR,Maize,2024-02-27,3.61,tonnes,
H04756,F0770,2024 Short Rains,MAIZE,2025-01-19,9.04,tonnes,
H04757,F0771,2019 Short Rains,Maize,13-Apr-20,4.88,MT,
H04758,F0771,2021 Long Rains,Bean,"Jul 09, 2021",0.75,MT,
H04759,f0771,SR2022,Maize,22/02/2023,1.91,tonnes,
H04760,F0771,LR 2023,Maize,2023-09-01,1.21,t,
H04761,F0771,2024 Long Rains,Maize,24/07/2024,2.65,tonnes,
H04762,F0771,2024 Short Rains,Maize,2025-02-20,2.4,MT,
H04763,F0772,2020 Short Rains,MAIZE,28/03/2021,2.6,bags,
H04764,F0772,LR 2022,Maize,27/07/2022,2.4,Bags,
H04765,F0772,2022-SR,Maize,2023-03-25,4.0,bag,
H04766,F0772,2023 Short Rains,Beans,2024-01-31,0.9,bags,
H04767,F0773,2019 Short Rains,Bean,2020-01-15,225.0,kg,
H04768,F-0773,SR 2020,Maize,17/03/2021,938.0,kg,
H04769,F0773,2021 short rains,Sorghum,05/02/2022,295.0,,
H04770,F0773,LR 2022,Maize,01/08/2022,818.0,kg,
H04771,F0773 ,2022 Short Rains,Sorghum ,2023-03-19,831.0,kg,
H04772,F0773,SR2023,Maize ,11/03/2024,321.0,kg,
H04773,F0773,SR 2024,Maize,27-Mar-25,967.0,kg,
H04774,F0774,2019 short rains,Maize,2020-03-06,3.3,bags,
H04775,F0774,2021 Long Rains,Corn,2021-07-19,5.6,bags,
H04776,F0774,2021-SR,maize,26/02/2022,7.4,bags,
H04777,F0774,2022 Long Rains,Maize,26/09/2022,3.4,Bags,
H04778,F0774,2023-LR,Maize,2023-08-08,3.2,Bags,
H04779,f0774,SR 2024,Maize,02/03/2025,,90kg bag,
H04780,F0775,2019 Short Rains,Maize,31-Mar-20,15.3,bags,
H04781,F0775,2020 Long Rains,Wheat,11/09/2020,22.0,bags,drought
H04782,F0775,2020 Short Rains,Maize,27/02/2021,17.6,bags,
H04783,F0775,2021 SR,maize,2022-03-09,13.5,Bags,
H04784,F0775,2022-LR,Maize,2022-08-15,17.0,bags,
H04785,F0775,SR2022,Corn,2023-02-17,0.2,bags,crop failure
H04786,F0775,2023 Short Rains,Corn,17/02/2024,15.5,bags,
H04787,F0775,2024 Long Rains,Wheat,"Aug 28, 2024",35.4,bags,
H04788,F0775,2024 SR,Wheat,"Feb 26, 2025",10.3,bags,
H04789,F0776,LR 2019,Beans,18/07/2019,1385.0,Kg,
H04790,F-0776,SR 2019,Wheat,2020-02-26,4904.0,Kg,
H04791,F0776,2020 long rains,Maize,06/08/2020,2257.0,kg,
H04792,F0776,2020 Short Rains,Wheat,05-Apr-21,1451.0,Kg,drought
H04793,F0776,LR 2021,Wheat,25-Aug-21,3540.0,kg,
H04794,F0776,2022 Long Rains,Maize,"Jul 23, 2022",3198.0,Kg,
H04795,F0776,2022 SR,Wheat,2023-03-07,6436.0,kg,
H04796,F0776,LR2023,Maize,05/09/2023,3283.0,kg,
H04797,F0776,2024 Long Rains,Wheat,"Aug 18, 2024",4210.0,kgs,
H04798,F-0776,2024 short rains,Wheat,"Mar 01, 2025",4655.0,kg,
H04799,F0777,2019 Long Rains,Wheat grain,30-Jul-19,46.6,bags,
H04800,F0777,SR 2019,maize,2020-03-22,51.6,bags,
H04801,F0777,2020-LR,Wheat,2020-08-17,66.1,Bags,
H04802,F0777,2021 Short Rains,Maize,2022-03-16,57.3,bag,
H04803,F0777,2022 short rains,Wheat,18/03/2023,74.4,Bags,
H04804,F0777,2023-SR,Wheat,25/03/2024,28.2,Bags,
H04805,F0777,2024 Short Rains,Maize,24/02/2025,27.8,90kg bag,
H04806,F0778,2020 Short Rains,Maize,2021-02-19,14.3,Bags,
H04807,F0778 ,2021 LR,Maize,2021-08-03,26.7,bags,
H04808,F0778,2022 long rains,Wheat,26/07/2022,28.4,,
H04809,F0778,2024 long rains,wheat,2024-08-27,-42.7,Bags,
H04810,f0778,2024 Short Rains,Maize,24-Mar-25,10.2,bag,
H04811,F0779,2020 SR,Beans,18/02/2021,245.0,kgs,drought
H04812,F0779,2021 long rains,Bean,22-Jul-21,401.0,kgs,
H04813,F0779,2023 Long Rains,Maize,02/08/2023,2153.0,kgs,
H04814,F0779,2023 Short Rains,BEANS,31/01/2024,543.0,kg,
H04815,F0779,2024 Short Rains,Wheat,09/02/2025,2349.0,KG,
H04816,F0780,2020 short rains,Wheat,17-Mar-21,26.7,,
H04817,F0780,LR 2021,Beans,12-Jul-21,10.2,bags,
H04818,F0780,2021 Short Rains,Maize,2022-03-19,15.9,bags,
H04819,F0780,2022 long rains,BEANS,2022-06-09,7.2,bags,
H04820,F0780,2023 long rains,Maize,17/07/2023,3.8,Bags,crop failure
H04821,F0780,2024 long rains,Beans,2024-07-09,10.8,Bags,
H04822,F0781,2020 short rains,Beans,"Jan 01, 2021",,90kg bag,
H04823,F0781,2021-SR,Beans,2022-01-14,4.7,bags,
H04824,F0781,2022 short rains,Beans,14/01/2023,8.5,bags,
H04825,F0781,SR 2024,Beans,2025-01-17,5.8,bags,
H04826,f0782,2019 Long Rains,Wheat grain,2019-09-07,63.7,bags,
H04827,F0782,LR 2021,WHEAT,2021-08-13,41.4,Bags,
H04828,F0782,2021 short rains,Wheat,2022-03-22,25.9,bags,
H04829,F0782,2023 Short Rains,maize,2024-03-03,45.2,bags,
H04830,F0782,2024 Long Rains,Wheat,10/08/2024,56.3,Bags,
H04831,F0783,2019 short rains,Beans,2020-02-15,2.8,Bags,
H04832,F0783,SR2020,Sorghum,2021-03-17,5.3,90kg bag,
H04833,F0783,2021 long rains,Sorghum,"Jul 31, 2021",2.8,bags,
H04834,F0783,2021-SR,Sorghum,2022-03-21,5.5,90kg bag,
H04835,F0783,2022 LR,Maize,24/07/2022,,bags,
H04836,F0783,2022 Short Rains,Sorghum,31/01/2023,2.7,bag,
H04837,F0783 ,LR 2023,Beans,23-Jun-23,1.8,bag,
H04838,F0783,2023 Short Rains,Sorghum,07/03/2024,2.9,bags,
H04839,F0783 ,SR 2024,sorghum,"Feb 09, 2025",5.1,bags,
H04840,F0784,2019 Short Rains,maize,2020-03-21,2.81,tonnes,
H04841,F0784,LR 2020,BEANS,2020-07-19,0.38,tonnes,
H04842,F0784,2021 Short Rains,beans,2022-02-19,0.48,tonnes,
H04843,F0784,2022 Short Rains,Maize,2023-03-15,1.58,tonnes,
H04844,F0784,2024 LR,Maize,2024-08-16,0.77,t,
H04845,F0784,2024 Short Rains,Maize,18-Mar-25,2.68,tonnes,
H04846,F0785,2020 Short Rains,Beans,"Feb 05, 2021",,,
H04847,F0785,LR 2021,MAIZE,2021-09-11,3.9,bags,pest damage
H04848,F0785,2023 long rains,Maize,2023-08-10,9.4,bags,
H04849,F0785,2024 Long Rains,Maize,01/08/2024,27.6,bags,
H04850,F0786,2019 Long Rains,Sorghum ,2019-08-30,1.12,t,
H04851,F0786,2019 short rains,Maize,2020-03-16,0.88,tonnes,
H04852,F0786,2021-LR,Maize,2021-09-17,1.1,MT,
H04853,F0786,2021 Short Rains,Maize,17/02/2022,1.19,tonnes,
H04854,F0786,2023 Long Rains,beans,2023-06-06,0.22,tonnes,partial harvest
H04855,F0786,SR2023,Maize,2024-03-08,1.71,tonnes,
H04856,F0786,2024-LR,Maize,2024-07-25,1.61,MT,
H04857,F-0787,2019 Long Rains,Beans,2019-06-23,2.3,bag,
H04858,F0787,2020-SR,Maize,21/02/2021,8.0,bags,
H04859,F0787,2023 short rains,Maize,01/03/2024,8.5,bags,
H04860,F0788,2019 Short Rains,beans,03/02/2020,2.6,bags,
H04861,F0788,2020 short rains,Maize,2021-03-09,7.1,bags,
H04862,F0788,2021 long rains,Maize,2021-08-10,5.1,Bags,
H04863,F0788,2021-SR,Maize,05-Feb-22,8.0,bags,
H04864,F0788,2022 SR,Maize,2023-03-11,6.9,bags,
H04865,F0788,2023 Long Rains,Maize,"Aug 31, 2023",4.6,bags,
H04866,F0788,2024 Long Rains,Maize ,2024-08-23,4.4,bags,
H04867,F0788,SR 2024,Maize,07-Mar-25,7.7,bags,
H04868,F0789,2020 Long Rains,Beans,01-Jul-20,55.0,kgs,
H04869,F0789,2021 LR,BEANS,2021-07-12,194.0,kg,
H04870,F0789,2021 Short Rains,Beans ,2022-01-07,92.0,kg,armyworm
H04871,F0789,2022 Long Rains,Beans,2022-08-01,89.0,kgs,
H04872,F0789,2023-LR,Beans,11/06/2023,118.0,kg,pest damage
H04873,f0789,2023 Short Rains,Beans,2024-01-13,113.0,kgs,
H04874,F0789,2024-LR,Beans,2024-07-12,123.0,kg,
H04875,F0789,SR 2024,Maize,2025-03-02,450.0,KG,
H04876,F0790,2019 long rains,Maize,28/07/2019,711.0,kg,
H04877,F0790,LR 2020,Maize,2020-08-21,1485.0,Kg,
H04878,F0790,2020 Short Rains,Sorghum,2021-02-24,614.0,kg,
H04879,F0790,2021 Short Rains,Sorghum,2022-03-16,810.0,kg,
H04880,F0790,2022 SR,Maize ,16/03/2023,1154.0,kg,
H04881,F0790,LR 2023,Beans,2023-07-28,427.0,Kg,
H04882,F0790,2023 Short Rains,beans,2023-12-26,279.0,kg,
H04883,F0791,2019-SR,Beans,09/02/2020,1.0,bags,
H04884,F0791,2020-LR,Maize,2020-08-09,7.6,Bags,
H04885,F0791,2020 Short Rains,Bean,2021-02-20,1.5,bags,
H04886,F0791,SR 2022,Beans ,15-Jan-23,1.6,Bags,
H04887,F0791,LR 2023,Sorghum,2023-07-13,29.0,Bags,
H04888,F0792,2019 Short Rains,Maize,2020-03-01,1067.0,kg,
H04889,F0792,2021 Long Rains,Beans ,2021-07-04,273.0,kg,
H04890,F0792,2022 LR,Maize,2022-07-18,2050.0,kg,
H04891,F0792 ,2023 Short Rains,Wheat,2024-02-21,2392.0,kg,late planting
H04892,F0792,2024 long rains,beans,2024-05-30,1033.0,kg,
H04893,F0793 ,2019 Long Rains,Sorghum,30-Jul-19,717.0,kgs,
H04894,F0793,2019-SR,Beans,2020-01-15,396.0,kg,
H04895,F0793,2020 Long Rains,Beans,2020-06-19,486.0,KG,
H04896,F0793,SR2020,Beans,2021-02-20,528.0,kg,
H04897,F0793,2022 Long Rains,Beans,2022-07-06,80.0,Kg,
H04898,F0793,LR2023,MAIZE,2023-07-31,1200.0,Kg,
H04899,F0793,2024 long rains,Sorghum,2024-07-22,269.0,kgs,drought
H04900,F0794,2019 long rains,Wheat,13-Sep-19,76.3,bags,
H04901,F0971,SR 2019,Beans,2020-01-21,6.0,bag,
H04902,F0794,2020 long rains,Maize,2020-07-19,59.1,bags,
H04903,F0794,2021-LR,Beans,2021-06-17,8.4,bags,
H04904,F0794,LR 2022,Maize,2022-08-13,26.8,bags,
H04905,F0794,2022 short rains,Maize,2023-02-11,98.4,bags,
H04906,F0794,2023 Long Rains,wheat,14-Aug-23,34.7,bags,drought
H04907,F0794,LR 2024,Wheat,30-Jun-24,34.9,bag,
H04908,f0794,2024-SR,Maize,"Mar 25, 2025",36.3,90kg bag,late planting
H04909,F0795,2019 Long Rains,Maize,2019-09-09,9.1,Bags,
H04910,F0795,SR2019,Beans,2020-02-02,2.8,Bags,
H04911,F0795,LR 2020,Beans,2020-07-03,1.3,bag,
H04912,F0795,2020 short rains,Maize,2021-03-12,10.5,bags,
H04913,F0795,2021 Long Rains,beans,2021-05-31,2.4,bags,
H04914,F0795,2021 short rains,maize,2022-04-02,13.9,bag,
H04915,F0795,SR 2022,Maize,2023-03-02,5.2,bags,
H04916,F0795,2023-LR,Maize,29/07/2023,2.5,bag,
H04917,F0795,2024 Long Rains,Beans,30/06/2024,3.6,bags,
H04918,F0796,LR2019,Maize,2019-08-05,1.9,,crop failure
H04919,F0796,2019 SR,Sorghum,03-Mar-20,11.6,bags,
H04920,F0796,2022 Long Rains,Maize,2022-08-07,33.5,bags,
H04921,F0796,2023 LR,Maize,2023-08-25,65.8,Bags,
H04922,F0796,2023 Short Rains,Maize,24/02/2024,3.0,Bags,crop failure
H04923,F0797,SR 2019,wheat,2020-03-08,30.8,bags,
H04924,F0797,LR 2020,Maize,2020-08-05,13.0,Bags,
H04925,F0797,2020 Short Rains,Beans,2021-01-29,10.6,bags,
H04926,F0797,2021-LR,Wheat,2021-08-29,6.3,Bags,
H04927,F0797,2022 Short Rains,Corn,2023-03-01,23.6,bags,
H04928,F0797,2024 Long Rains,Maize,12/09/2024,11.2,bags,
H04929,F0798,2020 Short Rains,Beans,2021-02-15,5.9,Bags,
H04930,F0798,2022 Short Rains,Sorghum,08-Mar-23,16.9,bag,
H04931,F0798,LR2023,Beans,2023-06-18,6.2,bags,
H04932,F0798,2024 Long Rains,Sorghum,2024-07-13,8.8,bags,
H04933,F0798,2024 SR,Maize,2025-02-25,46.5,bags,
H04934,F0799,2019 short rains,maize,2020-02-28,7.0,bags,
H04935,F0799,2021 Short Rains,Beans,27-Jan-22,5.4,bags,
H04936,F0800,2019 Short Rains,Beans,30/01/2020,4.8,bag,
H04937,F0800,LR 2020,Maize,2020-08-23,12.4,90kg bag,
H04938,F0800,2022-SR,Beans,2023-02-06,5.1,bags,
H04939,F0800,2023-SR,Corn,2024-03-16,4.9,bags,
H04940,F0800,SR 2024,MAIZE,2025-02-05,11.5,bags,
H00228,F0038,2022 LR,Beans,2022-06-03,186.0,kgs,
H01030,F0163,LR2021,Beans,2021-06-28,28.0,Bags,
H01588,F0255,LR 2023,BEANS,2023-06-09,0.9,90kg bag,
H03226,F0529,LR 2023,Maize,2023-09-03,5.5,90kg bag,
H00902,F0143,2021 Long Rains,Maize,2021-09-13,42.8,bags,drought
H01158,F0182,2023 long rains,Maize,2023-07-18,13162.0,kg,
H02448,F0400,SR2023,Beans,2024-02-03,5.4,bags,armyworm
H00254,F0042,2023 Long Rains,BEANS,2023-07-08,423.0,kg,
H01649,F0267,2019 long rains,Maize,2019-08-13,100.5,bag,
H02890,F0474,2023 Long Rains,Wheat,2023-09-03,2208.0,KG,
H00159,F0025,2024-SR,Beans,2025-01-16,1.1,Bags,
H00974,F0154,2022 LR,Wheat ,19/07/2022,1853.0,kg,
H04394,F0710,2021 Long Rains,Maize,17-Jul-21,2.1,bags,
H02044,F0335,2021 Long Rains,MAIZE,2021-07-09,,bags,
H00374,F0060,2021 Short Rains,Maize,2022-02-28,12.0,bags,
H02367,F0387,2024-SR,Maize,2025-03-02,2.03,tonnes,
H03228,F0530,2019 Long Rains,Beans,2019-06-04,25.6,bags,
H01925,F0315,2019 SR,Maize,16-Mar-20,1977.0,kg,
H04029,F0652,2021 Short Rains,Beans,12-Jan-22,805.0,KG,
H00773,F0123,2019-SR,SORGHUM,2020-02-21,3.4,bags,
H00894,F0142,LR 2021,Beans,06/07/2021,0.8,bags,
H00349,F0057,LR 2019,Corn,28/07/2019,-8.7,bags,
H02677,F0438,LR 2023,Sorghum,2023-08-03,1.9,90kg bag,
H01577,F0253,LR 2020,Maize,08/07/2020,67.0,kg,crop failure
H04131,F0668,2024 Short Rains,Beans,26/01/2025,532.0,kg,
H03905,F0632,2024 long rains,Maize,2024-07-10,3820.0,kgs,
H00043,F0008,2019-LR,Wheat,06/08/2019,12649.0,Kg,
H01998,F0326,2022-SR,Maize,2023-02-24,1450.0,Kg,
H03171,F0520,2023 Short Rains,Beans,2024-01-13,3.4,90kg bag,
H01411,F0225,SR 2020,Beans,2021-02-07,799.0,kg,
H04917,F0795,2024 Long Rains,BEANS,2024-06-30,3.6,bags,
H00742,F0118,2023 Long Rains,Maize,28-Aug-23,0.93,t,
H01561,F0251,LR 2021,Beans,20-Jul-21,1286.0,Kg,
H03164,F0519,2022-SR,Beans,2022-12-31,,bags,
H04243,F0687,2019 Short Rains,Beans,30/01/2020,13.6,bag,
H03607,F0586,2019 SR,maize,2020-04-11,2137.0,kgs,
H00120,F0019,LR2020,Maize,"Jul 26, 2020",3.31,t,
H01003,F0158,2024-LR,Beans,2024-06-11,516.0,kg,
H03913,F0633,2022 Short Rains,Maize ,2023-02-14,4.8,bags,
H04609,F0748,2020 Long Rains,Maize,04-Aug-20,372.0,kg,
H00895,F0142,2021 Short Rains,maize,24/03/2022,1.9,bags,
H02504,F0409,LR2021,Wheat,30/07/2021,,bags,
H03089,F0508,2019-LR,Maize,2019-09-07,1807.0,KG,
H03285,F0537,2022 Long Rains,Maize,2022-07-10,17037.0,kg,
H04027,F0652,2020 Long Rains,wheat,30-Aug-20,4619.0,kg,
H01472,F0236,2024 Short Rains,maize,05/03/2025,3.5,bags,
H04776,F0774,2021 SR,Maize,2022-02-26,7.4,bags,
H02331,F0382,2019 SR,Wheat,2020-04-14,6920.0,kg,
H02364,F0387,2022 Long Rains,Maize,31/08/2022,2.66,tonnes,
H04458,F0721,LR 2020,beans,2020-07-09,1595.0,kg,
H02365,F0387,2022 Short Rains,Maize,2023-03-26,1.56,tonnes,
H02496,F0407,2024-LR,MAIZE,22/07/2024,3071.0,kg,
H04887,F0791,2023 Long Rains,Sorghum ,2023-07-13,2.9,bags,
H04633,F0751,LR 2022,Beans,2022-06-19,4.7,Bags,
H02711,F0444,2021 LR,Maize,2021-07-23,337.0,Kg,
H03949,F0639,2022 Long Rains,Sorghum,2022-08-14,4.9,bag,
H01071,F0170,LR 2020,Maize,24/08/2020,2576.0,KG,
H02932,F0481,2021-LR,Maize,2021-07-26,3966.0,kgs,
H00695,F0110,LR 2022,sorghum,2022-09-05,2.5,bags,
H04379,F0708,2021-SR,Maize,20-Mar-22,86.2,90kg bag,
H03371,F0551,2019 Short Rains,Bean,2020-01-25,8.1,bags,
H03631,F0589,2020 Long Rains,Beans,20/07/2020,2.4,,drought
H03622,F0588,2020 Short Rains,Maize,2021-03-29,19.3,bag,
H04880,F0790,2022-SR,Maize,"Mar 16, 2023",1154.0,kg,
H04511,F0730,2020 Short Rains,beans,08-Jan-21,0.1,Bags,crop failure
H00249,F0042,2019 Long Rains,Maize,2019-08-17,1142.0,kg,
H03110,F0511,2020 LR,Bean,2020-05-26,144.0,Kg,
H02783,F0455,LR 2020,Beans,2020-06-04,4.1,bags,
H02081,F0340,2024-LR,Maize,2024-07-13,26.7,bags,
H01132,F0178,2023 SR,Maize,11/04/2024,33.4,bag,
H04697,F0762,LR 2020,Maize,2020-07-15,10.1,bags,
H04517,F0731,2023 Long Rains,MAIZE,07/07/2023,,bags,
H04272,F0691,2020 long rains,Maize,29/07/2020,903.0,kg,
H03912,F0633,LR2022,beans,2022-07-05,0.6,Bags,
