input_id,farm_id,application_date,input_type,quantity,unit,cost_kes
I00001,F0001,2020-03-23,manure,300.0,Kg,1247
I00002,F0001,2024-04-18,DAP 18-46-0,30.0,kgs,4263
I00003,F0001,31/05/2024,CAN,24.0,kg,
I00004,F0002,2019-03-14,DAP 18-46-0,410.0,kg,
I00005,F0002,02/05/2019,Pesticide,7.5,litres,8521
I00006,F0002,19/12/2019,Duduthrin,5.9,L,6961
I00007,F0002,2020-05-03,Pesticide,8.3,litres,10058
I00008,F0002,02/11/2020,DAP,265.0,KG,37095
I00009,F0002,2021-01-10,pesticide,6328.0,ml,5940
I00010,F0002,2022-04-06,Manure,3350.0,kg,12913
I00011,F0002,2022-12-21,Pesticide,9.4,litres,9707
I00012,F0002,2023-11-19,DAP 18-46-0,9.3,bag,64243
I00013,F0002,13/11/2023,manure,9300.0,kg,39124
I00014,F0002,06/01/2024,Insecticide - Duduthrin,9.4,litres,"KES 10,256"
I00015,F0003,05/06/2019,Pesticide,0.5,litres,749
I00016,F0003,30/03/2020,DAP,0.5,bags,"KES 3,110"
I00017,F0003,16/11/2022,DAP 18-46-0,0.7,bags,
I00018,F0003 ,10/01/2023,Urea,17.5,kg,1757
I00019,F-0003,20/03/2023,DAP,45.0,kg,6420
I00020,f0003,14-Mar-23,manure,,kg,4458
I00021,F0003,01-Mar-24,DAP,0.3,bags,
I00022,F0003,2024-04-21,CAN,0.3,,1538
I00023,F0004,2020-10-27,DAP,50.0,kg,6958
I00024,F0004,07-Dec-20,CAN,50.0,kgs,5350
I00025,F0004,2020-10-27,Manure,0.5,tonnes,
I00026,F0004,05-Jan-21,pesticide,1.0,L,1139
I00027,F0004,2021-04-05,DAP,60.0,kg,7333
I00028,F0004,2021-03-23,Manure,40.0,,
I00029,F0004,"Oct 25, 2021",DAP,25.0,kgs,3346
I00030,F0004,26-Mar-22,DAP,,kg,13836
I00031,F0004,04/05/2022,Duduthrin,1.0,L,1053
I00032,F0005,2020-03-12,DAP,6.8,bags,43423
I00033,f0005,02-May-20,CAN,4.5,bag,18794
I00034,F0005,14/12/2020,pesticide,5.9,L,6823
I00035,F0005,2021-05-07,urea 46%,3.7,bags,22592
I00036,F0005,31/10/2021,DAP 18-46-0,427.5,Kg,56177
I00037,F0005,25/10/2021,Farmyard manure,11400.0,kg,56104
I00038,F0005,2022-01-07,Pesticide,6.7,l,7494
I00039,F0005,2022-03-11,DAP,200.0,kg,30048
I00040,F0005,22/01/2023,Pesticide,1.9,litres,2329
I00041,F0005,07/03/2023,DAP,225.0,kg,31781
I00042,F0005,2023-04-03,Duduthrin,4.0,litres,4170
I00043,F0006,05/03/2020,DAP,135.0,Kg,20842
I00044,F0006,2020-04-19,Pesticide,1.6,l,1711
I00045,F0006,2022-10-08,Manure,2300.0,Kg,10668
I00046,F0006,22-Apr-23,DAP,95.0,kg,12802
I00047,F0006,2023-04-15,Farmyard manure,1900.0,KG,
I00048,F0006,14-Oct-23,DAP,77.5,kgs,11871
I00049,F0006,2024-11-06,DAP,170.0,kg,26720
I00050,F0007,2019-10-25,dap,1.8,bags,"KES 12,734"
I00051,F0007,2019-11-27,Urea,60.0,kgs,6228
I00052,F0007,2019-10-15,Manure,600.0,kgs,2420
I00053,F0007,21/11/2019,Pesticide,1148.0,,1242
I00054,F0007,2021-03-30,Manure,1.8,tonnes,6295
I00055,F0007,2022-04-08,DAP,55.0,kg,6046
I00056,F0007,12/05/2022,UREA,27.5,kg,2946
I00057,F0007,2024-04-05,DAP,1.8,50kg bag,12962
I00058,F0007,22/05/2024,Urea,0.9,bags,5175
I00059,F0008,"Mar 29, 2019",dap,305.0,kgs,36986
I00060,F0008,27/05/2019,Pesticide,5.1,litres,6849
I00061,F0008,2020-04-21,Dap fertilizer,7.7,,55819
I00062,F0008,2020-05-12,Pesticide,11.2,litres,14219
I00063,F0008,2020-11-03,DAP,155.0,kg,24074
I00064,F0008,2020-12-10,Urea,6.2,bag,28113
I00065,f0008,2021-10-27,DAP 18-46-0,105.0,kg,14437
I00066,F0008,2021-12-21,Urea,2.1,bag,11773
I00067,F0008,28/05/2022,Pesticide,5.7,litres,6316
I00068,F0008,03/11/2022,DAP,315.0,kg,46008
I00069,f0008,2022-12-16,Urea (top dress),3.4,bag,15747
I00070,f0008,2022-10-23,Manure,8400.0,KG,40208
I00071,F0008,2023-10-03,DAP,285.0,kg,36368
I00072,f0008,25/09/2023,FYM,3800.0,kgs,17193
I00073,F0008,2023-11-28,Pesticide,2.9,l,3277
I00074,F0008,31/10/2024,Dap fertilizer,5.0,bag,29242
I00075,F0008,2024-12-08,CAN,250.0,kg,22070
I00076,F0008,25-Oct-24,FYM,5000.0,Kg,
I00077,F0009,14/05/2019,Duduthrin,2.4,litres,"KES 2,681"
I00078,F0009,24-Nov-19,Pesticide,1.8,ltrs,1774
I00079,F0009,2020-04-02,Duduthrin,2392.0,ml,2745
I00080,F0009,2021-03-12,DAP,187.5,kg,21824
I00081,F0009,2021-05-05,CAN,2.0,50kg bag,10200
I00082,F0009,01-Apr-21,Pesticide,1.6,litres,2138
I00083,F0009,2023-03-15,DAP,225.0,kg,
I00084,F0009,26-Apr-23,CAN,150.0,kgs,14627
I00085,F0009,15/04/2023,Pesticide,4.5,litres,5196
I00086,F-0010,2019-10-01,DAP 18-46-0,1.7,bags,11843
I00087,f0010,18-Sep-19,manure,850.0,Kg,3686
I00088,F0010,17/04/2020,dap,85.0,KG,
I00089,F0010,10/04/2020,Manure,850.0,KG,3453
I00090,F0011,2019-04-10,pesticide,1.2,l,1418
I00091,F0011,02-Oct-19,DAP,1.2,bags,7867
I00092,F0011,2020-03-22,DAP,1.4,bags,
I00093,F0011,11-May-20,CAN,56.0,kg,4546
I00094,F0011,2021-01-13,Pesticide,2.6,l,3756
I00095,F0011,2021-04-07,DAP,0.8,bags,6404
I00096,F0011,2021-05-23,urea 46%,68.0,kg,8042
I00097,F0011,2023-10-06,dap,65.0,kg,9411
I00098,F0011,2023-11-19,UREA,130.0,kgs,"KES 15,382"
I00099,F0012,2020-03-25,DAP,55.0,kg,8433
I00100,F0012,04/05/2020,CAN,0.9,bag,4682
I00101,F0012,02/03/2021,DAP,1.4,Bags,9827
I00102,F0012,14-Apr-21,can,0.4,bags,1957
I00103,F0012,25/03/2021,Pesticide,0.5,L,666
I00104,f0012,"Mar 30, 2022",dap,1.3,bag,10670
I00105,F0012,2022-05-13,CAN,52.0,kg,5616
I00106,F0012,23-May-22,pesticide,732.0,ml,945
I00107,F0012,2022-10-12,DAP,40.0,kg,
I00108,F0012,2022-10-04,Manure,,KG,1823
I00109,F0012,02-Nov-23,DAP,97.5,kg,13985
I00110,F0012,2023-12-12,UREA,0.6,bag,3216
I00111,F0012,2023-12-24,pesticide,1.4,litres,1402
I00112,F0012,2024-03-20,DAP,52.5,kg,7457
I00113,F0012,2024-05-13,Urea,0.4,bags,2110
I00114,F0012,2024-11-08,Pesticide,1.0,litres,1168
I00115,F0013,2022-03-07,manure,500.0,Kg,1971
I00116,F0013,25/05/2022,Pesticide,,L,864
I00117,F-0013,03/11/2023,DAP 18-46-0,40.0,kg,4605
I00118,F0013,2023-12-24,CAN,0.4,50kg bag,2070
I00119,F0013,2024-04-12,Pesticide,714.0,ml,944
I00120,F0013,13-Dec-24,Pesticide,0.9,litres,848
I00121,F0014,2019-03-25,dap,1.8,bags,11316
I00122,F0014,2019-11-05,DAP,1.8,bags,13228
I00123,F0014,2019-12-18,Urea (top dress),45.0,kg,"KES 4,121"
I00124,F0014,2021-03-13,Dap fertilizer,110.0,kg,17152
I00125,F0014,24/04/2021,CAN (top dress),1.8,50kg bag,9688
I00126,F0014,2021-10-21,DAP 18-46-0,60.0,kg,7887
I00127,F0014,17/10/2022,DAP,1.0,bags,6578
I00128,F0015,2020-04-01,DAP,155.0,KG,22614
I00129,F0015,2021-04-04,DAP 18-46-0,215.0,kgs,30846
I00130,F0015,2021-05-09,Urea,340.0,bags,23011
I00131,F0015,2021-11-19,DAP,7.4,,49448
I00132,F0015,29/12/2021,pesticide,4.9,litres,5966
I00133,F0015,2023-10-15,dap,182.5,kg,25038
I00134,F0016,17/10/2020,DAP 18-46-0,4.6,bags,36723
I00135,F0016,2020-12-04,Urea,2.3,bags,13661
I00136,F0016,27/10/2021,Manure,10400.0,kg,41327
I00137,F0016,2022-03-14,manure,13000.0,kg,54637
I00138,F0016,2022-11-03,Pesticide,3.1,litres,3351
I00139,F0016,29/04/2023,CAN,128.0,Kg,11132
I00140,F0017,09/03/2019,DAP,3.1,bags,23806
I00141,F0017,2019-04-15,Duduthrin,2.4,,2321
I00142,F0017,2020-04-22,Pesticide,2165.0,mL,1775
I00143,F0017,20/11/2021,dap,307.5,kg,37783
I00144,F0017,2022-01-12,CAN (top dress),2.0,bags,8999
I00145,F0017,2022-01-15,pesticide,5151.0,ml,6356
I00146,F0017,2022-04-11,DAP,2.0,,13014
I00147,F0017,26/05/2022,Urea,3.3,bags,18857
I00148,F0017,2022-11-05,DAP,,KG,7421
I00149,F0017,02-Mar-23,DAP,2.8,bags,17689
I00150,F0017,02-Apr-23,CAN,76.0,kg,
I00151,F0017,2023-02-28,Manure,1900.0,Kg,8316
I00152,F0018,2019-11-11,dap,0.2,bags,1450
I00153,F0018,2020-03-25,dap,15.0,Kg,2097
I00154,F0018,2020-10-09,Manure,1.0,MT,4069
I00155,F0018,2021-10-11,DAP,0.2,bags,1437
I00156,F0018,10/11/2021,Urea,20.0,kg,2170
I00157,F0018,04-Mar-22,Manure,500.0,kg,
I00158,F0018,2024-11-08,Insecticide - Duduthrin,0.2,litres,287
I00159,F0019,12/03/2020,DAP 18-46-0,2.8,Bags,16641
I00160,F0019,2020-04-14,can,1.4,bags,7201
I00161,F0019,2020-03-07,Manure,5600.0,kgs,19878
I00162,F0019,2021-10-15,Dap fertilizer,340.0,Kg,49287
I00163,F0019,2021-11-07,Pesticide,3.8,litres,4403
I00164,F0019,24/05/2022,Duduthrin,6930.0,ml,7749
I00165,F0019,2023-03-10,manure,9200.0,kg,31366
I00166,F0019,2024-12-09,Pesticide,3196.0,mL,3707
I00167,F0020,2020-03-24,Manure,,tonnes,5045
I00168,F0020,2022-12-01,pesticide,0.4,litres,552
I00169,F0020,2023-12-15,pesticide,0.8,litres,846
I00170,F0021,2019-11-03,DAP,1.0,bags,5991
I00171,F0021,2019-12-12,Pesticide,1.2,L,1180
I00172,F0021,2020-04-20,DAP,2.6,bags,19458
I00173,F0021,2021-12-07,Pesticide,2.4,l,3200
I00174,F0021,2022-04-20,DAP,2.6,bag,"KES 15,464"
I00175,F0021,2022-06-05,can,130.0,kg,12881
I00176,F0021,2022-06-05,Insecticide - Duduthrin,3.2,l,3936
I00177,F0021,2023-10-04,DAP,3.2,bag,"KES 28,018"
I00178,F0021,21-Sep-23,Manure,4.2,tonnes,17299
I00179,F0021,14/05/2024,Duduthrin,2.6,L,2817
I00180,F0022,2019-10-12,Farmyard manure,3100.0,Kg,
I00181,F0022,22-Apr-20,DAP,2.7,bags,18883
I00182,F0022,04/06/2020,CAN (top dress),0.9,bags,4380
I00183,F0022,2020-04-10,Manure,,tonnes,13261
I00184,F0022,10-Nov-21,dap,135.0,kg,20896
I00185,F0022,2022-05-15,Pesticide,2.3,litres,2447
I00186,F0022,2022-11-26,Pesticide,2.6,,3013
I00187,F0023,07/05/2021,pesticide,3394.0,ml,3444
I00188,F0023,2022-04-16,DAP,3.5,bag,22526
I00189,F0023,2023-05-09,can,70.0,kg,6649
I00190,F0023,26/03/2023,manure,2800.0,KG,10345
I00191,F0023 ,2023-04-29,Insecticide - Duduthrin,300.0,litres,3364
I00192,F0023,2024-03-08,dap,3.3,bags,23258
I00193,F0024,2019-04-01,Farmyard manure,2400.0,KG,9766
I00194,F0024,02/05/2019,Pesticide,3.1,litres,3453
I00195,F0024,15/11/2019,DAP,2.4,bags,15314
I00196,F0024,17/12/2019,can,122.5,Kg,14880
I00197,F0024,2021-10-03,DAP,5.7,bags,43151
I00198,F0024,02-Nov-21,Urea,1.9,bag,10367
I00199,F0024,12/04/2022,Dap fertilizer,250.0,,39144
I00200,F0024,16-May-22,UREA,125.0,kg,12685
I00201,F0025,15/05/2019,Duduthrin,1.1,l,1295
I00202,F0025,"Oct 28, 2020",DAP 18-46-0,112.5,Kg,17065
I00203,F0025,2020-12-02,can,60.0,kgs,
I00204,F0025,28-Oct-20,Manure,1500.0,Kg,"KES 5,825"
I00205,F0025,2021-10-04,manure,500.0,kg,2368
I00206,F0025,2022-10-20,DAP 18-46-0,1.3,bags,9857
I00207,F0025,2022-12-05,Urea,52.0,KG,5437
I00208,F0025,2023-03-12,DAP,35.0,Kg,4917
I00209,f0025,21/04/2023,CAN,56.0,kg,5477
I00210,F0025,04/03/2023,Manure,700.0,Kg,"KES 3,047"
I00211,F0025,2023-05-16,Pesticide,1989.0,ml,2141
I00212,F0025,17/11/2023,DAP,30.0,kg,4525
I00213,F0026,2019-12-27,Pesticide,1.9,litres,
I00214,F0026 ,02-Apr-20,pesticide,,l,1886
I00215,F0026,2021-03-21,DAP,2.2,bag,
I00216,F0026,20-Apr-21,Urea,1.2,bag,7585
I00217,F0026,2022-10-01,Manure,1100.0,Kg,4437
I00218,F0027,2020-12-06,Pesticide,2.5,litres,2817
I00219,F0027,2021-04-10,DAP 18-46-0,2.4,bags,15825
I00220,F0027,2021-05-07,Pesticide,2.4,litres,"KES 2,671"
I00221,F0027,2022-04-13,DAP,2.7,bags,20992
I00222,F0027,27-May-22,CAN,45.0,kg,3897
I00223,F0027,06/04/2022,Manure,1800.0,kg,6553
I00224,f0027,08-Mar-24,Manure,1800.0,kg,7768
I00225,F0028,03/05/2020,pesticide,3.8,litres,4835
I00226,F0028,17/03/2021,DAP,592.5,Kg,90183
I00227,F0028,17-Apr-21,Urea,7.9,bags,36470
I00228,F0028,15/11/2022,dap,270.0,kg,44925
I00229,F0028,2022-12-16,CAN,1.8,bags,9571
I00230,F0029,2020-10-19,DAP,15.0,kg,2077
I00231,F0029,"Dec 13, 2020",Pesticide,494.0,ml,615
I00232,F0030,2019-03-31,DAP,55.0,kg,6349
I00233,F0030,17-May-19,can,55.0,kgs,4480
I00234,F0030,2020-10-10,DAP,2.7,bags,19166
I00235,F0030,07/11/2020,Pesticide,3.5,l,4422
I00236,F0030,2021-03-23,dap,157.5,kg,24655
I00237,F0030,2021-04-23,UREA,1.0,bag,4817
I00238,F0030,2021-04-20,Pesticide,1.4,litres,1600
I00239,F0030,2021-11-15,DAP,140.0,KG,19458
I00240,F0030,2021-12-16,Urea,112.0,kg,12366
I00241,F0030,09/04/2022,DAP,140.0,kg,18331
I00242,F0030,2022-04-03,Manure,2800.0,kg,11503
I00243,F0030,2022-05-15,Pesticide,3.6,litres,4957
I00244,F0030,15/11/2022,DAP 18-46-0,3.2,bag,22098
I00245,F0030,03-Jan-23,CAN,52.5,Kg,5288
I00246,F0030,23/12/2022,Pesticide,,litres,2260
I00247,F0030,2023-06-26,Pesticide,1.8,L,1915
I00248,F0030,2024-04-08,DAP,1.7,Bags,12544
I00249,F0030,2024-05-09,CAN (top dress),42.5,Kg,3859
I00250,F0030,30/12/2024,Pesticide,1.1,litres,"KES 1,344"
I00251,F0031,"Nov 10, 2020",DAP,275.0,kg,48817
I00252,F0031,10-Nov-20,Manure,2750.0,kgs,11415
I00253,F0031,29/12/2020,pesticide,6.7,L,8146
I00254,F0031,07/04/2021,DAP,12.3,bags,92753
I00255,F0031,2021-04-05,Farmyard manure,16.4,MT,
I00256,F0031,2024-10-11,DAP,6.7,bags,52482
I00257,F0932,2019-04-07,Manure,550.0,kg,2278
I00258,F0032,2019-06-25,Duduthrin,712.0,ml,794
I00259,F0032,2020-11-19,Dap fertilizer,105.0,kgs,15453
I00260,F0032,02/11/2021,dap,0.6,50kg bag,4887
I00261,F0032,2021-12-19,Urea,32.5,KG,3270
I00262,F0032,2021-10-21,Manure,2600.0,KG,10383
I00263,F0032,"Apr 01, 2022",manure,700.0,kg,2809
I00264,F0032,25/04/2023,DAP,105.0,kg,17712
I00265,F0032,2023-05-26,CAN,1.1,bags,5059
I00266,F0032,2023-04-14,Manure,1400.0,kg,5835
I00267,F0032,2023-05-27,Insecticide - Duduthrin,1.7,litres,2136
I00268,F0937,30/12/2024,Pesticide,1.1,L,1445
I00269,F0033,21/12/2019,CAN,0.7,bags,3510
I00270,F0033,2020-11-20,DAP,1.4,bags,9281
I00271,F0033,25/12/2020,Urea,36.0,Kg,4296
I00272,F0033,08-Apr-21,can,40.0,Kg,4273
I00273,F0033,2021-03-04,manure,0.8,MT,3426
I00274,F0033,12-Dec-21,Pesticide,0.5,litres,631
I00275,F0033,2022-10-08,dap,45.0,Kg,
I00276,F0033,2022-11-20,Urea (top dress),36.0,kg,4323
I00277,F0033,"Oct 05, 2022",Manure,900.0,,3792
I00278,F0033,2024-05-30,Pesticide,0.3,L,
I00279,F0033,2024-11-25,Pesticide,0.7,ltrs,778
I00280,F0034,29/10/2020,DAP,60.0,kg,7939
I00281,F0034,19/12/2020,Urea,1.2,bags,6236
I00282,F0034,2021-03-29,DAP,25.0,kg,3436
I00283,F0034,22/09/2022,Manure,3400.0,kg,16829
I00284,F0034,2023-04-18,DAP,1.4,bags,7560
I00285,F0034,08/04/2023,Manure,2800.0,kg,10847
I00286,F0034,14/11/2023,DAP,2.2,Bags,16880
I00287,F0034,2023-12-28,Urea,60.0,kg,6209
I00288,F0034,05/04/2024,DAP 18-46-0,1.0,bags,7131
I00289,F0034,2025-01-05,can,57.5,kg,
I00290,F0034,2024-12-08,Duduthrin,2.2,litres,2187
I00291,F0035,17/04/2019,DAP 18-46-0,45.0,KG,6974
I00292,F0035,11/10/2020,DAP,0.6,bag,4370
I00293,F0035,28/11/2020,CAN,48.0,KG,4712
I00294,F0035,2023-03-05,DAP,30.0,Kg,4249
I00295,F0035,06/04/2023,Urea,30.0,kg,3345
I00296,F0036,2019-10-25,DAP,112.5,kg,16436
I00297,F0036,2020-05-21,Insecticide - Duduthrin,554.0,ml,481
I00298,F0036,2022-04-18,pesticide,1.1,litres,1315
I00299,F0036,2022-10-17,Farmyard manure,650.0,kg,"KES 2,597"
I00300,F0036,2023-10-27,DAP,0.8,bags,5260
I00301,F0036,2023-12-18,CAN,1.5,bag,5580
I00302,F0037,25-May-20,pesticide,2.8,litres,2954
I00303,F0037,09/10/2022,DAP,95.0,kg,13541
I00304,F0037,08/10/2022,FYM,3.8,tonnes,15973
I00305,F0037,16/03/2024,DAP,2.1,50kg bag,14745
I00306,F0037,12/03/2024,Manure,1050.0,KG,3869
I00307,F0037,2024-05-12,Duduthrin,,,3393
I00308,F0037,2024-11-11,Dap fertilizer,165.0,kg,25023
I00309,F0909,2022-03-10,DAP 18-46-0,85.0,KG,
I00310,F0038,10/04/2022,CAN,85.0,KG,8655
I00311,F0038,2022-11-19,DAP,0.6,bags,5034
I00312,F-0038,25/11/2023,Duduthrin,1472.0,ml,1743
I00313,F0038,2024-04-10,DAP,3.6,bags,23290
I00314,F0038,13/05/2024,Urea (top dress),1.2,bags,6121
I00315,F0039,2019-03-31,DAP,325.0,kgs,44432
I00316,F0039,2019-05-19,CAN (top dress),325.0,KG,36462
I00317,F0039,2019-11-16,DAP,170.0,kg,22136
I00318,F0039,18-Dec-19,CAN,6.8,bag,31513
I00319,F0039,2020-11-16,DAP 18-46-0,192.5,KG,30491
I00320,F0039,02/01/2021,urea 46%,3.8,bags,23490
I00321,F0039,11/12/2020,Insecticide - Duduthrin,8502.0,ml,9994
I00322,F0039,2021-10-01,DAP,320.0,kg,45266
I00323,F0039,2021-10-31,Urea,160.0,kg,18846
I00324,f0039,13/11/2022,dap,525.0,kg,73946
I00325,F0039,2023-11-03,dap,310.0,Kg,45978
I00326,F0040,13-Nov-22,Pesticide,,litres,"KES 1,381"
I00327,F0040,2023-03-06,DAP,3.7,bags,21708
I00328,F0040,2023-04-06,Urea (top dress),148.0,Kg,16703
I00329,F0040,2023-11-28,Pesticide,1.9,litres,1829
I00330,F0040,2024-03-09,DAP,3.8,50kg bag,23381
I00331,F0040,"Apr 25, 2024",Urea,3.8,bags,19109
I00332,F0040,26/02/2024,Manure,1900.0,kg,7309
I00333,F0040,08/10/2024,DAP,90.0,KG,
I00334,F0040,2024-12-01,UREA,1.8,bags,10215
I00335,F0041,05-May-21,Duduthrin,0.2,L,225
I00336,F0041,2022-03-02,DAP,0.4,bags,2341
I00337,F0041,2022-04-16,Pesticide,0.2,l,252
I00338,F0041,14/04/2023,DAP,0.4,bags,2778
I00339,F0041,"May 30, 2023",urea 46%,0.2,bags,1235
I00340,F0041,15/11/2023,Pesticide,0.3,l,392
I00341,F0041,"Oct 08, 2024",DAP,0.4,bags,3163
I00342,F0041,"Nov 23, 2024",Duduthrin,0.2,litres,251
I00343,F0042,2020-10-15,DAP 18-46-0,75.0,Kg,11957
I00344,F0042,2020-12-01,Can fertilizer,1.2,bag,5183
I00345,F0042,12/04/2021,DAP,1.5,bags,9586
I00346,F0042,2021-05-31,CAN,75.0,KG,7373
I00347,F-0042,2021-04-11,manure,3.0,tonnes,13974
I00348,F0042,04/04/2022,Manure,1.05,t,
I00349,F0042,2022-05-10,pesticide,1.3,litres,1614
I00350,F0042,2023-01-20,Duduthrin,1.4,ltrs,1716
I00351,F0042,2023-04-08,DAP,150.0,KG,18133
I00352,F0042,2023-11-11,DAP 18-46-0,105.0,Kg,18614
I00353,F0043,03/03/2019,DAP,1.9,bag,13184
I00354,F0043,2019-11-07,DAP,3.0,bag,21255
I00355,f0043,2019-11-02,manure,6.0,t,20163
I00356,F0043,2019-12-29,Pesticide,3.4,litres,3920
I00357,F0043,2021-04-11,pesticide,2.1,L,2329
I00358,F0043,2022-04-11,DAP,72.5,Kg,9098
I00359,f0043,2022-05-31,Pesticide,4.0,litres,
I00360,F0043,2023-11-03,DAP,140.0,kg,21417
I00361,F0043,20-Mar-24,dap,1.6,bag,11040
I00362,F0043,13-Mar-24,Manure,1650.0,kg,5960
I00363,F0043,2024-05-26,pesticide,2.2,L,2975
I00364,F0044,2019-04-08,DAP 18-46-0,262.5,Kg,35894
I00365,F0044,2019-05-20,can,2.8,bag,12574
I00366,F0044,2021-04-04,DAP 18-46-0,2.8,bag,19602
I00367,F0044,08/05/2021,Urea,137.5,kg,14825
I00368,F0044,17-Dec-21,Pesticide,,ltrs,6302
I00369,F0044,2022-04-22,Pesticide,5063.0,ml,4902
I00370,F0044,28/10/2022,DAP,240.0,kgs,36303
I00371,F0044,22/04/2024,DAP 18-46-0,2.0,bags,17220
I00372,F0044,15-Jun-24,can,102.5,kg,
I00373,F0045,2020-03-09,DAP,5.6,bags,39640
I00374,F0045,28/04/2020,CAN,140.0,KG,"KES 12,845"
I00375,F0045,2020-05-15,Pesticide,3.5,L,4023
I00376,F0045,03-Oct-20,DAP,250.0,kg,31993
I00377,F0045,"Nov 08, 2021",Dap fertilizer,8.1,bags,56588
I00378,F0045,2024-03-02,DAP,1.4,bags,9799
I00379,F0045,2024-03-22,Pesticide,3.4,litres,3472
I00380,F0046,18/03/2019,DAP,90.0,Kg,14309
I00381,F0046,2019-04-30,CAN,140.0,bags,6323
I00382,F0046,"May 24, 2019",Pesticide,1764.0,ml,2198
I00383,F0046,09/10/2019,DAP,0.5,Bags,
I00384,F0046,23/11/2019,CAN,50.0,kg,4882
I00385,F0046,2020-10-06,DAP,37.5,kgs,5430
I00386,F0046,2022-11-17,dap,1.6,bags,12735
I00387,F0046,2023-03-16,DAP,60.0,kg,9339
I00388,F0046,2023-05-04,CAN,1.2,bags,"KES 5,570"
I00389,F0046,05/12/2023,Pesticide,2.0,litres,2584
I00390,F0047,17-Apr-19,DAP,95.0,kg,"KES 12,234"
I00391,F0047,27/05/2019,UREA,47.5,kg,5709
I00392,f0047,2019-10-12,Manure,1900.0,kg,6955
I00393,F0047,17-Oct-21,DAP 18-46-0,47.5,KG,6928
I00394,F0047,2021-11-20,CAN (top dress),1.0,bag,4545
I00395,F0047,2021-12-15,Pesticide,2.3,l,2561
I00396,F0048,28/04/2020,pesticide,6.5,L,7891
I00397,F-0048,2021-04-07,dap,225.0,kg,32814
I00398,F0048,08/11/2021,Manure,9600.0,kgs,39172
I00399,F0048,12/01/2022,Pesticide,6.3,litres,"KES 7,853"
I00400,F0048,2022-04-16,DAP,250.0,kgs,37197
I00401,F0048,2022-05-27,Urea,125.0,kg,13933
I00402,F0048,2023-04-21,DAP,175.0,kg,28819
I00403,F0048,2023-06-07,can,87.5,Kg,8044
I00404,F0048,14-Oct-23,DAP,155.0,kg,17463
I00405,F0048,2023-11-13,Urea,155.0,kg,19763
I00406,F0048,2023-10-03,Manure,6200.0,KG,
I00407,F0049,2019-04-04,DAP,3.6,bags,25286
I00408,F0049,01/12/2019,pesticide,1.6,litres,"KES 2,166"
I00409,F0049,2020-04-17,Pesticide,2.2,litres,2628
I00410,F0049,2022-11-02,DAP,1.0,bags,6240
I00411,F0049,12/12/2022,CAN,95.0,kgs,9749
I00412,F0049,2022-12-19,Pesticide,1.8,litres,2058
I00413,F0049,2023-04-12,dap,42.5,kg,
I00414,F0049,03/06/2023,CAN,0.8,bags,"KES 4,893"
I00415,F0049,2023-11-07,Manure,,tonnes,19860
I00416,F0049,08/10/2024,DAP,115.0,kg,14187
I00417,F0049,2024-11-23,Pesticide,3.3,litres,3771
I00418,F0050,2019-09-27,manure,2.2,tonnes,8615
I00419,F0050,04/04/2020,manure,2200.0,kg,8657
I00420,F0050,2021-12-01,Pesticide,2.4,L,2811
I00421,F0050,07-May-22,pesticide,,litres,3232
I00422,F0050,01/12/2023,Pesticide,1.5,litres,2120
I00423,F0051,16-Apr-19,DAP,45.0,Kg,8024
I00424,F0051,2019-04-12,Manure,0.3,tonnes,1134
I00425,F0051,2019-06-18,pesticide,0.4,litres,495
I00426,F0051,2020-11-12,DAP,45.0,KG,6581
I00427,F0051,"Nov 06, 2020",Manure,900.0,kg,3757
I00428,F0051,2021-11-05,DAP 18-46-0,12.5,kg,
I00429,F0051,2021-12-18,UREA,12.5,kg,1299
I00430,F0051,2022-03-06,Manure,1400.0,kg,7521
I00431,F0051,2023-04-29,CAN (top dress),0.2,bags,1465
I00432,F0051,2023-10-04,Manure,300.0,kg,1226
I00433,F0051,2023-11-13,Pesticide,0.3,litres,389
I00434,F0051,28/03/2024,DAP,60.0,kg,"KES 9,322"
I00435,F0051,2024-04-29,Urea,40.0,kgs,4238
I00436,F0051,11-May-24,Pesticide,967.0,ml,1057
I00437,F0051,14/01/2025,pesticide,,mL,497
I00438,f0052,2019-12-27,Duduthrin,5.1,L,6006
I00439,F0052,2020-10-15,DAP,625.0,kg,90137
I00440,F0052,2020-11-19,CAN,312.5,kg,27335
I00441,F0052,"Oct 11, 2020",manure,6250.0,kg,"KES 23,986"
I00442,F0052,2020-11-13,Pesticide,13.4,litres,16553
I00443,F0052,2022-05-22,Pesticide,2252600.0,ml,30319
I00444,F0052,2022-12-10,Pesticide,15.8,l,17160
I00445,F0052,2023-04-17,DAP 18-46-0,14.5,Bags,87046
I00446,F0052,10-Jun-23,can,362.5,KG,32029
I00447,F0052,2023-04-07,Manure,14500.0,kgs,61939
I00448,F0053,30/10/2020,FYM,2200.0,kgs,9797
I00449,F0053,2021-03-14,Manure,900.0,kgs,3763
I00450,F0053,2021-10-17,DAP,1.2,bags,7860
I00451,F0053,16-Jun-23,Pesticide,0.7,litres,847
I00452,F0053,2024-05-12,Pesticide,336.0,ml,435
I00453,F0053,08/11/2024,DAP,35.0,Kg,4414
I00454,F0053,2024-12-19,CAN,28.0,kg,3220
I00455,F0054,05/12/2019,Duduthrin,1.9,litres,2564
I00456,F0054,29-Apr-20,Duduthrin,0.8,l,980
I00457,F0054,13-Apr-21,dap,4750.0,KG,6067
I00458,F0054,2021-05-28,Duduthrin,1.6,L,1885
I00459,F0054,2022-10-19,DAP,75.0,kg,10649
I00460,F0054,05-Apr-23,FYM,2100.0,kg,7451
I00461,F0054,2023-06-01,Pesticide,3.1,L,3475
I00462,F0054,2024-12-12,Pesticide,2750.0,ml,3348
I00463,F0055,2020-02-27,manure,6000.0,kg,27758
I00464,F0055,11/04/2021,DAP,190.0,kg,26120
I00465,F0055,15/11/2023,Dap fertilizer,3.8,bag,27173
I00466,F0055,18/12/2023,CAN,100.0,KG,11299
I00467,F0056,17/04/2022,Dap fertilizer,0.9,bags,"KES 6,890"
I00468,F0056,2024-11-18,DAP,30.0,kg,4579
I00469,F0056,07-Jan-25,Urea,16.0,kg,1535
I00470,F0056,2025-01-27,Pesticide,530.0,mL,689
I00471,F0057,2019-04-15,Insecticide - Duduthrin,717.0,mL,709
I00472,F0057,2019-11-13,pesticide,,litres,1241
I00473,F0057,2023-11-17,DAP,90.0,Kg,14120
I00474,F0057 ,23/12/2023,Pesticide,719.0,mL,
I00475,F0057,2024-03-15,Dap fertilizer,0.4,bags,2992
I00476,F0057,04-May-24,CAN,0.8,bags,4703
I00477,F0057,2024-05-08,Pesticide,1.2,L,1263
I00478,F0057,2024-10-28,dap,45.0,kg,7137
I00479,F0058,13/10/2019,Manure,6400.0,Kg,27082
I00480,F0058,2020-10-17,DAP,95.0,kg,16237
I00481,F0058 ,"Mar 01, 2021",DAP,2.2,bag,16091
I00482,F0058,25/02/2021,Manure,4400.0,kg,17912
I00483,F0058,25/05/2022,Pesticide,4.4,L,5507
I00484,F0058,2022-12-17,Insecticide - Duduthrin,2.3,L,"KES 2,586"
I00485,F0058,2024-10-14,dap,110.0,kg,17693
I00486,F0058,16-Nov-24,Urea (top dress),88.0,kg,12001
I00487,F0059,15/03/2019,DAP,30.0,kgs,4009
I00488,F0059,2019-04-19,CAN,0.3,bags,1530
I00489,F0059,"Mar 04, 2019",manure,600.0,kg,"KES 2,471"
I00490,F0059,14/11/2020,urea 46%,10.0,kg,1218
I00491,F0059,02/12/2020,Insecticide - Duduthrin,340.0,ml,376
I00492,F0059,07/05/2022,CAN,32.0,kg,3164
I00493,F0059,2023-04-21,dap,10.0,kg,1802
I00494,F0059,2023-06-13,Urea (top dress),0.2,bag,1238
I00495,F0059,28-May-23,pesticide,0.5,litres,690
I00496,F0060,2019-12-16,Pesticide,1.5,L,2096
I00497,F0060,2020-03-30,Manure,2.4,tonnes,
I00498,F0060,2020-09-28,FYM,3000.0,KG,11356
I00499,F0060,2021-10-15,DAP,0.6,bags,4242
I00500,F0060,28-Nov-21,UREA,60.0,kg,6684
I00501,F0060 ,2021-11-22,pesticide,1.6,L,1966
I00502,F0060,2022-03-23,DAP,2.5,bag,18393
I00503,F0060,2022-05-06,CAN,62.5,kg,
I00504,F0060,2023-03-19,DAP,75.0,kg,10619
I00505,F0060,26-Apr-23,Urea,37.5,kgs,4814
I00506,F0060,2024-06-02,CAN,80.0,kg,7880
I00507,F0060,11/04/2024,FYM,800.0,kg,3185
I00508,F0060,09/10/2024,DAP,1.3,50kg bag,8553
I00509,F0061,2019-03-04,dap,30.0,kg,"KES 4,521"
I00510,F0061,2019-03-02,Manure,600.0,kg,2488
I00511,F0061,2019-04-06,Duduthrin,1051.0,ml,1231
I00512,F0061,05-Mar-20,Dap fertilizer,105.0,Kg,15954
I00513,F0061,"Apr 20, 2020",CAN,70.0,kg,6636
I00514,F0061,"Apr 14, 2020",Pesticide,1.9,L,2456
I00515,F0061,2021-03-04,DAP,60.0,kg,8802
I00516,F0061,2021-04-29,pesticide,1.5,L,1958
I00517,F0061,2022-04-10,DAP,32.5,kg,4109
I00518,F0061,2022-05-12,Can fertilizer,1.3,Bags,6587
I00519,F0061,2022-05-17,Pesticide,0.8,litres,1065
I00520,F0061,10/12/2022,Pesticide,1.7,litres,1969
I00521,F0061,2023-03-22,DAP,1.1,bag,8426
I00522,F0061,"Apr 21, 2023",CAN,55.0,kgs,5876
I00523,F0061,2023-12-02,Pesticide,1.0,litres,1290
I00524,F0061,2024-10-13,dap,1.2,Bags,8500
I00525,F0061,2024-11-09,Pesticide,1.0,litres,1158
I00526,F0062,05/04/2019,DAP,1.1,bag,7406
I00527,F0062,"May 29, 2019",can,44.0,kg,"KES 3,700"
I00528,F0062,2020-04-14,manure,2.2,t,
I00529,F0062,2020-11-04,DAP,82.5,kg,12657
I00530,F0062,20-Oct-21,manure,0.45,t,1929
I00531,F0062,2023-03-16,FYM,500.0,KG,
I00532,F0062,2023-04-28,Pesticide,620.0,ml,795
I00533,F0062,2024-04-01,Manure,1000.0,kg,
I00534,f0062,2024-05-19,Pesticide,1371.0,ml,1770
I00535,F0063,2019-04-09,DAP,85.0,KG,
I00536,F0063,2019-06-18,Pesticide,1861.0,mL,2247
I00537,F0063,2022-03-30,DAP,32.5,kg,"KES 4,765"
I00538,F0063,2022-10-19,dap,40.0,kg,5013
I00539,F0063,2022-11-24,CAN,0.6,bags,3164
I00540,F0064,"Oct 09, 2022",dap,120.0,kg,19757
I00541,f0064,2022-12-12,Pesticide,1.3,litres,1398
I00542,F0064,10/11/2024,Farmyard manure,550.0,Kg,2140
I00543,F0065,30-May-19,can,52.5,Kg,5563
I00544,F0065,2019-06-10,pesticide,1.8,L,2196
I00545,F0065,2021-03-02,dap,70.0,kg,9672
I00546,F0065,19/04/2021,UREA,70.0,kg,8488
I00547,F0065,2021-11-25,Pesticide,4.9,L,6959
I00548,F0065,2023-10-25,DAP,67.5,kg,11137
I00549,F0065,27/12/2023,Insecticide - Duduthrin,1.4,L,
I00550,F0066,2019-03-29,DAP,1.9,bags,13038
I00551,F0066,2019-05-10,CAN,47.5,Kg,5045
I00552,F0066,27/05/2019,pesticide,2364.0,ml,2553
I00553,F0066,2019-10-24,DAP,120.0,kg,13722
I00554,F0066,2019-12-04,Urea,1.6,bags,9703
I00555,F0066,07-Dec-19,Pesticide,1.8,litres,2658
I00556,F0066,2022-01-09,Pesticide,210.0,ltrs,2532
I00557,F0066,14-Nov-22,DAP,1.0,50kg bag,7929
I00558,F0066,"Dec 23, 2022",can,40.0,Kg,3738
I00559,F-0066,2022-11-10,Manure,2.0,t,7166
I00560,F0066,2023-12-09,CAN,1.0,Bags,4959
I00561,F0066,2024-04-17,Pesticide,,ml,894
I00562,F0067,2020-10-26,DAP,32.5,kg,5120
I00563,F0067,01-Dec-20,CAN,32.5,kg,3002
I00564,F0067,06/10/2022,DAP 18-46-0,32.5,KG,4483
I00565,F0067,2022-11-13,Urea,32.5,kg,3295
I00566,F0067,2023-10-21,dap,25.0,Kg,3002
I00567,F0067,25/11/2023,urea 46%,0.5,bags,2832
I00568,F0067,2023-11-15,pesticide,1.2,L,1509
I00569,F0067,2024-11-05,Dap fertilizer,40.0,kg,6394
I00570,F0067,2024-12-07,UREA,0.4,bags,2063
I00571,F0067,2025-01-05,Pesticide,898.0,mL,1121
I00572,F0068,2019-04-29,urea 46%,12.5,kg,1624
I00573,F0068,2020-03-08,DAP 18-46-0,,kg,4230
I00574,F0068,2020-11-11,DAP,0.6,bag,4878
I00575,F0068,2020-12-25,UREA,0.5,bags,2260
I00576,f0068,"Oct 29, 2020",Manure,,KG,2569
I00577,F0068,23/12/2020,pesticide,0.4,litres,545
I00578,F0068,2022-11-14,Dap fertilizer,,bags,6459
I00579,F0068,2024-11-28,Pesticide,1.0,litres,1402
I00580,F0069,2019-11-20,DAP,52.5,kg,7392
I00581,F0069,2020-01-08,CAN,1.0,50kg bag,4863
I00582,F0069,30-Mar-21,dap,23250.0,kg,34650
I00583,F0069,2021-05-16,CAN,124.0,Kg,13582
I00584,F0069,2021-04-24,pesticide,4.5,litres,5039
I00585,F0069,2022-03-09,DAP,187.5,kg,24766
I00586,F0069,05/11/2023,DAP 18-46-0,4.0,bags,29184
I00587,F0069,2023-12-30,CAN,67.5,kg,6745
I00588,F0069,02-Nov-23,Manure,2700.0,kg,8867
I00589,F0069,2024-11-09,DAP,100.0,KG,13677
I00590,F0069,2024-12-30,UREA,50.0,kg,6298
I00591,F0069,2024-10-26,Manure,2.0,tonnes,7696
I00592,F0070,11/04/2019,dap,1.5,50kg bag,9531
I00593,F0070,2019-05-12,CAN,0.8,,3204
I00594,F0070,2019-06-16,Pesticide,2.0,litres,2684
I00595,F0070,"Apr 07, 2020",DAP,80.0,Kg,11392
I00596,F0070,2020-05-13,can,0.8,bags,4134
I00597,F0070,2020-05-07,Pesticide,0.9,l,1021
I00598,F0070,10/11/2020,Manure,1.6,tonnes,6123
I00599,F0070,2022-01-04,Pesticide,2.3,litres,"KES 2,167"
I00600,F0070,2024-10-25,DAP,67.5,kg,9229
I00601,F0071,2021-03-24,DAP,55.0,kg,6247
I00602,F0071,2021-05-18,Can fertilizer,44.0,kg,"KES 4,713"
I00603,F0071,2022-03-20,dap,1.0,bags,8543
I00604,F0071,2022-04-27,can,50.0,kg,6139
I00605,F0071,24/05/2022,Pesticide,1.8,litres,1938
I00606,F0071,2023-03-07,dap,1.2,Bags,8752
I00607,F0072,"Nov 02, 2020",DAP,52.5,kg,6767
I00608,F0072,17-Dec-20,UREA,0.4,bags,1902
I00609,F0072,2021-03-21,FYM,500.0,kgs,1936
I00610,F0072,07-Oct-21,DAP,1.0,bags,8033
I00611,F0072,2021-11-14,Urea,28.0,kg,3100
I00612,F0072,17/11/2023,DAP 18-46-0,37.5,Kg,
I00613,F0072,2023-12-26,CAN (top dress),0.5,50kg bag,2447
I00614,F0072,2024-05-06,Pesticide,280.0,ml,368
I00615,F0073,2019-04-18,Pesticide,2.2,litres,2603
I00616,F0073,01-Apr-21,DAP,70.0,kgs,8583
I00617,F0073,2021-05-10,urea 46%,56.0,kg,6408
I00618,F0073,2021-05-07,Duduthrin,1.5,litres,1331
I00619,F0073,2021-11-08,DAP,82.5,kg,11762
I00620,F0073,2021-12-23,Urea,55.0,kgs,5848
I00621,F0073,2022-11-01,DAP,127.5,kg,19844
I00622,F0073,2022-10-26,Manure,1.7,tonnes,7055
I00623,F0073,2023-04-21,dap,40.0,kg,5876
I00624,F0073,28/09/2023,Manure,700.0,kgs,2335
I00625,F0073,20/11/2023,Pesticide,1.0,ltrs,958
I00626,F0073,2024-12-14,Pesticide,692.0,ml,888
I00627,F0074,2019-04-24,Insecticide - Duduthrin,1.0,litres,"KES 1,135"
I00628,F0074,2020-11-09,CAN,0.9,bag,4681
I00629,F0074,2020-11-09,Pesticide,0.9,l,976
I00630,F0074,2021-11-14,DAP,30.0,kg,4885
I00631,F0074,24/01/2023,Pesticide,0.6,litres,762
I00632,F0074,23/04/2023,DAP,30.0,kg,3946
I00633,F0074,2023-05-27,CAN,0.2,bags,
I00634,F0074,30-Jun-23,Insecticide - Duduthrin,0.4,L,436
I00635,F0075,29-Oct-19,DAP,205.0,KG,27780
I00636,F0075,2019-12-04,CAN,,kg,19488
I00637,f0075,2021-03-20,DAP,5.9,bags,"KES 38,864"
I00638,F0075,2023-03-06,DAP,405.0,kg,55528
I00639,F0075,2023-04-14,CAN,2.7,bag,"KES 13,297"
I00640,F0075,2023-03-29,Duduthrin,4.2,litres,5231
I00641,F0075,24-Dec-23,CAN,250.0,bags,
I00642,F0075,2024-10-13,dap,140.0,kg,
I00643,F0075,2024-12-22,Pesticide,4.3,litres,5336
I00644,F0076,2021-11-05,DAP 18-46-0,560.0,bags,36302
I00645,F0076,16-Oct-22,DAP,70.0,Kg,9779
I00646,F0076,2022-10-15,Manure,1.4,tonnes,4768
I00647,F0076,"Nov 20, 2022",pesticide,1.4,l,"KES 1,665"
I00648,F-0076,29/11/2023,Pesticide,6.1,litres,8444
I00649,F0076,2024-12-14,Duduthrin,2533.0,ml,3368
I00650,F0077,2019-04-03,Manure,1150.0,Kg,4058
I00651,F0077,2019-06-01,Pesticide,,L,3056
I00652,F0077,2020-11-06,Manure,3.2,tonnes,"KES 9,978"
I00653,F0077,2021-03-08,Manure,1850.0,kg,7429
I00654,F0077,2021-04-05,Pesticide,4.3,litres,5334
I00655,F0077,19/04/2022,DAP,185.0,kg,24703
I00656,f0077,2022-12-11,Pesticide,2060.0,ml,2263
I00657,F0077,2023-11-15,DAP,4.2,bags,32231
I00658,F0077,2024-01-07,UREA,70.0,Kg,8534
I00659,F0077,2024-01-09,Pesticide,1.6,ltrs,1825
I00660,F0077,2024-11-06,DAP,70.0,kg,9834
I00661,F0077,2025-01-02,Duduthrin,3079.0,mL,3069
I00662,F0078,2019-03-26,dap,965.0,Kg,118680
I00663,F0078,2019-05-12,CAN (top dress),9.6,bags,51815
I00664,F0078 ,23-Mar-19,Manure,38600.0,kg,187447
I00665,F0078,12/05/2019,Pesticide,22.5,litres,27729
I00666,F0078,09/03/2020,dap,725.0,KG,90325
I00667,F0078,2020-04-15,CAN,7.2,bags,34078
I00668,F-0078,17-Mar-21,DAP,19.5,50kg bag,151736
I00669,F0078,13-Apr-21,pesticide,,litres,15225
I00670,F0078,2022-11-11,DAP,550.0,Kg,69780
I00671,F0078,"Apr 25, 2023",DAP,600.0,kg,88140
I00672,F0078,2023-06-07,UREA,600.0,kg,59822
I00673,F0078,2023-04-25,Manure,24000.0,kgs,89646
I00674,F0079,2019-05-07,Pesticide,0.9,litres,1028
I00675,F0079,2021-03-01,dap,0.8,bags,6445
I00676,F0079,23/04/2021,Can fertilizer,32.0,kgs,2902
I00677,F0079,"Nov 20, 2021",DAP,75.0,Kg,11228
I00678,F-0079,2022-01-14,Insecticide - Duduthrin,1.3,ltrs,1652
I00679,F0079,2023-10-08,FYM,0.4,tonnes,1597
I00680,F0079,18/11/2024,DAP,30.0,KG,4920
I00681,F0079,2025-01-05,CAN,0.5,Bags,2478
I00682,F0079,10/11/2024,Manure,300.0,Kg,1271
I00683,F0080,21/03/2020,DAP,4.9,bags,34671
I00684,F0080,10-Oct-21,FYM,2000.0,kgs,7283
I00685,F0080,2022-10-24,Dap fertilizer,4.9,bag,"KES 33,902"
I00686,F0080,17/12/2022,Urea,245.0,kgs,
I00687,F0080,2023-03-31,Dap fertilizer,190.0,kg,26758
I00688,F0080,21/03/2023,FYM,7.6,tonnes,31315
I00689,F0080,2023-05-27,Pesticide,5.4,L,6173
I00690,F0080,27/10/2023,dap,4.1,bag,29610
I00691,F0080,03-Dec-23,Can fertilizer,3.3,bags,15583
I00692,F0080,30/10/2024,Manure,5700.0,KG,24505
I00693,F0081,03/03/2019,DAP,0.8,bags,5144
I00694,F0081,2019-05-01,Pesticide,0.5,litres,
I00695,F0081,07/11/2020,DAP,0.8,bags,4956
I00696,F0081,2021-01-01,Pesticide,0.3,litres,419
I00697,F0081,25/04/2021,Pesticide,0.8,L,953
I00698,F0081,2022-03-28,manure,0.8,tonnes,3042
I00699,F0081,2022-05-06,Pesticide,492.0,ml,KES 596
I00700,F0081,2023-11-03,DAP,0.4,50kg bag,2004
I00701,F0081,2023-12-22,Urea,35.0,kg,4101
I00702,F0081,2023-12-24,pesticide,0.6,litres,
I00703,F0081,2024-03-04,DAP,0.5,50kg bag,
I00704,F0081,05-Apr-24,CAN,12.5,kg,1448
I00705,F0081,07-Nov-24,DAP,0.3,bag,2051
I00706,F0082,2021-03-13,dap,540.0,kg,
I00707,F0082,2021-05-03,can,432.0,kg,51502
I00708,F0082,2021-05-03,pesticide,8557.0,mL,11177
I00709,F0082,2022-10-28,manure,20800.0,Kg,83753
I00710,F0082,09-Oct-23,DAP,420.0,Kg,
I00711,F0082,2023-11-22,CAN,280.0,kgs,30670
I00712,F0082,2024-10-20,DAP,2.5,bags,16365
I00713,F0082,2024-10-10,Manure,10000.0,kgs,
I00714,F0082,2024-12-27,Pesticide,4.2,litres,5402
I00715,F0083,2021-11-06,DAP,20.0,Kg,2590
I00716,F0083,17/12/2021,Pesticide,0.3,l,321
I00717,F0083,2022-11-09,manure,1000.0,kg,4616
I00718,F0083,2023-01-21,Pesticide,0.3,L,397
I00719,F0083,2024-06-02,CAN,0.2,bags,772
I00720,F0083,05/11/2024,manure,,kg,2305
I00721,F0083,2025-01-09,Pesticide,0.3,ltrs,416
I00722,F-0084,03/03/2019,Manure,6.8,MT,28924
I00723,F0084,09/12/2019,Pesticide,5.6,L,
I00724,F0084,2020-11-04,Dap fertilizer,6.0,Bags,44974
I00725,F0084,2020-12-26,CAN,4.0,bags,18438
I00726,F0084,24/10/2020,manure,8000.0,kg,30758
I00727,F0084,2021-03-09,DAP,115.0,kgs,
I00728,F0084,2022-10-26,DAP,6.2,bag,40602
I00729,F0084,11/12/2022,CAN,102.5,Kg,10736
I00730,F0084,2023-04-05,DAP,150.0,kg,18604
I00731,F0084,09/05/2023,Urea (top dress),3.0,bag,13541
I00732,F0084,12/03/2024,Dap fertilizer,,kg,23015
I00733,F0084,2024-10-20,DAP,140.0,kg,20811
I00734,F-0084,27/11/2024,Urea,140.0,kg,16617
I00735,f0085,30/03/2020,FYM,1.1,MT,4480
I00736,F0085,2021-06-27,Pesticide,2.3,L,2778
I00737,F0085,2022-12-02,Pesticide,2.3,litres,2575
I00738,F0085,2023-03-30,DAP,3.6,bags,27770
I00739,F0085,01/05/2023,CAN,60.0,kg,6166
I00740,F0085,2023-04-30,Duduthrin,3.4,litres,3663
I00741,F0085,26/10/2023,dap,160.0,Kg,20071
I00742,F0085,26/11/2023,Urea,1.6,bag,7829
I00743,F0085,23/11/2023,pesticide,4.1,ltrs,5256
I00744,F0085,23-Dec-24,Insecticide - Duduthrin,3.1,l,2726
I00745,F0086,04-Mar-19,DAP,1.5,bags,9932
I00746,F0086,27-Feb-19,Manure,500.0,kg,1871
I00747,F0086,13-Nov-19,pesticide,1.6,L,2044
I00748,F0086,24/06/2022,Pesticide,1.6,,1669
I00749,F0086,2022-10-05,dap,0.5,bags,3767
I00750,F0086,2023-04-17,DAP 18-46-0,,kg,7611
I00751,F0086,10/11/2023,Manure,1100.0,KG,4633
I00752,F0086,2024-03-09,DAP,67.5,kg,9134
I00753,F0086,2024-04-22,CAN,45.0,Kg,4624
I00754,F0086,2024-05-10,Pesticide,0.7,l,896
I00755,F0087,06/03/2021,dap,80.0,kg,10527
I00756,F0087 ,2021-10-27,dap,47.5,kg,7104
I00757,F0087,"Mar 09, 2022",DAP,1.2,bag,9551
I00758,F0087,02/05/2022,Urea,1.0,bags,5556
I00759,F0087,2023-01-05,Pesticide,1.3,litres,1329
I00760,F0087,21/03/2023,DAP 18-46-0,2.2,bag,16612
I00761,F0087,05/05/2023,Can fertilizer,2.2,bags,10755
I00762,F0087,07/05/2023,Pesticide,3.2,litres,3895
I00763,F0087,2024-02-21,Manure,4.0,MT,17191
I00764,F0087,03-May-24,Pesticide,2349.0,mL,2846
I00765,f0087,2024-10-26,DAP,90.0,kg,13997
I00766,F0087,2024-12-09,can,1.8,bags,8026
I00767,F-0087,2024-12-10,pesticide,1486.0,,2094
I00768,F0920,08/04/2019,Manure,250.0,kg,936
I00769,F0088,18-May-22,Pesticide,0.4,litres,KES 500
I00770,F0088,02/10/2023,DAP 18-46-0,15.0,kg,1845
I00771,F0088,09/04/2024,Manure,600.0,Kg,
I00772,F0088,20/06/2024,pesticide,819.0,ml,975
I00773,F0089,2022-11-19,CAN,205.0,Kg,19463
I00774,F0089,28/02/2023,Manure,6200.0,kg,22861
I00775,F0089,2023-04-29,pesticide,3.2,litres,3446
I00776,F0090,2019-10-19,DAP,0.8,bags,5379
I00777,F0090,05-Dec-19,Urea,37.5,kg,3679
I00778,F0090,"Apr 22, 2020",pesticide,3.4,litres,4151
I00779,F-0090,2022-04-09,Pesticide,1546.0,ml,2291
I00780,F0090,01-Dec-22,pesticide,1.6,L,1786
I00781,F0090,23/04/2023,DAP,3.9,bags,
I00782,F0090,2023-06-26,Pesticide,2.7,litres,"KES 3,273"
I00783,F0090,2024-03-17,DAP 18-46-0,105.0,kg,13307
I00784,F0090,2024-04-23,Urea,1.7,bag,
I00785,F0091,2020-01-05,Pesticide,2.0,litres,3034
I00786,F0091,2020-03-22,Manure,800.0,Kg,2945
I00787,F0091,12/11/2021,dap,37.5,kg,4487
I00788,F0092,04/10/2020,DAP,90.0,KG,11887
I00789,F0092,05/11/2020,can,48.0,kg,4511
I00790,F0092,2021-05-20,Pesticide,1.6,litres,1995
I00791,F0092,25/04/2022,DAP,70.0,kg,10797
I00792,F0092,2022-10-15,Manure,900.0,,"KES 3,245"
I00793,F0092,2022-12-26,pesticide,1.0,L,
I00794,F0093,22/04/2019,Dap fertilizer,1.5,bags,11204
I00795,F0093,2019-06-06,Urea,25.0,kg,"KES 3,195"
I00796,F0093,2020-05-17,Pesticide,1.2,litres,1474
I00797,F0093,2020-10-05,dap,1.6,bags,11784
I00798,f0093,28/03/2023,DAP,60.0,Kg,8869
I00799,F0094,2019-04-02,DAP 18-46-0,47.5,Kg,6451
I00800,F0094,13-May-19,CAN (top dress),1.5,bags,7950
I00801,F0094,16-Nov-19,DAP,1.5,Bags,11779
I00802,F0094,2019-11-08,manure,2.0,tonnes,8437
I00803,F0094,2020-03-17,Manure,1.8,t,6383
I00804,F0094,2021-05-10,Pesticide,642.0,ml,705
I00805,F0094,02/11/2022,DAP,1.8,bags,12869
I00806,F0094,17/12/2022,CAN,90.0,kg,8422
I00807,F0095,2020-01-09,pesticide,2.3,litres,3081
I00808,F0095,"Mar 31, 2020",DAP,105.0,Kg,16826
I00809,F0095,02-Nov-20,DAP,60.0,Kg,"KES 9,110"
I00810,F0095,2021-05-31,pesticide,3656.0,ml,3833
I00811,F0095,2022-11-07,DAP 18-46-0,52.5,,
I00812,F0095,13/12/2022,CAN (top dress),1.0,bag,5381
I00813,F0095,2023-12-09,Pesticide,2.1,L,
I00814,F0096,18-Mar-19,DAP,60.0,kg,8677
I00815,F0096,2020-01-12,pesticide,1.6,litres,2089
I00816,F0096,29/10/2021,DAP,27.5,Kg,4020
I00817,F0096,2021-12-07,Insecticide - Duduthrin,0.8,litres,973
I00818,F0096,16/04/2022,DAP,80.0,kg,10979
I00819,F0096,2022-10-16,DAP 18-46-0,75.0,Kg,11041
I00820,F0096,09/04/2023,DAP,35.0,KG,4173
I00821,F0096,22/05/2023,Urea,28.0,KG,3038
I00822,F0096,2023-06-14,Duduthrin,0.4,litres,559
I00823,F0096,2024-10-15,dap,0.8,bag,4081
I00824,F0096,14/11/2024,Can fertilizer,0.4,bag,1952
I00825,F0096,2024-10-13,manure,1.6,t,5971
I00826,F0096,2024-12-23,Pesticide,0.7,litres,757
I00827,F0097,2020-04-05,DAP,110.0,kg,16233
I00828,F0097,04-Nov-20,DAP,112.5,kg,15918
I00829,F0097,2020-12-10,CAN,,kgs,3574
I00830,F0097,27/10/2023,DAP,,Kg,"KES 24,396"
I00831,F0097,12/12/2023,CAN,2.7,bags,12027
I00832,F0097,2023-12-30,Pesticide,3.4,ltrs,3408
I00833,F0098,03/10/2021,Dap fertilizer,1.4,50kg bag,9677
I00834,F0098,2022-03-01,manure,2.8,MT,
I00835,F0098,2024-12-02,Pesticide,1.1,l,
I00836,F0099,30/03/2019,manure,5400.0,KG,23911
I00837,f0099,2020-03-08,DAP,1.2,bags,6986
I00838,F0099,13-Oct-20,DAP,3.4,bags,
I00839,F0099,2020-11-18,Pesticide,2.8,l,"KES 2,760"
I00840,F0099,2021-10-11,DAP,85.0,kg,11819
I00841,F0099,16/11/2022,Farmyard manure,4.0,tonnes,14291
I00842,F0099,2024-04-14,Pesticide,1.4,L,1483
I00843,F0099,2024-12-03,UREA,42.5,Kg,5503
I00844,f0100,2019-04-25,DAP,37.5,KG,4953
I00845,F0100,2019-06-10,UREA,75.0,kg,7666
I00846,F0100,12/04/2020,Pesticide,1.2,litres,
I00847,F0100,2020-11-24,pesticide,1016.0,mL,1144
I00848,F0100,10/04/2021,DAP 18-46-0,17.5,Kg,2538
I00849,F0100,2021-06-01,Urea,17.5,kg,1964
I00850,F0100,2021-05-31,Pesticide,0.6,litres,630
I00851,F0100,19-Oct-22,dap,1.0,bag,5681
I00852,F0101,28/12/2019,Urea,0.6,50kg bag,
I00853,F0101,2022-03-26,Dap fertilizer,,bags,5992
I00854,F0101,23-Mar-22,Farmyard manure,0.3,t,1108
I00855,F0101,02-Apr-24,Dap fertilizer,20.0,kg,2972
I00856,F0102,04/03/2019,DAP,1.3,Bags,8270
I00857,F0102,27/04/2019,can,65.0,Kg,6884
I00858,F-0102,2019-04-28,Pesticide,1.2,L,1545
I00859,F0102,2021-12-14,Pesticide,1.3,litres,1523
I00860,F0102,2023-04-13,DAP 18-46-0,135.0,kg,18536
I00861,F0102,2023-05-18,Urea,108.0,kg,12508
I00862,F0102,02-Apr-23,Manure,5400.0,kg,20898
I00863,F0102,"Jun 16, 2023",Pesticide,1.4,litres,1953
I00864,F0103,10-Jun-20,pesticide,0.2,litres,221
I00865,F0103,"Mar 10, 2021",DAP,0.3,bags,
I00866,F0103,17/03/2022,Farmyard manure,0.6,tonnes,2153
I00867,F0103,2023-05-01,Pesticide,0.6,litres,809
I00868,F0103,2023-10-09,Manure,150.0,kg,626
I00869,F0103,2024-03-07,dap,0.4,bags,2861
I00870,F0103,28/04/2024,Duduthrin,487.0,ml,577
I00871,F0103,2024-10-22,dap,0.2,bag,1848
I00872,F0104,2020-04-19,manure,2.35,tonnes,10584
I00873,F0104,04/06/2020,pesticide,6.6,litres,7827
I00874,F0104,2020-10-31,DAP,5.4,bags,
I00875,F0104,02/12/2020,Can fertilizer,3.6,Bags,"KES 19,393"
I00876,F0104,2021-05-16,Insecticide - Duduthrin,2.1,L,2618
I00877,F0104,2022-04-22,dap,82.5,kg,11642
I00878,F0104,2022-06-10,Urea,82.5,kg,9679
I00879,F0104,2022-05-23,pesticide,4.6,litres,6222
I00880,F-0104,2022-10-17,DAP,125.0,kg,"KES 16,607"
I00881,F0104,"Nov 10, 2022",Pesticide,5.6,litres,"KES 6,840"
I00882,F0104,2023-04-06,DAP,135.0,kg,19450
I00883,f0105,2019-12-10,Pesticide,2.2,litres,2263
I00884,F0105,2020-03-03,DAP,45.0,kg,"KES 6,450"
I00885,F0105,2020-04-16,Duduthrin,1.0,litres,1190
I00886,F0105,2021-10-05,DAP,1.0,bags,
I00887,F0105,2021-11-06,UREA,40.0,kg,4085
I00888,F0105,19/04/2022,Dap fertilizer,105.0,Kg,14223
I00889,F0105,2022-10-03,DAP,90.0,KG,11861
I00890,F0105,2022-09-22,Manure,3600.0,Kg,
I00891,F0105 ,2023-10-05,DAP,2.1,bags,
I00892,F0106,2020-04-17,DAP,225.0,KG,"KES 33,975"
I00893,F0106,04-Nov-20,dap,82.5,,14037
I00894,F0106,2021-11-06,DAP,60.0,Kg,10292
I00895,F0106,2021-12-25,Pesticide,2.0,litres,"KES 2,102"
I00896,F0106,2023-03-27,Dap fertilizer,125.0,kg,16144
I00897,F0106,28/04/2023,CAN,2.5,bags,13016
I00898,F0106,2023-11-15,dap,92.5,KG,13500
I00899,F0106,2023-12-31,Pesticide,2.0,litres,1987
I00900,F0106,07/11/2024,FYM,4100.0,kg,14927
I00901,F0107,2019-03-27,DAP 18-46-0,1.0,bags,
I00902,F0107,2019-03-21,Manure,1400.0,Kg,5530
I00903,F0107,2021-04-06,Farmyard manure,1400.0,Kg,5743
I00904,F0107,02/05/2021,Pesticide,0.5,litres,638
I00905,F0107,2022-03-13,Dap fertilizer,7.5,kg,1170
I00906,F0107,2024-10-25,dap,25.0,kg,3605
I00907,F0107,2024-12-05,urea 46%,0.5,Bags,3065
I00908,F0108,2019-10-02,DAP,0.6,bag,4223
I00909,F0108,23/11/2019,CAN,24.0,kg,2525
I00910,F0108,2019-12-06,Insecticide - Duduthrin,0.3,L,431
I00911,F0108,24/04/2020,DAP,0.9,bags,"KES 5,469"
I00912,F0108,17-Jun-20,CAN,45.0,kg,"KES 4,438"
I00913,F0108,2020-04-17,Manure,450.0,kg,
I00914,F0108,25/05/2020,pesticide,0.7,l,795
I00915,F0108,15/11/2022,DAP 18-46-0,45.0,Kg,5953
I00916,F0108,2024-10-18,DAP,75.0,KG,10100
I00917,F0108,30/11/2024,Urea,,Kg,5756
I00918,F0108,2024-12-20,Duduthrin,0.9,l,954
I00919,F0109,2019-05-10,pesticide,1.0,l,
I00920,F0109,2020-03-09,Manure,1400.0,Kg,5009
I00921,F0109,2021-10-13,DAP,45.0,kg,5331
I00922,F0109,2021-11-07,Pesticide,766.0,ml,951
I00923,F0109,2022-03-25,DAP,0.4,50kg bag,2617
I00924,F0109,2022-04-26,Urea,0.2,50kg bag,963
I00925,F0109,2022-06-03,Duduthrin,0.3,litres,
I00926,F0109,2023-04-25,DAP,52.5,kgs,8091
I00927,F-0109,2023-11-01,dap,0.7,bags,5002
I00928,F0109,2023-12-25,Urea,0.6,bags,3721
I00929,F0109,2024-04-08,Pesticide,0.4,litres,403
I00930,F0109,2024-11-07,CAN,16.0,kg,1764
I00931,F0110,25-Mar-19,DAP,1.1,bags,7937
I00932,F0110,03/10/2020,DAP,1.4,bags,9079
I00933,F0110,2021-04-12,dap,0.9,bags,6141
I00934,F0110,17-Jun-21,pesticide,1545.0,ml,2062
I00935,F0110,12/04/2022,FYM,1600.0,kgs,6161
I00936,F0110,20/10/2022,DAP,80.0,Kg,9815
I00937,F0110,19/11/2022,Pesticide,1.6,litres,1970
I00938,F0111,24/04/2020,DAP,0.4,bags,
I00939,F0111,2020-05-27,Urea (top dress),22.5,kg,2493
I00940,F0111,19/04/2021,dap,37.5,Kg,4851
I00941,F0111,23/05/2021,CAN,37.5,kgs,4679
I00942,F0111,08-Jun-21,Pesticide,0.8,L,831
I00943,F0111,2022-10-01,DAP,0.6,bag,3461
I00944,F0111,20/09/2022,Manure,550.0,Kg,2312
I00945,F0111,19/04/2023,DAP,50.0,kg,6555
I00946,F0111,2023-06-05,Urea,,kg,4271
I00947,F0111,2023-11-19,DAP,1.8,bag,13730
I00948,F0111,2024-01-12,urea 46%,72.0,kg,6664
I00949,F0111,2023-11-18,Manure,1800.0,kg,6733
I00950,f0111,2023-12-09,pesticide,1.9,L,2025
I00951,F0111,2024-03-24,dap,1.6,50kg bag,12901
I00952,F0111,12/03/2024,Manure,1.6,tonnes,6917
I00953,F0112,2019-04-08,Manure,2600.0,Kg,8629
I00954,F0112,2019-11-06,dap,19500.0,kg,22709
I00955,F0112,2019-11-04,Manure,1950.0,KG,8472
I00956,F0112,2019-12-25,Pesticide,4.0,litres,5525
I00957,F0112,2022-04-01,DAP,205.0,kg,
I00958,F0112,04-May-22,CAN,205.0,Kg,22887
I00959,F0112,29/03/2022,Manure,2050.0,kg,7349
I00960,F0112 ,2022-04-23,Pesticide,4.6,litres,5595
I00961,F0112,2022-11-09,dap,135.0,kg,
I00962,F0113,2020-09-23,manure,4400.0,Kg,20388
I00963,F0113,2020-10-25,Insecticide - Duduthrin,2.6,ltrs,"KES 2,564"
I00964,F0113,2021-05-03,CAN (top dress),1.6,bag,8162
I00965,F0113,"Mar 16, 2022",DAP,75.0,Kg,10358
I00966,F0113,"Dec 17, 2022",Pesticide,,litres,2368
I00967,F0113,2023-04-30,CAN,0.8,bag,4373
I00968,F0113,15/03/2023,FYM,3.4,tonnes,13235
I00969,F0113,15-Nov-23,DAP,100.0,kg,13536
I00970,F0113,"Jan 04, 2024",UREA,100.0,kgs,10607
I00971,F0114,2019-04-14,DAP,30.0,kg,4276
I00972,F0114 ,2019-05-28,can,15.0,kg,1489
I00973,F0114,2019-05-20,Pesticide,0.5,litres,607
I00974,F0114,2020-03-06,DAP 18-46-0,20.0,Kg,3276
I00975,F0114,2020-04-18,can,,kg,1675
I00976,F0114,2020-05-07,Insecticide - Duduthrin,558.0,ml,627
I00977,F0114,04/06/2024,CAN,12.5,kg,1408
I00978,F0114,"Jun 18, 2024",Duduthrin,0.4,L,440
I00979,F0115,2019-05-18,Pesticide,2.7,litres,2983
I00980,F0115,17-Oct-19,Dap fertilizer,2.4,bags,16851
I00981,F0115,20/11/2019,Duduthrin,1.6,,"KES 1,897"
I00982,F0115,2021-05-08,Pesticide,1.3,litres,"KES 1,500"
I00983,F0115,2021-10-20,DAP,1.0,bags,6818
I00984,F0115,2021-11-26,Urea,76.0,kg,8575
I00985,F0115,02/11/2022,DAP,3.2,bags,
I00986,F0115,2023-04-23,DAP,65.0,Kg,8603
I00987,F0115,16-Nov-24,Dap fertilizer,1.4,bag,9622
I00988,F0115,2025-01-03,CAN,1.1,bags,5658
I00989,F0115,20-Jan-25,Pesticide,1.9,litres,2440
I00990,F0116,2020-03-26,DAP 18-46-0,3.9,bags,25964
I00991,F0116,2020-05-11,Can fertilizer,65.0,Kg,6971
I00992,F0116,2020-10-10,DAP 18-46-0,102.5,kg,13088
I00993,F0116,20/11/2024,DAP,215.0,kg,30423
I00994,F0116,2025-01-14,Insecticide - Duduthrin,3853.0,ml,4203
I00995,F0117,27/05/2020,CAN,77.5,kg,7686
I00996,F0117,2020-06-05,Pesticide,4.5,ltrs,5378
I00997,F0117,2021-11-10,DAP,285.0,kg,44585
I00998,F0117,2022-01-02,Pesticide,3026.0,ml,3773
I00999,F0117,2024-04-07,DAP,1.8,50kg bag,
I01000,F0117,2024-10-08,DAP,2.7,bags,19585
I01001,F0117,2024-11-26,CAN,1.4,bags,6830
I01002,F0118,2019-12-10,Duduthrin,4091.0,ml,5237
I01003,F0118,2021-10-11,DAP,97.5,Kg,"KES 12,709"
I01004,F0118,17/11/2021,pesticide,1.0,litres,1354
I01005,F0118,01/03/2022,DAP,75.0,KG,11075
I01006,F0118,2023-04-09,dap,1.4,bags,10654
I01007,F0118,2023-05-29,CAN,70.0,KG,6066
I01008,F0119,2020-10-23,dap,47.5,Kg,5951
I01009,F0119,21/10/2022,dap,0.5,bags,4027
I01010,F0119,07/10/2022,Farmyard manure,2.0,tonnes,7694
I01011,F0119,2025-01-08,pesticide,0.8,litres,972
I01012,F0120,2019-04-02,DAP,95.0,kg,14438
I01013,F0120,2019-05-16,Pesticide,1.6,litres,1859
I01014,F0120,2020-11-06,DAP,75.0,kg,
I01015,F0120,2020-11-03,manure,3000.0,kg,"KES 11,864"
I01016,F0120,13/06/2021,Pesticide,1.1,litres,1314
I01017,F0120,2022-03-19,DAP,85.0,kg,10134
I01018,F0120,11/04/2022,Duduthrin,1.1,l,1547
I01019,F0120,25/10/2022,Pesticide,1.0,litres,1452
I01020,F0120,2023-03-03,Manure,600.0,kg,2465
I01021,F0120,2023-04-15,Pesticide,0.8,litres,907
I01022,F0120,2023-11-14,Pesticide,0.6,litres,
I01023,F0120,11-Apr-24,DAP,90.0,kgs,14851
I01024,F0120,27/05/2024,CAN,1.2,bag,5754
I01025,F0120,2024-10-03,DAP,45.0,kg,6184
I01026,F0120,2024-09-22,manure,0.9,t,4186
I01027,F0120,2024-10-31,Pesticide,1345.0,ml,1796
I01028,F0121,2019-11-19,DAP,90.0,kg,
I01029,F0121,05/01/2020,CAN (top dress),1.8,Bags,8789
I01030,F0121,2019-12-24,Pesticide,1.8,L,2054
I01031,F0121,2022-10-18,DAP 18-46-0,0.9,bags,5081
I01032,F0121,03/11/2023,DAP,110.0,kg,11996
I01033,F0926,2023-12-05,can,110.0,Kg,12321
I01034,F0122,30-Oct-20,Manure,850.0,kg,3216
I01035,F0122,08-Jun-21,Pesticide,1.1,litres,1663
I01036,F0122,2022-04-22,Dap fertilizer,67.5,kg,9162
I01037,F0122,22/05/2022,Urea (top dress),0.4,bags,2628
I01038,F0122,2022-06-02,Duduthrin,1.3,litres,1852
I01039,F0122,2024-04-25,DAP 18-46-0,90.0,KG,14891
I01040,F0123,2020-04-13,DAP,45.0,kg,6283
I01041,F0123,17/05/2020,CAN,0.6,bags,3737
I01042,F0123,2020-06-10,Insecticide - Duduthrin,0.6,litres,788
I01043,F0123,12/10/2020,DAP,20.0,kgs,3186
I01044,F0123,2020-11-20,Urea,0.2,bags,1007
I01045,F0123,2022-11-18,Pesticide,831.0,ml,1046
I01046,F0123,2023-11-13,DAP,0.6,bags,4032
I01047,F0123,2023-11-04,Manure,,Kg,4358
I01048,F0123,01/12/2024,Pesticide,450.0,ml,583
I01049,F0124,2019-03-05,FYM,2000.0,Kg,7905
I01050,F0124,2019-10-08,DAP,40.0,Kg,5001
I01051,F0124,2019-11-21,urea 46%,20.0,Kg,"KES 2,448"
I01052,F0124,2019-09-24,manure,,kg,1530
I01053,F0124,2021-03-23,Manure,900.0,kg,3141
I01054,F0124,07-May-22,Pesticide,2.2,L,2351
I01055,F0124,26/10/2022,dap,67.5,kg,10194
I01056,F0124,2022-12-01,Urea,0.4,bag,2931
I01057,F0124,2022-12-30,pesticide,1.1,l,1198
I01058,F0124,"Apr 10, 2024",DAP,0.8,Bags,6352
I01059,F0124,20-May-24,Urea,68.0,kg,6801
I01060,F0124,2024-11-15,Manure,3.4,tonnes,
I01061,F0125,2019-11-14,DAP,0.5,50kg bag,3869
I01062,F0125,2020-01-14,Pesticide,0.6,litres,703
I01063,F0125,2020-12-11,Insecticide - Duduthrin,0.7,L,856
I01064,F0125,2023-03-09,DAP,35.0,Kg,5075
I01065,F0125,2023-12-23,Pesticide,0.6,litres,623
I01066,F0125,2024-10-31,DAP 18-46-0,40.0,kg,"KES 5,888"
I01067,F0125,05/12/2024,CAN,32.0,Kg,2819
I01068,F0125,2024-10-26,Farmyard manure,800.0,kgs,2681
I01069,F0125,04-Dec-24,Pesticide,0.4,l,457
I01070,F0126,2019-10-28,DAP,0.6,bags,"KES 3,893"
I01071,F0126,"Dec 04, 2019",CAN,24.0,kg,
I01072,F0126,2019-10-27,Farmyard manure,0.6,t,2398
I01073,F0126,2019-11-18,Pesticide,,litres,1173
I01074,F0126,2020-10-25,DAP,65.0,kg,7727
I01075,F0126,13/04/2021,dap,1.2,bags,8073
I01076,F0126,2021-04-07,Manure,600.0,kg,
I01077,F0126,2021-11-01,dap,35.0,kg,4560
I01078,F0126,2021-12-16,Duduthrin,0.6,litres,KES 700
I01079,F0127,2019-12-03,Urea,44.0,kg,4713
I01080,F0127,2020-04-22,manure,,kg,4418
I01081,F0127,2020-05-28,Pesticide,866.0,ml,"KES 1,040"
I01082,F0127,2022-04-28,Pesticide,0.7,l,955
I01083,F0127,2022-10-29,DAP,0.7,bags,4820
I01084,F0127,2022-12-05,CAN,35.0,kg,3294
I01085,F0127,18/10/2022,Manure,350.0,KG,1576
I01086,F0127,20/04/2023,Dap fertilizer,27.5,Kg,4322
I01087,F-0127,14-Apr-23,manure,0.55,MT,2230
I01088,F0127,07/06/2023,Pesticide,0.7,litres,900
I01089,F0127,2024-10-07,dap,1.0,,6897
I01090,F0127,2024-11-28,can,40.0,Kg,4118
I01091,F0127,25/09/2024,Manure,500.0,kg,1884
I01092,F0128,2020-10-19,Manure,1200.0,Kg,5405
I01093,F0128,2021-04-17,DAP,3.2,Bags,23172
I01094,F0128,2021-06-03,CAN,1.6,bags,8157
I01095,F0128,2023-04-16,DAP 18-46-0,2.6,bags,17384
I01096,F0128,2023-06-08,Urea (top dress),104.0,kgs,11921
I01097,F0129,2020-04-03,DAP 18-46-0,0.7,bags,5113
I01098,F0129,2020-11-17,DAP 18-46-0,,kg,31019
I01099,F0129,25-Dec-20,Urea (top dress),60.0,kg,6533
I01100,f0129,"Jan 06, 2021",Duduthrin,2.5,L,2938
I01101,F0129,2022-04-18,Manure,3.4,tonnes,
I01102,F0129,15-Dec-22,Pesticide,1.3,L,1875
I01103,F0129,31/10/2024,DAP,55.0,kg,"KES 8,701"
I01104,F0129,21-Dec-24,Urea,1.8,bag,9803
I01105,F0129,2024-12-20,pesticide,,l,3586
I01106,F0130,2020-04-19,dap,60.0,kg,9637
I01107,F0130,2020-05-22,urea 46%,40.0,kg,
I01108,F0130,07-Oct-20,DAP,,KG,4412
I01109,F0130,2020-11-18,CAN,0.6,bags,2859
I01110,F0130,15/12/2020,Duduthrin,0.6,,899
I01111,F0130,2021-11-17,DAP,52.5,kg,8151
I01112,F0130,2021-12-24,CAN (top dress),0.7,bags,3313
I01113,F0130,"Oct 19, 2022",DAP,0.6,bags,"KES 3,870"
I01114,F0130,2024-11-20,DAP 18-46-0,37.5,kg,6021
I01115,F0131,23-Mar-19,Manure,2.6,t,12060
I01116,F0131,17-Nov-19,DAP,457.5,Kg,69701
I01117,F0131,2019-12-21,CAN,244.0,kg,19979
I01118,F0131,2022-10-25,DAP,6.7,bag,44304
I01119,F0131,30/12/2022,Pesticide,9.2,litres,12298
I01120,F0131,"Apr 11, 2023",DAP,375.0,kg,55313
I01121,F0131,19-May-23,Pesticide,5.3,L,7161
I01122,F0131,2024-03-12,dap,135.0,kg,18440
I01123,F0131,2024-04-12,CAN,216.0,kg,22996
I01124,F0131,29/04/2024,Pesticide,5.5,ltrs,7704
I01125,F0131,02-Jan-25,Pesticide,6.1,litres,7602
I01126,F0132,2020-05-10,Pesticide,1.5,L,1765
I01127,F0132,2020-11-24,Pesticide,3.2,litres,4077
I01128,F0132,15/03/2021,DAP,1.3,bags,8605
I01129,F0132,2024-03-25,DAP,65.0,kg,10579
I01130,F0132,07/05/2024,pesticide,782.0,ml,1088
I01131,F0132,2024-11-09,DAP,1.2,bags,8511
I01132,F0133,"Mar 12, 2019",DAP,232.5,kg,30703
I01133,F0133,2019-04-20,UREA,77.5,kgs,9333
I01134,F0133,"Apr 08, 2019",Pesticide,3.3,litres,
I01135,F0133,18/10/2019,DAP,190.0,KG,24472
I01136,F0133,2021-04-21,DAP,1.4,bags,10009
I01137,F0133,2021-06-11,Urea,2.2,bags,12569
I01138,F-0133,2021-10-13,dap,175.0,kg,23163
I01139,F0133,2021-11-16,CAN,3.5,bags,"KES 18,159"
I01140,F0133,2021-11-12,Pesticide,5.1,L,6262
I01141,F-0133,2022-06-02,pesticide,2.7,L,2759
I01142,F0133,2023-03-26,Manure,1150.0,kg,4999
I01143,F0133,03/06/2023,Pesticide,2.5,litres,"KES 3,086"
I01144,F0134,09-Mar-22,DAP,50.0,kg,
I01145,F0134,02/05/2022,CAN,80.0,kgs,8604
I01146,F0134,2022-10-20,dap,72.5,kg,
I01147,F0134,2022-12-13,Urea,116.0,kg,13326
I01148,F0134,2022-11-24,Pesticide,2.6,ltrs,2451
I01149,F0135,2019-04-14,Duduthrin,4.4,l,6293
I01150,F0135,2019-10-31,DAP,170.0,kg,22865
I01151,F0135,15/11/2020,dap,,bags,17791
I01152,f0135,2021-01-11,Pesticide,5.1,l,7503
I01153,F0135,2021-03-19,DAP,180.0,kg,24398
I01154,F0135,2021-03-09,Manure,3.6,tonnes,12345
I01155,F0135,2021-10-10,dap,100.0,kg,13842
I01156,F0135,25-Nov-21,Urea,4.0,bag,21553
I01157,F0135,04/04/2024,Manure,6100.0,kg,23924
I01158,F0135,2024-06-20,Insecticide - Duduthrin,8.8,litres,9734
I01159,F0135,01/01/2025,pesticide,3.2,litres,3721
I01160,F0136,2019-10-08,dap,12.5,kg,1749
I01161,F0136,23-Nov-19,can,0.5,bags,2364
I01162,F0136,2020-11-20,Insecticide - Duduthrin,1.0,litres,1172
I01163,F0136,2021-06-18,Duduthrin,0.8,L,
I01164,F0136 ,13/11/2021,Pesticide,1.1,litres,1258
I01165,F0136,29/03/2022,DAP,35.0,Kg,5379
I01166,F0136,14/05/2022,Urea,1750.0,kg,"KES 1,988"
I01167,F0136,"Nov 04, 2022",DAP,0.4,bags,2673
I01168,F0136,"Dec 08, 2022",Can fertilizer,32.0,Kg,3361
I01169,F0137,25/05/2019,CAN (top dress),1.2,bags,5670
I01170,F0137,2019-05-01,pesticide,0.8,litres,1134
I01171,F0137,2020-03-30,DAP 18-46-0,2.7,bags,15642
I01172,F0137,2020-03-22,Manure,3.6,tonnes,13508
I01173,F0137,20/05/2020,pesticide,1.7,litres,1849
I01174,F0137,2020-11-17,dap,3.3,bags,21570
I01175,F0137,2021-01-10,can,88.0,kg,8621
I01176,F0137,14/03/2021,dap,2.8,bag,19685
I01177,F0137,26-Apr-21,Insecticide - Duduthrin,1.6,litres,1702
I01178,F0137,2021-12-07,Pesticide,1.5,L,1774
I01179,F0137,17/03/2023,DAP,90.0,kg,13449
I01180,F0137,26/04/2023,can,,50kg bag,9371
I01181,F0137,2023-03-14,manure,3600.0,Kg,12606
I01182,F0137,2024-04-30,Duduthrin,2.7,L,3641
I01183,f0138,16/04/2021,DAP,0.2,bag,1195
I01184,F0138,2021-05-17,UREA,15.0,kg,
I01185,F0138,22/10/2021,DAP,10.0,Kg,1547
I01186,F0138,2022-03-20,DAP,15.0,kg,2239
I01187,F0138,2022-05-01,Urea,7.5,kg,845
I01188,F0138,2023-03-22,DAP,0.3,bags,1837
I01189,F0138,2023-11-07,DAP,30.0,kg,"KES 3,263"
I01190,F0138,2023-11-06,Manure,800.0,kgs,3448
I01191,F0139,2021-03-20,DAP,105.0,kg,15013
I01192,F0139,2021-05-08,Urea,0.7,bags,4262
I01193,F0139,2021-03-14,Manure,280000.0,KG,11666
I01194,F0933,2024-03-13,DAP,1.6,Bags,12261
I01195,F0139,2024-05-05,Urea,80.0,kgs,9695
I01196,F0139,17/05/2024,pesticide,1131.0,ml,1411
I01197,F0140,"Nov 11, 2021",DAP,28.4,bags,217256
I01198,F0140,2022-05-06,Pesticide,16.3,l,20559
I01199,F0140,2022-10-22,DAP,17.1,bag,120067
I01200,f0140,2022-11-24,Urea,427.5,kg,44766
I01201,F0140,2024-01-15,pesticide,7626.0,ml,
I01202,F0140,2024-04-14,Dap fertilizer,775.0,kg,106698
I01203,F0140,2024-06-05,UREA,12.4,50kg bag,73341
I01204,F0141,2019-10-23,dap,4.8,bags,30968
I01205,F0141,15/11/2020,DAP 18-46-0,1.9,bag,12981
I01206,F0141,17-Apr-21,can,2.0,bags,8936
I01207,F0141,2021-05-13,Pesticide,4.6,litres,4989
I01208,F0141,2021-11-17,dap,292.5,kg,31611
I01209,F0141,29-Dec-21,Urea,3.9,bags,22108
I01210,F0141,12/11/2021,FYM,3900.0,kg,16388
I01211,F0141,11-Apr-22,dap,295.0,kg,46070
I01212,F0141,2022-04-03,manure,11.8,tonnes,47548
I01213,F0141,17-May-22,pesticide,6.1,ltrs,7453
I01214,F0141,2023-03-05,DAP,80.0,kg,11946
I01215,F0141,2023-04-10,Urea,3.2,bags,18927
I01216,F0142,04-Nov-19,DAP,0.4,bags,3432
I01217,F0142,2019-12-28,can,12.0,kg,1140
I01218,F0142,30-Mar-21,dap,7.5,kg,1027
I01219,F0142,08-May-21,CAN,0.2,bags,1209
I01220,F0142,14/11/2021,DAP,,kg,962
I01221,F0142,19/12/2021,CAN (top dress),12.0,kg,1291
I01222,F0142,2022-01-17,Pesticide,0.3,litres,396
I01223,F0142,2024-10-13,Dap fertilizer,7.5,kg,KES 955
I01224,f0142,12-Nov-24,Urea (top dress),7.5,Kg,838
I01225,F-0143,2019-10-18,DAP,42.5,kg,6568
I01226,F0143,2019-11-29,urea 46%,1.7,bag,9076
I01227,F0143,2020-04-12,DAP,115.0,kg,18014
I01228,F0143,2020-05-22,CAN,92.0,Kg,"KES 10,070"
I01229,f0143,2020-05-31,Pesticide,1.9,litres,2009
I01230,F0143,2021-04-18,DAP,165.0,KG,25192
I01231,F0143,2021-10-23,DAP,,bag,9411
I01232,F0143,17/12/2021,CAN,37.5,kg,3828
I01233,F0143,2021-12-07,Pesticide,220.00000000000003,litres,2801
I01234,F0143,24-Mar-22,DAP,60.0,kg,7090
I01235,F0143,"May 04, 2022",CAN,96.0,Kg,10013
I01236,F0143,"Apr 01, 2023",dap,3.2,bags,19166
I01237,F0143,19/05/2023,Urea,1.0,bags,
I01238,F0143,2023-06-07,Duduthrin,2.4,L,3073
I01239,F0143,11/11/2023,FYM,2.2,tonnes,8699
I01240,F0144,10/04/2019,DAP 18-46-0,770.0,Kg,95450
I01241,F0144,16/11/2019,DAP,7.2,50kg bag,49225
I01242,F0144,2019-11-15,FYM,14400.0,kg,60979
I01243,F0144,2020-01-21,pesticide,8.5,L,12429
I01244,F0144,2020-10-15,dap,910.0,kg,"KES 111,396"
I01245,F0144,2020-11-25,CAN,728.0,Kg,49961
I01246,F0144,10-Nov-20,Pesticide,12.8,litres,13342
I01247,F0144,2021-11-06,DAP,48.4,bags,377323
I01248,F0144,2022-10-18,DAP 18-46-0,24.1,bag,170800
I01249,F0144,2022-11-18,urea 46%,964.0,kg,105088
I01250,F0144,25/10/2023,DAP,1390.0,,209383
I01251,f0144,2023-12-25,Insecticide - Duduthrin,33.6,litres,30730
I01252,F0144,2024-04-13,DAP,2145.0,kg,251630
I01253,F0144,2024-05-24,UREA,715.0,kg,"KES 83,212"
I01254,F0144,2024-10-31,Manure,16.1,tonnes,60215
I01255,F0144,2025-01-06,Pesticide,12.5,l,18284
I01256,F0145,2019-05-29,pesticide,0.8,l,956
I01257,F0145,2020-05-14,Pesticide,0.2,litres,362
I01258,F0145,2022-11-09,DAP,35.0,KG,3832
I01259,F0145,24/03/2024,dap,10.0,kg,1380
I01260,F0145,13/10/2024,Manure,700.0,kg,2845
I01261,F0146,23-Apr-19,Dap fertilizer,80.0,Kg,10958
I01262,F0146,2020-05-05,Pesticide,0.9,litres,1143
I01263,F-0146,12/11/2020,DAP,97.5,kg,14186
I01264,F0146,05/01/2021,Urea,32.5,kgs,3370
I01265,F0146,15-Mar-22,Manure,1050.0,kg,4178
I01266,f0146,2024-06-04,pesticide,2.0,litres,2260
I01267,F0147,2020-02-24,Farmyard manure,1000.0,,3720
I01268,F0147,2021-03-10,DAP 18-46-0,2250.0,kg,3145
I01269,F0147,2021-04-14,Urea,0.9,50kg bag,4734
I01270,F0147,2021-02-25,manure,900.0,Kg,3367
I01271,F0147,16/03/2023,DAP,52.5,kg,6686
I01272,F0147,29/04/2023,CAN,0.7,bags,3182
I01273,F0147,2024-03-07,dap,1.6,bags,11976
I01274,F0147,2024-04-19,CAN,0.9,,4616
I01275,F0148,2019-04-15,Dap fertilizer,0.8,bag,4899
I01276,F0148,25-May-19,Urea,20.0,Kg,2151
I01277,F0148,2020-04-16,dap,60.0,kg,8569
I01278,F0148 ,2020-05-20,Urea,40.0,kg,3817
I01279,F0148,2020-10-14,DAP,0.6,Bags,"KES 4,388"
I01280,f0148,2020-12-03,Can fertilizer,24.0,kg,2286
I01281,F0148,27/03/2021,DAP,1.0,Bags,"KES 7,019"
I01282,F0148,2021-04-26,CAN,50.0,kg,4964
I01283,F0148,2022-11-13,DAP,1.2,bag,8539
I01284,F0148,2023-10-24,DAP,2.0,Bags,16479
I01285,F0148,"Nov 30, 2023",Urea,65.0,kg,7501
I01286,F0149,16-Nov-19,dap,1.4,bags,8217
I01287,F0149,20/12/2019,Urea,1.4,bags,7647
I01288,F0149,2021-12-28,Pesticide,1.3,litres,1605
I01289,F0149,2023-04-03,DAP,40.0,Kg,5334
I01290,F0149,14/05/2023,Pesticide,1035.0,ml,1331
I01291,F0149,03/11/2023,DAP,120.0,Kg,17175
I01292,F0149,24-Dec-23,UREA,60.0,Kg,
I01293,F0150,2019-04-20,Manure,4000.0,Kg,17927
I01294,F0150,2019-11-23,Pesticide,1.2,litres,1463
I01295,F0150,25/03/2020,dap,115.0,kg,15700
I01296,F0150,2020-04-28,Urea,57.5,kg,7167
I01297,F0150,03-Nov-20,DAP,115.0,,"KES 16,405"
I01298,F0150,2020-12-18,CAN,115.0,Kg,12139
I01299,F0150,2021-11-28,pesticide,1.5,litres,1764
I01300,F0150,2022-10-28,Dap fertilizer,1.1,bags,7229
I01301,F0150,27/11/2022,Urea,0.6,bags,3369
I01302,F0150,2023-10-24,DAP,125.0,KG,18833
I01303,F0988,2023-10-22,manure,5.0,t,21657
I01304,F0151,2019-10-31,dap,20.0,kg,2976
I01305,F0151,2022-10-15,dap,0.4,50kg bag,3550
I01306,F0151,2022-11-21,UREA,12.0,kg,1310
I01307,f0151,2023-11-06,Dap fertilizer,20.0,KG,3004
I01308,f0151,2023-12-22,CAN,0.3,bag,1783
I01309,F0151,10/10/2024,DAP,7.5,Kg,765
I01310,F0151,2024-11-21,CAN,15.0,kg,"KES 1,598"
I01311,F0152,2019-03-15,DAP,1.1,50kg bag,7407
I01312,F0152,2020-04-22,Dap fertilizer,2.2,bags,"KES 15,182"
I01313,F0152,2020-06-04,Urea (top dress),88.0,KG,10678
I01314,F0152,"May 24, 2020",pesticide,1740.0,ml,2236
I01315,F0152,2020-11-05,DAP 18-46-0,70.0,kg,9962
I01316,F0152,08/12/2020,UREA,1.4,bags,6614
I01317,F0152,"Apr 29, 2021",Pesticide,1.2,litres,1267
I01318,F0152,03/10/2022,DAP,2.0,bags,13853
I01319,F0152,2022-11-23,Pesticide,1.4,litres,1649
I01320,F0152,03-Apr-24,DAP,187.5,kgs,25228
I01321,F0152,2024-05-23,can,125.0,Kg,13314
I01322,F0152,2024-03-25,Manure,2500.0,kg,10737
I01323,F0153,10-Apr-20,Manure,700.0,kg,3044
I01324,F0153,2021-03-04,DAP,3.1,bags,21990
I01325,F0153,25-Apr-21,Pesticide,1.6,litres,1987
I01326,F0153,09-Apr-22,Pesticide,,ml,4749
I01327,F0153,2023-04-21,dap,3.2,bag,19326
I01328,F0153,2023-05-11,Insecticide - Duduthrin,1.9,litres,1782
I01329,F0153,2023-10-10,DAP,2.0,bag,"KES 14,837"
I01330,F0153,06-Apr-24,DAP,240.0,Kg,35629
I01331,F0154,2019-11-20,DAP 18-46-0,465.0,kg,75689
I01332,F0154,2019-12-24,Can fertilizer,310.0,Kg,31392
I01333,F0154,09/01/2020,Pesticide,7.4,litres,8344
I01334,F0154,2020-03-24,DAP,,bag,34434
I01335,F0154,2020-05-11,CAN,192.0,kg,20965
I01336,F0154,01-May-20,Pesticide,5.9,litres,7382
I01337,F0154,2022-03-06,DAP,200.0,Kg,28421
I01338,F0154,2022-11-13,dap,5.0,bags,34422
I01339,F0154,2023-01-14,Pesticide,600.0,litres,7610
I01340,F0154 ,2023-03-26,DAP 18-46-0,195.0,kg,31450
I01341,F0154,2023-04-29,can,195.0,kg,
I01342,F0155,"Oct 17, 2020",DAP,95.0,kg,13507
I01343,F0155,2020-12-09,Urea,76.0,Kg,9040
I01344,F0155,23-Dec-20,Pesticide,1.2,l,1541
I01345,f0155,10/04/2022,dap,107.5,kg,
I01346,F0155,2022-05-22,CAN (top dress),215.0,kg,26843
I01347,F0155,02-Oct-22,Dap fertilizer,210.0,kg,29465
I01348,F0155,2022-10-02,Manure,2100.0,kg,8550
I01349,F0155,2023-11-13,DAP,247.5,Kg,40796
I01350,F0155,2023-12-30,Pesticide,4.5,litres,6258
I01351,F0155,22/04/2024,DAP,1.8,bags,10661
I01352,F0155,2024-05-17,Pesticide,1924.0,ml,2343
I01353,F0156,2019-03-27,DAP,0.4,Bags,2911
I01354,F0156,2019-03-20,FYM,0.2,tonnes,
I01355,F0156,2019-10-26,dap,30.0,kg,3978
I01356,F0156,2020-03-23,Manure,150.0,KG,KES 589
I01357,F0156,2020-06-10,Pesticide,0.4,litres,567
I01358,F0156,2021-03-05,DAP,30.0,KG,4142
I01359,f0156,2021-04-06,CAN,1600.0,kg,1497
I01360,F0156,2021-05-03,Pesticide,0.3,l,
I01361,F0156,"Jan 08, 2022",Insecticide - Duduthrin,0.8,litres,916
I01362,F0156,2022-11-19,dap,0.2,50kg bag,1601
I01363,F0156,25/12/2022,can,25.0,kgs,2800
I01364,F0156,16/01/2023,Duduthrin,0.4,L,483
I01365,F0156,2024-11-02,dap,10.0,KG,
I01366,F0156,11/12/2024,Pesticide,0.5,L,671
I01367,F0157,27-Jun-20,Pesticide,2.5,l,3485
I01368,F0157,2020-10-24,manure,1400.0,kg,5147
I01369,F0157,2020-11-21,Insecticide - Duduthrin,937.0,ml,1071
I01370,F0157,2021-10-14,DAP,12750.0,kg,17068
I01371,F0157,2021-12-04,Urea,1.7,,9337
I01372,F0157,2022-04-19,dap,55.0,kg,"KES 7,770"
I01373,F0157,"Apr 15, 2023",DAP,,kg,3515
I01374,F0157,2024-04-30,Pesticide,3147.0,mL,3841
I01375,F0158,2020-05-16,Pesticide,1470.0,ml,1994
I01376,F0158,09/10/2020,DAP,90.0,kg,
I01377,F0158,2020-11-16,CAN,45.0,kgs,4196
I01378,F0158,2021-03-23,Dap fertilizer,232.5,kg,33358
I01379,F0158,05/05/2021,UREA,77.5,kg,8140
I01380,F0158,20/05/2021,Pesticide,3.7,litres,5013
I01381,F0158,09/11/2021,DAP,45.0,kg,6542
I01382,F0158,25/12/2021,Urea,45.0,kg,5136
I01383,F0158,2022-10-14,dap,0.8,bags,5394
I01384,F0158,2022-12-04,urea 46%,1.6,Bags,7348
I01385,F0158,22/11/2022,Pesticide,2.1,l,2587
I01386,F0158,17-May-24,Pesticide,2.5,litres,"KES 3,315"
I01387,F0159,10/03/2020,DAP,0.8,bag,4672
I01388,f0159,2020-09-22,manure,0.9,MT,3239
I01389,F0159,29-Oct-20,pesticide,1.1,litres,1223
I01390,F0159,10/03/2021,DAP,90.0,kgs,12445
I01391,F0159,05/04/2023,DAP,65.0,kg,7489
I01392,F0159,11-May-23,pesticide,1.1,litres,1337
I01393,F0159,2024-11-18,DAP,52.5,KG,7075
I01394,F0159,07-Jan-25,CAN,0.6,bags,2497
I01395,F0160,14/04/2019,DAP,1.0,50kg bag,8243
I01396,F0160 ,01/06/2019,Pesticide,70.0,l,706
I01397,F-0160,2020-10-19,DAP,25.0,Kg,3430
I01398,F0160,2020-12-12,Urea,1.0,50kg bag,4819
I01399,F0160,2021-03-03,Manure,1200.0,kg,4881
I01400,F0160,2024-04-22,DAP,1.3,bag,10906
I01401,F0160,10-Jun-24,can,65.0,kg,6943
I01402,f0160,2024-04-22,Manure,2600.0,kg,"KES 8,467"
I01403,F0160,02-Jun-24,Pesticide,1.1,litres,1119
I01404,F0161,01/04/2019,DAP,22.5,kg,2997
I01405,F0161,30/03/2019,manure,900.0,kgs,3935
I01406,F0161,08-Oct-19,dap,35.0,kg,4695
I01407,F0161 ,2019-11-16,CAN,28.0,kg,3023
I01408,F0161,19/04/2023,DAP,55.0,kg,
I01409,F0161,2023-05-29,CAN (top dress),55.0,Kg,5534
I01410,F0162 ,2020-03-30,dap,0.6,bags,
I01411,F0162,2020-04-30,Insecticide - Duduthrin,1.7,L,2195
I01412,F0162,2021-10-04,manure,700.0,kg,2906
I01413,F0162,2022-05-26,Pesticide,1.0,litres,1170
I01414,F0162,2023-10-13,Dap fertilizer,0.9,bag,5891
I01415,F0162,2023-12-02,Urea,36.0,kg,"KES 3,227"
I01416,F0163,2019-10-30,manure,15800.0,kgs,74585
I01417,F0163,2021-03-21,dap,,kg,81041
I01418,F0163,14/11/2021,DAP,7.8,bags,57934
I01419,F0163,2021-12-22,CAN (top dress),6.2,bags,36988
I01420,F0163,19-Dec-21,Pesticide,8.5,L,10355
I01421,F0163,2022-10-04,DAP,405.0,Kg,"KES 56,558"
I01422,F0163,2022-11-05,CAN,324.0,KG,36483
I01423,F0163,14/03/2023,DAP,605.0,Kg,"KES 94,541"
I01424,F0163,17/04/2023,Can fertilizer,484.0,Kg,44720
I01425,F0163,01/11/2023,Manure,11600.0,Kg,45772
I01426,F0164,03/04/2019,DAP,5.2,Bags,40967
I01427,F0164,2019-05-13,CAN,87.5,kgs,"KES 7,151"
I01428,F0164,2019-05-06,Insecticide - Duduthrin,,ltrs,3412
I01429,F0992,2020-11-11,DAP,145.0,kg,19827
I01430,F0164,2020-12-12,can,72.5,kg,7547
I01431,F0164,07/11/2020,Manure,5800.0,kg,26502
I01432,F0164,07/12/2022,CAN,67.5,kg,6854
I01433,F0164,10-Apr-23,Pesticide,3.4,litres,3276
I01434,F0165,2020-11-09,DAP,2.4,bags,16370
I01435,F0952,2020-12-26,UREA,64.0,kg,6543
I01436,F0165,2020-11-08,Manure,3200.0,kg,10919
I01437,F0165,2020-12-30,Pesticide,2232.0,ml,2085
I01438,F0165,2022-02-22,Manure,3000.0,kg,11550
I01439,F0165,2024-03-20,Manure,1800.0,kg,8486
I01440,F0165,2024-10-26,DAP 18-46-0,0.5,50kg bag,3555
I01441,F0165,26/12/2024,Pesticide,1325.0,mL,1683
I01442,F0166,2021-01-14,Duduthrin,270.0,litres,3149
I01443,F0166,01/11/2021,DAP 18-46-0,157.5,kg,21191
I01444,F0166,2022-03-28,DAP,87.5,Kg,11538
I01445,F0166,2022-05-19,can,140.0,kg,13039
I01446,F0166,2023-11-13,dap,2.0,bags,11824
I01447,F0166,2023-12-29,Urea,1.6,Bags,8444
I01448,F0167,2021-03-15,DAP,3.8,bag,24088
I01449,F0167,2021-10-31,Dap fertilizer,247.5,kg,37444
I01450,F0167,2023-04-02,DAP,40.0,KG,6056
I01451,F0167,"May 14, 2024",Pesticide,2.2,litres,2715
I01452,F0167,14-Jan-25,Pesticide,3.3,litres,3980
I01453,F0168,2019-10-15,Dap fertilizer,35.0,kg,4976
I01454,F0168 ,23/11/2019,Urea,0.7,50kg bag,3842
I01455,F-0168,2023-04-11,dap,0.9,bags,"KES 5,429"
I01456,F0168,"May 19, 2023",Urea,0.4,50kg bag,2461
I01457,F0168,2023-03-31,Manure,450.0,kgs,1752
I01458,F0168,2024-01-02,Pesticide,0.6,l,
I01459,F0168,2024-10-30,DAP,35.0,kg,5241
I01460,F0168,2024-12-12,CAN,0.7,50kg bag,3477
I01461,F0168,2024-12-23,Pesticide,100.0,litres,1083
I01462,F0169,2019-10-28,dap,20.0,kg,2281
I01463,F0169,2019-11-28,Urea,20.0,kg,1767
I01464,F0169,2020-04-18,DAP,0.5,bag,
I01465,F0169,2020-04-06,manure,250.0,kg,965
I01466,F0169,"Dec 21, 2023",Pesticide,,litres,753
I01467,F0169,2024-04-22,Dap fertilizer,20.0,,2323
I01468,F0169,2024-06-19,pesticide,0.4,litres,504
I01469,F0170,2020-03-28,DAP 18-46-0,100.0,kg,13876
I01470,F0170,2020-05-09,Pesticide,3.0,litres,3963
I01471,F0170,2021-03-06,DAP 18-46-0,105.0,,15370
I01472,F0170,2021-04-09,CAN,1.4,bag,6816
I01473,F0170,2021-05-07,pesticide,0.9,l,1035
I01474,F0170,2021-11-16,DAP,0.6,50kg bag,4374
I01475,F0170,14/03/2022,DAP,1.9,bags,12857
I01476,F0170,24-Apr-23,Dap fertilizer,20.0,kg,3192
I01477,F0170,2023-04-19,Manure,800.0,kg,3555
I01478,F0170,23/06/2023,Pesticide,1.0,litres,1159
I01479,F0170,2023-12-15,Pesticide,1.0,litres,1242
I01480,F0171,2019-10-20,DAP,0.6,50kg bag,4069
I01481,F0171,2019-12-02,CAN,0.3,bag,1367
I01482,F0171,18/10/2019,Manure,0.6,tonnes,2445
I01483,F0171,19/12/2019,Pesticide,0.4,L,509
I01484,F0171,19/04/2020,DAP 18-46-0,0.9,bags,5724
I01485,f0171,2020-05-19,UREA,,bag,4791
I01486,F0171,2022-04-28,Duduthrin,0.5,litres,749
I01487,f0171,2023-12-16,Pesticide,0.3,litres,446
I01488,F0171,31-Mar-24,DAP,1.4,bags,
I01489,F0171,17-Nov-24,DAP,20.0,kg,3311
I01490,F0171,2024-12-17,CAN (top dress),16.0,Kg,1451
I01491,F0171,2025-01-20,Pesticide,0.5,litres,416
I01492,F0172,20/10/2020,DAP,240.0,kg,37363
I01493,F0172,2020-10-15,Manure,4.8,t,17972
I01494,F0172,2021-11-09,Duduthrin,3810.0,,4437
I01495,F0172,2023-03-02,DAP,4.6,bags,29571
I01496,F0172,2023-04-20,Urea,1.6,50kg bag,9898
I01497,F0172,2023-02-28,Manure,6.2,tonnes,20475
I01498,F0173,2019-10-25,dap,240.0,Kg,
I01499,F0173,15/12/2019,CAN (top dress),160.0,kg,15000
I01500,F0173,2020-03-24,Manure,2600.0,Kg,10904
I01501,F0173,20-Nov-22,DAP,2.0,bags,15803
I01502,F0173,2023-01-04,urea 46%,2.0,bags,10462
I01503,F0173,2023-04-05,Manure,850.0,kg,3689
I01504,F0173,"Jun 26, 2023",Pesticide,1.4,l,1711
I01505,F0173,06/10/2023,Manure,1500.0,kg,6323
I01506,F0173,15/11/2024,dap,165.0,Kg,21351
I01507,F0173,06/01/2025,UREA,132.0,kg,11803
I01508,F-0174,2020-03-16,DAP,3.7,bag,33073
I01509,F0174,"Dec 07, 2020",Can fertilizer,72.5,kg,6597
I01510,F0174,05/01/2021,Pesticide,1.7,litres,1592
I01511,F0174,2021-03-08,DAP,90.0,KG,11619
I01512,F0174,29/03/2021,Pesticide,1.4,L,1867
I01513,F0174,2021-11-30,pesticide,3.9,litres,4754
I01514,F0174,19-Mar-22,dap,6.0,bags,41630
I01515,F0174,2022-04-19,CAN,160.0,kg,15385
I01516,F0174,2022-10-26,FYM,3.3,tonnes,13640
I01517,F0174,2023-04-10,DAP,,Kg,29580
I01518,F0174,17/05/2023,UREA,136.0,kg,"KES 14,883"
I01519,F0174,2023-11-14,DAP,3.8,50kg bag,26419
I01520,F0174,"Jan 06, 2024",can,3.0,bags,16110
I01521,F0174,12/01/2024,Pesticide,4.7,litres,5100
I01522,F0175,15/04/2021,pesticide,1767.0,mL,"KES 2,232"
I01523,F0175,2021-11-29,pesticide,3.0,L,4123
I01524,F0175,2022-03-29,Pesticide,2.3,litres,3160
I01525,F0175,11/03/2023,dap,1.6,bags,12212
I01526,F0175,23-Apr-23,Urea,1.6,bags,9940
I01527,F0175,2023-05-13,Pesticide,1038.0,mL,"KES 1,323"
I01528,F0175,15-Oct-23,DAP,142.5,kg,18474
I01529,F0175,2024-03-23,DAP,110.0,kg,
I01530,F0175,2024-05-17,CAN,110.00000000000001,bag,4809
I01531,F0176,2019-05-01,Insecticide - Duduthrin,14.6,litres,15842
I01532,F-0176,10/06/2020,Insecticide - Duduthrin,14295.0,mL,17816
I01533,F0176,28/10/2021,DAP,375.0,kg,52518
I01534,F0176,28/11/2021,Urea,300.0,kg,37047
I01535,F-0176,18-Oct-21,Manure,3750.0,kg,16019
I01536,F0176,2022-11-16,Manure,9900.0,kg,44536
I01537,F0176,2023-01-05,Pesticide,9.0,litres,10532
I01538,F0176,16-Apr-24,dap,505.0,kg,84394
I01539,F0176,"May 23, 2024",can,252.5,KG,24053
I01540,F0176,2024-05-23,pesticide,14.1,L,16003
I01541,F0177,2019-04-26,Pesticide,1.0,litres,"KES 1,353"
I01542,F0177,2021-04-08,dap,3.8,bags,22085
I01543,F0177,2021-05-18,Can fertilizer,100.0,kg,9939
I01544,F0177,2022-04-27,Insecticide - Duduthrin,0.8,litres,887
I01545,F0177,2023-03-27,DAP,2.1,bags,"KES 15,391"
I01546,F0177,2023-05-06,CAN,1.0,bags,5545
I01547,F0177,27-Mar-23,Manure,4200.0,kg,"KES 18,668"
I01548,F0177,2023-05-27,pesticide,1.4,L,"KES 1,606"
I01549,F0177,2024-10-07,DAP,0.6,bags,4908
I01550,F0177,11/11/2024,UREA,65.0,Kg,6962
I01551,F0178,14-Mar-19,DAP 18-46-0,80.0,Kg,11965
I01552,F0178,09/03/2019,Manure,800.0,kg,3156
I01553,F0178,2020-10-15,DAP 18-46-0,,bags,24226
I01554,F0178,2020-12-08,Urea,96.0,Kg,8596
I01555,F0178,20-Oct-21,DAP,2.6,Bags,20551
I01556,F0178,03/12/2021,CAN,65.0,kg,5985
I01557,F0178,12/10/2021,Manure,5200.0,Kg,20709
I01558,F0178,24-Nov-21,Pesticide,2.3,litres,2792
I01559,F0178,2022-10-15,DAP,97.5,kg,13615
I01560,F0178,09/10/2022,Manure,2600.0,Kg,
I01561,F0178,18-Nov-23,DAP,100.0,kg,13654
I01562,F0178,2024-04-12,Duduthrin,1.7,litres,2481
I01563,F0179,2019-10-27,DAP,160.0,kg,26145
I01564,F0179,2019-12-13,CAN,128.0,kg,
I01565,F0179,22-Apr-20,DAP,215.0,kg,31670
I01566,F0179,2021-04-23,pesticide,317100.0,mL,4124
I01567,F0179,2021-11-05,DAP,2.8,bag,
I01568,F0179,2021-12-15,Urea (top dress),140.0,kg,17814
I01569,F0179,2021-12-28,pesticide,5.2,litres,
I01570,F0179,2022-03-31,DAP,1.5,50kg bag,9823
I01571,F0179,2022-10-21,DAP,8.1,bags,51409
I01572,F0179,2022-11-26,CAN (top dress),216.0,kgs,"KES 22,186"
I01573,F0179,22/04/2023,DAP,420.0,kgs,58227
I01574,F0179,2023-06-06,CAN,140.0,KG,14269
I01575,F0179,2023-06-30,pesticide,7.8,litres,9345
I01576,F0179,2023-10-18,DAP,140.0,kg,20615
I01577,F0179,21/12/2023,Pesticide,3.5,litres,4121
I01578,F0180,20-Apr-19,DAP,22.5,kg,3319
I01579,F0180,2019-06-11,Urea,22.5,Kg,2543
I01580,F0180,2019-04-08,Manure,1.8,t,
I01581,F0180,2019-05-20,pesticide,1.0,L,"KES 1,165"
I01582,F0180,2020-04-12,dap,0.9,bags,5031
I01583,F0180,2020-05-20,CAN,45.0,KG,4126
I01584,F0180 ,2020-06-09,Pesticide,1.3,litres,1512
I01585,F0180,"Dec 04, 2020",pesticide,0.9,litres,1024
I01586,F0180,2021-04-13,DAP,50.0,kg,7764
I01587,F0180,2021-06-05,urea 46%,50.0,kg,6459
I01588,F0180,20/05/2021,Insecticide - Duduthrin,0.8,litres,961
I01589,F0180,2023-10-28,dap,0.6,bags,3945
I01590,F0180,2023-12-05,Pesticide,1.0,l,1460
I01591,F0180,2024-11-27,pesticide,0.9,L,1024
I01592,F0181,01/05/2019,Pesticide,1.0,litres,1168
I01593,F0181,2019-10-03,DAP,52.5,Kg,7233
I01594,F0181,2019-11-14,CAN,35.0,kg,3770
I01595,F0181,2020-03-06,DAP,40.0,Kg,5520
I01596,F0181,2020-04-15,can,32.0,Kg,3526
I01597,F0181,2020-03-06,Manure,0.8,t,3503
I01598,F0181,2020-04-16,pesticide,1049.0,ml,1238
I01599,F0181,2021-04-24,DAP,0.8,bags,4189
I01600,F0181,28/05/2021,Urea,25.0,Kg,2984
I01601,F0181,2022-03-05,manure,200.0,kg,KES 870
I01602,F0181,02/03/2023,DAP,1.2,bags,6393
I01603,F0182,11/12/2022,pesticide,18.8,litres,19974
I01604,F0182,2023-03-22,DAP,7.2,bag,50725
I01605,F0182,29/04/2023,Urea,572.0,Kg,58001
I01606,F0182,2023-05-11,Insecticide - Duduthrin,14.6,ltrs,16159
I01607,F0182,"Oct 30, 2023",DAP 18-46-0,335.0,kgs,46363
I01608,F0183,2020-10-19,Dap fertilizer,135.0,kg,14077
I01609,F0183,26-Mar-21,DAP,2.1,bags,15104
I01610,F0183,2024-04-21,Manure,1.8,t,7553
I01611,F0184,2021-04-04,dap,85.0,kg,
I01612,F0184,2021-04-27,Pesticide,1.3,litres,1302
I01613,F0184,07/03/2022,Manure,1250.0,kg,5481
I01614,F0184,2022-10-20,DAP 18-46-0,,kg,
I01615,F0986,2022-10-14,FYM,,kg,2730
I01616,F0185,2019-03-30,dap,3.6,Bags,
I01617,F0185,2019-05-17,Urea (top dress),182.5,kg,
I01618,F0185,05-Mar-20,DAP,9.1,bags,73169
I01619,F0185,2020-04-06,Urea,9.1,bags,49735
I01620,F0185,2022-10-30,DAP,675.0,kg,88613
I01621,F0185,2022-10-27,Manure,4500.0,Kg,17462
I01622,F0185,2022-12-20,Pesticide,12.9,ltrs,16237
I01623,F0185,08/04/2024,FYM,2450.0,Kg,
I01624,F0186,2019-04-13,Pesticide,1.9,L,2038
I01625,F0186,2019-10-17,dap,120.0,kg,18052
I01626,F0186,2019-11-16,Urea,96.0,kg,12824
I01627,F0186,2019-11-22,Insecticide - Duduthrin,2.3,L,2715
I01628,F0186,2023-04-06,DAP,180.0,Kg,
I01629,F0186,2023-05-16,CAN,144.0,kg,15066
I01630,F0186,21/05/2023,Pesticide,4.6,ltrs,5481
I01631,F0186,19/10/2023,dap,80.0,kg,10834
I01632,f0186,22-Nov-23,pesticide,2.0,litres,
I01633,F0186,"Mar 10, 2024",DAP,135.0,kgs,
I01634,F0186,2024-04-04,Pesticide,1.3,,1645
I01635,F0186,10/11/2024,DAP,2.5,50kg bag,
I01636,F0186,2024-12-15,Urea,1.2,bags,6259
I01637,F0187,2020-05-14,UREA,0.9,Bags,"KES 5,752"
I01638,F0187,04/05/2020,Pesticide,642.0,ml,727
I01639,F0187,20/11/2022,DAP,55.0,kg,8658
I01640,F0187,2022-11-15,Manure,550.0,kgs,2206
I01641,F0187,2023-01-07,Duduthrin,1.3,litres,1646
I01642,F0187,12/11/2023,DAP,37.5,KG,5793
I01643,F0187,20/12/2023,Urea,150.0,bags,8714
I01644,F0187,01/11/2023,manure,3.0,MT,10962
I01645,F0187,2023-12-26,Pesticide,1.5,litres,1925
I01646,F0188,2019-04-04,dap,0.5,bags,
I01647,F0188,2019-05-12,Urea,,bags,2702
I01648,F0188,27/03/2022,DAP,85.0,Kg,10165
I01649,F0188,26-Apr-22,UREA,1.4,50kg bag,7838
I01650,f0188,17/05/2022,Pesticide,2.3,litres,
I01651,F0188,01-Nov-22,DAP,60.0,kg,8495
I01652,F0188,2022-11-24,pesticide,1.7,L,1991
I01653,F0188,15/04/2023,DAP,,kgs,5115
I01654,F0188,24/05/2023,can,1.8,Bags,9751
I01655,F0188,10-May-23,pesticide,1866.0,ml,1775
I01656,F0188,2024-05-20,Duduthrin,2.4,L,2969
I01657,F0189,24-Mar-22,DAP,,kg,16665
I01658,F0189,04/05/2022,UREA,1.2,bags,"KES 7,938"
I01659,F0189,2022-05-04,Duduthrin,2.3,litres,
I01660,F0189,2023-01-05,Pesticide,2.1,litres,2576
I01661,f0190,2019-04-16,DAP,55.0,kg,7479
I01662,F0190,23/05/2019,CAN,110.0,kg,10904
I01663,F0190,2021-03-18,manure,2000.0,Kg,
I01664,F0190,2021-05-25,Pesticide,1613.0,mL,2198
I01665,f0190,15/10/2021,dap,65.0,Kg,9241
I01666,F0190,2021-11-22,Urea,1.0,50kg bag,5231
I01667,F0190,"Nov 11, 2022",DAP,95.0,kg,12654
I01668,F0190,2022-12-26,CAN,1.9,50kg bag,12150
I01669,F0190,23/12/2022,pesticide,1.1,litres,
I01670,F0190,2023-04-20,DAP,127.5,,16833
I01671,F0190,2023-04-09,Manure,1.7,tonnes,6318
I01672,F0190,2024-12-01,Pesticide,1.9,litres,2167
I01673,F0191,13/10/2019,Manure,19800.0,kg,68246
I01674,F0191,2020-04-23,DAP,320.0,kgs,44513
I01675,F0191,2020-06-22,Pesticide,5.7,,6267
I01676,F0191,21/04/2021,DAP,385.0,kg,61204
I01677,F0191,2021-05-27,CAN (top dress),192.5,kg,20917
I01678,F0191,2021-11-14,DAP,350.0,KG,"KES 39,487"
I01679,F0191,2021-11-03,Manure,7000.0,kg,27415
I01680,F0191,2022-04-16,DAP,350.0,KG,51565
I01681,F0191,"Apr 10, 2023",DAP,7.5,bag,50977
I01682,F0191,2023-04-30,Pesticide,6.2,litres,7358
I01683,F0191,2024-10-05,dap,245.0,KG,35393
I01684,F0191,12/11/2024,Pesticide,4.8,litres,5537
I01685,F0192,09/10/2019,DAP,0.2,bags,1495
I01686,F0192,2019-11-08,CAN,16.0,Kg,1776
I01687,F0192,2020-10-31,DAP,0.2,bags,1702
I01688,F0192,07/12/2020,can,12.5,kg,1096
I01689,F0192,2020-12-07,Pesticide,0.5,litres,
I01690,F0192,2021-04-16,DAP,15.0,kg,2265
I01691,F0192,2021-05-16,Insecticide - Duduthrin,230.0,mL,277
I01692,F0192,18/11/2021,DAP,7.5,KG,1031
I01693,F0192,2022-10-13,DAP 18-46-0,30.0,kg,"KES 4,574"
I01694,F0192,2022-11-25,Pesticide,0.5,L,510
I01695,F0193,04-Mar-19,DAP,0.6,bags,4171
I01696,F-0193,2019-04-14,CAN,52.0,Kg,4988
I01697,F0193,2021-04-16,CAN (top dress),0.4,bags,
I01698,F0193,24/11/2021,can,40.0,kg,3682
I01699,F0193,2021-10-12,Manure,1600.0,kg,5700
I01700,F0193,20-Mar-22,DAP,35.0,kg,4443
I01701,F0193,2022-05-01,urea 46%,0.7,bags,"KES 4,024"
I01702,F0193,01/10/2022,Dap fertilizer,0.8,bags,"KES 5,429"
I01703,F0193,2022-09-30,manure,3.2,tonnes,"KES 13,180"
I01704,F0985,21/11/2022,Duduthrin,1054.0,ml,1346
I01705,F0193,2023-10-12,dap,1.1,bag,6429
I01706,F0193,25/11/2023,Urea,1.1,bags,7080
I01707,F0193,10/11/2023,Pesticide,1.3,litres,1396
I01708,F0194,2020-12-07,Pesticide,2.3,litres,2531
I01709,F0194,31-Oct-23,DAP,5.4,bag,37025
I01710,F0194,2024-10-28,DAP,5.1,bags,33176
I01711,f0195,"Apr 17, 2019",DAP,135.0,KG,18205
I01712,F0195,2020-05-19,Insecticide - Duduthrin,2688.0,mL,3647
I01713,F0195,2020-11-07,dap,97.5,kg,11407
I01714,F0195,2020-12-08,Urea,195.0,Kg,20655
I01715,F0195,2020-12-07,Insecticide - Duduthrin,,litres,3336
I01716,F0195,2021-02-19,Manure,9.0,tonnes,39316
I01717,F0195,2022-03-16,DAP,4.2,bags,30340
I01718,F0195,2023-03-31,DAP,6750.0,kgs,9287
I01719,F0195,31/05/2023,Pesticide,1.8,litres,"KES 2,212"
I01720,F0195,08/04/2024,Dap fertilizer,1.4,bags,9412
I01721,F0195,13/05/2024,CAN,135.0,Kg,16112
I01722,F0195,2024-05-27,Pesticide,1.6,litres,1791
I01723,F0195,2025-01-10,Duduthrin,2.9,L,3570
I01724,F0196,2019-06-21,pesticide,,litres,705
I01725,F0196,07/10/2019,DAP,65.0,kgs,9172
I01726,F0196,2019-11-08,CAN,1.3,bags,7306
I01727,F0196,01/04/2020,Dap fertilizer,0.8,50kg bag,6399
I01728,F0196,2020-05-06,UREA,,kg,2094
I01729,F0196,2021-11-04,Pesticide,0.3,litres,316
I01730,F0196,10-May-22,Pesticide,1413.0,mL,1757
I01731,F-0196,2022-10-14,dap,1.4,bag,9770
I01732,F0196,2022-11-18,Pesticide,,ml,1186
I01733,F0196,2024-10-11,dap,40.0,kg,5780
I01734,F0197,2019-03-27,Manure,3900.0,kg,14957
I01735,F0197,2019-04-24,Pesticide,4.6,l,5346
I01736,F0197,2020-12-04,CAN,122.5,kg,10705
I01737,F0197,01/12/2021,Insecticide - Duduthrin,4.4,ltrs,4872
I01738,F0197,22/04/2022,DAP,1.4,bags,9894
I01739,F0197,2022-06-08,CAN,2.2,bag,9653
I01740,F0197,2022-04-19,Manure,1.35,tonnes,5655
I01741,F0197,2022-05-18,Pesticide,3318.0,ml,4359
I01742,F0197,2023-10-04,dap,135.0,kgs,21204
I01743,F0937,07/04/2020,Duduthrin,7.6,litres,8068
I01744,F0198,21/10/2020,DAP,360.0,kg,42544
I01745,F0198,"Dec 20, 2020",Pesticide,3984.0,ml,5255
I01746,F0198,18/10/2023,dap,210.0,kg,26177
I01747,F0198,2023-11-21,CAN,1.4,50kg bag,5864
I01748,F0198,14/10/2023,manure,5.6,MT,24806
I01749,F0198,2024-10-20,Manure,5100.0,kg,24468
I01750,F0199,2020-10-07,dap,1.1,bags,7601
I01751,F0199,2021-03-29,Dap fertilizer,1.6,Bags,10114
I01752,F0199,2022-11-13,Dap fertilizer,45.0,kg,6970
I01753,F0199,2022-12-31,pesticide,,litres,1340
I01754,F0199,2024-03-17,DAP,70.0,kgs,9209
I01755,F0199,04/05/2024,Insecticide - Duduthrin,1.2,L,1416
I01756,F0200,2020-03-07,Dap fertilizer,1.6,Bags,9769
I01757,F0200,10/04/2020,Urea (top dress),0.8,bags,4368
I01758,F0200,2021-05-16,pesticide,1.4,litres,1648
I01759,F0200,2022-04-03,dap,97.5,KG,14731
I01760,F-0200,18/05/2022,Urea,32.5,kg,3547
I01761,F0200,2022-05-03,pesticide,1219.0,ml,"KES 1,457"
I01762,F0200,2022-10-25,DAP,32.5,KG,
I01763,F0200,2022-10-19,Manure,650.0,kg,2751
I01764,F0200,"Nov 21, 2022",Insecticide - Duduthrin,1.9,ltrs,2016
I01765,F0200,2023-11-25,Pesticide,1.2,litres,1475
I01766,F0200,11/03/2024,DAP,150.0,kg,20773
I01767,F0200,2024-11-11,DAP 18-46-0,85.0,kg,12323
I01768,F0200,2024-12-22,CAN (top dress),0.8,Bags,4129
I01769,F0201,"Oct 19, 2019",Dap fertilizer,477.5,kg,58949
I01770,F0201,27/03/2020,Manure,36.6,tonnes,148149
I01771,f0201,2023-04-29,Duduthrin,,litres,63925
I01772,F0201,08/10/2024,manure,11750.0,kg,52546
I01773,F0202,19/05/2019,Pesticide,4.6,litres,5002
I01774,F0202,"Dec 18, 2021",pesticide,,ml,11602
I01775,F0202,10/04/2022,dap,6750.0,Kg,10060
I01776,F0202,02/06/2022,can,2.7,bags,17002
I01777,F0202,08-Mar-24,dap,75.0,kg,8099
I01778,F0202,2024-10-14,Farmyard manure,1.55,tonnes,5780
I01779,F0203,2020-04-22,DAP,997.5,KG,143803
I01780,f0203,2020-06-02,Urea,532.0,KG,53581
I01781,F0203,16-Oct-20,dap,1185.0,kg,160037
I01782,F0203 ,2020-12-02,CAN,790.0,KG,86555
I01783,F0203,"Dec 08, 2020",Pesticide,13.9,litres,18288
I01784,F0203,2022-10-20,dap,545.0,kg,66036
I01785,F0203,11-Dec-22,Urea,436.0,kg,48143
I01786,F0203,14/10/2022,Manure,5450.0,kg,20276
I01787,F0203,2022-12-23,Insecticide - Duduthrin,9.7,litres,12116
I01788,F-0203,28-Oct-24,DAP,14.0,bags,104175
I01789,F0203 ,27/10/2024,FYM,7000.0,kg,24431
I01790,F0204,2019-10-26,DAP 18-46-0,55.0,Kg,6278
I01791,F0204,20/05/2021,Pesticide,1.0,litres,1237
I01792,F0204,2022-03-04,dap,90.0,kg,12676
I01793,F0204,2022-04-16,CAN (top dress),,kg,4545
I01794,F0204,29-Oct-22,DAP,0.6,Bags,4379
I01795,f0205,2020-04-11,Dap fertilizer,1.6,50kg bag,10204
I01796,F0205,03/12/2020,Pesticide,2.8,litres,4260
I01797,f0206,21/05/2019,Pesticide,0.5,litres,599
I01798,F0206,2020-12-28,Pesticide,0.5,l,484
I01799,F0206,20/05/2022,can,15.0,KG,1286
I01800,F0206,2022-04-25,Pesticide,0.4,ltrs,528
I01801,F0206,08/04/2024,manure,300.0,Kg,1315
I01802,F0207,22/04/2019,DAP,,bags,71515
I01803,F0207,2019-06-10,CAN,605.0,kg,60911
I01804,F0207,20/04/2019,FYM,,KG,100206
I01805,F0207,27-Jun-19,pesticide,13.7,litres,
I01806,F0207,"May 17, 2020",Pesticide,23.3,litres,28244
I01807,F0207,2022-11-15,DAP,12.5,bags,95541
I01808,F0207,"Dec 18, 2022",CAN,12.5,50kg bag,62767
I01809,F0208,"Jan 17, 2021",Duduthrin,1.3,l,1649
I01810,F0208,24/04/2022,DAP 18-46-0,22.5,kg,3017
I01811,F0208,2022-06-03,CAN,45.0,KG,"KES 4,603"
I01812,F0208,2022-06-09,Pesticide,1.0,litres,982
I01813,F0208,2023-10-21,manure,3200.0,kg,11699
I01814,F0208,25/05/2024,pesticide,1918.0,ml,2151
I01815,F0208,11/11/2024,pesticide,0.6,litres,685
I01816,F0209,15-Apr-19,DAP,0.8,bags,5862
I01817,F0209,2019-05-25,UREA,20.0,Kg,1742
I01818,F0209,2021-10-17,Manure,200.0,kg,901
I01819,F0209,2024-04-17,DAP,15.0,Kg,2026
I01820,F0210,2019-12-23,Pesticide,2.5,ltrs,3109
I01821,F0210,23-Mar-23,Farmyard manure,1200.0,Kg,5142
I01822,F0211 ,2019-03-25,Manure,2700.0,kg,10096
I01823,F0211,2020-03-18,DAP,6000.0,kg,6752
I01824,F0953,2020-03-18,FYM,2400.0,kg,9060
I01825,F0211,02/05/2020,pesticide,2.5,litres,2791
I01826,F0211,12/11/2020,DAP,70.0,Kg,11370
I01827,F0211,2022-04-18,dap,90.0,kg,12179
I01828,F0211,2024-09-18,FYM,0.95,tonnes,3286
I01829,F0212,14-Mar-20,DAP,1.1,bags,7342
I01830,F0212,2020-04-16,Urea,27.5,Kg,2932
I01831,F0212,2020-04-27,Pesticide,1.1,ltrs,1484
I01832,f0212,2022-03-21,DAP,0.6,bags,4494
I01833,F0212,26/03/2024,Manure,1.6,tonnes,6147
I01834,F0213,2019-03-21,DAP,315.0,kg,40287
I01835,F0213,10/05/2019,urea 46%,105.0,kg,"KES 10,372"
I01836,F0213,2019-05-03,Pesticide,5.1,litres,5998
I01837,F0913,2019-10-27,FYM,4.1,tonnes,18074
I01838,F0213,2019-12-03,Insecticide - Duduthrin,3.9,litres,4672
I01839,F0213,06/03/2020,DAP,115.0,KG,18000
I01840,F0213,2020-04-06,Urea (top dress),1.2,bags,5690
I01841,F0213,2020-04-20,Pesticide,2.8,L,3430
I01842,F0213,2020-11-07,DAP,,bags,22580
I01843,F0213,12/12/2020,Urea,2.5,bags,15657
I01844,F0213,17/12/2020,Pesticide,2.9,l,2850
I01845,F0213,29/03/2022,Manure,6.6,tonnes,29239
I01846,F0213,05-Mar-23,DAP,165.0,kg,23866
I01847,F0213,2024-03-27,DAP 18-46-0,3.4,bags,24611
I01848,F0213,30/05/2024,Pesticide,2.0,litres,2663
I01849,F0213,2024-10-09,dap,240.0,kg,29031
I01850,F0213,09/11/2024,Can fertilizer,160.0,kg,13426
I01851,F0214,2019-10-13,Manure,350.0,kg,1411
I01852,F0214,15/11/2019,Pesticide,0.9,litres,1237
I01853,F0214,2020-10-12,dap,25.0,Kg,"KES 3,628"
I01854,F0214,18/11/2020,Urea,0.4,bags,1960
I01855,f0214,2022-11-01,Dap fertilizer,12.5,Kg,1682
I01856,F0214,22/12/2022,Urea,25.0,kg,
I01857,F0214,25-Nov-22,Insecticide - Duduthrin,0.3,litres,289
I01858,F0214,08/03/2023,DAP,67.5,KG,8973
I01859,F0214,2023-05-04,pesticide,0.9,litres,1135
I01860,F0214,2024-11-06,Manure,0.7,tonnes,"KES 2,944"
I01861,F0214,2024-12-27,Pesticide,742.0,ml,744
I01862,F0215,2019-10-23,Dap fertilizer,0.6,bags,4577
I01863,F0215,2021-10-06,DAP,1.1,bag,8378
I01864,F0215,2021-11-30,UREA,55.0,kg,5507
I01865,F0921,15/04/2023,DAP,0.6,bags,4223
I01866,F0215,"May 20, 2023",CAN,1.0,Bags,
I01867,f0215,2023-06-13,Pesticide,1.3,L,1454
I01868,F0215,2023-10-03,DAP,15.0,kgs,2220
I01869,F0215,2023-11-17,CAN (top dress),24.0,kg,2012
I01870,F0216,2021-05-01,Duduthrin,1.2,,1057
I01871,F0216,"May 26, 2022",pesticide,1820.0,ml,"KES 2,123"
I01872,F0217,2022-12-25,pesticide,6.2,ltrs,7760
I01873,F0218,24/01/2020,Pesticide,0.6,litres,
I01874,F0218,2020-04-05,Urea,0.2,bags,1105
I01875,F0218,02/04/2020,Pesticide,502.0,ml,677
I01876,F0218,27-Oct-21,DAP,37.5,,
I01877,F0218,13/10/2021,Manure,,t,1917
I01878,F0218,2024-12-14,Duduthrin,0.7,litres,KES 874
I01879,F0219,2020-11-07,DAP,32.5,kg,4959
I01880,F0219,01-Dec-20,Pesticide,,L,2529
I01881,F0219,2021-03-26,DAP,55.0,kg,8324
I01882,F0219,02-May-21,Urea,44.0,kg,4963
I01883,F0219,2021-03-22,Manure,2.2,tonnes,8755
I01884,F0219,08-Oct-22,DAP,65.0,KG,10366
I01885,F0219 ,14/11/2022,urea 46%,1.0,bags,4538
I01886,F0219,2022-12-04,pesticide,0.7,L,960
I01887,F0219,2024-03-30,DAP,1.1,bags,"KES 7,991"
I01888,F0219,2024-05-20,CAN,0.9,bags,3778
I01889,F0220,24/03/2019,dap,17.5,kgs,2506
I01890,F0220,05/12/2019,Insecticide - Duduthrin,1.7,L,1849
I01891,F0220,2021-02-23,Manure,400.0,kg,"KES 1,450"
I01892,F0220,2022-11-01,dap,55.0,kg,7825
I01893,F0220,2024-10-21,DAP,55.0,kgs,8216
I01894,F-0221,2019-03-29,DAP 18-46-0,80.0,kg,9847
I01895,F0221,2019-05-14,urea 46%,1.3,bag,7535
I01896,F0221,07-May-19,Pesticide,1.5,litres,1865
I01897,F0221 ,19/01/2020,Pesticide,1.4,L,"KES 1,430"
I01898,F0221,2020-03-27,manure,2300.0,kg,
I01899,F0221,2020-06-07,Pesticide,1.5,ltrs,1772
I01900,F0221,2022-04-06,DAP 18-46-0,85.0,kg,13113
I01901,F0221,24/09/2022,manure,3700.0,Kg,13295
I01902,F0221,2022-11-02,pesticide,2.7,L,2961
I01903,F0221,2023-03-04,dap,1.8,bags,11500
I01904,F0221,2023-03-03,Farmyard manure,1800.0,kg,6615
I01905,F0221,2023-11-10,Dap fertilizer,105.0,kg,17293
I01906,F0221,2024-01-02,CAN,52.5,kg,5095
I01907,F-0221,25-Dec-23,Pesticide,3.0,L,3287
I01908,F0221,2024-04-03,DAP 18-46-0,145.0,,16684
I01909,F0221,2024-05-26,Can fertilizer,145.0,KG,16008
I01910,f0221,2024-10-19,DAP,5.6,bags,37119
I01911,F0222,2020-11-21,Pesticide,1.6,ltrs,2061
I01912,F0222,13-Mar-21,DAP 18-46-0,135.0,kgs,15321
I01913,F0222,07-Apr-23,Dap fertilizer,80.0,KG,12109
I01914,F0222,29/04/2023,Pesticide,1107.0,ml,1332
I01915,F0222,01/10/2024,DAP,0.8,bags,6215
I01916,F0222,2024-09-21,Manure,0.4,t,1835
I01917,F0223,19-Jan-20,pesticide,1.8,litres,
I01918,F0223,26-Nov-20,Insecticide - Duduthrin,0.7,litres,928
I01919,F0223,19/03/2022,DAP,1.6,bags,11916
I01920,F0223,22/04/2022,Urea,44.0,kg,5845
I01921,F0223,"Dec 01, 2022",Pesticide,,litres,1003
I01922,F0223,07/12/2024,CAN,1500.0,kg,1492
I01923,F-0224,2019-11-08,DAP,25.0,kg,3802
I01924,f0224,2020-11-03,dap,0.8,bags,4618
I01925,F0224,2020-12-09,CAN (top dress),0.4,bag,1785
I01926,F0224,02-Mar-21,dap,7.5,KG,1075
I01927,F0224,2021-04-01,can,15.0,KG,1360
I01928,F0224,2021-11-20,DAP,0.4,bag,3077
I01929,F0224,14/03/2022,Manure,300.0,kg,1133
I01930,F0225,2019-03-04,dap,315.0,kg,46527
I01931,F0225,28-Feb-19,Manure,6300.0,kg,21933
I01932,F-0225,2019-04-07,Pesticide,4.3,litres,5587
I01933,F0225,2019-12-16,Urea,2.9,bag,14227
I01934,F0225,2020-04-21,DAP 18-46-0,340.0,kg,53421
I01935,F0225,2020-05-29,Urea,272.0,kgs,30972
I01936,F0225,2021-01-07,Pesticide,6.9,L,9498
I01937,F0225,"Oct 28, 2021",dap,360.0,kg,46011
I01938,F0225,23/11/2021,Pesticide,4.4,litres,4728
I01939,F0225,2024-04-29,Duduthrin,8370.0,ml,8471
I01940,F0226,25/04/2019,CAN,0.9,50kg bag,3646
I01941,F0226 ,2019-10-03,dap,0.9,bags,8102
I01942,F0226,2020-02-21,manure,1.2,t,4767
I01943,F0226,2020-04-29,Pesticide,0.7,litres,925
I01944,F0226,01/11/2020,FYM,1500.0,kg,6246
I01945,F0226,07-Oct-21,DAP,65.0,kg,10405
I01946,f0226,2022-11-16,dap,80.0,Kg,13215
I01947,F0226,09/12/2022,Pesticide,1.7,litres,2042
I01948,F0226,2023-04-11,dap,90.0,Kg,14280
I01949,F0226,28/03/2023,Manure,1200.0,KG,4017
I01950,F0226,2024-04-09,DAP,30.0,KG,4139
I01951,F0226,2024-05-08,Duduthrin,1.1,l,1103
I01952,F0227,2019-03-21,dap,90.0,Kg,12703
I01953,F0227,2019-05-02,CAN,1.0,bags,3462
I01954,F0227,"Apr 26, 2019",Pesticide,1382.0,mL,1663
I01955,F0227,2020-11-21,Pesticide,1.4,L,1308
I01956,F0227,2022-12-18,pesticide,0.8,litres,1043
I01957,F0227,2024-03-08,Manure,1800.0,kg,6992
I01958,F0227,2024-12-02,Pesticide,2.1,litres,2288
I01959,F0228,14/11/2019,dap,2.2,50kg bag,14954
I01960,F0228,2020-04-12,Manure,1350.0,Kg,5485
I01961,F0228,07/06/2020,Duduthrin,3.8,litres,4310
I01962,F0228,03/11/2021,DAP,2.0,Bags,12530
I01963,F0228,04/12/2021,Can fertilizer,3.2,bags,12447
I01964,F0228,2022-03-08,DAP,90.0,kg,10558
I01965,F0228,2022-04-12,CAN,,KG,7049
I01966,F0228 ,2023-12-15,Pesticide,2681.0,mL,3310
I01967,F0228,23/09/2024,manure,4000.0,Kg,14577
I01968,F0228,04/11/2024,Pesticide,5283.0,ml,7080
I01969,F0229,2019-11-12,DAP 18-46-0,442.5,kg,65614
I01970,F0229,2021-11-14,DAP,7.5,bag,56567
I01971,F0229,2022-01-03,CAN,3.8,,17389
I01972,F0229,2021-11-06,Manure,7500.0,kg,26409
I01973,F0229,2022-06-26,pesticide,3.9,litres,4267
I01974,F0229,26/03/2023,DAP,2.6,bags,17233
I01975,F0229,"Mar 18, 2023",Manure,265000.0,kg,
I01976,F0229,2023-05-10,Pesticide,4586.0,ml,4507
I01977,F0229,2023-10-14,DAP,300.0,KG,47640
I01978,F0229,2023-12-04,Pesticide,,l,9610
I01979,F0229,2024-04-20,dap,7.5,bags,
I01980,F0229,2024-04-09,Manure,3750.0,Kg,
I01981,F0229,2024-06-25,Pesticide,11.0,litres,"KES 12,575"
I01982,F0229,11/11/2024,Dap fertilizer,3.9,bag,25297
I01983,F0229,2024-11-11,Manure,3900.0,kg,
I01984,F0229,2024-12-21,pesticide,3.9,L,5067
I01985,F0230,2019-04-03,DAP,20.0,kg,2603
I01986,F0230,2019-05-06,UREA,20.0,kg,2356
I01987,F0230,01/11/2020,DAP,0.5,bags,"KES 2,609"
I01988,F0230,2020-12-09,Urea,0.2,bags,1398
I01989,F0230,2021-04-29,CAN,16.0,kgs,1352
I01990,F0230,2021-03-27,Manure,800.0,kg,3501
I01991,F0230,24/04/2021,Duduthrin,0.4,L,491
I01992,F0230,29/03/2022,dap,15.0,kg,1977
I01993,F-0230,2022-05-14,Can fertilizer,7.5,kg,762
I01994,F0230,2022-04-24,Pesticide,0.2,litres,244
I01995,F0231,2020-10-12,DAP,100.0,kg,15197
I01996,F0231,2020-11-30,CAN,,Kg,10118
I01997,F0231,2023-10-08,DAP,130.0,kg,15718
I01998,F0231,30-Nov-23,Urea,65.0,kg,"KES 8,408"
I01999,F0231,2024-09-23,Manure,,kg,3126
I02000,F0231,13/11/2024,Pesticide,2.5,litres,3129
I02001,F0232,2019-05-07,Pesticide,2.4,litres,2766
I02002,F0232,2020-03-24,Manure,5800.0,kg,"KES 22,624"
I02003,F0232,11/11/2020,Pesticide,2.7,litres,3525
I02004,F0232,02-Jun-21,Pesticide,3.9,litres,4915
I02005,F0232,28/03/2024,DAP,307.5,kg,38230
I02006,F0232,2024-05-15,CAN (top dress),164.0,Kg,15614
I02007,F0233,09-Oct-20,DAP 18-46-0,87.5,kg,12729
I02008,F0233,2020-11-11,CAN,175.0,Kg,17143
I02009,F0233,2021-11-17,DAP 18-46-0,1.4,bags,10028
I02010,F0233,2021-12-29,Pesticide,1.7,L,1758
I02011,F0233,2023-11-05,Manure,3400.0,kg,13408
I02012,F0234,03-Nov-20,DAP,4.2,bags,29039
I02013,F0234,16/12/2020,Urea,105.0,kg,11113
I02014,F0234,2021-10-30,dap,370.0,kg,53475
I02015,F0234,07/12/2021,can,3.7,bags,
I02016,F0234,"Dec 27, 2021",pesticide,7.1,litres,8988
I02017,F0234,2022-11-10,DAP 18-46-0,555.0,kg,"KES 76,214"
I02018,F0234,10-Dec-22,CAN,3.7,bags,22625
I02019,F0234,"Apr 05, 2023",Pesticide,,litres,9766
I02020,F0234,18/05/2024,Pesticide,9.1,ltrs,10702
I02021,F0235,2020-10-21,dap,60.0,kg,9305
I02022,F0235,2022-04-02,DAP 18-46-0,25.0,kg,3503
I02023,F0235,08/05/2022,pesticide,0.7,litres,887
I02024,F0235,"Nov 06, 2023",Dap fertilizer,0.5,Bags,3803
I02025,F0235,2023-12-27,UREA,25.0,Kg,2923
I02026,F0235,"Apr 01, 2024",DAP,90.0,kg,14842
I02027,F0235,2024-03-26,FYM,600.0,kg,2562
I02028,F0235,2024-05-14,Pesticide,1.5,l,1617
I02029,F0235 ,06/10/2024,DAP,55.0,kg,"KES 7,745"
I02030,F0235,2024-11-18,can,27.5,KG,2843
I02031,F0235,13/11/2024,Pesticide,1.0,litres,"KES 1,350"
I02032,F0236,2022-10-16,DAP 18-46-0,1.0,Bags,6196
I02033,F0236,2022-11-24,Insecticide - Duduthrin,1.2,l,1455
I02034,F-0236,2023-11-03,DAP,3750.0,kg,5484
I02035,F0236,16-Dec-23,CAN (top dress),0.4,Bags,1719
I02036,F0236,04/01/2024,Pesticide,0.4,L,523
I02037,F0236,11-Oct-24,DAP,0.8,bags,4681
I02038,F0237,2020-10-18,DAP,25.0,kgs,3685
I02039,F0237,2022-05-06,Pesticide,0.6,litres,675
I02040,F0237,10/12/2022,Pesticide,0.5,L,534
I02041,F0237,22-Mar-23,DAP,25.0,KG,3881
I02042,f0237,2023-10-18,FYM,200.0,kg,KES 784
I02043,F0237,18/11/2024,Pesticide,0.5,litres,649
I02044,F0238,2022-05-01,Urea,75.0,kg,8287
I02045,F0238,09/11/2022,Pesticide,2406.0,mL,2361
I02046,F0238,2023-10-20,DAP,90.0,kg,14076
I02047,F0238,2024-04-13,DAP,65.0,KG,9155
I02048,F0238,20/05/2024,Pesticide,3.3,ltrs,4230
I02049,F0239,2019-04-23,Pesticide,1.1,litres,1536
I02050,f0239,2020-04-12,Dap fertilizer,20.0,kg,3145
I02051,F0948,10/04/2020,Manure,0.8,t,3130
I02052,F0239,16/03/2021,DAP,1.8,bag,12703
I02053,F0239,04/03/2024,DAP,1.1,50kg bag,8161
I02054,F0239,2024-04-17,CAN,44.0,kgs,4383
I02055,F0239,2024-04-30,Insecticide - Duduthrin,0.7,litres,805
I02056,F0239,2024-10-31,dap,65.0,Kg,9473
I02057,F0239,24/12/2024,Urea,52.0,kg,5807
I02058,F0240,2019-03-31,dap,22.5,kg,2623
I02059,F0240,2019-05-10,UREA,0.9,bags,
I02060,F0240,30/04/2019,Pesticide,1.3,litres,1502
I02061,F0240,17/11/2019,Manure,2200.0,kg,9561
I02062,F0240,"Nov 13, 2020",DAP,0.8,bags,5914
I02063,F0240,2020-10-30,Manure,1600.0,kg,6838
I02064,F0240,2021-11-19,dap,20.0,kg,"KES 3,305"
I02065,F0240,29-Dec-21,Can fertilizer,0.4,50kg bag,1583
I02066,F0241,2019-03-19,DAP,187.5,kg,23353
I02067,F0241,2019-03-13,Manure,5.0,tonnes,
I02068,F0241,2020-03-04,DAP,60.0,,9410
I02069,F0241,"Oct 29, 2020",DAP 18-46-0,1.4,bags,9442
I02070,F0241,23/04/2023,urea 46%,120.0,kg,11784
I02071,F0242,10/05/2019,Pesticide,2523.0,ml,3246
I02072,F0242,2019-10-30,DAP 18-46-0,195.0,Kg,26758
I02073,F0242,2021-06-01,Pesticide,3.5,,3647
I02074,F0242,18-Nov-21,pesticide,2.4,litres,"KES 2,835"
I02075,F0242,2022-11-19,Urea,135.0,kg,14973
I02076,F0242,15/11/2022,Pesticide,2.4,litres,3352
I02077,F0242,07-Mar-23,DAP 18-46-0,240.0,kg,38795
I02078,f0242,2023-04-16,Urea,160.0,Kg,19868
I02079,F0242,22/04/2024,DAP 18-46-0,1.9,bag,
I02080,F0242,2024-06-03,pesticide,,litres,"KES 1,525"
I02081,F0243,2019-02-28,manure,1200.0,kg,5087
I02082,F0243,2019-04-21,Pesticide,2388.0,mL,2220
I02083,F0243,2019-11-09,DAP,92.5,kg,12805
I02084,F0243,2019-12-21,Urea,185.0,KG,18790
I02085,F0243 ,25/12/2019,pesticide,5.0,litres,5668
I02086,F0243,19/10/2021,DAP 18-46-0,165.0,Kg,22100
I02087,F0243,29-Nov-21,Urea (top dress),82.5,Kg,8367
I02088,F0243,2023-10-21,DAP,3.4,bag,21594
I02089,F-0243,2023-11-13,Pesticide,2255.0,ml,2780
I02090,F0244,21-Nov-20,Pesticide,0.3,litres,281
I02091,F0244,2021-02-17,Manure,0.4,tonnes,
I02092,F0244,09/10/2022,DAP,15.0,kg,2396
I02093,F0244,07/05/2023,Pesticide,0.2,litres,259
I02094,F0245,2023-04-04,DAP,0.7,Bags,"KES 5,507"
I02095,F0245,2023-05-14,Urea,35.0,kg,4056
I02096,F0245,25/03/2023,Manure,700.0,kgs,2531
I02097,F0245,2024-04-08,Manure,2200.0,kg,8213
I02098,F0245,2024-05-18,Pesticide,1.1,litres,1322
I02099,F0245,10/12/2024,Pesticide,1.8,litres,2075
I02100,F0246,02/04/2019,DAP 18-46-0,1.8,50kg bag,
I02101,F0246,2020-04-12,DAP,27.5,KG,3292
I02102,F0246,"Mar 27, 2023",DAP,47.5,kg,6614
I02103,F0246,2023-05-26,Pesticide,2.7,L,3764
I02104,F0246,"Oct 08, 2023",DAP,1.3,bags,9013
I02105,F0246,2023-11-23,UREA,32.5,Kg,3631
I02106,F0246,2023-10-08,Manure,650.0,kg,1957
I02107,F0247,2019-04-22,DAP 18-46-0,105.0,kgs,16051
I02108,F0247,07/06/2019,Urea,56.0,kg,6436
I02109,F0247,13/11/2019,Pesticide,3.2,L,4342
I02110,F0247,2020-06-05,Duduthrin,3.7,litres,4571
I02111,F0247,14/10/2020,manure,3.2,t,11053
I02112,F0247,2022-10-21,DAP,37.5,Kg,6016
I02113,F0247,11-Oct-22,Manure,1.5,t,
I02114,F0247,2023-10-19,Manure,1.4,t,5479
I02115,F0247,2024-12-15,pesticide,1211.0,ml,1205
I02116,F0248,07/04/2020,DAP,0.6,bags,4123
I02117,F0248,2020-05-24,CAN (top dress),0.3,bags,1593
I02118,F0248,2021-10-08,dap,30.0,Kg,4420
I02119,F0248,2022-03-14,Dap fertilizer,,kg,1947
I02120,f0248,2024-06-06,Pesticide,0.3,l,313
I02121,F0248,04-Dec-24,pesticide,0.4,ltrs,393
I02122,F0249,2019-03-14,DAP,70.0,Kg,9267
I02123,F0249,22/09/2021,manure,650.0,kg,2642
I02124,F0249,2021-12-07,Pesticide,1.7,,1808
I02125,F0249,20-Mar-22,Farmyard manure,4200.0,kg,16521
I02126,F0249,2022-04-13,Insecticide - Duduthrin,1.4,litres,1671
I02127,F-0249,2024-10-11,DAP,80.0,Kg,12612
I02128,F0249,2024-11-19,Pesticide,2.2,litres,2458
I02129,F0250,2020-03-09,DAP,1.3,bags,8559
I02130,F0250,20-Apr-20,CAN,32.5,Kg,2991
I02131,F0250,2020-04-28,pesticide,1.0,litres,1308
I02132,F0250,2021-03-22,dap,0.7,bag,
I02133,F0250,11/05/2021,can,56.0,kg,5797
I02134,F0250,2021-04-24,Pesticide,,ml,1427
I02135,f0250,2021-11-04,DAP,105.0,kg,12478
I02136,F0250,2021-12-27,CAN,70.0,kg,7732
I02137,F0250,24/04/2023,Urea (top dress),27.5,Kg,3139
I02138,F0250,2023-05-15,Pesticide,1.5,,1663
I02139,F0250,2024-11-04,pesticide,0.9,litres,980
I02140,F0251,14/10/2020,DAP,3.0,bag,20522
I02141,F0251,2021-04-14,Manure,2650.0,Kg,9933
I02142,F0251,2021-05-18,Pesticide,4.5,l,
I02143,F0251,01-Oct-21,DAP,285.0,kg,42690
I02144,F0251,2022-04-10,DAP 18-46-0,4.1,bags,
I02145,F0251,2022-05-21,can,205.0,kg,"KES 19,589"
I02146,F0251,01/04/2023,dap,220.0,kg,32263
I02147,F0251,22-May-23,UREA,220.0,kg,28642
I02148,F0251,2023-10-14,DAP,180.0,kg,29799
I02149,F0251,2024-11-13,DAP,310.0,kg,33822
I02150,F0252,2021-01-04,Insecticide - Duduthrin,1.2,ltrs,1553
I02151,F0252,04/04/2021,DAP,15.0,kg,2088
I02152,F0252,16/05/2021,Urea (top dress),30.0,kg,3127
I02153,F0252,2023-05-08,Pesticide,1.0,ltrs,
I02154,F0252,02/10/2023,dap,97.5,Kg,12873
I02155,F0252,2023-11-07,CAN,65.0,kg,6037
I02156,F0252,2023-11-28,pesticide,1.4,litres,1781
I02157,F0252,26/03/2024,DAP,0.7,bags,4476
I02158,F0252,2024-03-21,Farmyard manure,1.4,tonnes,6390
I02159,F0252,2024-05-25,Duduthrin,1.0,l,1222
I02160,F0252,2024-09-29,Manure,1000.0,Kg,3369
I02161,F0252,04-Nov-24,pesticide,0.7,l,979
I02162,F0253,2019-10-29,DAP,40.0,Kg,5560
I02163,F0253,18-Dec-19,UREA,32.0,kg,3980
I02164,F0253,2019-12-23,pesticide,686.0,mL,682
I02165,F0253,03-Mar-20,Dap fertilizer,75.0,kg,9591
I02166,F0253,2022-03-10,DAP,55.0,kgs,7471
I02167,F0253,2022-02-24,Manure,2200.0,kgs,7312
I02168,F0253,2022-10-30,dap,0.7,bags,4827
I02169,F-0253,24/10/2022,FYM,350.0,kg,1390
I02170,F0253,30/11/2022,Pesticide,0.4,litres,444
I02171,F0253,2023-05-23,Pesticide,1.1,litres,1267
I02172,F0254,12-May-19,Pesticide,0.6,ltrs,697
I02173,F0254,2020-04-13,DAP,75.0,kg,11098
I02174,F0254,2021-10-02,DAP,0.5,bag,4435
I02175,F0254,2021-09-27,Manure,1000.0,Kg,3924
I02176,F0254,02/10/2024,dap,1.6,bag,11608
I02177,F0254,12-Nov-24,CAN,0.6,bags,
I02178,F0254,2024-11-23,Pesticide,0.8,litres,1078
I02179,F0255,2020-10-15,DAP,80.0,Kg,
I02180,F0255,2020-11-24,can,40.0,Kg,4392
I02181,F0255,08/03/2022,DAP,120.0,kg,18553
I02182,F0255,2022-04-19,urea 46%,1.6,bags,7881
I02183,F0255,2022-03-01,Manure,3200.0,KG,14189
I02184,F0255,2023-11-03,DAP 18-46-0,1.5,50kg bag,11278
I02185,F0255,2023-12-21,Pesticide,2090.0,ml,2741
I02186,F0255,30/04/2024,Urea,65.0,kgs,8147
I02187,F0256,25-Mar-19,DAP,360.0,Kg,51195
I02188,F0256,2019-04-26,Urea,192.0,kg,23455
I02189,F0256,17-May-19,Insecticide - Duduthrin,5.9,l,6983
I02190,F0256,2020-03-30,DAP,77.5,KG,
I02191,F0256,2020-05-12,Urea,3.1,50kg bag,16502
I02192,F0256,27/03/2021,DAP,2.6,bag,19463
I02193,F0256,12/05/2021,CAN,265.0,Kg,26709
I02194,F0256,2021-10-10,DAP 18-46-0,2.1,bags,15565
I02195,F0256,2021-11-13,urea 46%,3.4,bags,21886
I02196,F0256,2022-06-14,Pesticide,2.2,litres,2966
I02197,F0256,19-Nov-24,Pesticide,300.0,litres,2999
I02198,F0257,21/12/2021,Pesticide,0.9,litres,1210
I02199,F0257 ,2022-10-26,DAP,,bag,9817
I02200,F0257,2022-11-25,CAN,22.5,Kg,2100
I02201,F0257,2024-03-05,Dap fertilizer,45.0,kg,7331
I02202,F0257,06/04/2024,CAN (top dress),0.9,bags,4149
I02203,F0258,2019-10-13,Manure,9.0,tonnes,42945
I02204,F0258,2020-04-18,Dap fertilizer,577.5,kg,
I02205,F0258,2020-05-28,Pesticide,11.1,l,"KES 12,030"
I02206,F0258,03-Apr-22,DAP 18-46-0,6.5,bags,"KES 52,753"
I02207,F0258,2022-05-27,Urea,325.0,KG,33764
I02208,F0258,2022-05-30,Pesticide,8.5,L,11497
I02209,F0258,2023-03-28,DAP,225.0,kg,32342
I02210,F0258,2023-03-19,manure,4500.0,kg,18408
I02211,F0258,2023-05-07,Pesticide,486600.0,ml,"KES 6,097"
I02212,F0259,31/10/2019,dap,30.0,KG,3492
I02213,F0259 ,2019-12-22,Urea,,kg,2479
I02214,F0259,2020-10-24,Manure,250.0,KG,KES 914
I02215,F0259,2020-11-30,Pesticide,0.5,litres,KES 502
I02216,F0259,02/10/2021,Dap fertilizer,20.0,kg,2996
I02217,F0259,2022-03-02,DAP,15.0,kg,1978
I02218,F0259,2022-04-15,CAN (top dress),0.5,bags,2142
I02219,F0259,2022-03-02,Manure,1.2,t,5958
I02220,F0259,21-Apr-22,Pesticide,0.8,L,
I02221,F0259,2022-11-22,Pesticide,607.0,ml,760
I02222,f0260,2021-03-27,DAP,2.8,bags,21222
I02223,F0260,2021-05-21,UREA,112.0,Kg,12312
I02224,F0260,2022-05-03,pesticide,1246.0,mL,1443
I02225,F0260,2023-12-14,Insecticide - Duduthrin,2370.0,ml,"KES 3,435"
I02226,F0261,08-Oct-19,DAP,,kg,14770
I02227,F0261,24/11/2019,Pesticide,2.8,litres,
I02228,F0261,2021-05-20,Pesticide,1.2,litres,1723
I02229,F0261,2021-11-02,dap,2.8,bag,
I02230,f0261,2021-12-23,CAN,2.8,bag,13464
I02231,F0261,27-Mar-22,DAP,115.0,kg,14839
I02232,F0261,2022-06-02,Pesticide,2.0,litres,2552
I02233,F0262,2019-12-28,pesticide,3.5,l,3995
I02234,F0262,2021-03-30,dap,170.0,bags,13469
I02235,F0263,2019-04-25,DAP,35.0,Kg,5463
I02236,F0263,2019-06-05,CAN,0.4,bag,1996
I02237,F0263,26-Jun-19,Duduthrin,0.9,litres,924
I02238,F0263,2022-04-04,Pesticide,,,470
I02239,F0927,2023-03-28,DAP,0.2,bags,1672
I02240,F0263,2023-05-14,UREA,,kg,1184
I02241,F0264,2019-04-14,DAP,6.0,bags,42390
I02242,F0264,2020-03-28,DAP 18-46-0,110.0,Kg,13967
I02243,F0264,19/04/2020,Pesticide,1.6,litres,1914
I02244,F0264,2022-11-20,dap,145.0,Kg,22199
I02245,F0264,09/01/2023,Urea,,kg,17248
I02246,F0264,2023-01-06,Duduthrin,4.0,litres,5081
I02247,F0264,2024-03-29,dap,90.0,kg,14428
I02248,F0264,13-May-24,CAN,90.0,kgs,
I02249,F-0264,01/05/2024,Pesticide,4.0,ltrs,4466
I02250,F0265,2021-04-20,dap,40.0,kg,7256
I02251,F0265,2022-10-31,Dap fertilizer,30.0,Kg,3651
I02252,F0265,"Dec 03, 2022",CAN,15.0,kg,1363
I02253,F0265,2022-10-17,Farmyard manure,1200.0,kg,5902
I02254,F0265,05/12/2022,Pesticide,0.6,litres,
I02255,F0265,2023-10-19,dap,17.5,kg,2146
I02256,F0265,24-Nov-23,Urea,35.0,kg,3624
I02257,F0265,23/12/2023,Pesticide,0.9,litres,912
I02258,F0265,2024-12-24,Pesticide,1416.0,mL,2196
I02259,F0266,2021-06-06,pesticide,1.0,litres,1146
I02260,F0266,12/01/2022,pesticide,1.6,L,1814
I02261,F0266,2023-04-22,DAP,40.0,Kg,"KES 5,397"
I02262,F0266,2023-05-29,Urea,80.0,kg,8769
I02263,F0266,06/06/2023,pesticide,2396.0,,2815
I02264,F0266,09/10/2024,DAP,172.5,kg,26782
I02265,F0267,22/03/2019,DAP,11.8,bags,"KES 76,713"
I02266,F0267,2019-05-01,Urea,7.9,bags,34136
I02267,F0267,09/11/2019,CAN,1.6,bags,7971
I02268,F0267,2019-09-18,manure,6600.0,kg,"KES 29,683"
I02269,F0267,2020-03-25,DAP,,bag,26306
I02270,F0267,2020-05-07,CAN,365.0,kg,34016
I02271,F0267,2022-04-12,DAP,170.0,kg,24148
I02272,F0267,05-Dec-24,Urea,,bag,
I02273,F0267,2024-10-09,Manure,7600.0,kg,30114
I02274,F0268,2020-05-24,Insecticide - Duduthrin,0.8,ltrs,KES 909
I02275,F0268,18/10/2020,Manure,2400.0,Kg,9225
I02276,F0268,2020-12-21,pesticide,1.5,litres,1728
I02277,F0268,2021-11-14,DAP,1.3,bag,8796
I02278,F0268,2022-01-13,Duduthrin,1.3,L,1569
I02279,F0268,2022-11-13,dap,1.0,bags,7609
I02280,F0268,24/12/2022,CAN,80.0,Kg,8245
I02281,F0268 ,2022-12-26,Pesticide,2646.0,ml,
I02282,F0268,2023-10-13,DAP,45.0,kg,7007
I02283,F0268 ,"Oct 06, 2023",Manure,1800.0,kg,7070
I02284,F0269,14/11/2019,DAP,2.7,bags,19258
I02285,F0269,2019-11-01,manure,1800.0,kg,6931
I02286,F0269,2020-03-29,DAP,2.8,bags,"KES 19,192"
I02287,F0269,2020-04-28,Duduthrin,1.2,L,1543
I02288,F0269,18-Oct-20,FYM,3.4,tonnes,
I02289,F0269,26-Dec-20,Pesticide,1.7,ltrs,2047
I02290,F0269,29/10/2021,FYM,2000.0,kgs,7877
I02291,F0269,19-Oct-23,DAP,3.3,50kg bag,21621
I02292,F0269,10/10/2023,Manure,4.4,tonnes,19350
I02293,F0269,2024-05-04,CAN,96.0,kg,9969
I02294,F0270,2019-04-06,dap,5.1,50kg bag,30477
I02295,F0270,2019-05-31,CAN,1.7,bags,7182
I02296,F0270,14/06/2019,pesticide,2.4,litres,2712
I02297,F0270,12/04/2020,DAP,3.9,bag,
I02298,F0270,2020-05-25,Urea,3.1,bag,18978
I02299,F0270,2020-05-09,Duduthrin,5.0,litres,5526
I02300,F0270,24/12/2021,Pesticide,3.9,litres,
I02301,F0270,2022-04-26,pesticide,4807.0,ml,5128
I02302,F0270,08/11/2022,DAP,4.3,bag,
I02303,F0270,2023-01-01,Pesticide,6.1,L,5685
I02304,F0270,2023-10-01,Manure,4800.0,Kg,18201
I02305,F0270,18/04/2024,DAP,307.5,kgs,41756
I02306,F0270,04/06/2024,Urea,,bags,18348
I02307,F0270,2024-06-10,Pesticide,4.5,L,5316
I02308,F0270,2024-10-07,DAP,172.5,kg,25107
I02309,F0271,2019-04-17,FYM,250.0,kg,1092
I02310,F0271,06-Jun-19,Insecticide - Duduthrin,646.0,ml,844
I02311,F0271,29/03/2021,DAP 18-46-0,45.0,kg,5144
I02312,F0271,2021-10-28,DAP 18-46-0,0.3,bags,2359
I02313,F0271,2021-12-10,CAN (top dress),15.0,kg,
I02314,F0271,15-Oct-21,Manure,600.0,kg,2040
I02315,F0271,06/04/2023,DAP,1.0,bags,"KES 8,907"
I02316,F0271,2023-05-14,Urea,0.6,bags,3094
I02317,F0271,2023-11-20,DAP,67.5,kgs,7973
I02318,F0271,2023-11-13,Manure,450.0,kgs,"KES 1,997"
I02319,F0272,30/10/2021,dap,1.0,50kg bag,
I02320,F0272,2021-11-30,Urea,35.0,KG,3994
I02321,F0272,25/10/2021,manure,1.4,tonnes,5764
I02322,F0272,2022-03-18,dap,0.6,Bags,3779
I02323,F0272,03-May-22,can,1.2,bags,5536
I02324,F0272,2023-05-18,Pesticide,1026.0,mL,1085
I02325,F0273,2019-03-18,manure,7850.0,kg,32515
I02326,F0273,22/10/2019,DAP,8.3,bags,59407
I02327,F0273,2019-12-07,Urea,,kg,39508
I02328,F0273,17-Nov-19,Insecticide - Duduthrin,12.4,l,10580
I02329,F0273,12/11/2021,Manure,15600.0,Kg,63773
I02330,F0273,2022-03-15,Dap fertilizer,14.6,bags,91145
I02331,F0273,27/04/2022,Urea,485.0,kgs,52900
I02332,F0274,19-Apr-20,pesticide,1.5,litres,"KES 1,487"
I02333,F0274,2021-03-04,Dap fertilizer,85.0,KG,10707
I02334,F0274,2021-02-24,FYM,850.0,Kg,3653
I02335,F0274,2022-06-01,Duduthrin,,L,2479
I02336,F0274,09/10/2022,dap,0.9,bags,7119
I02337,F0274,01-Dec-22,urea 46%,1.8,bags,11799
I02338,F0274,2022-12-15,Pesticide,1.8,L,1920
I02339,F0274,03/04/2023,DAP,0.6,bag,"KES 4,367"
I02340,F0274,2023-05-20,can,1.0,bags,4598
I02341,F0274,05-Nov-23,DAP,90.0,kg,12120
I02342,F0274,2024-01-12,Duduthrin,110.00000000000001,litres,1134
I02343,F0275,2019-02-17,manure,1.3,tonnes,5573
I02344,f0275,2019-03-25,Pesticide,1.0,litres,
I02345,F0275,18/10/2019,dap,110.0,kg,13451
I02346,F0275,07/11/2019,pesticide,3.1,L,"KES 3,979"
I02347,F0275,2020-10-10,Dap fertilizer,70.0,kg,10575
I02348,F0275,10/11/2020,Can fertilizer,2.8,bags,13561
I02349,F0275,2020-12-03,Pesticide,3.4,l,3992
I02350,F0275,2021-04-11,manure,0.7,tonnes,2600
I02351,F0275,"Oct 26, 2021",DAP,2.4,Bags,17268
I02352,F0275,2022-03-02,DAP,1.4,50kg bag,9748
I02353,F0928,2022-04-23,can,56.0,kgs,
I02354,F0275,"Mar 25, 2022",pesticide,1.2,l,1452
I02355,F0275,2024-03-01,DAP,65.0,kg,11739
I02356,F0275,2024-04-25,Pesticide,1.7,litres,1806
I02357,F0275,2024-11-17,DAP,202.5,KG,"KES 28,496"
I02358,F0275,26-Dec-24,can,135.0,Kg,12355
I02359,F0275,08-Nov-24,Manure,1.35,tonnes,
I02360,F0276,08/03/2021,DAP,0.6,bags,5237
I02361,F0276,2021-12-07,pesticide,1.9,litres,2418
I02362,F0276,23/10/2023,Manure,0.65,tonnes,1981
I02363,F0277,2019-03-16,dap,,kg,
I02364,F0277,2019-05-08,Urea,2.9,bags,17606
I02365,F0277,2020-11-06,DAP,,kgs,46373
I02366,F0277,25/12/2020,urea 46%,225.0,kg,21801
I02367,F0277,12/12/2020,Pesticide,6.3,litres,4930
I02368,F0277,2021-10-25,DAP,195.0,Kg,27175
I02369,F-0277,12/10/2021,manure,1300.0,kg,5711
I02370,F0277,14/12/2021,Pesticide,2.4,L,2594
I02371,F0277,2022-04-11,DAP,107.5,kgs,13851
I02372,F0277,2022-03-30,Manure,4.3,MT,18674
I02373,F0277,28/05/2022,Pesticide,3.4,L,4284
I02374,f0277,2023-04-30,Pesticide,2.3,litres,2737
I02375,F0277,2024-04-15,DAP,5.5,bags,40829
I02376,F0278,06/03/2019,DAP,9.3,bag,64064
I02377,F0278,2019-04-26,Urea,6.2,bags,
I02378,F0278,2021-10-11,DAP,232.5,Kg,30873
I02379,F0278,22/11/2021,Can fertilizer,2.5,50kg bag,9045
I02380,F0278,23/04/2022,CAN (top dress),156.0,KG,17491
I02381,F0278,2022-10-16,DAP,6.1,bags,45590
I02382,F0278,09-Dec-22,UREA,3.0,Bags,15496
I02383,F0278,2022-12-06,Pesticide,3.5,ltrs,4415
I02384,F0279,2019-12-29,CAN,25.0,kg,
I02385,F0279,2020-04-03,Manure,300.0,kg,1143
I02386,F0279,2020-10-01,dap,17.5,Kg,2323
I02387,F0279,2020-11-24,UREA,35.0,kg,3540
I02388,F0279,2022-04-07,DAP,30.0,KG,4363
I02389,F0279,2022-11-07,DAP,0.4,bags,2436
I02390,F0279 ,15/01/2023,Insecticide - Duduthrin,0.4,,468
I02391,F-0279,2024-03-01,DAP,10.0,kg,1357
I02392,F0279,2024-04-01,CAN,0.3,bags,1672
I02393,F0280,2019-03-28,DAP,1.1,bags,7969
I02394,F0280,02/05/2019,can,,kg,
I02395,F0280,2019-03-16,Manure,1.1,tonnes,4236
I02396,F0280,21-May-19,Pesticide,0.8,litres,
I02397,F0280,2019-12-22,Urea,,kg,7289
I02398,F0280,2020-04-18,DAP,1.3,bags,9047
I02399,F0280,2020-05-27,Urea,1.0,bags,4555
I02400,F-0280,2020-04-04,Manure,1300.0,Kg,5342
I02401,F0280,2020-06-05,Pesticide,1.3,litres,1606
I02402,F-0280,2020-11-03,DAP,55.0,kg,7613
I02403,F0280,2020-12-12,UREA,0.6,bags,2850
I02404,F0280,30/10/2020,Manure,1100.0,kg,5514
I02405,F0280 ,17/05/2021,Duduthrin,2262.0,ml,2521
I02406,F0280,2021-10-05,DAP,85.0,kg,11458
I02407,f0280,2021-11-24,UREA,42.5,kg,4942
I02408,F0280,22/05/2022,Urea (top dress),0.4,bags,2044
I02409,F0280,2023-12-20,Duduthrin,1.8,litres,2232
I02410,F0280,2024-02-20,Manure,3400.0,kg,11854
I02411,F0280,2024-11-13,Pesticide,961.0,ml,1146
I02412,f0281,2019-03-27,DAP,140.0,kg,19550
I02413,F0281,"May 11, 2021",Duduthrin,330.0,,4262
I02414,F0281,19/03/2023,DAP,3.3,bag,22345
I02415,F0281,10/03/2023,Manure,2.2,tonnes,7737
I02416,F0281,04/05/2023,Pesticide,3.3,litres,3622
I02417,F0282,02/12/2019,Pesticide,2.1,ltrs,2402
I02418,F0282,2020-10-27,Manure,1450.0,kg,5810
I02419,F0282,01/10/2022,DAP 18-46-0,285.0,Kg,41905
I02420,F0282,19/11/2022,CAN,285.0,kg,30650
I02421,F0282,2023-11-14,dap,95.0,kg,13743
I02422,F0282,29/12/2023,Urea,95.0,KG,11851
I02423,F0282,10-Nov-23,Manure,7600.0,kg,25981
I02424,F0282,2023-12-14,Pesticide,2.3,L,2971
I02425,F0283,2020-11-03,DAP,35.0,KG,4215
I02426,F0283,02-Jan-21,pesticide,0.4,litres,529
I02427,F0283,04/03/2021,DAP,22.5,kg,3296
I02428,F0283,13/04/2024,DAP,30.0,kg,3845
I02429,F0283,2024-05-21,UREA,0.6,bag,3498
I02430,F0284,08-Apr-19,DAP,480.0,kg,76939
I02431,F0284,21/05/2019,Urea,256.0,Kg,27755
I02432,F0284,2019-10-11,DAP,410.0,kg,61182
I02433,F0284,14/04/2020,DAP,8.6,bag,70684
I02434,F0284,02/06/2020,Pesticide,6.4,l,7538
I02435,F0284,2021-03-13,DAP,215.0,kgs,33181
I02436,F0284,2021-04-24,Urea,8.6,bag,54338
I02437,F0284,2021-10-23,DAP,305.0,kg,41940
I02438,F0284,2021-12-04,Urea,3.0,bags,14346
I02439,F0284,11-Oct-21,manure,6100.0,Kg,24407
I02440,F0284 ,09-Apr-23,DAP,230.0,kg,29392
I02441,F0284,25/05/2023,Urea,115.0,kg,13551
I02442,F0284,31/10/2023,DAP,397.5,kg,53223
I02443,F0284,2023-12-18,Can fertilizer,2.6,Bags,11238
I02444,F0285,17/04/2020,DAP,2.6,Bags,19117
I02445,F0285,15/03/2022,DAP,1.0,bag,7494
I02446,F0285,23/04/2022,can,1.6,bags,6938
I02447,F0285,2022-10-25,pesticide,1.2,L,1314
I02448,F0285,2023-12-04,pesticide,3050.0,ml,3524
I02449,F0285,15-Oct-24,FYM,0.75,tonnes,3042
I02450,F0286,"Mar 14, 2019",DAP,275.0,kg,36633
I02451,F0286,23/04/2019,CAN,220.0,kgs,19623
I02452,F0286,2019-10-20,DAP 18-46-0,3.6,50kg bag,23529
I02453,F0286,2019-11-14,pesticide,4.5,litres,5007
I02454,F0286,2020-03-05,DAP,75.0,Kg,11356
I02455,F0286,26-Apr-20,CAN,3.0,bags,15799
I02456,F0286,2020-04-08,Pesticide,1.5,L,1588
I02457,F0286,08/04/2021,Manure,5800.0,kg,20267
I02458,F0286,2022-03-14,DAP,2.2,bags,15841
I02459,F0286,2022-05-02,Urea,172.0,kg,22111
I02460,F0286,2022-05-06,pesticide,4.4,litres,
I02461,F0286,2023-10-22,DAP 18-46-0,240.0,kg,32855
I02462,F0287,2023-12-16,Urea,0.9,bags,"KES 5,078"
I02463,F0287,07/10/2024,DAP,35.0,kg,4556
I02464,F0287,2024-11-17,Urea,35.0,kg,3313
I02465,F0287,2024-09-24,Manure,,kg,5321
I02466,F0288,2019-04-15,DAP,860.0,Kg,144226
I02467,F0288,29/05/2019,CAN,13.8,bags,69775
I02468,F0288,"Oct 01, 2020",DAP,34.8,bags,232075
I02469,F0288,12/11/2020,Urea (top dress),23.2,bag,118949
I02470,F0288,2022-04-09,DAP,21.1,bags,132670
I02471,F0288,2022-05-22,Urea,844.0,kg,99773
I02472,F0288,14/06/2022,Pesticide,20.9,L,29202
I02473,F0288,05/06/2023,pesticide,9.5,ltrs,9913
I02474,F0288,2024-03-19,DAP,1657.5,Kg,262269
I02475,F0288,2024-05-10,Urea,552.5,KG,58074
I02476,F0288,2024-03-07,Manure,11050.0,Kg,42788
I02477,F0289,2020-10-01,dap,37.5,kgs,4166
I02478,F0289,25-Nov-20,Urea,37.5,kg,3716
I02479,F0289,2020-11-19,Pesticide,2.1,litres,2302
I02480,F0289,2021-03-30,dap,1.9,bags,12872
I02481,F0289,2021-05-03,Duduthrin,1.3,L,1417
I02482,F0289,2021-10-23,Dap fertilizer,60.0,kg,8881
I02483,F0289,14/12/2021,Urea,2.4,bags,13373
I02484,F0289,01/04/2024,Dap fertilizer,0.6,Bags,4182
I02485,F0289,20/05/2024,UREA,27.5,kg,2566
I02486,F0290,03/03/2020,DAP,817.5,kgs,
I02487,F0290,26-Mar-20,Pesticide,14.6,litres,19236
I02488,F0970,2021-03-07,DAP 18-46-0,9.0,50kg bag,64605
I02489,F0290,2021-04-21,Pesticide,4.6,L,5845
I02490,F0290,"Dec 10, 2021",pesticide,11.5,L,14740
I02491,F0290,2022-04-05,Dap fertilizer,310.0,Kg,46075
I02492,F0290,28/04/2022,pesticide,13.1,l,13918
I02493,F0290 ,2023-04-16,DAP,675.0,Kg,110599
I02494,F0290,2023-04-04,Manure,9000.0,KG,35715
I02495,F0291,2021-02-20,FYM,1.0,tonnes,3896
I02496,F0291,31/10/2021,DAP,2.4,Bags,16032
I02497,F0291,2021-12-13,Urea (top dress),64.0,,6834
I02498,F0291,25/12/2021,pesticide,2.0,ltrs,2368
I02499,F0291,2022-10-15,DAP,115.0,Kg,15197
I02500,F0291,2022-12-07,CAN,115.0,kg,10507
I02501,F0291,2023-10-31,DAP,55.0,kg,8004
I02502,F-0292,2019-03-30,DAP,4.2,bags,24144
I02503,F0292,2019-05-04,Pesticide,3.6,l,4513
I02504,F0292,2020-03-10,Manure,4500.0,Kg,
I02505,F0292,2020-04-14,Insecticide - Duduthrin,3.0,litres,3925
I02506,F0292,2022-04-16,DAP,225.0,Kg,34269
I02507,f0292,2022-06-06,Urea,3.6,bag,"KES 22,428"
I02508,F0292,2022-09-17,FYM,2250.0,kg,8138
I02509,F0292,17/03/2023,Manure,1050.0,KG,4342
I02510,F0293,"Oct 15, 2020",dap,1.6,bag,11473
I02511,F0293,2023-05-26,Pesticide,2.1,L,2626
I02512,F0293,03/04/2024,DAP,67.5,kg,8683
I02513,f0293,2024-05-24,Urea,0.9,bags,4827
I02514,F0294,2019-12-11,pesticide,2.7,litres,3288
I02515,F0294,2020-03-22,DAP,120.0,KG,15586
I02516,F0294,13/12/2020,Urea,0.9,Bags,"KES 4,407"
I02517,F0294,2022-04-21,Pesticide,1.8,litres,"KES 2,297"
I02518,F0294,2022-10-08,Manure,500.0,kg,
I02519,F0294,2023-04-15,DAP,27.5,kg,3712
I02520,F0294,2023-10-19,DAP 18-46-0,0.6,bag,3499
I02521,F0294,2023-12-13,Insecticide - Duduthrin,1.2,litres,1448
I02522,F0294,2024-05-01,Insecticide - Duduthrin,932.0,mL,1002
I02523,f0295,2019-10-22,DAP,35.0,kg,5508
I02524,F0295,01-Dec-19,CAN,0.4,bags,1664
I02525,F0295,2021-04-05,DAP,0.6,bags,4424
I02526,F0295,2021-05-21,Urea,30.0,kg,2929
I02527,F0295 ,10/03/2022,dap,35.0,kg,4993
I02528,F0295,"Apr 16, 2022",CAN,17.5,KG,1677
I02529,F0295,24/11/2024,Urea,,kg,2503
I02530,F0295,2024-10-04,Farmyard manure,300.0,kg,"KES 1,345"
I02531,F0295,03-Nov-24,Pesticide,,L,1133
I02532,F0296,2021-04-01,DAP,85.0,kg,11907
I02533,F0296,2021-05-18,Insecticide - Duduthrin,1.7,ltrs,1977
I02534,F0296,2024-03-21,Manure,900.0,kg,4156
I02535,F0297,2020-03-21,DAP,30.0,kg,3087
I02536,F0297,2020-03-07,Manure,2400.0,KG,9206
I02537,F0297,07/12/2020,Pesticide,680.0,ml,
I02538,F0297,2021-04-20,DAP,2.4,bag,15703
I02539,F0965,2021-10-11,DAP,2.3,50kg bag,15874
I02540,F0297,2021-11-10,CAN,1.2,bag,6267
I02541,F0297,2021-11-09,Duduthrin,2.7,litres,2971
I02542,F0297,2022-10-29,DAP,1.9,50kg bag,14048
I02543,F0297,2023-04-06,Pesticide,,L,886
I02544,f0297,2024-11-01,Farmyard manure,3400.0,kg,11474
I02545,F0298,2020-12-11,Pesticide,1.3,L,1474
I02546,F0298,2021-04-19,DAP,27.5,kgs,3560
I02547,f0298,18-Dec-23,Duduthrin,1.1,litres,1219
I02548,F0298,26/03/2024,DAP,35.0,kg,4715
I02549,F0299,2021-11-14,DAP,20.0,kg,2548
I02550,F0299,2021-12-29,UREA,10.0,kg,1144
I02551,F0299,2022-02-25,Manure,300.0,kg,1309
I02552,F0299,17-Oct-23,DAP,20.0,Kg,2919
I02553,F0300,13/03/2019,DAP,770.0,kgs,106129
I02554,F0300,28/11/2019,Pesticide,16.5,litres,22060
I02555,F0300,2020-04-07,DAP,645.0,Kg,"KES 101,282"
I02556,F0300,2021-04-21,Pesticide,10.4,litres,12853
I02557,F0300,15/11/2022,DAP 18-46-0,705.0,kg,105286
I02558,F0300,2022-12-16,Can fertilizer,9.4,bags,44576
I02559,F0300,04/11/2022,FYM,18800.0,kg,74729
I02560,f0300,2023-03-13,DAP,12.1,bag,
I02561,F0300,2023-05-01,Urea,484.0,KG,52918
I02562,F0300,2024-03-25,DAP,,kg,77240
I02563,F0300,2024-12-17,pesticide,7.7,litres,9409
I02564,F0301,2019-04-04,DAP,42.5,,
I02565,F0301,2019-04-30,Duduthrin,1811.0,mL,1930
I02566,F0301,2019-12-12,Pesticide,4.8,litres,6009
I02567,F0301,2020-04-12,dap,3.3,bags,17929
I02568,F0301,25-May-20,can,82.5,kg,8930
I02569,F0301,2020-10-19,Manure,3.3,t,10866
I02570,F0301,2020-12-02,Insecticide - Duduthrin,2.2,litres,2246
I02571,F0301,15/04/2022,dap,187.5,KG,22780
I02572,F0301,04/06/2022,CAN,125.0,kg,11828
I02573,F0301,2022-06-19,Pesticide,2.1,l,2252
I02574,F0301,2023-10-31,DAP,165.0,kg,25549
I02575,F0302,11/10/2019,dap,0.6,Bags,3980
I02576,F0302,2021-03-19,dap,0.6,bags,4579
I02577,F0302,2021-05-17,Pesticide,0.5,litres,
I02578,F0302,2021-10-27,DAP,0.7,bags,5308
I02579,F0302,2021-11-26,Urea,0.6,bag,2858
I02580,F0302,17/10/2022,DAP,20.0,Kg,2844
I02581,F0302,2022-10-10,FYM,0.4,tonnes,1699
I02582,F0302,2024-10-29,DAP,10.0,kg,1227
I02583,F0303,2019-10-11,DAP,1.0,Bags,7013
I02584,F0303,2019-11-10,CAN,0.8,bags,4486
I02585,F0921,2019-12-01,Pesticide,0.8,ltrs,876
I02586,F0303,2020-04-23,DAP,75.0,kg,11384
I02587,F0303,2022-12-14,Insecticide - Duduthrin,0.6,L,521
I02588,F0303,15/10/2023,DAP 18-46-0,25.0,kg,3052
I02589,F0303,2023-11-14,CAN,40.0,KG,3911
I02590,F0303,24-Mar-24,DAP,2.0,bags,15882
I02591,F0304,2020-03-24,DAP,1.9,bag,13450
I02592,F0961,2020-04-27,CAN,1.5,bags,7268
I02593,F0304,2020-05-23,Duduthrin,1333.0,ml,1874
I02594,F0304,2021-03-17,dap,47.5,kg,
I02595,F0304,2021-04-22,Can fertilizer,1.5,bags,6193
I02596,F0304,2021-05-04,Pesticide,1.8,l,
I02597,F0304,08/05/2022,Insecticide - Duduthrin,2.1,l,2719
I02598,F0304,27-Feb-23,FYM,6.2,tonnes,22901
I02599,F0305,15/11/2020,dap,55.0,kg,7207
I02600,F0305,2021-01-20,Pesticide,1.6,ltrs,
I02601,F0305,2022-06-13,Pesticide,1.6,litres,1946
I02602,F0305,"Nov 10, 2023",dap,20.0,kg,2654
I02603,F0305,2024-01-03,UREA,32.0,kg,3393
I02604,F0306,"Oct 25, 2019",dap,2.7,bags,18797
I02605,F0306,2021-10-09,DAP,50.0,kg,
I02606,F0306,2024-04-20,DAP,0.8,50kg bag,5604
I02607,f0306,2024-06-15,pesticide,1.2,litres,1098
I02608,F0306,2024-11-16,DAP,150.0,kg,
I02609,F0306,2024-12-17,CAN,80.0,kg,7486
I02610,F0307,2024-12-18,Pesticide,11557.0,ml,13164
I02611,F0308,21-Mar-21,Manure,13.0,MT,46852
I02612,F0308,11-Apr-22,Manure,4000.0,kg,17475
I02613,F0308,2022-05-13,Duduthrin,9.6,L,10347
I02614,F0308,2023-11-19,can,110.0,kg,9778
I02615,F0309,2020-04-21,Dap fertilizer,50.0,KG,7283
I02616,F0309,08/11/2020,Manure,3600.0,kg,13409
I02617,F0309,2022-01-11,Pesticide,1.7,L,1949
I02618,F0309,10/04/2022,DAP,75.0,kg,10978
I02619,F0309,2022-05-25,can,75.0,kg,7702
I02620,F0309,04/06/2022,Pesticide,1.5,litres,
I02621,F0310,25/10/2019,DAP,132.5,Kg,18256
I02622,F0310,2021-05-01,pesticide,7254.0,ml,8252
I02623,F0310 ,2022-04-24,DAP 18-46-0,6.4,bags,45893
I02624,F0310,13/11/2022,Dap fertilizer,150.0,KG,21898
I02625,F0310,2022-12-28,UREA,150.0,kg,15732
I02626,F0310,2023-11-22,Pesticide,3.2,L,3788
I02627,F0311,01/04/2020,dap,35.0,kg,4524
I02628,F0904,2020-05-18,pesticide,2.0,litres,2366
I02629,F0311,01/03/2021,DAP,27.5,kg,
I02630,F0311,2021-04-19,can,1.1,Bags,"KES 5,855"
I02631,F0311,26-Feb-21,FYM,2.2,tonnes,8264
I02632,F0311,14/11/2021,Pesticide,1.3,litres,"KES 1,700"
I02633,F0311,2023-03-25,DAP 18-46-0,32.5,Kg,4325
I02634,F0311,2023-05-16,pesticide,0.8,litres,1059
I02635,F0311,19/10/2024,dap,40.0,bag,1934
I02636,F0311,23/11/2024,Pesticide,0.9,ltrs,"KES 1,260"
I02637,F0312,2019-10-19,manure,6000.0,kg,21268
I02638,F0312,14/10/2021,DAP,,Kg,11550
I02639,F0312,01-Dec-21,CAN,80.0,KG,9262
I02640,F0312,16/11/2021,Pesticide,1.3,litres,1582
I02641,F0312,18/03/2022,DAP,3.3,,27572
I02642,F0312,24-Apr-24,Dap fertilizer,180.0,kg,27428
I02643,F0312,04/10/2024,DAP,160.0,KG,20770
I02644,F0313,26/05/2020,Pesticide,1.4,L,1937
I02645,F0313,01-Nov-21,DAP,35.0,kg,4787
I02646,F0313,2022-03-28,DAP 18-46-0,30.0,KG,4649
I02647,F0313,13-Nov-22,DAP,0.6,bags,4651
I02648,F0314,23/10/2020,Farmyard manure,1200.0,kgs,"KES 4,989"
I02649,F0315,2019-03-09,dap,1.3,bags,8212
I02650,F0315,2019-04-21,Insecticide - Duduthrin,665.0,ml,829
I02651,F0315,2019-12-26,Pesticide,2.0,l,"KES 2,380"
I02652,F0315,2021-03-23,DAP,0.6,bags,3604
I02653,F0315,2021-04-29,Urea,65.0,KG,5847
I02654,f0315,2021-10-07,dap,2.2,50kg bag,15389
I02655,F0315,30/10/2021,Pesticide,0.9,litres,
I02656,F0315,2022-10-29,dap,30.0,kg,4461
I02657,F0315,2022-12-19,CAN (top dress),30.0,Kg,3779
I02658,F0315,2023-01-04,Insecticide - Duduthrin,1.5,litres,1581
I02659,F0315,18/04/2023,dap,57.5,kg,9231
I02660,F0315,2023-05-13,Insecticide - Duduthrin,1422.0,mL,
I02661,F0315,2024-04-17,Manure,700.0,kg,2585
I02662,F0315,2024-05-28,pesticide,1.6,litres,1909
I02663,F0316,30-Mar-19,DAP 18-46-0,330.0,Kg,53906
I02664,F0316,2019-05-04,UREA,176.0,Kg,20120
I02665,F0316,2020-03-07,dap,3.2,bag,21843
I02666,F0316,24-Apr-21,dap,7.0,bag,44643
I02667,F0316,23/04/2021,Manure,2350.0,kg,11297
I02668,F0316,06/06/2021,Pesticide,5.2,ltrs,"KES 6,683"
I02669,F0316,"Apr 16, 2024",DAP,5.4,bags,"KES 23,699"
I02670,F0316,2024-11-12,Dap fertilizer,290.0,kg,41463
I02671,F0317,20/11/2019,DAP,195.0,kgs,23257
I02672,F0317,2019-12-31,UREA,,bag,12050
I02673,F0317 ,"Dec 25, 2019",Pesticide,3.8,L,4195
I02674,F0317,27/10/2020,dap,247.5,KG,32309
I02675,F0317,19/12/2020,Urea (top dress),2.6,bags,15756
I02676,F-0317,2022-11-12,DAP,1.3,50kg bag,"KES 9,966"
I02677,F0317,26/12/2022,Duduthrin,3.8,l,4778
I02678,F0317,10-Apr-23,dap,155.0,kgs,"KES 23,844"
I02679,F0317,02/03/2024,DAP,205.0,kg,32687
I02680,F0317,19-Feb-24,FYM,4100.0,KG,18192
I02681,F0318,12-Nov-19,DAP,47.5,KG,7428
I02682,F0318,29-Nov-23,Pesticide,1614.0,ml,
I02683,F0318,2024-03-19,DAP,42.5,kg,6353
I02684,F0318,2024-04-30,CAN,68.0,kg,5703
I02685,F0319,2019-11-15,DAP,1.2,bags,8857
I02686,F0319,"May 31, 2022",Pesticide,1.9,litres,2165
I02687,F0319,05-Oct-24,DAP,55.0,kg,
I02688,F0320,2019-04-10,dap,2.2,bags,15703
I02689,F0320,06-Apr-19,Manure,2250.0,Kg,8390
I02690,F0320,18-Apr-20,Dap fertilizer,9.2,bag,62619
I02691,F0320 ,2020-06-03,CAN,7.4,bags,37930
I02692,F0320,17/04/2020,manure,9.2,tonnes,34015
I02693,F0320,2023-10-21,DAP,285.0,kg,35289
I02694,F0320,2023-11-21,CAN,2.8,50kg bag,"KES 15,756"
I02695,F0320,2024-03-19,dap,,KG,19266
I02696,F0320,21-Apr-24,Pesticide,3.9,litres,5030
I02697,F0320,20-Nov-24,DAP,450.0,kg,
I02698,F0320,2025-01-01,can,450.0,kgs,47381
I02699,F0321,07/03/2020,manure,4400.0,KG,15446
I02700,F0321,2020-05-13,Insecticide - Duduthrin,6.4,litres,7628
I02701,F0321,15-Nov-22,DAP,220.0,Kg,
I02702,F0321,06/01/2023,CAN,3.5,bags,19853
I02703,F0321,2023-04-09,DAP,3.4,bag,20355
I02704,F0322,02/04/2019,DAP,19.5,bags,142562
I02705,F0322,2019-05-18,urea 46%,15.6,bags,"KES 77,685"
I02706,F0322,2019-03-25,Manure,9750.0,kg,40976
I02707,F0322,2019-12-21,CAN,475.0,kg,51784
I02708,F0322,2020-01-03,Duduthrin,24.4,l,32089
I02709,F0322,2021-05-18,pesticide,24.8,l,31647
I02710,F0322,2022-03-21,DAP 18-46-0,620.0,kg,93626
I02711,F0322,09/03/2022,FYM,12400.0,kg,52635
I02712,F0322,07/05/2023,urea 46%,250.0,KG,23417
I02713,F0322,2024-04-12,DAP,1365.0,kg,220586
I02714,F0322,2024-05-24,CAN,910.0,kg,96150
I02715,F0322,2024-10-20,Manure,16600.0,Kg,72329
I02716,f0323,2019-11-02,DAP 18-46-0,60.0,kg,7511
I02717,F0323,2019-12-19,urea 46%,0.8,Bags,4093
I02718,F0323,2020-04-20,pesticide,0.3,L,486
I02719,F0323,07-Oct-22,DAP,52.5,kg,8182
I02720,F0323,2023-03-20,DAP 18-46-0,0.7,bag,5307
I02721,F0323,2024-03-12,Dap fertilizer,30.0,kgs,4495
I02722,F0323,04-Nov-24,CAN,30.0,kg,3043
I02723,f0324,2019-03-08,Farmyard manure,2800.0,kg,11641
I02724,F0324,05/10/2021,DAP,65.0,kg,9279
I02725,F0324,2021-11-07,CAN,,kg,5508
I02726,F0324,2021-12-08,Pesticide,1.3,L,1599
I02727,F0324,2022-10-22,dap,1.4,bags,8417
I02728,F0324,2022-11-29,can,0.9,50kg bag,4068
I02729,F0324 ,2022-12-15,Duduthrin,1.1,litres,1413
I02730,F0324,2023-06-17,Insecticide - Duduthrin,1.2,litres,"KES 1,500"
I02731,F0324,2023-11-23,Duduthrin,1.4,l,1569
I02732,F0325,03/03/2019,DAP 18-46-0,11.2,bags,85608
I02733,F0325,2020-04-21,Insecticide - Duduthrin,3.2,ltrs,3832
I02734,F0326,20/10/2019,Dap fertilizer,60.0,Kg,"KES 8,799"
I02735,F0326,05-May-20,Pesticide,1.4,L,1634
I02736,F0326,11-Nov-20,dap,75.0,kg,9918
I02737,F0326,2020-12-15,CAN (top dress),50.0,kg,4868
I02738,F0326,18/12/2020,Pesticide,1.0,litres,1175
I02739,F0326,2021-10-18,Dap fertilizer,100.0,kg,
I02740,F0326,04/12/2021,UREA,2.0,bags,12273
I02741,F0326,2021-11-21,Pesticide,1.6,l,1766
I02742,F0326,17-Jun-22,pesticide,1.8,l,2001
I02743,F0326,2022-10-24,DAP,0.8,Bags,5257
I02744,F0326,13/12/2022,CAN,0.8,bag,3694
I02745,F0326,2024-10-28,DAP,110.0,kg,14770
I02746,F0326,2024-12-08,Urea,2.2,bag,13894
I02747,F0327,02/04/2019,DAP 18-46-0,82.5,kg,11452
I02748,F0327,2020-11-06,Pesticide,1.6,L,1833
I02749,F0327,14/03/2021,Manure,2700.0,KG,10236
I02750,F0327,2021-04-06,Pesticide,1.9,litres,2407
I02751,f0327,2024-04-02,DAP,75.0,kg,10409
I02752,F0327,2024-05-03,CAN (top dress),3.0,bags,"KES 14,287"
I02753,F-0328,2020-04-16,dap,2.3,bags,16519
I02754,F0328,15/04/2020,FYM,4.6,MT,
I02755,F0328,24/03/2021,Dap fertilizer,150.0,kg,18480
I02756,F0328,02-May-21,Urea,2.0,bags,10457
I02757,F0328,2021-11-10,DAP,60.0,Kg,8445
I02758,F0328,30-Dec-21,Urea,1.0,50kg bag,4925
I02759,F0328,2023-03-27,DAP,75.0,kgs,8745
I02760,F0328,2023-03-23,manure,0.75,MT,2479
I02761,F0328,2023-05-02,Pesticide,1.1,litres,1330
I02762,F0328,20/10/2023,dap,55.0,kg,7247
I02763,F0328,2024-10-06,Manure,550.0,kg,2411
I02764,F0953,2020-03-05,DAP,112.5,kg,"KES 16,221"
I02765,F0329,29/02/2020,FYM,3000.0,kg,10844
I02766,F0329,14/05/2022,Pesticide,1.9,litres,2328
I02767,F0329,2024-11-03,DAP,1.6,bags,11507
I02768,F0329,2024-12-18,can,0.8,bags,4295
I02769,F0330,23/04/2019,dap,20.0,Kg,3174
I02770,F0330,2019-05-31,Urea,0.8,bag,5254
I02771,F0330,2019-06-16,Duduthrin,0.5,L,682
I02772,F0330,2023-03-23,DAP,40.0,kg,6363
I02773,F0330,2023-05-11,CAN,20.0,kg,2050
I02774,F0331,2019-04-14,dap,72.5,kg,
I02775,F0331,"Oct 04, 2022",DAP,52.5,kg,7644
I02776,F0331,2022-12-12,pesticide,1.4,litres,1628
I02777,F0331,2023-11-17,Dap fertilizer,90.0,kg,9653
I02778,F0331,"Jan 16, 2024",Pesticide,2.4,litres,2788
I02779,F0331,2024-04-02,Manure,5000.0,kg,19363
I02780,F0331,2024-10-24,DAP,0.8,bag,5549
I02781,F0332,2019-05-18,Pesticide,1.7,L,2274
I02782,F0332,2020-10-11,DAP,50.0,kg,6412
I02783,F0332,2020-11-15,Pesticide,1.4,litres,1835
I02784,F0332,2022-11-04,DAP,60.0,kg,8836
I02785,F0332,2022-12-04,Urea,1.2,,8044
I02786,f0332,2024-05-26,Duduthrin,1.2,litres,1426
I02787,F0333,03-Apr-19,DAP,105.0,Kg,15556
I02788,F0333,26/05/2019,can,1.1,bag,4894
I02789,F0333,06-Nov-20,dap,1.0,Bags,7520
I02790,F0333,2020-12-30,Urea,17.5,kg,2218
I02791,F0333,24/12/2020,pesticide,0.8,litres,996
I02792,F0333,23-Apr-21,DAP,60.0,KG,6092
I02793,F0333,2022-11-06,DAP,65.0,kg,8730
I02794,F0333,21/12/2022,Pesticide,1.5,l,"KES 1,938"
I02795,F0333,2023-11-16,dap,65.0,kg,8112
I02796,F0333,11/01/2024,Duduthrin,1.1,ltrs,915
I02797,F0334,2019-03-29,DAP,5.7,bags,43368
I02798,F0334,29/04/2019,Urea,95.0,kg,11050
I02799,F0334,2020-10-02,DAP,1.4,bags,8976
I02800,F0334,2020-12-02,Pesticide,3129.0,mL,3379
I02801,F0334,2021-11-01,DAP 18-46-0,135.0,KG,16063
I02802,F0334,"Dec 08, 2021",CAN,270.0,kg,24581
I02803,F0334,2024-04-25,DAP,285.0,Kg,36504
I02804,F0334,2024-06-11,CAN (top dress),285.0,kg,23489
I02805,F0334,06-Jun-24,Duduthrin,5.9,l,6771
I02806,F0912,17/11/2019,Dap fertilizer,3.2,50kg bag,23361
I02807,F0335,10-Jan-20,Urea,52.5,kg,6119
I02808,F0335,10-Jan-20,Pesticide,3.1,litres,4368
I02809,F0335,2020-10-07,dap,105.0,kgs,13948
I02810,F0335,2020-09-30,Manure,700.0,kg,2860
I02811,F0335,2021-03-06,DAP,3.2,50kg bag,20457
I02812,F0335,2021-04-12,Pesticide,1.9,litres,
I02813,F0336,2020-03-02,DAP,45.0,kg,7284
I02814,F0336,2020-04-23,CAN,15.0,Kg,1464
I02815,F0336,2020-05-02,Pesticide,0.8,l,1007
I02816,F0336,20-Dec-20,Pesticide,0.4,litres,525
I02817,F0336,21-Apr-21,DAP,0.4,bags,2920
I02818,F0336,2021-05-14,Pesticide,225.0,mL,281
I02819,F0336,2024-04-11,DAP,22.5,kg,
I02820,F0336,26/05/2024,CAN,7.5,kg,761
I02821,F0336,2024-04-06,FYM,150.0,kg,675
I02822,F0336,30/05/2024,Pesticide,,litres,
I02823,F0337,2019-05-22,Pesticide,,mL,2162
I02824,F0337,2019-11-07,DAP 18-46-0,85.0,kg,11425
I02825,F0337,"Nov 03, 2019",Manure,6800.0,kg,26299
I02826,f0337,2020-03-04,DAP,175.0,kg,27282
I02827,F0337,2020-04-12,Urea,87.5,kg,8850
I02828,F0337,2020-03-31,pesticide,,l,5481
I02829,F-0337,2021-04-25,Dap fertilizer,67.5,kg,10528
I02830,F0337,25/05/2021,Can fertilizer,2.7,50kg bag,13861
I02831,F0337,19/11/2021,DAP,1.6,,8597
I02832,F0337,25-Dec-21,can,2.5,bags,11728
I02833,F0338,2019-03-28,Manure,2500.0,kg,10410
I02834,F0338 ,23/05/2020,urea 46%,204.0,Kg,24306
I02835,F0338,2020-05-22,Pesticide,7.3,ltrs,8252
I02836,F0338,"Mar 10, 2021",DAP,3.9,bags,26665
I02837,F0338,2021-04-29,Urea,2.0,50kg bag,"KES 12,921"
I02838,F0338,05/11/2021,DAP,195.0,kg,30865
I02839,F0338,2022-01-07,Pesticide,2.1,L,
I02840,F0338,28-Mar-22,DAP,247.5,Kg,35365
I02841,F0338,2023-11-10,DAP,110.0,KG,12843
I02842,F0338,11/10/2024,DAP,6.2,bag,46206
I02843,F0338,2024-11-15,Pesticide,5.5,litres,5862
I02844,F0339,2019-10-07,DAP,9.5,bag,61670
I02845,F0339,23/09/2019,FYM,4750.0,kg,17634
I02846,F0339,2020-04-09,dap,11.0,Bags,
I02847,F0339,2020-11-24,Pesticide,18.0,L,23102
I02848,F0339,18/04/2022,manure,16.2,tonnes,59409
I02849,F0339,2022-11-05,Dap fertilizer,690.0,kgs,95765
I02850,F0339,02-Jan-23,Pesticide,8.3,litres,10402
I02851,F0339,"May 19, 2023",Insecticide - Duduthrin,8015.0,mL,7954
I02852,F0339,13-Oct-23,DAP 18-46-0,240.0,kg,32312
I02853,F0339,2023-11-26,can,,kg,34407
I02854,F0340,2019-04-06,Farmyard manure,2300.0,kg,9587
I02855,F0340,2019-06-06,Pesticide,2.5,litres,3150
I02856,F0340,02-Dec-19,Pesticide,2.4,litres,2602
I02857,F-0340,2020-12-19,can,120.0,kg,11379
I02858,F0340,10/03/2021,DAP,232.5,kg,30059
I02859,F0340,"Apr 12, 2021",can,155.0,kg,"KES 15,738"
I02860,F0340,07/03/2022,dap,5.4,bags,38345
I02861,F0340,2024-05-24,Insecticide - Duduthrin,5.1,litres,
I02862,F0340,2024-11-13,DAP 18-46-0,70.0,KG,9376
I02863,F0340,2024-12-17,CAN,70.0,Kg,6495
I02864,F0341,2020-10-08,Manure,2800.0,kgs,11439
I02865,F0341,2021-12-29,Duduthrin,,ml,1305
I02866,F0341,07/10/2023,DAP,120.0,kg,"KES 18,256"
I02867,F0341,2023-09-28,FYM,,t,4809
I02868,F0342,2021-04-24,DAP,65.0,kg,9846
I02869,F0342,2021-06-17,Urea,65.0,kg,"KES 8,457"
I02870,F0342,2021-04-17,Manure,2600.0,kg,10411
I02871,F0342,2021-06-19,Pesticide,1.7,l,1756
I02872,F0342,2022-03-28,DAP 18-46-0,1.0,bags,"KES 7,300"
I02873,F0342,21-May-22,CAN,35.0,kg,3801
I02874,F0342,2022-03-19,manure,,KG,1448
I02875,F0342 ,2024-03-20,DAP,60.0,kg,9444
I02876,F0342,26/04/2024,CAN,30.0,kg,2445
I02877,F0342,2024-05-17,Pesticide,,litres,
I02878,F0343,2020-04-05,DAP 18-46-0,0.5,bag,"KES 4,182"
I02879,F0343,11/05/2020,CAN,25.0,kg,"KES 2,293"
I02880,F0343,2020-05-30,Pesticide,0.8,litres,"KES 1,000"
I02881,F0343,2022-04-12,CAN,25.0,kg,2607
I02882,F0343,2023-11-17,Dap fertilizer,0.4,bags,2968
I02883,F0343,2024-01-15,pesticide,0.6,litres,881
I02884,F0343,2025-01-08,Duduthrin,1091.0,ml,1369
I02885,F0344,2019-03-04,dap,0.8,bag,6644
I02886,F0344,10-May-19,Pesticide,0.7,litres,669
I02887,F0344,2020-03-18,DAP,1.3,bags,9749
I02888,F0344,24-Apr-20,Pesticide,1.6,litres,1654
I02889,F0344,13/10/2020,DAP,35.0,kg,5156
I02890,F0344,2022-03-15,DAP,0.8,Bags,3796
I02891,F0344,"May 02, 2022",UREA,,bags,4008
I02892,F0344,2024-11-24,pesticide,2.0,litres,2430
I02893,F0345,20/10/2020,DAP,87.5,Kg,10636
I02894,F0345,2020-12-08,Urea,3.5,Bags,19409
I02895,F0345,2021-03-31,DAP,5.2,bags,37679
I02896,F0345,2021-04-30,Pesticide,1.8,l,1964
I02897,F0345,20/03/2022,DAP,1.8,Bags,11831
I02898,F0345,2022-05-09,CAN,45.0,kg,4452
I02899,F0345,2022-10-24,DAP,2.8,bags,22275
I02900,F0345,12-Dec-22,UREA,140.0,kg,16238
I02901,F0345,"Mar 07, 2023",dap,140.0,kg,19860
I02902,F0345,2024-03-11,DAP,155.0,kg,
I02903,F0345,23-Apr-24,CAN,,kgs,
I02904,F0345,10-May-24,pesticide,3.8,L,
I02905,F0346,2020-03-03,DAP,0.8,bag,4960
I02906,F0346,24/04/2020,CAN (top dress),32.0,KG,3058
I02907,F0346,2021-10-18,FYM,1200.0,KG,
I02908,F0346,19-Apr-22,dap,40.0,kg,5090
I02909,F0346,2022-06-11,Urea,0.4,50kg bag,2648
I02910,F0346,06/06/2022,Duduthrin,0.7,litres,832
I02911,F0346,08/12/2023,pesticide,1179.0,ml,1481
I02912,F0347,06/10/2020,DAP,2.9,bags,19404
I02913,F0347,19-Nov-20,can,145.0,kg,13630
I02914,F0347,2020-10-03,Manure,2900.0,kg,12618
I02915,F0347,03-Nov-21,DAP,187.5,kg,25625
I02916,F0347,2021-12-18,CAN (top dress),2.5,bags,9186
I02917,F0347,2022-02-26,Manure,2.8,t,
I02918,F0347,2022-04-17,pesticide,4175.0,mL,
I02919,F0347,2022-12-23,pesticide,1.4,litres,1782
I02920,F0347,2023-03-14,DAP,1.4,50kg bag,8485
I02921,F0347,15/04/2023,CAN,112.0,kgs,9544
I02922,F0347,2023-10-24,DAP,3.0,bags,
I02923,F0347,12/11/2024,dap,135.0,KG,21505
I02924,F0348,2019-12-16,Pesticide,5.0,ltrs,5732
I02925,F0348,2020-03-02,DAP,75.0,Kg,10347
I02926,F0348,2020-04-25,Urea,75.0,KG,7874
I02927,F0348,10/11/2021,DAP,140.0,kg,21908
I02928,F0348,2021-12-18,CAN,112.0,KG,12551
I02929,F0348,2023-04-16,dap,145.0,kg,19071
I02930,F0348,2023-05-31,Urea (top dress),1.4,bags,7739
I02931,F0348,2023-06-21,Pesticide,3.0,litres,3845
I02932,F0349,2020-10-21,DAP,130.0,Kg,17903
I02933,F0349,2020-12-06,CAN,2.1,bags,8940
I02934,F0349,2021-03-04,DAP 18-46-0,180.0,kg,24487
I02935,F0349,2021-04-27,Duduthrin,5.3,L,6878
I02936,F0349,21-Apr-22,Pesticide,2.6,litres,2870
I02937,F0349,"Dec 20, 2022",Pesticide,5.9,L,6863
I02938,F0349,2024-03-11,DAP,125.0,kg,17252
I02939,F0349,02-Oct-24,DAP,190.0,kg,27122
I02940,F0350,2020-03-26,Manure,3.0,MT,
I02941,F0350,11/06/2020,Insecticide - Duduthrin,2.3,litres,2604
I02942,F0350,03/12/2021,Duduthrin,,L,2485
I02943,f0350,2023-03-13,dap,95.0,kg,
I02944,F0350,2023-04-23,CAN,47.5,kg,4226
I02945,F0350,2023-04-04,Pesticide,1.1,litres,1533
I02946,F0350,17/10/2024,DAP 18-46-0,1.0,Bags,6099
I02947,F0351,"Dec 18, 2019",Pesticide,0.5,L,620
I02948,F0351,10/10/2021,DAP,30.0,kgs,"KES 3,779"
I02949,F0351,2024-03-04,FYM,250.0,kg,
I02950,F0351,2024-04-14,Pesticide,,litres,711
I02951,F0352,2020-05-21,Duduthrin,1.5,L,1764
I02952,F0352,15/10/2020,Dap fertilizer,82.5,kg,10802
I02953,F0352,2020-11-18,Can fertilizer,0.6,bags,2822
I02954,F0352,2020-11-13,pesticide,1.6,litres,1616
I02955,F0352,2021-03-07,dap,1.5,bags,11552
I02956,F0352,01/10/2021,DAP,27.5,kg,3412
I02957,F0352,2021-11-01,UREA,55.0,Kg,5247
I02958,F0352,27-Sep-21,Manure,1100.0,kg,4632
I02959,F0352,2023-04-01,dap,90.0,kg,
I02960,F0352,2023-05-11,CAN,60.0,kg,6828
I02961,F0352,2023-03-27,Manure,2400.0,kgs,9687
I02962,F0352,21/10/2023,DAP,70.0,Kg,8965
I02963,F0352,2023-12-04,Can fertilizer,70.0,Kg,6505
I02964,F0352,11/04/2024,dap,0.8,50kg bag,6516
I02965,F0352,2024-10-10,DAP 18-46-0,1.9,50kg bag,8839
I02966,F0352,2024-11-11,can,76.0,KG,8912
I02967,F0352,2024-09-30,Manure,3800.0,KG,16543
I02968,F0352,2024-11-20,Pesticide,1.3,litres,1609
I02969,F0353,"Mar 05, 2019",DAP,20.0,Kg,2953
I02970,F0353,"Apr 28, 2019",Urea,0.4,bags,2071
I02971,F0353,20/11/2019,Urea,,kg,3834
I02972,F0353,20-Apr-20,DAP,67.5,Kg,10622
I02973,F0353,09/10/2021,DAP,67.5,kg,
I02974,F0353,22-Nov-21,CAN,36.0,kg,3415
I02975,F0353,22/10/2022,dap,0.2,bags,1505
I02976,F0353,2023-10-27,DAP 18-46-0,0.4,bag,"KES 3,014"
I02977,F0354,2020-03-20,Manure,800.0,kg,3519
I02978,F0354,2021-03-30,DAP,0.6,bags,4262
I02979,F0354,"Mar 15, 2022",DAP,50.0,Kg,7154
I02980,F0354,28/04/2022,CAN,1.0,50kg bag,4585
I02981,F0354,2022-03-12,Manure,1.0,tonnes,4231
I02982,F0354,2022-05-20,Pesticide,,ml,2203
I02983,F0354,21/04/2023,Pesticide,1969.0,ml,1929
I02984,F0354,2024-04-20,DAP,2.5,Bags,15942
I02985,F0354,26/05/2024,Duduthrin,2.0,ltrs,2132
I02986,F0355,05/10/2020,DAP,5.1,Bags,33927
I02987,F0355,21/11/2020,pesticide,3.6,L,4041
I02988,F0355,28-Feb-22,Manure,1150.0,kgs,4766
I02989,F0355,18-Apr-22,Pesticide,1.6,l,
I02990,F0355,2022-11-04,Duduthrin,1.9,litres,2199
I02991,F0355,2023-05-26,Pesticide,1.8,litres,2184
I02992,F0355,16-Oct-23,DAP 18-46-0,100.0,kg,14397
I02993,F0355,2023-11-16,Duduthrin,2.3,l,2524
I02994,F0355,2024-04-18,Pesticide,1.3,litres,"KES 1,329"
I02995,f0355,19-Nov-24,Dap fertilizer,70.0,KG,"KES 9,689"
I02996,F0356,2019-03-03,DAP,400.0,kg,59893
I02997,F0356,2021-01-17,Pesticide,5.9,litres,7938
I02998,F0356,2021-03-09,DAP 18-46-0,4.0,,"KES 24,461"
I02999,F0356,2021-04-24,UREA,6.4,bags,33539
I03000,F0356,12/10/2021,dap,585.0,Kg,82290
I03001,F0356,2021-12-01,CAN,7.8,bags,
I03002,F0356,29/11/2021,Insecticide - Duduthrin,9.5,litres,9287
I03003,F0356,17/03/2022,DAP,365.0,KG,48858
I03004,F0356,2022-04-17,CAN,365.0,kg,37801
I03005,F0356,2023-01-11,Pesticide,12.4,ltrs,12943
I03006,F0356,21/10/2023,DAP 18-46-0,307.5,kg,42980
I03007,f0356,2023-12-15,Urea,164.0,kg,19050
I03008,F0356,10/10/2023,Manure,2050.0,kgs,7584
I03009,F0356,2024-05-24,Duduthrin,3.9,litres,4456
I03010,F0356 ,2024-11-07,dap,230.0,kg,34919
I03011,F0356,2024-12-09,UREA,368.0,kg,40815
I03012,F0357,2019-03-24,DAP 18-46-0,,50kg bag,10324
I03013,F0357 ,2019-11-29,CAN,75.0,kg,
I03014,F0357,2020-04-24,Pesticide,1.4,litres,
I03015,F0357,2020-11-08,Dap fertilizer,1.4,bags,11263
I03016,F0357,2023-05-09,Pesticide,1.1,litres,1306
I03017,F0358,2019-10-09,dap,65.0,kg,8592
I03018,F0358,2021-01-01,Urea,27.5,kg,"KES 3,201"
I03019,F0358,2021-05-11,Pesticide,1.1,litres,1542
I03020,F0358,2023-03-03,DAP,0.7,bags,4643
I03021,F0358,2023-04-21,Urea,0.7,bags,3569
I03022,F-0358,2023-11-05,dap,75.0,KG,11560
I03023,F0358,2023-12-14,can,0.5,bags,2597
I03024,F0358,2023-10-25,Manure,500.0,Kg,1885
I03025,F0358,29/03/2024,DAP,1.2,50kg bag,9377
I03026,F0358,05-May-24,can,60.0,Kg,
I03027,F0358,2024-03-17,manure,600.0,kg,2334
I03028,F0359,2021-03-29,dap,2.1,bags,14497
I03029,F0359,2021-10-18,DAP,172.5,kg,25409
I03030,F0359,2021-11-22,urea 46%,115.0,kg,12939
I03031,F0359,27-Nov-21,Pesticide,1.2,L,1320
I03032,F0359,"Nov 13, 2022",DAP,1.6,bags,11822
I03033,F0359,2024-04-02,Manure,1300.0,kg,
I03034,F0359,2024-05-15,pesticide,1831.0,mL,1802
I03035,F0360 ,22-Oct-20,DAP,360.0,kg,48348
I03036,F0360,28-Dec-20,Pesticide,5.5,l,6003
I03037,F0360,2022-11-08,dap,222.5,kgs,
I03038,F0360,2022-12-12,UREA,4.4,bags,"KES 27,297"
I03039,F0361 ,2019-03-26,DAP,3.6,bag,19883
I03040,F0361,20/05/2019,CAN,90.0,kg,8779
I03041,F0361,2020-04-15,dap,7.2,bags,44539
I03042,F0361,2020-05-16,CAN,,kgs,21641
I03043,F0361,"Oct 18, 2022",DAP,200.0,kg,"KES 26,519"
I03044,F0361,2022-12-06,UREA,100.0,kg,10941
I03045,F0361,2024-03-30,Farmyard manure,,kg,45416
I03046,F0361,2024-05-26,Insecticide - Duduthrin,3.6,litres,4636
I03047,F0362,2019-06-29,pesticide,3.8,litres,3972
I03048,F0362,25-Oct-19,DAP,127.5,KG,20234
I03049,F0362,2019-10-11,Manure,5100.0,Kg,17282
I03050,F0362,16/11/2019,Pesticide,6.3,litres,7168
I03051,F0362,2020-04-03,DAP,9.3,bags,61874
I03052,F0362,2020-05-23,Urea,,kg,36206
I03053,F0362,11/05/2020,Insecticide - Duduthrin,3.4,l,3999
I03054,F-0362,30/03/2021,Farmyard manure,940000.0,kg,35248
I03055,F0363,08-Jun-19,Urea,40.0,kg,4439
I03056,F0363,03-Oct-19,DAP 18-46-0,25.0,kg,3814
I03057,F0363,2021-03-26,DAP,,bags,6051
I03058,F0363,2021-11-02,DAP,0.4,bags,3117
I03059,F0363,04/12/2021,Urea,45.0,kgs,4607
I03060,F0363,2024-10-22,DAP,15.0,Kg,
I03061,F0364,28-Nov-20,Duduthrin,3.3,litres,"KES 4,108"
I03062,F0364,2021-04-07,manure,2.9,,10664
I03063,F0364,2022-03-02,DAP,2.1,50kg bag,12995
I03064,F0364,03/04/2022,Can fertilizer,1.7,bag,
I03065,F0364,24/02/2022,Farmyard manure,2100.0,kg,"KES 8,327"
I03066,F0364,2022-04-12,Pesticide,1.9,l,2555
I03067,F0364,2023-10-02,dap,122.5,Kg,16423
I03068,F0364,2023-11-12,Urea,3.9,bags,20354
I03069,F0364,26/10/2023,pesticide,6.8,L,9382
I03070,F0365,28/12/2020,CAN,28.0,Kg,2920
I03071,F0365,01-Nov-20,Manure,,kg,2726
I03072,F0365,20-Oct-23,DAP,55.0,Kg,6668
I03073,F0902,2023-11-21,CAN,44.0,,3992
I03074,F0365,10-Oct-24,DAP,60.0,,10014
I03075,F0365,16/11/2024,CAN (top dress),30.0,kg,3152
I03076,F0366,10/04/2019,DAP,,Bags,7547
I03077,F0366,30-May-19,CAN,1.3,bag,5746
I03078,F0366,2019-05-13,Pesticide,1.3,,1469
I03079,F-0366,2019-10-28,DAP,30.0,KG,3638
I03080,F0366,2020-03-22,dap,0.8,bags,5982
I03081,F0366,31/05/2020,Pesticide,924.0,ml,1282
I03082,F0366,26/03/2022,Manure,1600.0,kg,5765
I03083,F0366,05/11/2023,Manure,550.0,kg,2530
I03084,F0366,"Dec 13, 2023",Pesticide,0.7,,KES 988
I03085,F0367,2019-10-02,dap,30.0,kg,4130
I03086,F0367,2019-11-01,CAN,10.0,kgs,
I03087,F0367,2020-12-12,CAN,15.0,kg,1357
I03088,F0367,2020-10-18,FYM,0.6,tonnes,1862
I03089,F0367,31/03/2021,DAP 18-46-0,30.0,Kg,3647
I03090,F0367,2021-05-04,Urea (top dress),16.0,kg,1983
I03091,F0367,2022-12-30,Duduthrin,0.5,L,504
I03092,F0367,2023-11-08,Manure,300.0,Kg,1115
I03093,F0368,2020-04-15,CAN,92.0,kg,9366
I03094,F0368,2020-04-09,Pesticide,1704.0,ml,1904
I03095,F0368,2023-04-05,DAP 18-46-0,5.0,bags,33610
I03096,F0368,24/05/2023,Duduthrin,4.1,litres,
I03097,F0368,2023-10-04,DAP,180.0,kgs,24303
I03098,F0368,2023-10-25,pesticide,2.9,L,3509
I03099,F0368,2024-04-21,Pesticide,1.2,L,1389
I03100,F0369,06/06/2020,Pesticide,1.5,L,1681
I03101,F0369,2022-04-05,dap,112.5,kg,17959
I03102,F0369,"Jun 04, 2022",pesticide,2074.0,ml,2507
I03103,F0369,2022-11-25,Insecticide - Duduthrin,0.6,litres,KES 709
I03104,F0369,08/11/2023,Dap fertilizer,50.0,KG,7022
I03105,F0370,08/10/2020,DAP,3.4,50kg bag,24677
I03106,F0370,2020-11-07,pesticide,2.8,litres,3257
I03107,F0370,2021-04-05,DAP,70.0,kgs,10839
I03108,F0370,16-May-21,CAN,70.0,Kg,6237
I03109,F0370,2021-10-20,DAP,70.0,kg,
I03110,F0370,2021-12-04,can,1.1,bags,5663
I03111,F0370,"Oct 13, 2021",Farmyard manure,700.0,kgs,2799
I03112,F0370,14/11/2022,DAP,2.7,bags,18093
I03113,F0370,2023-01-07,Urea,45.0,kg,
I03114,F0370,20/03/2023,FYM,950.0,KG,3775
I03115,F0370,2024-05-26,Urea,,Kg,4266
I03116,F0370,2024-04-14,Manure,2000.0,kg,8097
I03117,F0370,17/05/2024,pesticide,0.6,litres,781
I03118,F0371,2019-04-25,dap,45.0,kg,5952
I03119,F0371,2019-10-08,DAP,1.3,bags,9264
I03120,F0371,2019-11-26,CAN (top dress),65.0,kg,6987
I03121,F0371,"Apr 18, 2020",CAN,35.0,kg,3834
I03122,f0371,2020-04-25,Insecticide - Duduthrin,1.0,litres,1108
I03123,F0371,2021-03-14,dap,22.5,kgs,3403
I03124,F0371,2021-03-14,FYM,900.0,kgs,3825
I03125,F0371,2021-10-14,Manure,2200.0,,8931
I03126,F0371,2022-11-06,DAP,1.1,bags,
I03127,F0371,06/11/2022,Manure,1.1,tonnes,4308
I03128,F0371,2024-04-11,DAP,55.0,kg,8421
I03129,F0371,31/05/2024,Duduthrin,1.5,L,2106
I03130,F0372,18-Nov-19,Pesticide,7.4,litres,8430
I03131,F0372,22/03/2021,DAP,810.0,Kg,100911
I03132,F0372,2021-05-13,CAN,432.0,kgs,40789
I03133,F-0372,08-Mar-21,FYM,10.8,t,36726
I03134,F0372,24/04/2021,Pesticide,13.7,litres,16549
I03135,F0372,2022-11-05,DAP,280.0,kg,38184
I03136,F0372,2023-10-28,DAP,412.5,Kg,
I03137,F0372,2023-12-12,CAN,275.0,kg,22251
I03138,F0373,29/12/2020,Pesticide,13.8,litres,"KES 16,280"
I03139,F0373,29-Mar-21,DAP,13.5,bags,"KES 87,935"
I03140,F0373,14-May-21,Urea,360.0,kgs,49446
I03141,F0373,2021-11-16,DAP,16.2,bags,105560
I03142,F0373,28-Feb-22,Manure,18000.0,kgs,
I03143,F0373,08/12/2022,Pesticide,18.7,litres,22196
I03144,F0373,15/11/2024,dap,757.5,kgs,121571
I03145,F0374,2019-03-01,DAP,0.4,bags,2512
I03146,F0374,03/05/2019,Pesticide,0.8,L,1005
I03147,F0374,25/10/2019,DAP,,bags,5419
I03148,F0374,10/12/2019,Urea,0.4,bag,2196
I03149,F0374,31/12/2019,Pesticide,0.6,L,651
I03150,F0374,24-Apr-20,DAP,60.0,kg,7599
I03151,F0374,25-May-20,CAN,60.0,Kg,6026
I03152,F0374,20-Apr-20,Manure,1.2,tonnes,5346
I03153,F0374,2020-06-07,pesticide,1.2,litres,1349
I03154,F0374,2021-11-30,Pesticide,964.0,ml,1170
I03155,F0374,17-Apr-22,DAP,1.7,bag,12594
I03156,F0374,2022-05-22,CAN,1.7,bag,
I03157,F0374,09-Apr-22,FYM,0.85,tonnes,3223
I03158,F-0374,2024-10-13,Manure,700.0,kgs,2774
I03159,F0375,2019-12-17,pesticide,0.7,,KES 855
I03160,F0375,2021-03-31,DAP 18-46-0,75.0,kg,9846
I03161,F0375,2021-04-29,Pesticide,0.7,litres,774
I03162,F0375,2022-05-26,Pesticide,1365.0,ml,
I03163,F-0375,2022-12-19,Duduthrin,0.5,litres,584
I03164,F0375,15-Apr-23,Dap fertilizer,0.9,bags,
I03165,F0375,2023-06-07,CAN,36.0,Kg,3680
I03166,F0376,2019-10-28,DAP,35.0,kg,5563
I03167,F0376,23/10/2019,manure,0.35,tonnes,1491
I03168,F0376,2019-12-22,Pesticide,0.7,ltrs,975
I03169,F0376,2022-03-15,Manure,20000.0,kg,834
I03170,F0963,08/10/2022,dap,0.7,bags,
I03171,F0376,2022-11-15,CAN,28.0,kg,2886
I03172,F0376,2022-11-09,pesticide,1.0,L,1279
I03173,F0376,2024-10-19,DAP,0.5,bags,3568
I03174,F0376,"Dec 12, 2024",can,0.4,bags,1890
I03175,F0376,02-Dec-24,Pesticide,0.5,litres,708
I03176,F0377,2019-03-04,DAP,2.1,bags,14590
I03177,F0377,2019-03-02,Manure,2800.0,kg,12922
I03178,F0377,2019-10-14,DAP 18-46-0,2.3,bag,
I03179,F0377,2019-11-13,Urea (top dress),57.5,kg,6691
I03180,F0377,2020-03-08,FYM,1800.0,kg,7256
I03181,F0377,2020-11-20,dap,90.0,kgs,11290
I03182,F0377,2024-11-17,DAP,3.8,bag,25836
I03183,F0377,2024-11-16,Manure,5000.0,kg,20355
I03184,F0377,26/12/2024,pesticide,1.6,L,1821
I03185,F0378,19-Apr-19,DAP,170.0,kg,24210
I03186,F0378,"Oct 25, 2021",Dap fertilizer,50.0,kg,7179
I03187,F0378,2021-12-07,Pesticide,1.6,litres,1479
I03188,F0378,2022-03-22,DAP,3.8,bag,27313
I03189,F0378,2022-03-14,Manure,2500.0,Kg,11483
I03190,F0378,07/06/2023,pesticide,1.5,L,
I03191,F0380,01/04/2020,DAP,40.0,kg,6441
I03192,F0380,24-Apr-20,Pesticide,2.2,litres,2584
I03193,F0380,2020-12-16,pesticide,1.8,ltrs,"KES 2,235"
I03194,F0380,2022-03-01,dap,1.7,50kg bag,12607
I03195,F0380,06/04/2022,pesticide,2.2,litres,"KES 2,490"
I03196,F0380,2023-03-25,DAP,3.6,bag,25442
I03197,F0380 ,2024-05-16,Insecticide - Duduthrin,2.1,litres,2762
I03198,F0381,2019-10-05,Manure,300.0,kg,1158
I03199,F0381,2020-10-04,DAP,22.5,Kg,
I03200,F0381,02/10/2021,DAP,0.1,bags,
I03201,F0381 ,2021-11-04,Urea,7.5,kg,834
I03202,F0381,2022-10-06,dap,0.2,,1177
I03203,F-0381,01/06/2023,Duduthrin,,litres,205
I03204,F0381,2024-05-29,Insecticide - Duduthrin,0.2,litres,320
I03205,F0381,06/10/2024,DAP,0.4,bags,2885
I03206,F0381,16-Nov-24,Can fertilizer,0.4,50kg bag,2285
I03207,F0382,2020-03-28,DAP 18-46-0,207.5,Kg,27973
I03208,F0382,2020-04-28,Pesticide,4278.0,ml,4416
I03209,F0382,16-Jan-21,pesticide,6002.0,mL,7444
I03210,F0382,2021-11-04,DAP 18-46-0,667.5,kg,88084
I03211,F0382,2022-10-19,DAP,277.5,Kg,41038
I03212,F0382,13/12/2022,Urea,148.0,kg,"KES 18,479"
I03213,F0382,2022-12-22,Pesticide,2.5,litres,3034
I03214,F-0382,2024-03-31,DAP,547.5,kg,80522
I03215,F0382,2024-05-02,CAN,182.5,kg,15596
I03216,F0382,2024-04-30,Pesticide,5.9,L,
I03217,F0383,2022-01-01,CAN,20.0,kg,1627
I03218,F0383,23-Dec-21,Pesticide,0.4,L,KES 508
I03219,F0383,2022-11-12,DAP 18-46-0,0.5,bags,4177
I03220,F0383,21-Dec-22,can,,bag,
I03221,F0383,2023-10-29,Manure,600.0,KG,2328
I03222,F0383,08/01/2024,Insecticide - Duduthrin,0.3,litres,298
I03223,F0383,2024-03-17,FYM,300.0,kg,1247
I03224,F0383,14-Nov-24,DAP,30.0,kg,4138
I03225,F0384,23/09/2019,Farmyard manure,1200.0,kg,5530
I03226,F0384,2019-11-30,Pesticide,1.1,litres,1372
I03227,F0384 ,2021-10-26,DAP,0.7,bags,4571
I03228,F0384,2022-04-09,DAP,20.0,kg,2843
I03229,F0384,17/02/2023,Farmyard manure,1100.0,Kg,4236
I03230,F0384,2024-03-26,dap,85.0,kg,11212
I03231,F0384,2024-04-25,Urea,0.8,bags,4893
I03232,F0384,26/10/2024,DAP,45.0,Kg,5921
I03233,F0384,2024-12-10,CAN,22.5,kg,"KES 2,300"
I03234,F0384,2025-01-02,pesticide,1.1,L,1651
I03235,F0385,26/10/2020,DAP,85.0,kg,10709
I03236,F0385,2020-11-29,CAN (top dress),68.0,KG,6914
I03237,F0385,2020-10-17,manure,1.7,tonnes,6755
I03238,F0385,2022-05-17,CAN,,KG,4488
I03239,F0385,2022-05-01,Pesticide,1.1,litres,1362
I03240,F0385,24-Oct-23,Dap fertilizer,240.0,kg,37872
I03241,F0385,12-Dec-23,Urea,80.0,kg,9422
I03242,F0385,11-Mar-24,DAP,172.5,kg,23157
I03243,F0386,2019-03-19,DAP,3.0,bags,21270
I03244,F0386,2019-09-30,Manure,5.0,tonnes,21350
I03245,F0386,18-Mar-20,dap,135.0,kg,20418
I03246,F0386,"Apr 28, 2020",CAN,1.8,50kg bag,8569
I03247,F0386,07/03/2020,Manure,900.0,kg,3689
I03248,F0386,16/10/2020,Dap fertilizer,4.4,Bags,35310
I03249,F0386,28/11/2021,urea 46%,2.2,bags,
I03250,F0386,2023-04-23,DAP,135.0,kg,16674
I03251,F0386,15-Apr-23,Manure,2.7,tonnes,10657
I03252,F0386,2023-05-17,Duduthrin,2.2,litres,2805
I03253,F0387,20/03/2020,DAP,225.0,Kg,37423
I03254,F0387 ,13/05/2020,CAN,1.5,bags,7674
I03255,F0387,07-Apr-21,Farmyard manure,,tonnes,4973
I03256,F0387,10/06/2021,Pesticide,2.1,L,2484
I03257,F0387,26/10/2021,DAP,1.8,bags,13278
I03258,F0387,2022-06-24,pesticide,2.9,ltrs,3672
I03259,F0387,2022-11-17,DAP,110.0,kgs,13815
I03260,F0388,2019-11-30,Pesticide,0.2,litres,221
I03261,F0922,06-May-20,Duduthrin,0.6,litres,696
I03262,F0388,2020-10-13,dap,0.6,bags,4309
I03263,F0388,2021-05-14,Pesticide,458.0,ml,497
I03264,F0388,16/11/2021,pesticide,0.5,ltrs,619
I03265,F0388,2024-01-10,Pesticide,0.6,L,796
I03266,F0948,2024-04-12,DAP,45.0,Kg,6280
I03267,F0388,31/05/2024,Urea,0.5,bags,2477
I03268,F0389,"Mar 01, 2019",DAP,45.0,Kg,6124
I03269,F0389,07-Apr-21,dap,1.4,Bags,9652
I03270,F0389,2021-04-01,Manure,0.7,tonnes,"KES 2,796"
I03271,F0389,2021-10-04,DAP,172.5,kg,23642
I03272,F0389,2022-12-29,Duduthrin,1.3,,1836
I03273,F0389,26/04/2023,pesticide,2.2,l,
I03274,F0389,19/11/2023,DAP,115.0,KG,15295
I03275,F0389,2023-11-08,Manure,2.3,MT,9275
I03276,F0389,24/03/2024,DAP,1.2,bag,7637
I03277,F0389,2024-05-09,CAN,60.0,KG,5016
I03278,F0390,03/04/2019,DAP,55.0,kg,
I03279,F0390,"Nov 12, 2019",dap,55.0,,6700
I03280,F0390,2019-12-24,Urea,90.0,Bags,4588
I03281,F0390,2020-04-30,Pesticide,0.7,litres,1020
I03282,F0390,14/11/2020,dap,0.3,bags,1830
I03283,F0390,23/12/2020,UREA,0.6,,3375
I03284,F0390,09/12/2020,Pesticide,722.0,ml,908
I03285,F0390,2021-04-19,DAP,0.9,bags,6899
I03286,F0390,2021-11-14,DAP,97.5,Kg,13921
I03287,F0390,13-Mar-23,DAP 18-46-0,0.5,bags,2830
I03288,F0390,2023-04-12,urea 46%,0.5,bags,2287
I03289,F0390,2024-04-27,can,1.1,bag,5875
I03290,f0391,17/04/2019,DAP,0.5,bags,3292
I03291,F0391,30-Oct-20,DAP,40.0,Kg,5473
I03292,F0391,05-Nov-21,dap,0.8,bag,5618
I03293,F0391,2021-12-25,Urea,32.0,Kg,3363
I03294,F0391,2023-03-29,DAP,35.0,kg,4380
I03295,F0391,05/05/2023,can,17.5,Kg,1769
I03296,F0391,29/05/2023,Duduthrin,0.8,L,874
I03297,F0391,25-Mar-24,DAP 18-46-0,0.6,bags,3289
I03298,F0391,24/05/2024,Pesticide,312.0,ml,381
I03299,f0391,18/11/2024,DAP 18-46-0,40.0,kg,"KES 5,862"
I03300,F0391,29/12/2024,CAN,20.0,kg,2002
I03301,F0391,2024-12-23,Pesticide,0.7,ltrs,987
I03302,F0392,10-Nov-20,Dap fertilizer,140.0,kg,18956
I03303,F0392,12/12/2020,Urea,112.0,kg,13423
I03304,F0392,22/10/2021,DAP,2.1,bag,19099
I03305,F0392,15-Dec-21,urea 46%,52.5,Kg,6262
I03306,F0392,2022-10-27,DAP,,bags,19708
I03307,F0392 ,13-Dec-22,Urea,1.4,Bags,6640
I03308,F0392,23/10/2022,Farmyard manure,5400.0,kg,22853
I03309,F0393,27/04/2019,Pesticide,2.2,litres,2549
I03310,F0393,2022-06-21,Pesticide,2.8,L,2859
I03311,F0394,30/12/2019,pesticide,15.1,L,
I03312,F0394,03/04/2020,DAP,610.0,kg,90662
I03313,F0394 ,14-May-20,CAN (top dress),488.0,Kg,41534
I03314,F0394,2020-03-23,Manure,24400.0,kg,86769
I03315,F0394,29/10/2020,Farmyard manure,24200.0,kg,104236
I03316,F0394,2020-12-08,Duduthrin,11.1,litres,
I03317,F0394,31/10/2021,DAP,297.5,kg,35966
I03318,F0394,2021-12-17,can,476.0,kg,42383
I03319,F0394,2021-12-15,Pesticide,10.8,l,14542
I03320,F0394,03/03/2022,DAP,13.0,bags,
I03321,F0906,2022-04-05,can,10.4,50kg bag,57225
I03322,F-0394,2022-02-27,manure,13000.0,Kg,
I03323,F0394,07/04/2022,Pesticide,6.9,l,7807
I03324,F0952,2019-10-24,Dap fertilizer,435.0,Kg,62685
I03325,F0395,18/03/2021,DAP,5.0,,
I03326,F0395,2021-05-09,CAN,,kgs,"KES 20,367"
I03327,F0395,2021-11-18,DAP,7.7,bags,56378
I03328,F0395,2022-01-24,Duduthrin,9381.0,ml,11895
I03329,F0395,2022-02-20,Manure,3.3,tonnes,12704
I03330,F0395,2024-11-14,DAP 18-46-0,142.5,kg,19988
I03331,F0396,14-Oct-23,DAP,150.0,kg,21046
I03332,F0396,29/11/2023,Pesticide,3.0,L,4076
I03333,F0396,2024-05-08,Duduthrin,2.9,,3755
I03334,F0397,03/05/2019,Pesticide,0.7,litres,910
I03335,F0397,2019-10-22,DAP,27.5,Kg,4508
I03336,F0397,2019-12-16,Duduthrin,1.5,L,1625
I03337,F0917,2020-03-06,DAP,55.0,kg,6301
I03338,F0397,2020-10-14,Manure,,tonnes,
I03339,F0397,2021-05-10,pesticide,0.9,litres,1042
I03340,F0397,20/03/2022,DAP,0.7,bags,5173
I03341,F0397,"Oct 13, 2023",DAP,55.0,kgs,7619
I03342,F0397,20-Nov-24,DAP,50.0,kg,7954
I03343,F0397,2025-01-11,Pesticide,1.1,litres,1380
I03344,F0398,2019-11-20,DAP,90.0,Kg,11222
I03345,F0398,18-Nov-19,Manure,2.4,tonnes,11231
I03346,F0398,19-Jan-20,Duduthrin,1.3,L,1504
I03347,F0398,"Oct 31, 2020",DAP,105.0,kg,12604
I03348,F0398,05/04/2022,DAP,110.0,kg,15151
I03349,F0398,2022-05-29,Can fertilizer,2.2,,12598
I03350,F0398,25-Oct-22,DAP,57.5,kg,7567
I03351,F0398,"Dec 14, 2022",CAN,11500.0,Kg,9873
I03352,F0399,09/04/2020,DAP,2.9,,21902
I03353,F0399,2020-12-26,Duduthrin,,litres,2638
I03354,F0399,2021-10-31,DAP,265.0,kg,34779
I03355,F0399,02/12/2021,UREA,2.6,bags,
I03356,F0399,"Oct 30, 2021",manure,10600.0,kg,41193
I03357,F0399,04/12/2021,Pesticide,,litres,8194
I03358,F0399,2023-03-22,DAP,412.5,kg,57120
I03359,F0399,2023-05-25,Pesticide,7.9,litres,9998
I03360,F0399,2024-03-20,DAP 18-46-0,6.9,50kg bag,47994
I03361,F0399,2024-04-30,Urea,276.0,kg,30944
I03362,F0399,17/05/2024,Insecticide - Duduthrin,6456.0,ml,7970
I03363,F0400,2021-05-07,Pesticide,1.2,litres,1649
I03364,F0400,2022-03-19,dap,1.8,bags,
I03365,F0400,2022-10-31,DAP,4.0,Bags,
I03366,F0400,04/12/2023,pesticide,2.4,L,2703
I03367,F0400,20-Mar-24,DAP,,kg,17082
I03368,F0400,12-Mar-24,Manure,2.6,tonnes,11604
I03369,F0400,2024-11-15,DAP,0.7,bags,5483
I03370,F0400,2025-01-07,Urea,70.0,Kg,9583
I03371,F0401,2019-03-21,dap,7.0,bags,48647
I03372,F0401,21-May-19,Insecticide - Duduthrin,21009.0,,26878
I03373,F0401,03/04/2020,DAP,1395.0,,195322
I03374,F0401,04/05/2020,UREA,744.0,Kg,74639
I03375,F0401,14/05/2020,Duduthrin,25.4,litres,31442
I03376,F0401,2020-11-02,dap,5.6,bags,44605
I03377,F0401,2020-12-14,can,5.6,bags,26254
I03378,F0401,2020-10-24,Manure,11200.0,Kg,31872
I03379,F0401,30/11/2020,Insecticide - Duduthrin,7.2,ltrs,8437
I03380,F0401,"Nov 16, 2021",DAP,,bags,68634
I03381,F0401,2021-12-30,Urea,4.7,bags,24322
I03382,F0401,2021-11-06,Manure,4700.0,KG,18621
I03383,F0401,05-Apr-22,Manure,7100.0,Kg,32334
I03384,F0401,05-Nov-22,Farmyard manure,16.4,tonnes,65061
I03385,F0401,2023-10-06,DAP,21.9,bags,133738
I03386,F0401,24-Nov-24,pesticide,7.5,l,7150
I03387,F0402,22-Mar-19,DAP,9.9,,56450
I03388,F0402,2019-12-06,Pesticide,22658.0,ml,25842
I03389,F0402,2020-11-10,DAP,555.0,Kg,84675
I03390,F0402,2020-12-13,can,444.0,kgs,53325
I03391,F0403,11-Apr-19,DAP,1.2,bags,
I03392,F0403,2019-05-15,Urea,0.6,bag,3658
I03393,F0403,"Nov 09, 2019",DAP 18-46-0,2.2,bags,16961
I03394,F0403,2019-12-31,Pesticide,1.0,L,1272
I03395,F0403,18/04/2021,DAP,30.0,Kg,
I03396,F0403,2021-05-31,Urea,30.0,Kg,3463
I03397,F0403,2021-12-15,Duduthrin,1910.0,ml,2626
I03398,F0403,2022-03-15,DAP,75.0,kg,9628
I03399,F0403,2022-04-27,UREA,60.0,kg,
I03400,F0403,2022-03-02,manure,750.0,KG,2450
I03401,F0403,2024-03-21,manure,1600.0,Kg,6406
I03402,F0404,04/11/2019,DAP,210.0,kg,25951
I03403,f0404,2020-01-04,Pesticide,3073.0,ml,3381
I03404,F0404,17/05/2020,CAN,90.0,Kg,8128
I03405,F0404,14/10/2020,DAP,,kg,
I03406,F0404,14/04/2021,DAP 18-46-0,4.1,bags,27692
I03407,F0404,"May 16, 2021",UREA,102.5,KG,10013
I03408,F0404,"Nov 09, 2023",dap,62.5,kg,
I03409,F0404,03-Jun-24,Pesticide,4.5,l,4039
I03410,F0405,16/04/2019,DAP 18-46-0,25.0,kgs,3659
I03411,F0405,"Oct 26, 2021",manure,2300.0,KG,"KES 9,071"
I03412,F0405,"Nov 30, 2021",Pesticide,2.7,l,2967
I03413,F0405,2023-03-07,DAP,30.0,kg,3862
I03414,F0405,2023-04-19,Can fertilizer,30.0,Kg,3234
I03415,F0405,2023-04-18,Pesticide,1.4,litres,1896
I03416,F-0405,2023-11-17,dap,45.0,kg,
I03417,F0405,05/01/2024,Urea,72.0,kg,6946
I03418,F0405,2024-01-15,Pesticide,2.3,litres,2408
I03419,F0405,2024-03-19,DAP,50.0,Kg,
I03420,F0405,2024-05-09,UREA,40.0,KG,4269
I03421,F0405,"Apr 25, 2024",Insecticide - Duduthrin,1.3,litres,1580
I03422,F0406,2021-03-27,dap,135.0,kg,18486
I03423,F0406,15-May-21,CAN,2.7,Bags,12963
I03424,F0406,2021-04-17,Duduthrin,1.4,l,1455
I03425,F0406,2021-11-05,dap,277.5,Kg,"KES 40,119"
I03426,F0406,16/12/2021,UREA,148.0,KG,"KES 16,994"
I03427,F0406,2023-10-07,DAP,17500.0,Kg,23850
I03428,F0406,2023-11-28,Urea,87.5,kg,10774
I03429,F0406,2023-12-04,Pesticide,2.1,ltrs,2347
I03430,F0407,31/03/2019,DAP 18-46-0,255.0,KG,35288
I03431,F0407,2019-05-09,Can fertilizer,170.0,kg,18312
I03432,F0407,2019-10-08,DAP,3.4,bags,23625
I03433,F0407,27-Nov-19,Pesticide,1.8,litres,
I03434,F0407,2021-04-01,DAP,105.0,KG,17157
I03435,F0407,06/05/2021,CAN,52.5,kg,4656
I03436,F0407,2021-04-27,pesticide,3026.0,ml,"KES 4,015"
I03437,F0407,2021-11-06,DAP,,KG,21577
I03438,F0407,2021-12-19,CAN,1.9,bag,7926
I03439,F0407,24/04/2023,DAP,60.0,kg,7523
I03440,F0407,13-Jun-23,Urea,120.0,KG,15703
I03441,F0408,2019-11-04,Manure,2.2,tonnes,
I03442,F0408,2020-10-27,Manure,1800.0,kg,7559
I03443,F0408,"Apr 03, 2021",DAP,95.0,kg,12860
I03444,F0408,2021-05-06,CAN,95.0,Kg,9650
I03445,F0408,2021-05-05,pesticide,2759.0,mL,"KES 3,298"
I03446,F0408,2022-04-11,DAP,120.0,kg,12633
I03447,F0408,2022-05-16,UREA,64.0,kg,6929
I03448,F0408,2022-05-21,Pesticide,1.1,litres,1169
I03449,F0408,2022-10-05,DAP,1.6,bags,12214
I03450,F0408,20/11/2022,CAN,40.0,Kg,3954
I03451,F0408,18-Dec-24,Duduthrin,1.3,l,1756
I03452,F0409,2021-03-08,dap,1.8,bags,10708
I03453,F0409,2021-04-09,Urea,,kg,5638
I03454,F0409,14/03/2023,DAP 18-46-0,1.0,50kg bag,6636
I03455,f0410,2019-03-19,Dap fertilizer,60.0,kg,7980
I03456,F0410,2019-05-10,Urea,30.0,kgs,3802
I03457,F0410,2019-03-14,manure,2400.0,kgs,8651
I03458,F0410,2019-04-27,Duduthrin,,L,
I03459,F0410,2020-03-05,DAP 18-46-0,55.0,Kg,6505
I03460,F0410,2022-03-23,manure,1300.0,kg,
I03461,F0410,2024-04-13,DAP,1.3,bags,
I03462,F0410,2024-05-17,UREA,1.3,bags,8257
I03463,F0410,2024-06-18,Pesticide,1.1,L,1278
I03464,f0411,2020-10-01,DAP,45.0,kg,
I03465,F0411,2020-11-17,UREA,0.9,50kg bag,5043
I03466,F0411,2021-04-05,DAP,1.6,bags,11228
I03467,F0411,2021-05-30,Urea,1.6,bags,"KES 8,544"
I03468,F0411,2023-11-10,DAP,105.0,kg,14062
I03469,F0412,2021-03-08,DAP 18-46-0,1.8,50kg bag,12047
I03470,F0412,30/04/2021,Can fertilizer,0.9,bags,4944
I03471,F0412,2021-03-02,manure,900.0,kg,3148
I03472,F-0412,06/05/2021,Duduthrin,0.9,ltrs,1078
I03473,F0412,"Nov 05, 2021",DAP,2.0,bag,13706
I03474,F0412,14/12/2021,Urea,2.0,bags,10061
I03475,F0412,2021-12-16,pesticide,2.8,litres,2923
I03476,F0412,30-Mar-22,DAP,3.2,50kg bag,21600
I03477,F0412,2022-03-26,manure,1.05,t,4107
I03478,F0412,02-May-22,Duduthrin,3.1,litres,4487
I03479,F0412,2023-11-18,DAP,32.5,Kg,3821
I03480,F0412,"Jan 17, 2024",Pesticide,1.8,litres,2267
I03481,F0412,08/11/2024,DAP,3.8,bags,32562
I03482,F0412,20/12/2024,CAN (top dress),125.0,kg,11097
I03483,F0412,"Jan 07, 2025",Pesticide,1.9,l,2791
I03484,F0413,2019-11-02,DAP,0.6,bags,4110
I03485,F0413,2020-03-17,DAP 18-46-0,20.0,kg,2996
I03486,F0413,"Apr 07, 2022",Dap fertilizer,37.5,kg,5424
I03487,F0413,2022-05-26,Duduthrin,0.3,l,319
I03488,F0413,22/05/2024,Pesticide,0.4,litres,492
I03489,F0413,20/12/2024,Can fertilizer,16.0,kg,1487
I03490,F0414,2019-10-23,DAP,0.5,bags,3766
I03491,F0414,2020-03-08,DAP,50.0,kgs,
I03492,F0414,28/03/2020,pesticide,0.8,litres,1019
I03493,F0977,04/03/2024,DAP,45.0,KG,6515
I03494,F0414,2024-04-18,Urea,0.6,Bags,3439
I03495,F0414,2024-02-25,Farmyard manure,0.6,tonnes,2170
I03496,F0414,2024-04-03,pesticide,0.4,litres,400
I03497,F0415,2019-05-01,Pesticide,0.5,litres,550
I03498,F0415,2020-12-27,Pesticide,1.1,litres,1350
I03499,F0415,"Oct 15, 2023",Dap fertilizer,80.0,kg,11320
I03500,F0415,2023-11-21,pesticide,1675.0,ml,2223
I03501,F0416,12/11/2019,DAP,45.0,kg,5114
I03502,F0416,18-Dec-19,CAN (top dress),0.3,Bags,1500
I03503,F0416,2020-04-18,DAP,30.0,Kg,4567
I03504,F0416,2020-05-09,Pesticide,0.7,litres,
I03505,F0416,2021-05-07,can,12.0,kg,1195
I03506,F0416,20-May-21,Duduthrin,0.3,L,385
I03507,F0416,01/10/2021,FYM,0.25,t,856
I03508,F0416,"Nov 24, 2021",pesticide,0.4,litres,509
I03509,F0416,2022-09-23,Manure,1200.0,kg,5169
I03510,F0416,2023-04-22,Pesticide,0.4,l,439
I03511,F0417,2019-12-27,pesticide,,L,1920
I03512,F0417,30/09/2020,Manure,700.0,kg,2807
I03513,F0417,17/11/2020,Pesticide,,litres,2292
I03514,F0417,15-Nov-21,DAP 18-46-0,37.5,Kg,
I03515,F0417,21/12/2021,UREA,1.5,50kg bag,8433
I03516,F0417,15-Dec-21,pesticide,0.9,litres,906
I03517,F0417,14-Mar-22,dap,80.0,kg,9276
I03518,F0417,2022-04-25,Urea,80.0,Kg,9152
I03519,F0417,2024-10-18,DAP,105.0,kg,13733
I03520,F0418,2019-03-19,dap,67.5,kgs,9502
I03521,F-0418,2019-11-17,Manure,5400.0,kg,22341
I03522,F0418,20/01/2020,pesticide,3.2,litres,3305
I03523,F0418,14/11/2020,Manure,1750.0,kg,7473
I03524,F0418,2021-05-25,Pesticide,8101.0,ml,9688
I03525,F0418,2021-10-24,DAP,102.5,Kg,14717
I03526,F0418,2021-12-02,CAN,164.0,kg,15619
I03527,F0418,2021-11-15,Pesticide,5.0,l,6151
I03528,F0418,2022-10-30,DAP,3.3,bag,22362
I03529,F0418,2023-10-11,DAP,270.0,kg,35936
I03530,F0418,2023-10-01,FYM,2.7,tonnes,9481
I03531,F0418,2023-11-04,Pesticide,3.3,litres,3194
I03532,F0418,02-Mar-24,DAP,130.0,kg,21123
I03533,F0418,2024-04-01,Pesticide,7.5,L,"KES 7,202"
I03534,F0419,2019-05-01,Pesticide,1.8,L,2005
I03535,F0419,2020-04-07,Manure,1.2,tonnes,4857
I03536,F0419,2021-04-07,DAP 18-46-0,180.0,kg,25619
I03537,F0419,07-May-21,Pesticide,2.1,l,2603
I03538,F0419,16/12/2023,Pesticide,2.5,litres,2697
I03539,F0419,2024-04-20,DAP,1.5,bags,11337
I03540,F0419,31-May-24,Urea,1.5,bags,8274
I03541,F0420,13-Nov-19,DAP,1.4,bag,10169
I03542,F0420,04/01/2020,Pesticide,1.9,L,1987
I03543,F0420,23-Oct-21,dap,40.0,KG,5289
I03544,F0420,2021-12-12,Urea,0.8,bags,4452
I03545,F0420,19/10/2021,FYM,800.0,Kg,3187
I03546,F0420,2021-12-19,Pesticide,0.4,litres,568
I03547,F0420,07/04/2022,DAP 18-46-0,0.9,bags,6654
I03548,F0420,2022-05-31,can,0.9,Bags,5102
I03549,F0420,23/10/2022,Manure,700.0,,2811
I03550,F0420,13/01/2023,pesticide,1.0,ltrs,1339
I03551,F0420,15/04/2024,Insecticide - Duduthrin,2.2,litres,2777
I03552,F0421,04/06/2019,pesticide,22.2,l,27085
I03553,F0421,2021-10-16,Dap fertilizer,13.8,bag,94925
I03554,F0421,08/10/2022,DAP,1200.0,kgs,130233
I03555,F0421,2022-11-10,can,16.0,bags,78320
I03556,F0421,2024-05-15,UREA,14.6,bags,78252
I03557,F0421,2024-06-10,Pesticide,17.9,L,21945
I03558,F0421,2024-11-21,Pesticide,7093.0,mL,8473
I03559,F0422,2019-03-23,DAP,70.0,Kg,10996
I03560,F0422,28/04/2019,Pesticide,1.5,L,1685
I03561,F0422,2020-10-17,DAP 18-46-0,2.0,bag,15015
I03562,F0422,2021-03-18,DAP,115.0,Kg,15639
I03563,F0422,27/04/2021,Urea,115.0,kg,12719
I03564,F0423,2023-05-06,UREA,19.2,50kg bag,103466
I03565,f0423,2023-11-15,DAP,14.3,bags,97856
I03566,F0423,2023-12-27,CAN,14.3,bags,71229
I03567,F0423,2023-11-08,manure,7150.0,Kg,26326
I03568,F0424,"Apr 25, 2021",CAN,27.5,kg,3065
I03569,F0424,2021-04-21,Pesticide,1036.0,ml,1168
I03570,F0424,2021-11-17,DAP,22.5,KG,3395
I03571,F-0424,2022-01-01,CAN,0.7,50kg bag,3030
I03572,F0424,2021-12-13,Pesticide,0.6,litres,737
I03573,F0425,2019-11-14,Pesticide,3.5,litres,4767
I03574,F0425,14/04/2022,DAP,67.5,kg,10838
I03575,F0425,2022-05-29,Urea,108.0,Kg,"KES 11,965"
I03576,F0425,09/12/2024,Urea,220.0,kgs,21052
I03577,F0425,2024-12-20,Pesticide,5114.0,ml,5857
I03578,F0426,2020-10-24,DAP,145.0,kg,
I03579,F0426,2020-11-25,Urea,1.4,bags,7057
I03580,F0426,2021-11-20,DAP,120.0,kg,17315
I03581,F0426,25-Dec-21,Urea,2.4,Bags,10873
I03582,F0426,2023-04-19,manure,1150.0,kg,4284
I03583,F0427,11/11/2022,Pesticide,0.8,litres,1036
I03584,F0427,27-Mar-24,DAP,50.0,kg,7712
I03585,F0427,27/03/2024,Manure,2000.0,Kg,7834
I03586,F0427,20/11/2024,DAP,1.2,bags,8068
I03587,F0427,2024-12-23,Pesticide,902.0,mL,1246
I03588,F0428,06/03/2020,DAP,37.5,kg,5151
I03589,F0428,2020-04-30,Can fertilizer,0.4,bags,1683
I03590,F0428,2020-10-10,Manure,300.0,kg,1162
I03591,F0428,26/11/2020,Pesticide,0.4,litres,502
I03592,F0428,17/06/2022,Pesticide,0.4,l,460
I03593,F0428,29/06/2023,pesticide,0.4,litres,497
I03594,F0429,2019-03-14,Dap fertilizer,40.0,kg,4833
I03595,F0429,13-Apr-19,Urea,40.0,kg,4194
I03596,F0429,2019-04-20,Pesticide,1401.0,mL,1784
I03597,F0429,2019-11-08,DAP,,Bags,12432
I03598,F0429,2019-12-12,CAN,50.0,kg,4933
I03599,F0429,07/12/2019,Pesticide,2.6,litres,2688
I03600,F0429,2021-04-30,Pesticide,1.6,litres,2165
I03601,F0429,22-Mar-23,dap,,kg,
I03602,F0429,2023-05-12,Urea,96.0,Kg,12992
I03603,F0429,2024-11-14,DAP,1.6,bags,8606
I03604,F0429,24/12/2024,can,128.0,Kg,13331
I03605,F0430,04/12/2019,Insecticide - Duduthrin,4.0,litres,4711
I03606,F0430,04/11/2021,DAP 18-46-0,6.8,50kg bag,47364
I03607,F0430,2021-12-19,CAN,4.5,bags,26782
I03608,F0430,2021-11-26,Pesticide,4.1,litres,4972
I03609,F0430,2022-03-07,DAP,382.5,KG,43479
I03610,F0430,15/05/2022,Pesticide,4.8,l,5696
I03611,F0430,27-Nov-22,Pesticide,4.6,L,5416
I03612,F0430,10/04/2024,dap,2.5,bags,18423
I03613,F0430,2024-05-12,UREA,125.0,kg,10801
I03614,F0430,29/03/2024,Manure,10.0,t,48788
I03615,F0430,24/05/2024,Pesticide,5.8,l,7632
I03616,F0431,2019-04-05,dap,1.8,bags,12390
I03617,F0431,2019-05-22,CAN (top dress),30.0,Kg,3284
I03618,F0431,03/06/2021,Pesticide,0.7,litres,821
I03619,F0431,16/10/2021,dap,1.2,50kg bag,8955
I03620,f0431,2021-11-28,Pesticide,1080.0,ml,
I03621,F0431,09/11/2022,dap,45.0,kg,"KES 6,339"
I03622,F0431,27/10/2022,FYM,1200.0,kg,
I03623,F0431,23-Apr-23,Manure,450.0,kg,
I03624,F0431,"Nov 30, 2024",Pesticide,0.9,litres,1054
I03625,F0906,"Oct 12, 2020",DAP,390.0,KG,42861
I03626,F0432,2021-03-11,Manure,14000.0,kg,56255
I03627,F0432,06/05/2022,Pesticide,7.5,L,
I03628,F0432,2023-10-04,Dap fertilizer,155.0,kg,21407
I03629,F0432,2024-03-07,Manure,6800.0,kg,22910
I03630,F-0432,2024-05-15,Pesticide,2.2,litres,2708
I03631,F0432,2024-12-12,Pesticide,5.5,L,6288
I03632,F0433,2020-06-10,Pesticide,0.7,litres,871
I03633,F0965,20/04/2021,DAP,67.5,kg,9085
I03634,F0433,"May 28, 2021",Urea,45.0,kg,5413
I03635,F0433,2021-11-21,Insecticide - Duduthrin,,litres,443
I03636,F0433,2024-03-23,DAP,35.0,KG,4827
I03637,f0433,2024-05-02,Urea,17.5,Kg,"KES 2,106"
I03638,F0433,17/03/2024,FYM,0.7,tonnes,3116
I03639,F0433,2024-05-17,pesticide,90.0,litres,905
I03640,F0433,2024-12-13,CAN,17.5,kg,1459
I03641,F0434,12/11/2019,DAP,100.0,kg,"KES 14,528"
I03642,F0434,13/11/2020,DAP,1.6,bag,
I03643,F0434,28-Mar-22,DAP,200.0,kg,32920
I03644,F0434,2022-05-23,Pesticide,2.5,litres,2720
I03645,F0434,02/01/2023,Pesticide,4.3,ltrs,5583
I03646,F0434,27/03/2023,DAP,285.0,kgs,37057
I03647,F0434,11/05/2023,CAN (top dress),152.0,Kg,15077
I03648,F0434,2023-11-21,Pesticide,5724.0,ml,5770
I03649,F0434,22/10/2024,DAP,160.0,kg,20629
I03650,F0434,2024-12-07,UREA,160.0,kg,17280
I03651,F0435,2019-03-04,Manure,1.7,t,6718
I03652,F0435,2019-11-10,CAN (top dress),108.0,kg,8829
I03653,F0435,2021-03-24,DAP,115.0,kg,16372
I03654,F0435,"Mar 06, 2022",dap,105.0,kg,12045
I03655,F0435,10/11/2022,DAP,172.5,kg,26933
I03656,F0435,24-Dec-22,CAN,57.5,kg,7128
I03657,F0435,19-Sep-23,Farmyard manure,0.9,t,4087
I03658,F0436,"Apr 01, 2019",Dap fertilizer,14.9,bags,109187
I03659,F0436,28/04/2019,pesticide,12.9,litres,14734
I03660,F0436,2019-10-02,dap,802.5,kg,114087
I03661,F0436,27-Oct-19,pesticide,15.0,litres,"KES 17,212"
I03662,F0436,2020-10-18,DAP,370.0,Kg,51613
I03663,F0436,2021-03-05,DAP 18-46-0,1042.5,kg,136635
I03664,F0436,2021-04-28,CAN,7.0,bags,32647
I03665,F0436,2022-10-23,DAP,14.7,Bags,110295
I03666,F0436,2022-12-05,CAN (top dress),588.0,,45398
I03667,F0436,2022-12-18,Duduthrin,11.0,litres,14167
I03668,F0436,2023-03-01,DAP,4.6,bag,30937
I03669,F0436 ,08-Apr-23,CAN,4.6,50kg bag,28179
I03670,F0436,19/04/2024,DAP,310.0,kg,51312
I03671,F0437,"Apr 09, 2019",DAP 18-46-0,80.0,kg,
I03672,F0437,2020-12-05,Pesticide,2058.0,mL,
I03673,F0437,08/03/2022,DAP,1.4,bag,10519
I03674,F0437,2022-10-30,DAP,,kg,12279
I03675,F0437,2022-12-21,CAN,35.0,Kg,4188
I03676,F0437,2023-04-16,DAP,1.4,bags,8007
I03677,F0437,22-May-23,CAN,0.7,bags,3057
I03678,F0437,29-Oct-24,DAP 18-46-0,30.0,kg,
I03679,F0437,2024-12-18,Urea,30.0,Kg,3546
I03680,F0437,2024-12-02,Pesticide,1.4,l,1831
I03681,F0438,2021-03-02,DAP,22.5,Kg,3441
I03682,F0438,2021-12-08,Urea,30.0,Kg,
I03683,F0438,2022-01-09,Pesticide,0.8,litres,896
I03684,F0438,"Nov 12, 2022",pesticide,0.5,L,
I03685,F0438,2023-05-13,Pesticide,0.7,ltrs,806
I03686,F0438,14/04/2024,DAP,30.0,kg,
I03687,F0438,2024-05-27,Urea,10.0,Kg,1064
I03688,F0439,2019-04-06,dap,75.0,kg,
I03689,F0439,2019-05-11,CAN,150.0,kg,14444
I03690,F0439,2019-03-27,Manure,3000.0,kg,14359
I03691,F0439,20/05/2019,pesticide,4.2,litres,5054
I03692,F0439,20/11/2020,DAP 18-46-0,,kg,18260
I03693,F0439,20/12/2020,Urea,125.0,kg,13069
I03694,F0439,05/01/2024,CAN,4.0,Bags,22129
I03695,F0439,16-Jan-24,Pesticide,3801.0,ml,4613
I03696,F0439,2024-03-09,DAP,235.0,KG,"KES 35,609"
I03697,F0439,04-May-24,Pesticide,,ltrs,6798
I03698,F0439,2024-10-12,dap,122.5,kg,14912
I03699,F0439,2024-11-23,Urea,4.9,50kg bag,26907
I03700,F0440,22/10/2023,dap,55.0,kg,
I03701,F0440,2024-11-20,dap,60.0,kg,8415
I03702,F0440,2024-12-28,CAN,1.0,bags,
I03703,F0441,2019-10-15,DAP,0.8,bags,5550
I03704,F0441,29/11/2019,CAN,0.2,bags,
I03705,F0441,2019-12-18,Pesticide,0.4,ltrs,463
I03706,F0441,2020-03-15,Manure,1600.0,kg,6011
I03707,F0441,2021-03-29,DAP,0.6,bags,"KES 3,899"
I03708,F0441,08/05/2021,Pesticide,441.0,ml,440
I03709,F0441,15/11/2021,Pesticide,0.8,litres,1038
I03710,F0441,2023-03-20,Dap fertilizer,0.4,bag,2475
I03711,F0441,02-May-23,CAN (top dress),20.0,kg,2198
I03712,F0441,11/03/2023,Manure,800.0,kg,3052
I03713,F0441,25/05/2023,Pesticide,0.6,litres,716
I03714,F0442,2019-03-26,Dap fertilizer,165.0,kgs,23247
I03715,F0442,20/04/2019,Duduthrin,2.4,litres,2958
I03716,F0442,20/04/2020,CAN,85.0,kg,9126
I03717,F0442,26/03/2022,DAP,165.0,Kg,23037
I03718,F0442,2022-04-28,UREA,88.0,kg,9672
I03719,F0442,2022-04-25,Pesticide,1.4,litres,2123
I03720,F0442,"Oct 29, 2022",DAP,115.0,Kg,17347
I03721,F0442,18-Dec-22,CAN,2.3,bags,10962
I03722,F0442,08-Oct-23,DAP,155.0,Kg,19222
I03723,F0442 ,30/11/2023,CAN,3.1,bags,16222
I03724,F0442,2023-12-03,Pesticide,3.1,litres,3910
I03725,F0443,2019-10-06,DAP,1.8,Bags,12446
I03726,F0443,2019-11-23,pesticide,2.0,L,2315
I03727,F0443,2020-05-24,Pesticide,2.0,litres,2563
I03728,F0443,2021-10-27,Manure,2200.0,kg,7023
I03729,F0443,2021-12-28,Pesticide,1.8,litres,2033
I03730,F0443,07-Apr-23,DAP,115.0,Kg,16268
I03731,F0443,2023-05-30,Urea,92.0,kg,8823
I03732,F0443,2023-03-31,Manure,4.6,tonnes,19556
I03733,F0443,2024-04-12,DAP,47.5,Kg,5913
I03734,F0443,2024-06-03,Urea,,Bags,5397
I03735,F0443,13/06/2024,Pesticide,2.4,litres,3302
I03736,F0444,2019-02-27,Manure,2.2,tonnes,7142
I03737,F0444,2019-04-02,Pesticide,998.0,ml,
I03738,F0444,2021-03-02,DAP,0.8,Bags,5203
I03739,F0444,07-May-21,pesticide,0.5,l,556
I03740,F0444,2022-04-26,Duduthrin,1.0,litres,1020
I03741,F-0444,11-Nov-22,DAP,15.0,kg,2237
I03742,F0444,2022-12-29,Urea,30.0,Kg,3543
I03743,F0444,06/11/2022,Manure,,MT,895
I03744,F0445,2020-03-18,DAP,70.0,Kg,10396
I03745,F0445,13/03/2021,DAP,1.7,50kg bag,12907
I03746,F0445,2021-04-21,CAN (top dress),1.7,50kg bag,8509
I03747,F0445,2022-10-06,dap,240.0,kg,33757
I03748,f0445,2023-04-08,DAP,170.0,Kg,23598
I03749,F0445,2023-10-31,DAP,3.0,bags,
I03750,F0446,18/04/2019,DAP,45.0,kg,"KES 6,402"
I03751,F0446,18/10/2019,DAP,2.6,Bags,17370
I03752,F0446,27/11/2019,Urea,65.0,Kg,7012
I03753,F0446,05/10/2019,Manure,5200.0,KG,18688
I03754,F0446,2020-06-11,Pesticide,1.1,litres,1363
I03755,F0446,01-Apr-21,dap,115.0,kg,17453
I03756,F0446,2021-05-18,UREA,1.8,Bags,
I03757,F0446,04-May-21,Duduthrin,2.1,litres,2352
I03758,F0980,16-Nov-24,pesticide,1.9,litres,2339
I03759,F0447,17-Dec-19,Pesticide,2447.0,ml,3029
I03760,F0447,2020-05-26,Pesticide,1.6,litres,2012
I03761,F0447,"Mar 25, 2021",DAP,45.0,kg,5701
I03762,F0447,22/03/2023,DAP,90.0,kg,12536
I03763,F0447,2023-04-18,Pesticide,902.0,ml,1054
I03764,F0447,2024-01-09,Pesticide,,litres,"KES 1,680"
I03765,F0447,26/03/2024,DAP,90.0,Kg,12517
I03766,F0448,2019-10-10,Dap fertilizer,45.0,kg,5916
I03767,F0448,25/11/2019,CAN,36.0,kgs,4402
I03768,F0448,2020-04-21,Dap fertilizer,0.2,bags,1587
I03769,F0448,29/05/2020,Urea,10.0,Kg,1152
I03770,F0448,2021-10-07,Dap fertilizer,40.0,kg,5845
I03771,F0448,20/11/2021,urea 46%,40.0,kgs,4335
I03772,F0448,"Nov 01, 2021",Insecticide - Duduthrin,0.7,L,930
I03773,F0448,"Oct 27, 2022",DAP,12.5,kg,1581
I03774,F0448,2022-12-14,CAN (top dress),25.0,kg,2857
I03775,F0448,16/04/2023,DAP,17.5,kg,2478
I03776,F0448,2023-05-26,Urea,28.0,kg,3216
I03777,F0904,2023-10-16,dap,12.5,Kg,1610
I03778,F0448,2023-11-30,Urea,12.5,kg,1243
I03779,F0449,2019-06-15,CAN,170.0,kg,"KES 15,488"
I03780,F0449,2019-10-29,DAP,180.0,kg,24065
I03781,F0449,02/04/2020,DAP 18-46-0,1.2,bags,7731
I03782,F0449,"Apr 24, 2020",pesticide,3483.0,ml,4131
I03783,F0449,2020-10-03,dap,117.5,Kg,14352
I03784,F0449,11/11/2020,UREA,117.5,Kg,11987
I03785,F0449,"Apr 19, 2022",dap,165.0,kg,21744
I03786,F0449,2022-06-06,Urea,1.1,bags,6310
I03787,F0449,2023-03-14,Manure,4.6,t,20858
I03788,F0449,15/11/2023,DAP,4.6,50kg bag,30777
I03789,F-0449,24-Dec-23,CAN,115.0,Kg,13322
I03790,F-0449,23/12/2024,Urea,107.5,Kg,
I03791,F0449,2024-11-07,Manure,8600.0,Kg,31850
I03792,F0449,15/12/2024,Pesticide,4.2,litres,6239
I03793,F0450,2019-10-31,DAP,262.5,kg,34726
I03794,F0450,11/12/2019,CAN,2.8,bag,13921
I03795,F0450,2022-04-19,DAP,270.0,KG,40985
I03796,F0450,2022-06-02,CAN,2.7,bags,
I03797,F0450,03/11/2022,DAP,4.3,Bags,30099
I03798,F0450,2022-12-15,Duduthrin,6380.0,ml,6376
I03799,F0451,2019-04-11,DAP,50.0,kg,"KES 5,635"
I03800,F0451,31/05/2019,CAN (top dress),40.0,kg,2838
I03801,F0451,"Jun 19, 2019",Insecticide - Duduthrin,0.6,ltrs,
I03802,F0451,"Jan 06, 2020",Duduthrin,0.9,litres,1170
I03803,F0451,09/05/2020,pesticide,0.4,l,455
I03804,F0451,18-Nov-20,Pesticide,0.8,ltrs,911
I03805,F0451,02-Apr-23,dap,1.4,bags,10456
I03806,F0451,2023-05-20,CAN,45.0,,5149
I03807,F0951,2019-03-31,Manure,1500.0,kg,6509
I03808,F0452,05/03/2020,DAP 18-46-0,2.1,bags,15267
I03809,F0452,2020-04-26,CAN,0.7,bag,4193
I03810,F0452,05-Oct-20,Manure,950.0,kg,4302
I03811,F0452,2021-04-19,DAP,3.6,bag,27703
I03812,F0452,2023-03-03,dap,115.0,kg,17332
I03813,F0452,2023-04-27,Urea,57.5,Kg,5518
I03814,F0452,2023-02-24,FYM,1150.0,kg,5074
I03815,F0452,2024-10-16,DAP,,50kg bag,
I03816,F0452,04/12/2024,can,1.5,bags,7695
I03817,F0452,"Dec 08, 2024",Pesticide,993.0,ml,1150
I03818,F0453,"Oct 25, 2019",DAP,0.8,bags,4881
I03819,F0453,2021-10-28,DAP,60.0,kgs,9265
I03820,F0453,2021-12-13,pesticide,0.7,l,819
I03821,F0453,2022-12-31,UREA,64.0,kg,6731
I03822,F0454,"Mar 05, 2019",DAP,1.4,bags,10097
I03823,F0454,17/04/2019,urea 46%,140.0,kg,14385
I03824,F0454,2020-05-09,pesticide,0.7,litres,783
I03825,F0454,2021-03-08,manure,1700.0,kg,7114
I03826,F0454,2021-05-17,pesticide,0.9,litres,1118
I03827,F0454,2021-11-20,DAP,105.0,KG,13328
I03828,F0454,2022-03-02,dap,0.8,bag,5023
I03829,F0454,2022-02-17,Manure,3.2,tonnes,12374
I03830,F0454,2022-05-02,Pesticide,1.4,litres,"KES 1,631"
I03831,F0455,2019-03-01,dap,1.7,bags,10305
I03832,F0455,2019-10-30,DAP,20.0,kg,2750
I03833,F0455,2019-11-27,Pesticide,0.6,L,745
I03834,F0455,2020-02-29,FYM,750.0,Kg,2648
I03835,F0455,2020-10-12,DAP 18-46-0,2.2,bag,17156
I03836,F0455,2020-11-13,urea 46%,37.5,kg,4274
I03837,F0455,11/10/2020,manure,1500.0,Kg,5992
I03838,F0455,2022-05-07,Pesticide,0.6,litres,689
I03839,F0455,2023-04-15,dap,25.0,kg,3709
I03840,F0455,16-May-23,Urea,40.0,KG,4403
I03841,F0456,03/10/2019,DAP,14.7,bag,78720
I03842,F0456,2019-09-28,Manure,19600.0,Kg,
I03843,F0456,2019-12-05,Duduthrin,13131.0,ml,17264
I03844,F0456,2020-05-27,urea 46%,4.4,bags,21496
I03845,F0456,2020-05-04,pesticide,3.6,litres,4402
I03846,F0456,2020-10-23,DAP,4.4,bags,32690
I03847,F-0456,2020-12-12,UREA,356.0,kg,37116
I03848,F0456,22-Oct-20,Manure,17.8,tonnes,63163
I03849,F0456,"Mar 10, 2021",DAP 18-46-0,16.0,bags,97852
I03850,F0456,2024-10-13,DAP,8.8,bags,50236
I03851,F0457,2021-04-22,DAP,2.6,bags,17857
I03852,F0457,2021-06-13,CAN,65.0,kg,6935
I03853,F0457,18/04/2021,Manure,5.2,t,23130
I03854,F0457,2021-06-30,Duduthrin,2486.0,ml,3438
I03855,f0457,2021-12-25,pesticide,4.9,L,"KES 6,502"
I03856,F0457,"May 18, 2022",CAN (top dress),96.0,kgs,10119
I03857,F0457,30/03/2022,Manure,4800.0,kgs,20590
I03858,F0954,2023-10-12,dap,4.2,bags,29608
I03859,F0457,2023-11-25,CAN,105.0,kg,10587
I03860,F0458,20/03/2020,DAP,37.5,Kg,4971
I03861,F0458,2020-05-13,Can fertilizer,12.5,kg,1111
I03862,F0458,2021-01-03,pesticide,290.0,mL,327
I03863,F0458,2021-03-08,DAP,0.4,bag,"KES 3,119"
I03864,F0458,07/03/2021,Manure,200.0,kg,859
I03865,F0458,2021-10-23,Dap fertilizer,45.0,,6288
I03866,F0458,17-Apr-23,CAN,15.0,kg,1732
I03867,F0458,19-Nov-23,dap,60.0,kg,8286
I03868,F0458,2024-01-09,Urea,0.6,bag,3084
I03869,F0459,19/04/2019,DAP,90.0,kgs,12073
I03870,F0459,2019-05-20,Pesticide,2.4,litres,2318
I03871,F0459,2020-04-12,Farmyard manure,9800.0,kgs,39550
I03872,F0459,2021-10-07,DAP,120.0,kg,15602
I03873,f0459,2021-12-13,Pesticide,2.4,litres,2914
I03874,F0459,08-Oct-23,DAP,205.0,Kg,25698
I03875,F0459,2023-11-10,Urea,4.1,bags,21088
I03876,F0460,2019-04-06,DAP,345.0,kg,46785
I03877,F0460,"May 19, 2019",UREA,115.0,Kg,13924
I03878,F0460,23/09/2019,FYM,5.8,tonnes,18384
I03879,F0460,2021-03-31,Manure,7400.0,Kg,26296
I03880,F0460,16/11/2022,dap,1.2,bags,8924
I03881,F0460,2022-11-02,manure,4800.0,kg,19502
I03882,F0460,2022-12-23,Pesticide,2914.0,mL,3680
I03883,F-0460,2023-10-11,dap,2.4,Bags,
I03884,F0460,19/05/2024,Pesticide,2.3,ltrs,3277
I03885,F0461,"Oct 10, 2019",DAP,0.4,bags,3342
I03886,F0461,13/11/2019,CAN,45.0,kg,4464
I03887,F0461,2020-04-15,DAP,75.0,kg,8653
I03888,F0461,05/11/2020,dap,37.5,Kg,5729
I03889,F0461,13/12/2020,can,60.0,kg,6031
I03890,F0461,2022-06-06,Pesticide,1.5,litres,1601
I03891,F0461,2024-11-30,Pesticide,1.6,L,1920
I03892,F0462,19/03/2019,DAP,255.0,kg,
I03893,F0462,2019-04-19,Urea,4.1,bags,"KES 23,265"
I03894,F0462,2022-09-29,FYM,1400.0,Kg,5775
I03895,F0462,2022-12-05,Pesticide,1.8,litres,2499
I03896,F0462,2023-04-12,DAP,82.5,kg,11517
I03897,F0462,2024-04-07,DAP 18-46-0,265.0,Kg,36412
I03898,F0462,2024-05-12,Urea,132.5,kg,12945
I03899,F0462,28/03/2024,Manure,10600.0,kg,46388
I03900,F0463,05/10/2019,dap,0.3,bags,1752
I03901,F0463,2019-11-06,CAN,24.0,KG,2217
I03902,F0463,28-Oct-20,DAP,0.2,bags,1004
I03903,F0463,25/06/2022,Duduthrin,0.7,ltrs,636
I03904,F0463,2022-10-15,DAP,15.0,,2011
I03905,F0463,2022-11-17,CAN,24.0,KG,"KES 2,368"
I03906,F0463,2024-02-25,Manure,1000.0,kg,
I03907,f0463,2024-04-10,Pesticide,,ml,1608
I03908,F0463,03/11/2024,DAP,0.6,bag,3948
I03909,F0464,2019-06-28,Pesticide,3.2,litres,4280
I03910,F0464,2019-10-25,DAP,95.0,kgs,13956
I03911,F0464,2019-10-23,Manure,1900.0,kg,6672
I03912,F0464,2019-12-08,pesticide,1511.0,ml,1794
I03913,F0464,03-Mar-21,DAP,3.8,bag,28145
I03914,f0464,2021-02-28,Manure,5.0,t,25988
I03915,F0464,2021-11-02,DAP,1.0,bags,
I03916,F0464,2022-03-22,DAP,157.5,kg,19432
I03917,F0464,"Apr 24, 2022",CAN,84.0,Kg,
I03918,f0464,18/11/2022,DAP,110.0,kg,13649
I03919,F0464,2022-12-23,Urea,88.0,kg,9748
I03920,F0464,2023-01-07,Pesticide,3.3,,3770
I03921,F0464,2023-05-20,Pesticide,3.3,litres,4072
I03922,F0464,2024-04-25,DAP,1.1,50kg bag,"KES 7,722"
I03923,F0464,07/10/2024,DAP,110.0,kg,
I03924,F0465,16-Apr-19,DAP,920.0,kg,126498
I03925,F0465,2020-10-05,DAP,510.0,kg,77060
I03926,F0465,04-Jan-22,Pesticide,12.5,l,13681
I03927,F0465,2022-11-01,dap,9.3,bags,75406
I03928,F0465,"Dec 03, 2022",CAN,930.0,kg,88471
I03929,F0465,2022-10-23,Manure,9300.0,kg,39035
I03930,F0465,19/12/2022,Pesticide,14815.0,mL,15418
I03931,F0465,17/03/2023,Manure,20400.0,kg,93723
I03932,F0465,16/10/2023,DAP,500.0,kg,"KES 78,187"
I03933,F0465,08-Dec-23,CAN,500.0,kg,48374
I03934,F0465,2023-12-15,Pesticide,17.8,litres,22580
I03935,F0465,2024-11-16,Dap fertilizer,7.0,bags,53824
I03936,F0466,2020-04-18,DAP,60.0,kg,7707
I03937,F0466,"Apr 18, 2020",Manure,600.0,kgs,2210
I03938,F0466,2022-03-27,DAP,47.5,kg,6581
I03939,F0466,30-May-22,pesticide,1.1,litres,1328
I03940,F0466,18/04/2023,Urea,60.0,kgs,6585
I03941,F0466,2025-01-06,Pesticide,0.7,l,801
I03942,F0937,15/05/2020,Pesticide,0.5,litres,KES 721
I03943,F0467,2021-03-27,DAP,0.4,Bags,2220
I03944,F0467,2021-06-02,Pesticide,0.4,L,544
I03945,F0467,2023-03-21,Manure,200.0,Kg,853
I03946,F0467,15/05/2024,Insecticide - Duduthrin,451.0,mL,602
I03947,F0468,07/10/2019,manure,2200.0,kg,9092
I03948,F0468,2022-10-16,DAP,60.0,Kg,9136
I03949,F0468,03/10/2022,Manure,2400.0,Kg,10290
I03950,F0468,2024-04-14,DAP,45.0,kg,6478
I03951,F0469,25/03/2019,dap,4.1,50kg bag,29272
I03952,F0469,2019-05-09,CAN,2.0,bags,9492
I03953,F0469,09/11/2022,Duduthrin,,litres,2975
I03954,F0469,21/12/2023,Pesticide,3320.0,mL,3943
I03955,F0469,08/04/2024,DAP,2.8,bag,
I03956,F0469,"May 26, 2024",urea 46%,70.0,kg,7673
I03957,F0469,2024-04-06,Manure,1.4,tonnes,
I03958,F0469,2024-10-28,Manure,6.4,tonnes,26103
I03959,F0470,2019-12-02,Pesticide,1.7,litres,2449
I03960,F0470,20/03/2021,DAP,2.3,bag,16383
I03961,F0470,2021-05-07,CAN,2.3,bags,12269
I03962,F0470,14/10/2021,dap,2.2,bag,16218
I03963,F0470,03/12/2021,CAN,0.8,bags,3635
I03964,F0470,08/10/2021,manure,1.5,tonnes,6682
I03965,F0471,2021-01-21,Pesticide,0.7,litres,1005
I03966,F0471,2022-04-01,dap,15.0,kg,2028
I03967,F0471,14/05/2022,Urea,24.0,kg,3059
I03968,F0471,2022-10-20,manure,400.0,kg,1730
I03969,F0471,01/04/2023,DAP,0.2,bags,1432
I03970,F0471,2024-03-03,DAP,0.3,bags,1842
I03971,F0471,2024-04-07,Urea,30.0,kg,2990
I03972,F0471,2024-11-04,DAP 18-46-0,0.5,bags,3682
I03973,F0471,10/12/2024,CAN,0.2,bags,996
I03974,F0472,2019-04-21,Pesticide,2.2,litres,2383
I03975,F-0472,2019-11-05,Dap fertilizer,2.4,bags,15327
I03976,F0472,2019-12-23,Pesticide,130.0,litres,1644
I03977,F0472,14/03/2020,DAP,37.5,kg,5823
I03978,F0472,2022-04-16,DAP 18-46-0,75.0,kg,9024
I03979,F0472,2022-06-10,Urea (top dress),0.8,bags,3883
I03980,F0472,2024-10-12,DAP,3.0,bags,"KES 19,642"
I03981,F0472,2024-11-25,CAN (top dress),1.0,50kg bag,4144
I03982,F0472,2024-12-21,Insecticide - Duduthrin,,litres,2970
I03983,F0473,2019-04-09,DAP,35.0,kg,4874
I03984,F0473,30-May-19,Can fertilizer,17.5,Kg,1700
I03985,f0473,2019-03-29,Farmyard manure,1.4,t,5430
I03986,F0473,2019-11-04,DAP 18-46-0,1.5,50kg bag,11031
I03987,F0473,04-Nov-19,Manure,1500.0,Kg,"KES 5,875"
I03988,F0473 ,19/03/2020,DAP,60.0,kg,9507
I03989,F0473,23/11/2020,Pesticide,1.2,ltrs,1370
I03990,F0473,26-Mar-21,DAP,1.6,bag,12234
I03991,F0473,2021-05-24,Pesticide,0.9,litres,1153
I03992,F0473,03/04/2022,DAP,1.4,bags,9266
I03993,F0473,26/09/2023,Manure,2.0,tonnes,7010
I03994,F0473,2024-12-01,pesticide,1.9,litres,2662
I03995,F0474,2020-03-30,DAP,7.2,50kg bag,45472
I03996,F0474,26-Apr-21,CAN,147.5,,15277
I03997,F0474,2021-04-06,Duduthrin,6133.0,mL,7991
I03998,F0474,10-Apr-22,DAP 18-46-0,5.9,bags,40601
I03999,F0474,2022-05-16,CAN,4.7,Bags,29891
I04000,F0475,2019-05-23,Pesticide,1.1,,1509
I04001,F0475,17/11/2021,DAP,1.4,bag,8879
I04002,F0475,20/12/2021,CAN,70.0,Kg,8551
I04003,F0475,11-Oct-22,DAP,97.5,kgs,14952
I04004,F0475,11-Nov-22,Urea,52.0,kg,5516
I04005,F0475,2022-11-13,Duduthrin,1.3,,1635
I04006,F0475,01/03/2024,DAP,90.0,kg,13156
I04007,F0475,06/04/2024,Urea,0.9,bags,4712
I04008,F0475,2024-02-27,Manure,1800.0,Kg,
I04009,f0475,2024-10-28,DAP,1.5,bags,9666
I04010,F0476,13/12/2019,Pesticide,1.7,litres,1894
I04011,F0476,2020-11-04,DAP,75.0,kg,
I04012,F-0476,2021-02-27,manure,900.0,kg,3635
I04013,F0476,22/05/2021,Duduthrin,2.3,litres,2362
I04014,F0476,12/10/2021,DAP,3.3,50kg bag,25254
I04015,F0476,27/11/2021,Urea,110.0,kg,
I04016,F0476,2022-05-28,Pesticide,1.3,L,1680
I04017,F0476,11-Oct-24,DAP,110.0,,12545
I04018,F0476,16/11/2024,Can fertilizer,1.8,bags,8597
I04019,F0477,18/03/2021,Manure,7600.0,KG,24327
I04020,F0477,2022-04-08,dap,5.6,bag,37798
I04021,F0477,31/05/2022,can,2.8,bags,14420
I04022,F0477,25-Feb-23,FYM,1.55,tonnes,6881
I04023,F0477,2023-04-04,pesticide,4.2,litres,5698
I04024,F0478,17-Apr-21,DAP,195.0,kg,28079
I04025,F0479,17-Apr-19,DAP 18-46-0,20.0,Kg,2709
I04026,F0479,28-Oct-20,dap,7.5,kg,1181
I04027,F0479,16/12/2020,CAN,15.0,Kg,1502
I04028,F0479,11/12/2020,Duduthrin,0.3,litres,
I04029,F0479,"Mar 11, 2022",DAP,0.3,Bags,2366
I04030,F0479,2022-04-07,Insecticide - Duduthrin,0.4,litres,596
I04031,F0479,2023-04-07,DAP,15.0,Kg,1906
I04032,F0479,"Apr 06, 2023",Manure,300.0,Kg,1308
I04033,F0479,30/03/2024,manure,200.0,kgs,791
I04034,F0479 ,2024-05-07,Pesticide,0.4,L,KES 541
I04035,F0479,2024-11-09,DAP,7.5,,963
I04036,F0479,2024-12-23,Urea,0.2,bags,1183
I04037,F0479,2024-12-15,Pesticide,317.0,ml,348
I04038,F0480,2019-03-21,DAP,15.0,kg,1887
I04039,F0480,12/05/2019,Urea,15.0,kg,1559
I04040,F0480,2019-03-18,Manure,600.0,kg,2590
I04041,F0480,2019-05-08,pesticide,0.7,litres,764
I04042,F0480,20/11/2019,DAP,12.5,KG,1743
I04043,F0931,24/04/2022,Pesticide,0.4,litres,437
I04044,F0480,2022-10-14,dap,12.5,kg,1973
I04045,F0480,"Nov 18, 2022",CAN,20.0,kg,2307
I04046,F0480,2022-10-11,Manure,500.0,kg,1949
I04047,F0480,14/11/2022,Pesticide,0.3,litres,379
I04048,F0480,2023-03-05,Dap fertilizer,0.2,bag,1643
I04049,F0480 ,2024-10-27,Dap fertilizer,25.0,kgs,2266
I04050,F0480,2024-12-04,CAN,0.4,50kg bag,
I04051,F0481,2020-04-23,dap,215.0,Kg,
I04052,F0481,23-May-20,CAN,107.5,kg,10493
I04053,F0481,2020-11-10,dap,697.5,Kg,93776
I04054,F0481,2020-12-19,CAN,4.6,bag,21644
I04055,F0481,18/01/2021,Pesticide,9.4,litres,9616
I04056,F0481,2021-03-01,DAP,11.1,bag,72356
I04057,F0481,23/10/2021,Dap fertilizer,352.5,kg,48303
I04058,F0481,14/12/2021,Urea,188.0,Kg,19401
I04059,F0481,21/03/2022,DAP,10.8,bag,79725
I04060,F0481,2022-10-04,manure,17800.0,Kg,72011
I04061,F0481,25-Mar-23,DAP,10.0,bags,66761
I04062,F0482,12/10/2021,DAP,0.8,bags,5661
I04063,F0482,2021-11-21,Urea,0.6,bags,3917
I04064,F0482,"Apr 16, 2022",Dap fertilizer,112.5,kg,18292
I04065,F0482,2022-06-08,CAN (top dress),1.5,bags,
I04066,F0482,2022-04-10,FYM,0.75,tonnes,2735
I04067,F0482,25-May-22,Pesticide,2134.0,ml,2456
I04068,F0482,2022-11-09,DAP,75.0,kg,"KES 9,058"
I04069,F0482 ,2023-01-02,CAN,75.0,KG,7679
I04070,F0482,14/04/2023,DAP 18-46-0,80.0,kg,11532
I04071,F0483,2019-03-24,DAP,97.5,Kg,13425
I04072,F0483,2019-05-04,UREA,195.0,kg,
I04073,F0483,18/04/2019,Pesticide,5.5,l,6106
I04074,F0483,15/11/2019,DAP 18-46-0,172.5,kg,24560
I04075,F0483,02/11/2019,Manure,13800.0,kg,64872
I04076,F0483,28/03/2020,DAP,5.5,bags,44719
I04077,F0483,01-Oct-20,Dap fertilizer,2.1,bags,17314
I04078,F0483,14/11/2020,pesticide,,litres,5989
I04079,F0483,06-Mar-21,DAP,172.5,kg,"KES 21,691"
I04080,F0483,2021-04-11,Pesticide,5.8,ltrs,6794
I04081,F0483,2022-03-20,Dap fertilizer,3.6,bags,27782
I04082,F0483,2023-03-03,DAP 18-46-0,3.5,bags,23543
I04083,F0483,2023-04-07,CAN,3.5,bags,15931
I04084,F0483,2023-10-21,dap,405.0,kg,59318
I04085,F0483,21-Nov-23,Urea,4.3,bags,25233
I04086,F0483,2023-10-14,Manure,10800.0,kg,
I04087,F0483,2024-03-01,DAP,435.0,kg,56080
I04088,F0483,2024-04-15,can,232.0,kg,21786
I04089,F0483,2024-04-30,Pesticide,6999.0,ml,8194
I04090,F0484,2019-11-29,CAN,35.0,kgs,3553
I04091,F0484,2019-10-07,manure,2800.0,KG,11579
I04092,F0484,08/03/2020,manure,1000.0,kg,4233
I04093,F0484,"Oct 11, 2020",dap,47.5,Kg,6746
I04094,F0484,2020-11-11,Pesticide,2.4,litres,"KES 3,009"
I04095,F0484,26/03/2023,DAP,,bags,10151
I04096,F-0484,2023-05-12,CAN,1.3,50kg bag,6737
I04097,F0484,06-May-23,pesticide,,litres,
I04098,f0484,08-Oct-23,DAP,50.0,Kg,6503
I04099,F0484,2023-11-15,Urea,1.0,bags,6025
I04100,F0484,2023-11-20,Duduthrin,2.7,litres,3354
I04101,F-0485,06/03/2019,DAP 18-46-0,80.0,kg,12184
I04102,F0485,26/02/2019,Manure,800.0,kgs,2665
I04103,F0485,12/04/2019,Duduthrin,1.1,litres,971
I04104,F0485,2022-11-04,DAP 18-46-0,1.0,bags,"KES 6,375"
I04105,F0485,2023-01-08,Pesticide,1.0,litres,1397
I04106,F-0485,2023-03-29,Dap fertilizer,1.9,bags,14303
I04107,F0485,2023-05-02,Urea,95.0,Kg,9722
I04108,F0485,09/05/2024,pesticide,2319.0,ml,3040
I04109,F0485,2024-12-18,Duduthrin,1.1,l,1568
I04110,F0486,"Dec 10, 2019",CAN,35.0,Kg,3383
I04111,F0486,2019-12-13,pesticide,0.4,litres,432
I04112,F0486,2021-03-11,DAP,50.0,kg,6573
I04113,F0486,2021-03-05,Manure,500.0,kg,1811
I04114,F0486,2021-04-04,Pesticide,1.5,l,1951
I04115,F0486,2021-11-02,dap,15.0,kg,2009
I04116,F0486 ,2021-12-06,Can fertilizer,0.6,bag,2952
I04117,F0486,23/04/2024,dap,0.6,bags,4349
I04118,F0486,16/06/2024,CAN,10.0,kg,1030
I04119,F0486,2024-04-16,Manure,200.0,kg,834
I04120,F0486,2024-05-29,Pesticide,0.6,litres,686
I04121,F0487,2020-03-01,DAP,510.0,kg,71433
I04122,F0487,2020-04-05,CAN,510.0,kg,43766
I04123,F0487,20/10/2020,DAP 18-46-0,9.6,bags,63764
I04124,F0487,"Oct 17, 2020",Manure,,kg,81911
I04125,F-0487,"Mar 10, 2021",Manure,3250.0,kg,14515
I04126,F0487 ,2022-10-17,dap,11.1,bags,74951
I04127,F0487,2022-10-17,FYM,11100.0,kg,42594
I04128,F0487,2022-12-19,Pesticide,16.1,litres,
I04129,F0487,2023-03-23,DAP,6.4,bag,
I04130,F0487,22/04/2023,Can fertilizer,320.0,kg,36767
I04131,F0487,2023-04-17,Duduthrin,13.4,L,16647
I04132,F0487,2023-10-26,Dap fertilizer,655.0,Kg,84846
I04133,F0487,2023-12-10,CAN,524.0,kgs,53101
I04134,F0488,2020-04-15,DAP,1.6,bags,11087
I04135,F0488,2020-06-04,Urea,124.0,kg,12169
I04136,F0488,17/12/2020,Duduthrin,4.2,litres,5327
I04137,F0488,25/10/2022,DAP,5.4,bags,35875
I04138,F0488,2022-11-28,Pesticide,2.2,litres,2473
I04139,F0488,2023-11-16,DAP,4.5,bags,29531
I04140,F0489,09/04/2019,dap,0.5,50kg bag,3835
I04141,F0489,2019-05-19,Urea,,kg,1481
I04142,F0489,2020-03-08,DAP,15.0,kg,2206
I04143,F0489,28/05/2021,Pesticide,0.6,litres,779
I04144,F0489,12-Mar-22,dap,,kg,4548
I04145,F0489,2023-03-16,DAP 18-46-0,0.9,bag,6690
I04146,F0489,03-Apr-24,DAP,0.8,bag,6353
I04147,F0489,2024-05-01,Duduthrin,1.1,L,1443
I04148,F0490,19/11/2019,DAP,62.5,kg,7441
I04149,F0490,2019-12-26,Urea,100.0,Kg,10043
I04150,F0490,2020-04-23,dap,1.2,bag,8419
I04151,F0490,19-Oct-20,dap,255.0,Kg,31318
I04152,F0490,"Nov 26, 2020",Urea,85.0,KG,9764
I04153,F0490,15-Nov-20,Duduthrin,4.7,litres,5116
I04154,f0490,2022-04-14,Pesticide,4.6,litres,"KES 5,777"
I04155,F0490,16/04/2023,DAP,2.1,bag,15258
I04156,F0490,"Oct 03, 2024",DAP 18-46-0,1.5,bag,11202
I04157,F0491,"Oct 12, 2019",Manure,250.0,KG,944
I04158,F0491,2020-05-10,Pesticide,0.9,litres,"KES 1,118"
I04159,F0491,2020-11-06,DAP,0.4,bags,3617
I04160,F0491,2020-12-22,UREA,12.0,kg,1249
I04161,F0491,04/11/2020,Manure,0.15,tonnes,602
I04162,F0491,09/12/2020,pesticide,0.2,litres,191
I04163,F0491,10-Mar-23,DAP,25.0,kg,3453
I04164,F0491,2024-04-29,Pesticide,0.4,litres,544
I04165,F-0491,2024-11-19,Dap fertilizer,30.0,kg,4445
I04166,F0491,03-Jan-25,CAN,0.3,bags,1473
I04167,F0492,2019-04-25,pesticide,1.4,litres,1676
I04168,F0492,2021-10-03,DAP,2.2,bags,"KES 13,332"
I04169,F0492,2021-11-04,Urea,,50kg bag,7789
I04170,F-0492,2021-10-27,Duduthrin,1.6,litres,1683
I04171,F0492,2022-03-25,DAP,55.0,kg,8327
I04172,F0492,2023-05-08,Pesticide,1.0,litres,1105
I04173,F0492,31/03/2024,DAP,0.9,bags,5722
I04174,F0493,11/11/2019,Manure,550.0,KG,2031
I04175,F0493,2020-03-13,dap,0.8,,"KES 6,200"
I04176,F0493,2020-05-07,Urea,20.0,kg,2093
I04177,F0493,08/12/2021,Pesticide,0.7,litres,832
I04178,F0493,2022-03-24,DAP,67.5,KG,9540
I04179,F0493,2022-05-20,Pesticide,0.6,litres,655
I04180,F0493,"Jan 15, 2024",Pesticide,110.00000000000001,litres,1416
I04181,F0493,"Mar 19, 2024",DAP,82.5,kg,10882
I04182,F0494,2022-10-22,Dap fertilizer,30.0,kg,3994
I04183,F0494,01/12/2022,Urea,30.0,KG,2808
I04184,F0494,23/11/2023,Pesticide,1.2,L,1379
I04185,F0494,2024-05-14,Pesticide,0.4,L,486
I04186,F0495,2019-04-22,Pesticide,0.6,litres,739
I04187,F0495,06/11/2019,Pesticide,0.7,litres,840
I04188,F0495,"Mar 11, 2021",DAP,30.0,Kg,3716
I04189,F0495,2021-04-10,Urea,20.0,kg,
I04190,F0495,2024-11-05,DAP,25.0,kg,"KES 3,817"
I04191,F0495,2024-12-19,Urea (top dress),0.4,bags,2131
I04192,F0495,29/10/2024,FYM,1000.0,kg,"KES 3,945"
I04193,F0496,2020-10-25,FYM,4000.0,kg,16536
I04194,F0496,"Apr 04, 2021",dap,2.6,,17091
I04195,F0496,11/04/2022,dap,150.0,Kg,18352
I04196,F0496,2022-05-22,urea 46%,150.0,kgs,16410
I04197,F0496,2022-04-10,Manure,6000.0,kg,
I04198,F0496,"Jun 14, 2022",Pesticide,3.0,litres,3503
I04199,F0496,20/03/2023,Manure,1.65,tonnes,4716
I04200,F0497,23/10/2020,dap,1.5,50kg bag,11967
I04201,F0497,2020-10-10,manure,2.0,tonnes,7955
I04202,F0497,2021-10-21,DAP,0.4,50kg bag,
I04203,F0497,21/11/2021,Urea,16.0,kg,1990
I04204,F0497,2021-11-21,Pesticide,231.0,ml,KES 262
I04205,F0497,2022-12-16,Pesticide,0.4,litres,458
I04206,F0497,2023-04-16,dap,17.5,kg,
I04207,F0497,07/06/2023,Urea (top dress),17.5,kgs,"KES 2,177"
I04208,F0497,2023-05-08,Pesticide,0.5,litres,575
I04209,F0497,2023-10-29,DAP,25.0,kg,"KES 3,845"
I04210,F0497,2023-12-23,CAN,50.0,kg,4674
I04211,F0497,12/12/2023,Pesticide,1.3,litres,1501
I04212,F0498,15/12/2021,Pesticide,2.7,L,3244
I04213,F0498,30/03/2023,DAP,5.5,bags,35622
I04214,F0498,2023-05-02,Insecticide - Duduthrin,7.1,l,8563
I04215,F0498,2023-11-04,dap,117.5,,
I04216,F0498,25-Oct-23,Manure,4700.0,kgs,20719
I04217,F0499,2019-03-08,DAP,1.1,bags,6670
I04218,F0500,13/10/2020,Dap fertilizer,7.4,bag,46669
I04219,F0500,2020-11-13,CAN (top dress),2.4,bag,11193
I04220,F0500,2020-12-10,Pesticide,4.5,litres,4346
I04221,F0500,2021-04-05,DAP,100.0,Kg,13179
I04222,F0500,29/05/2021,can,100.0,kg,9850
I04223,F0500,06/06/2021,Pesticide,3.8,litres,5002
I04224,F0500,2023-10-15,DAP,110.0,kg,
I04225,F0500,29/10/2024,dap,120.0,KG,16699
I04226,F0500,04/12/2024,CAN,2.4,bags,11258
I04227,f0501,2020-11-19,DAP,2.7,bags,16102
I04228,F0501,19/01/2021,Pesticide,,litres,1885
I04229,F-0501,09-Oct-21,manure,5100.0,Kg,24769
I04230,F0501,2022-12-30,Pesticide,2.9,litres,3531
I04231,F0501,19/05/2024,Pesticide,1.8,litres,2056
I04232,F0502,2019-03-17,DAP,3.6,bags,22220
I04233,F0502,2019-05-05,Pesticide,2745.0,,
I04234,F0502,"Jun 09, 2021",Pesticide,5.4,litres,
I04235,F0502,2021-10-29,DAP,1.0,50kg bag,6649
I04236,F0984,2023-04-30,pesticide,1.3,ltrs,1656
I04237,F0502 ,2024-01-01,Urea,96.0,kg,9233
I04238,F0502,05/01/2024,Pesticide,2586.0,ml,
I04239,F0503,"Mar 29, 2019",dap,150.0,kg,21150
I04240,f0503,23/05/2019,can,75.0,kg,7164
I04241,F0503,24/04/2019,pesticide,3.2,l,
I04242,F0503,01-Nov-22,Dap fertilizer,87.5,kg,10204
I04243,F0503,2024-04-07,dap,7.1,bags,59792
I04244,F0504,03/01/2021,urea 46%,0.4,bags,2063
I04245,F0504,12/12/2020,Insecticide - Duduthrin,498.0,ml,560
I04246,F0504 ,22/04/2021,DAP,20.0,kgs,2859
I04247,F0504,2021-06-15,Insecticide - Duduthrin,0.4,litres,385
I04248,F0504,30/03/2022,Pesticide,399.0,ml,486
I04249,F0504,2023-01-16,Pesticide,0.6,ltrs,662
I04250,F0504,2024-03-29,DAP,0.2,bags,1540
I04251,F0505,2020-03-19,Dap fertilizer,52.5,kg,7348
I04252,F0505,2020-03-19,Manure,350.0,kg,1413
I04253,F0505,18/04/2020,Pesticide,533.0,ml,613
I04254,F0505,2020-11-09,Duduthrin,0.8,litres,934
I04255,F0505,2021-04-04,DAP 18-46-0,65.0,kg,9237
I04256,F0505,2021-05-18,CAN,,kg,5214
I04257,F0505,2022-10-02,dap,1.2,bags,8637
I04258,F0505,2022-11-13,Urea,30.0,kg,3012
I04259,F0505,12-Nov-23,Dap fertilizer,45.0,kg,"KES 6,285"
I04260,F-0505,2023-12-04,Pesticide,,ml,720
I04261,F0505,2024-03-15,DAP 18-46-0,45.0,kg,5638
I04262,F0505,04/05/2024,CAN,24.0,kg,"KES 1,879"
I04263,F0506,18/03/2019,dap,2.2,50kg bag,
I04264,F0506,2019-04-25,CAN,88.0,kg,8427
I04265,F0506,2020-01-06,Pesticide,2128.0,mL,2373
I04266,F0506,19/03/2021,dap,115.0,kgs,16404
I04267,F0506,2021-04-14,pesticide,2.6,L,3248
I04268,F0506,"Oct 13, 2022",DAP,0.8,bags,4724
I04269,F0506,21-Nov-22,Urea (top dress),1.2,50kg bag,7003
I04270,F0506,15/12/2022,Pesticide,1.8,L,1895
I04271,F0506,2023-06-22,Pesticide,1.5,litres,2026
I04272,F0507,2019-03-24,DAP,1.8,50kg bag,12360
I04273,F0507,04/05/2019,Pesticide,1.0,L,1261
I04274,F0507,"Apr 21, 2020",DAP,1.6,50kg bag,10238
I04275,F0507,08/11/2024,Dap fertilizer,115.0,kgs,16989
I04276,F0507,2024-12-03,Pesticide,3.1,ltrs,3756
I04277,F0508,2019-04-10,DAP,1.7,bag,11373
I04278,F0508,21/05/2019,CAN,1.7,bags,7479
I04279,F0508,13-Oct-19,DAP,82.5,KG,11618
I04280,F0508,29-Nov-19,CAN,27.5,Kg,2803
I04281,F0508,2021-03-02,DAP 18-46-0,1.7,Bags,9689
I04282,F0508,2022-04-13,dap,,kg,6835
I04283,F0508,03/06/2022,CAN,120.0,kg,12113
I04284,F0508,2022-05-11,Pesticide,2.1,L,2762
I04285,F0508,02/11/2022,DAP,0.6,Bags,3745
I04286,F0508,13-Dec-22,Urea,30.0,kg,"KES 3,230"
I04287,F0508,17/12/2022,Pesticide,0.8,,871
I04288,F0508,2023-03-07,DAP,1.5,bag,8023
I04289,F0508,2023-04-12,Urea,37.5,kg,3985
I04290,F0508,2023-12-01,urea 46%,30.0,kg,3302
I04291,F0509,2019-10-12,DAP 18-46-0,85.0,kg,12887
I04292,F0509,2020-03-07,DAP 18-46-0,50.0,kg,7940
I04293,F0509,2020-04-15,can,100.0,kg,10856
I04294,F0509,25/02/2020,manure,1000.0,kg,3579
I04295,F0509,2020-04-30,Pesticide,1.3,litres,1498
I04296,F0509,2020-10-22,DAP,145.0,KG,18065
I04297,f0509,2020-11-25,urea 46%,145.0,kg,14700
I04298,F0509,28/12/2020,pesticide,2.7,litres,2777
I04299,F0509,2022-10-03,DAP,210.0,kg,28236
I04300,F0509,09/11/2022,Urea (top dress),70.0,,7205
I04301,F0509,2022-11-27,Pesticide,4.0,litres,4626
I04302,F0509,2023-03-06,dap,2.9,bag,23046
I04303,F0509,2023-03-01,Manure,2.9,tonnes,10891
I04304,F0509,2023-04-12,pesticide,2.5,l,3119
I04305,F0509,2023-10-22,dap,2.9,bags,"KES 20,141"
I04306,F0509,2024-04-11,Manure,3.6,tonnes,13649
I04307,F0510,16-Nov-20,Dap fertilizer,17.5,Kg,2250
I04308,F0510,2021-01-12,Pesticide,1.0,litres,
I04309,F0510,2022-04-22,dap,50.0,kg,
I04310,F0510,2022-05-16,Pesticide,1.4,l,1754
I04311,F0510,2023-03-29,dap,1.2,bags,7891
I04312,F0510,2024-03-09,dap,35.0,KG,5003
I04313,F0510,"Mar 30, 2024",Pesticide,0.8,litres,1182
I04314,F0511,2021-04-03,Dap fertilizer,1.0,bags,7772
I04315,F0511,27/03/2024,Manure,,kg,5474
I04316,F0512,2020-01-10,pesticide,,litres,7447
I04317,F0512,23/02/2020,Manure,4200.0,kg,18894
I04318,F0512,2021-12-16,Urea,165.0,kg,15542
I04319,F0512,2022-01-04,Pesticide,9.6,litres,12754
I04320,F0512,2024-03-18,DAP 18-46-0,525.0,kg,83062
I04321,F0512,2024-05-08,CAN,350.0,Kg,39089
I04322,F0512,07/10/2024,DAP,9.1,Bags,65896
I04323,F0512,2024-11-14,can,227.5,Kg,20994
I04324,F0513,2019-10-03,DAP,127.5,kg,18371
I04325,F0513,2019-09-21,Farmyard manure,850.0,kg,3377
I04326,F0513,28/11/2019,Pesticide,2.5,L,
I04327,F0513,24-Jan-21,Pesticide,2.7,ltrs,3478
I04328,F0513,2021-10-09,dap,72.5,kg,"KES 9,537"
I04329,F0513 ,2021-11-26,CAN,1.4,bags,7090
I04330,F0513,2021-12-06,Duduthrin,2.7,litres,2379
I04331,F0513,2024-10-19,manure,1550.0,Kg,
I04332,F0514,2019-04-09,DAP,202.5,kg,26071
I04333,F0514,2019-10-24,DAP,2.6,50kg bag,18240
I04334,F0514,17-Dec-19,pesticide,2.1,litres,2781
I04335,F0514,2022-03-04,DAP,115.0,Kg,17055
I04336,F0514,02/04/2022,Duduthrin,1.2,litres,1322
I04337,F0514,2023-03-13,dap,2.9,bags,
I04338,F0514,2023-04-22,Urea,72.5,KG,7681
I04339,F0514,03/03/2023,Manure,1.45,t,5329
I04340,F0514,2024-04-14,DAP,0.9,Bags,7124
I04341,F0514,2024-05-26,CAN (top dress),1.8,bags,8879
I04342,F0514,07-Apr-24,FYM,900.0,kg,2919
I04343,F0514,2024-05-07,Pesticide,1.7,litres,2023
I04344,F0515,2020-11-01,DAP,117.5,kg,17060
I04345,F0515,2021-10-31,DAP,322.5,Kg,46585
I04346,F0515,2021-10-24,Manure,2150.0,KG,8110
I04347,F0515,2021-12-05,Duduthrin,4.6,L,5190
I04348,F0515,2022-10-26,dap,2.1,bags,15629
I04349,f0515,30-Nov-22,Urea (top dress),105.0,kgs,14140
I04350,F0515,2022-12-22,Pesticide,1.6,l,2091
I04351,F0515,04/11/2023,DAP,210.0,KG,32506
I04352,F0515,2023-12-16,Pesticide,3.4,litres,3863
I04353,F0515,2024-10-07,DAP,,bag,11766
I04354,F0515,2024-09-23,Manure,2100.0,kg,7696
I04355,F0516,2019-10-16,DAP,52.5,Kg,7259
I04356,F0516,2020-10-04,DAP,10.0,kgs,1113
I04357,F0516,2021-03-22,DAP,0.8,bags,"KES 5,764"
I04358,F0516,2021-11-09,Urea,35.0,kg,3680
I04359,f0516,16/01/2023,Pesticide,0.8,litres,
I04360,F0516,01/01/2025,Pesticide,0.5,litres,541
I04361,f0517,2019-04-24,DAP 18-46-0,10.7,Bags,64142
I04362,f0517,2019-06-10,urea 46%,5.4,Bags,29635
I04363,F0517,27/04/2021,urea 46%,444.0,kg,
I04364,F0517,2021-03-06,manure,5.55,MT,21756
I04365,F0517,10/04/2022,DAP,847.5,Kg,127119
I04366,F0517,2022-06-11,Pesticide,16.6,litres,17221
I04367,F0517,2023-11-14,DAP,510.0,Kg,90399
I04368,F0517,04-Nov-23,manure,13600.0,kg,60093
I04369,F0517,2024-10-14,DAP 18-46-0,5.4,bags,38395
I04370,F0517,2024-09-30,Manure,10.9,tonnes,38451
I04371,F0517,2024-11-04,Pesticide,9.8,litres,11681
I04372,F0518,2019-06-17,Pesticide,0.7,L,
I04373,F0518,2020-04-10,Dap fertilizer,0.3,,2052
I04374,F0518,2020-05-22,urea 46%,12.0,kg,1454
I04375,F0518,2022-05-14,can,0.2,bags,977
I04376,F0518,2022-06-07,Duduthrin,0.4,l,509
I04377,F0518,02-Oct-22,DAP,0.8,bags,5062
I04378,F0518,2023-05-02,CAN,0.2,bags,997
I04379,F0518,03/05/2023,Pesticide,0.6,litres,714
I04380,F0519,2019-12-26,Pesticide,3334.0,,4007
I04381,F0519,"Mar 27, 2020",DAP,37.5,Kg,5267
I04382,F0519,2023-04-05,dap,60.0,kg,7532
I04383,F0519,2024-03-17,DAP,165.0,kg,26999
I04384,F0519,2024-04-30,can,3.3,bags,
I04385,F0519,2024-05-03,Pesticide,3.6,litres,4509
I04386,F0519,2024-10-05,dap,80.0,Kg,9536
I04387,F0520,08-Nov-22,DAP,0.6,bag,4546
I04388,F0520,2022-12-17,Pesticide,1.5,litres,1862
I04389,F0520,"Mar 19, 2023",Manure,1100.0,Kg,4009
I04390,F0520,2023-11-18,Pesticide,0.8,,865
I04391,F0521,2019-11-12,Pesticide,0.7,litres,936
I04392,F0521,2020-03-26,Duduthrin,0.7,litres,
I04393,F0521,15/10/2020,DAP,0.2,50kg bag,1305
I04394,F0521,"Nov 29, 2020",CAN,0.2,bags,863
I04395,f0521,"Mar 16, 2021",Manure,300.0,kg,885
I04396,F0948,18/05/2021,pesticide,533.0,mL,590
I04397,F0521,2021-11-03,Manure,1.0,t,
I04398,F0521,2022-11-13,DAP,0.3,bags,2293
I04399,F0521,04/11/2022,Manure,1200.0,kg,4282
I04400,F0521,27/10/2023,DAP 18-46-0,0.4,bags,2397
I04401,F0521,2023-11-29,pesticide,0.7,litres,795
I04402,F0521,2024-11-13,DAP 18-46-0,25.0,kg,3058
I04403,F0521,2024-12-23,CAN,12.5,KG,
I04404,F0522,2019-04-18,Duduthrin,1.0,L,1403
I04405,F0522,2020-03-11,Dap fertilizer,60.0,kg,8007
I04406,F0522 ,"Feb 26, 2020",Manure,2.4,t,8711
I04407,F0522,2020-05-10,pesticide,0.8,litres,1095
I04408,F0522,2021-11-06,manure,0.8,tonnes,3152
I04409,F0522,26/10/2023,Manure,0.6,tonnes,2632
I04410,F0522,"Jun 12, 2024",Pesticide,1.1,litres,1296
I04411,F0523,2020-04-18,DAP,0.2,bags,1086
I04412,F0994,2022-10-30,DAP,25.0,kg,3475
I04413,F0523,2022-12-19,Urea (top dress),0.2,bag,1553
I04414,F0523,"Jan 08, 2023",Pesticide,0.5,litres,576
I04415,F0523,2024-04-11,DAP,15.0,kg,2388
I04416,F0523,20/05/2024,Urea,12.0,Kg,1239
I04417,F0524,2021-01-03,Pesticide,220.0,mL,260
I04418,F0524,17-Mar-21,DAP,45.0,kg,5716
I04419,F0524,2021-05-18,Pesticide,335.0,ml,
I04420,F0525,"Oct 22, 2019",DAP 18-46-0,5.1,bags,31300
I04421,F0525,"Dec 22, 2020",Insecticide - Duduthrin,1.8,l,1987
I04422,F0525,2021-10-11,Manure,3100.0,kgs,13618
I04423,F0525,2022-11-29,Pesticide,5.8,litres,7893
I04424,F0525,04/01/2024,Insecticide - Duduthrin,6.4,litres,8364
I04425,F0526,2019-10-26,DAP 18-46-0,172.5,kg,27048
I04426,F0526,2019-12-15,CAN,345.0,kg,36724
I04427,F0526,2020-04-05,DAP,6.8,Bags,46465
I04428,F0964,21-May-20,Urea,5.4,bags,31895
I04429,F0526,29-Mar-21,DAP,4.3,bags,
I04430,F0526,2021-11-15,pesticide,10.1,litres,11719
I04431,F0526,2022-03-04,DAP,325.0,Kg,48771
I04432,F0526,2022-04-23,Urea,,kg,34174
I04433,F0526,05-Apr-22,Pesticide,5.2,litres,5730
I04434,F0526,12/11/2022,Dap fertilizer,250.0,kgs,29867
I04435,F0526,2022-12-20,urea 46%,200.0,kg,24056
I04436,F0526,"Jan 07, 2023",Pesticide,3.9,litres,3427
I04437,F0526,2024-05-05,Pesticide,3.2,,4280
I04438,F0527,2019-10-14,DAP,142.5,kg,21163
I04439,F0527,27/11/2019,UREA,1.5,Bags,9877
I04440,F0527,2020-02-21,Manure,2800.0,kg,10959
I04441,F0527 ,17/02/2021,Manure,4000.0,kg,
I04442,F-0527,24/10/2022,DAP,120.0,Kg,
I04443,F0527,2023-03-09,DAP 18-46-0,2.4,50kg bag,19981
I04444,F0527,"Oct 12, 2023",DAP,95.0,Kg,13561
I04445,F0527,2023-10-06,manure,,KG,3844
I04446,F0528,2019-03-11,DAP,45.0,Kg,6811
I04447,F0528,2019-04-21,Urea,22.5,kg,2591
I04448,F0528,2020-03-17,dap,,kg,
I04449,F0528,"Apr 20, 2022",DAP,,kg,3818
I04450,F0528,2022-05-23,CAN,40.0,kg,
I04451,F0528,2022-05-26,Pesticide,1.3,L,1639
I04452,F0528,06/11/2022,DAP 18-46-0,45.0,Kg,7011
I04453,F0528,01-Jan-23,Insecticide - Duduthrin,0.9,l,
I04454,F0528,2024-03-19,DAP,25.0,Kg,3451
I04455,F0528,27/04/2024,UREA,,bags,2234
I04456,F0528,2024-10-01,dap,0.6,bags,3491
I04457,F0528,2024-11-23,CAN,24.0,KG,2972
I04458,f0529,03-Apr-20,dap,2.0,bag,13964
I04459,F0529,2020-05-06,pesticide,1.0,litres,1153
I04460,F0529,2020-10-13,Dap fertilizer,65.0,kg,
I04461,F0529,2020-12-02,UREA,65.0,Kg,7221
I04462,F0529,2021-10-20,Manure,1.1,tonnes,4323
I04463,F0529,2024-11-17,Pesticide,,litres,1928
I04464,F0530,19/11/2019,DAP,3.6,bags,29739
I04465,F0530,2020-01-28,Duduthrin,470700.0,ml,5369
I04466,F0530,08/10/2021,dap,285.0,kgs,44579
I04467,F0530,"Nov 23, 2021",CAN (top dress),152.0,kg,16893
I04468,F0530,08-Nov-22,DAP,5.1,bags,
I04469,F0530,2023-01-05,pesticide,3.7,L,4205
I04470,F0530,2023-03-09,DAP,365.0,kg,42719
I04471,F0530,01-Mar-23,Manure,14.6,tonnes,55839
I04472,F0530,2023-10-22,DAP 18-46-0,122.5,kg,15746
I04473,F0530,22/11/2023,Insecticide - Duduthrin,5.6,L,5441
I04474,F0530,2024-04-12,DAP,502.5,Kg,72223
I04475,F-0530,2024-12-15,Insecticide - Duduthrin,5.2,ltrs,6989
I04476,F0531,02-Jan-22,Pesticide,0.5,L,543
I04477,F0531,2022-11-20,Pesticide,1.0,litres,1261
I04478,F0531,05-Mar-23,DAP,1.1,bags,8420
I04479,F0531,2023-04-07,pesticide,1.3,L,1789
I04480,F0532,30-Mar-19,dap,6.8,Bags,
I04481,F0532,2019-05-05,CAN,5.4,bags,26277
I04482,F0532,25/12/2019,Pesticide,4.2,litres,
I04483,F0532,2020-03-26,Dap fertilizer,6.6,bags,46860
I04484,F0532,03-May-20,Urea,4.4,bags,26458
I04485,F0532,"Mar 12, 2020",Manure,8800.0,kg,
I04486,F0532,2021-10-05,DAP,8.0,bags,57397
I04487,F0532 ,2022-04-19,dap,102.5,Kg,12583
I04488,f0532,"May 19, 2022",CAN,4.1,bags,17256
I04489,F0532 ,19-May-22,Pesticide,5.6,litres,7113
I04490,F0532,2022-10-23,DAP,167.5,kg,25753
I04491,F0532,2023-04-17,Urea,124.0,Kg,13018
I04492,F0532 ,2023-10-13,dap,152.5,kgs,24501
I04493,F0532,"Dec 02, 2023",CAN,244.0,kg,24986
I04494,F0532,2024-10-17,DAP,162.5,kg,21230
I04495,F0532,2024-12-02,urea 46%,325.0,kg,34615
I04496,F0533,07-Mar-20,Dap fertilizer,75.0,Kg,11395
I04497,F0533,28/04/2020,Urea,1.5,bags,10080
I04498,F0533,04/06/2022,Pesticide,2649.0,mL,3018
I04499,F0533,18/10/2023,DAP,0.6,bags,4198
I04500,F0533,23/11/2023,Insecticide - Duduthrin,1.5,ltrs,1612
I04501,F0534,2019-03-14,manure,9600.0,kg,44580
I04502,F0534,2019-04-25,pesticide,7.0,ltrs,9798
I04503,F0534,05/04/2020,DAP,3.1,bags,
I04504,F0534,2020-05-02,Duduthrin,1.9,l,2201
I04505,F0534,13-Apr-21,Manure,14800.0,kg,67991
I04506,F0534,17/06/2021,Insecticide - Duduthrin,8.0,,9949
I04507,F0534,20/11/2022,DAP,285.0,kg,41184
I04508,F0534,"Dec 21, 2022",CAN,228.0,Kg,24831
I04509,F0534,2024-04-14,Dap fertilizer,340.0,kg,54220
I04510,F0534,2024-06-05,Duduthrin,9.9,L,10038
I04511,F0535,07/05/2021,pesticide,2.9,L,4105
I04512,F0535,"Mar 27, 2022",DAP,37.5,KG,4577
I04513,F0535,2022-05-03,CAN,1.5,bags,
I04514,F0535,11-Oct-22,dap,105.0,kg,12305
I04515,F0535,26/05/2023,pesticide,2.1,litres,2324
I04516,F0536,12/04/2019,DAP,0.4,bags,3069
I04517,F0536,2019-05-25,UREA,12.0,kg,1510
I04518,F0536,2019-11-03,Manure,0.4,MT,1379
I04519,F-0536,2019-12-04,Pesticide,0.5,litres,675
I04520,F0536,18-May-20,Pesticide,0.3,litres,KES 392
I04521,F0536,2020-11-10,DAP,7.5,kg,KES 989
I04522,F0536,16-Dec-22,urea 46%,24.0,KG,2450
I04523,F0536,2022-11-20,Pesticide,0.3,litres,419
I04524,F0536,2023-04-24,Dap fertilizer,0.2,bags,971
I04525,F0536,2023-06-09,CAN,0.2,Bags,1281
I04526,F0536,2024-03-28,DAP,7.5,KG,947
I04527,F0536,2024-05-17,Pesticide,,litres,352
I04528,F0537,22/10/2019,dap,580.0,kg,93833
I04529,F0537,2020-04-14,DAP,12.2,bags,91578
I04530,F0537,2020-10-09,DAP,1090.0,kg,161419
I04531,F-0537,2020-11-27,CAN,872.0,kgs,88927
I04532,F0537,"Oct 05, 2020",Manure,43600.0,Kg,188286
I04533,F0537,2021-03-30,DAP,14.4,bags,116741
I04534,F0537,07-May-21,Urea,7.2,bags,40023
I04535,F0537,28/04/2021,Pesticide,18.7,L,25124
I04536,F0537,08/11/2021,DAP,635.0,Kg,70265
I04537,F0537,2023-04-12,Manure,19.3,tonnes,85043
I04538,F0537,2023-06-08,Pesticide,25.0,litres,"KES 27,012"
I04539,F0537,2024-04-01,DAP,1432.5,kg,224662
I04540,F0537,2024-11-14,DAP,30.3,50kg bag,236577
I04541,F0538,2019-03-21,Dap fertilizer,5.7,bag,35623
I04542,F0538,2019-05-12,CAN,1.9,50kg bag,9182
I04543,F0538,11/03/2019,Manure,1900.0,kg,8015
I04544,F0538,30/10/2019,Dap fertilizer,3.0,bag,18291
I04545,F0538,2021-10-21,DAP,4.2,bags,30781
I04546,F0538,03/12/2021,can,70.0,kg,7595
I04547,F0538,12/05/2022,CAN,1.4,50kg bag,6841
I04548,F0538,16-Nov-23,DAP,5.6,bag,"KES 41,021"
I04549,F0538,2024-05-16,Pesticide,,mL,
I04550,F0539,2020-04-25,Dap fertilizer,55.0,kg,7083
I04551,F0539,08/06/2020,Urea,,bag,4900
I04552,F0539,"Apr 22, 2020",Manure,550.0,kgs,2042
I04553,F0539,06/11/2020,DAP,1.4,bag,10478
I04554,F0539,"Dec 17, 2020",UREA,,kg,3565
I04555,F0539,2021-10-31,DAP,65.0,kg,8901
I04556,F0539,16/12/2021,urea 46%,1.3,bag,7099
I04557,f0539,21/10/2022,DAP 18-46-0,0.6,bag,4375
I04558,F0539,2022-12-11,Urea,0.6,bags,3274
I04559,F0539,2023-03-10,Dap fertilizer,0.6,bags,3545
I04560,F0539,2023-04-24,CAN (top dress),65.0,kg,6807
I04561,F0539,13/10/2023,DAP,1.0,bags,5966
I04562,F0539,2023-11-30,Urea,1.0,bags,"KES 5,410"
I04563,F0539,2023-12-12,Pesticide,1200.0,mL,1309
I04564,F0539,13/03/2024,manure,1.1,MT,3989
I04565,F0540,2019-04-14,DAP,135.0,Kg,18566
I04566,F0540,22/06/2022,Pesticide,140.0,litres,1759
I04567,F0540,2022-10-26,DAP,3.2,bags,19480
I04568,F0540,05-Dec-22,Urea,2.1,,10401
I04569,F0540,15-Mar-23,DAP,3.0,bags,23001
I04570,F0540,2024-01-21,Pesticide,2.5,litres,3362
I04571,F0540,22/03/2024,DAP,130.0,Kg,18128
I04572,F0540,2024-05-09,Pesticide,2.4,litres,
I04573,F0541,21/10/2019,Manure,7000.0,kg,30819
I04574,F0541,2020-11-03,DAP,5.4,Bags,44949
I04575,F0541,2020-12-17,CAN,5.4,bags,29546
I04576,F0541,28-Mar-21,dap,165.0,kg,25648
I04577,F0541,26-Mar-21,Manure,3300.0,kgs,11591
I04578,F0541,2021-11-15,DAP 18-46-0,3.4,bags,24236
I04579,F0541,2022-01-15,Pesticide,3.8,litres,"KES 4,880"
I04580,F0541,14-Apr-22,DAP,4.5,50kg bag,
I04581,F0541,"Mar 02, 2023",Manure,9200.0,Kg,34270
I04582,F0541,2023-11-05,Pesticide,3.5,litres,4244
I04583,F0541,2024-11-02,DAP 18-46-0,140.0,kg,25557
I04584,F0541,2024-12-23,CAN,2.2,bags,11428
I04585,F0541,21-Oct-24,Farmyard manure,2.8,tonnes,11346
I04586,F0542,2019-04-07,Duduthrin,1.4,litres,"KES 1,276"
I04587,F0542,2022-04-02,DAP,135.0,kg,19774
I04588,F0542,18/05/2022,can,90.0,kg,10218
I04589,F0542,2022-04-01,FYM,1800.0,kg,7377
I04590,F0542,2022-12-29,Duduthrin,0.6,litres,849
I04591,F0542,2024-10-21,DAP,1.6,bags,11952
I04592,F0543,2019-10-20,dap,1.6,bags,10306
I04593,F0543,2019-11-30,Can fertilizer,27.5,kg,2364
I04594,F0543,"Jun 14, 2020",Insecticide - Duduthrin,0.5,litres,698
I04595,F0543,2020-11-10,DAP,1.0,bags,8445
I04596,F0543,2020-12-31,CAN (top dress),17.5,kg,1905
I04597,F0543,2022-05-12,Pesticide,0.7,litres,743
I04598,F0543,2022-11-06,Manure,500.0,kg,
I04599,F0543,2023-01-08,pesticide,0.6,litres,739
I04600,F0544,2019-11-04,dap,95.0,Kg,15700
I04601,F0544,2019-12-16,UREA,1.9,bag,
I04602,F0544,2020-04-24,Insecticide - Duduthrin,1.2,litres,1434
I04603,F0544,2021-11-18,Pesticide,1776.0,mL,2173
I04604,F0544,2022-11-10,DAP,70.0,kg,8106
I04605,F0544,30-Dec-22,Pesticide,1612.0,ml,
I04606,F0545,2019-03-29,dap,1.3,bag,7599
I04607,F0545,2019-03-15,FYM,1300.0,KG,5381
I04608,F0545,2020-04-22,Pesticide,1.0,litres,1337
I04609,F0545,2022-03-02,DAP,70.0,,"KES 9,798"
I04610,F0545,2022-04-13,CAN,0.7,bags,3319
I04611,F0545,2023-12-20,Urea (top dress),36.0,kg,3535
I04612,F0545,2023-11-05,Manure,450.0,kg,1543
I04613,F0545,2023-12-16,Pesticide,0.9,ltrs,977
I04614,F0545,08/03/2024,manure,2600.0,kg,
I04615,F0545,2024-04-26,Duduthrin,1.1,litres,1387
I04616,F0546,16/11/2020,dap,10.2,bag,82077
I04617,F0546,2023-04-15,DAP,335.0,kg,43641
I04618,F0546,19/04/2024,Dap fertilizer,232.5,kg,34750
I04619,F0546,31/05/2024,urea 46%,2.5,bags,"KES 13,959"
I04620,F0546 ,"Apr 10, 2024",manure,6200.0,kg,27151
I04621,F0546,2024-05-18,Pesticide,2.0,litres,
I04622,F0547,2019-04-06,DAP,292.5,KG,
I04623,F0547,2021-10-05,dap,150.0,KG,19916
I04624,F0547,2021-11-14,Urea,1.5,bags,7983
I04625,F0547,22/04/2022,CAN,,Kg,18564
I04626,F0547,13-Apr-22,pesticide,2.9,,3545
I04627,F0547,2023-12-31,Pesticide,1.8,litres,2240
I04628,F0547,20/10/2024,DAP,2.8,bags,15792
I04629,F0548,01/06/2020,Pesticide,0.5,litres,635
I04630,F0548,2021-11-01,DAP,17.5,kg,2490
I04631,F0548,2021-11-27,pesticide,0.9,,
I04632,F0548,2022-10-01,DAP,75.0,kg,10209
I04633,F0548,2024-11-20,DAP,,bag,9552
I04634,F0548,2025-01-14,can,0.6,bags,
I04635,F0548,2024-11-18,Manure,650.0,kg,2509
I04636,F0548,21/01/2025,Duduthrin,0.8,L,941
I04637,F0549,07/03/2019,DAP,4.0,bags,27724
I04638,F-0549,2020-04-19,pesticide,4.1,litres,4929
I04639,F0549 ,27-Dec-21,CAN,117.5,kg,11328
I04640,F0549,2022-04-08,DAP,435.0,kg,50655
I04641,F0549,16/03/2023,dap,2.1,bags,15799
I04642,F0549,09-May-23,CAN (top dress),2.1,bags,9124
I04643,F0549,"Apr 15, 2023",pesticide,6272.0,ml,7821
I04644,F0550,03/03/2019,DAP 18-46-0,470.0,kg,61557
I04645,F0550,18/02/2019,manure,9400.0,kg,40808
I04646,F0550,2019-04-14,pesticide,8.3,litres,"KES 9,834"
I04647,F0550,2020-03-21,DAP,502.5,kg,65388
I04648,F0550,2021-04-13,DAP,345.0,kg,50006
I04649,F0550,17/05/2021,urea 46%,3.4,bag,18699
I04650,f0550,2022-03-30,DAP,23000.0,kg,31077
I04651,F0550,2022-11-19,DAP,3.7,bag,19756
I04652,F0550,2023-01-13,Urea,7.4,,37972
I04653,F0550,2022-11-07,Manure,3.7,tonnes,18437
I04654,F0550,19-Jan-23,pesticide,7.1,L,6918
I04655,F0550,02/03/2024,DAP 18-46-0,14.4,bags,105231
I04656,F0550,2024-04-20,CAN,384.0,kg,40153
I04657,F0550,2024-04-30,pesticide,8.3,L,9805
I04658,f0550,2024-10-06,dap,355.0,kg,60845
I04659,F0550,17-Nov-24,Can fertilizer,177.5,kg,17569
I04660,F0551,07-Apr-19,DAP,105.0,kg,13091
I04661,F0551,23/05/2019,CAN (top dress),2.1,bags,10121
I04662,F0551,"May 27, 2020",Pesticide,0.8,L,1012
I04663,F0551,"Oct 29, 2021",dap,155.0,kg,20001
I04664,F0551,08/12/2021,Urea,3.1,bags,19337
I04665,F0551,05/01/2022,pesticide,4.5,L,5815
I04666,F0551,"Apr 09, 2022",DAP 18-46-0,57.5,Kg,7192
I04667,F0551,13/05/2022,Urea,115.0,Kg,11055
I04668,F0551,07/04/2023,DAP,60.0,kg,7911
I04669,F0551,2023-05-31,UREA,96.0,kg,11173
I04670,F0551,2024-10-13,dap,,kgs,25985
I04671,F0551,2024-11-19,Urea,160.0,KG,17574
I04672,F0552,2019-04-09,DAP,0.6,bags,"KES 4,173"
I04673,F0552,12-May-19,CAN,0.4,50kg bag,1745
I04674,F0552,01-Jun-20,CAN,0.2,bag,853
I04675,F0552,2021-05-21,Duduthrin,0.3,litres,KES 388
I04676,F0552,2021-11-24,Pesticide,0.3,litres,
I04677,F0552,28-Nov-22,Pesticide,0.4,litres,466
I04678,F0552,09/10/2023,DAP,20.0,Kg,
I04679,F0552,17-Nov-23,urea 46%,16.0,kgs,
I04680,F0552,2024-04-16,pesticide,310.0,mL,312
I04681,F0553,2019-11-07,DAP,2.1,bags,15771
I04682,F0553,2019-12-22,urea 46%,105.0,kg,9922
I04683,F0553,"Mar 22, 2020",Dap fertilizer,4.1,bags,25057
I04684,F0553,2020-10-03,dap,115.0,kg,16935
I04685,F0553,2020-11-20,Urea (top dress),115.0,kg,12256
I04686,F0553,2020-09-25,Manure,4600.0,kg,20375
I04687,F0553,2021-04-02,dap,2.1,bags,15100
I04688,F0553,20/05/2021,Urea,84.0,kg,
I04689,F0971,28-Oct-21,DAP,77.5,kg,11075
I04690,F0553,2021-11-26,Pesticide,3.4,litres,4270
I04691,F0553,22-Apr-22,DAP,120.0,Kg,19010
I04692,F0553,08/06/2022,pesticide,1.6,L,1815
I04693,F0553,2023-05-21,Pesticide,2.2,litres,2792
I04694,F0553,2024-04-25,Pesticide,3484.0,mL,4160
I04695,F0553,2024-10-18,Dap fertilizer,135.0,Kg,16745
I04696,F0553,20/11/2024,Urea (top dress),2.7,Bags,15067
I04697,F0554,2019-04-09,Pesticide,0.4,L,499
I04698,F0554,29/03/2021,DAP,10.0,kg,1283
I04699,F0554,2021-05-05,Urea,10.0,kg,872
I04700,F0554,24/10/2021,DAP,25.0,kg,3827
I04701,F0554,2021-12-01,UREA,0.5,bags,2124
I04702,F0554,01/12/2021,Pesticide,0.4,litres,574
I04703,F0554,07/03/2022,DAP,7.5,kg,1131
I04704,F0554,30-Apr-22,CAN,12.0,kg,1226
I04705,F0554,2022-05-01,pesticide,0.3,litres,386
I04706,F0554,17/10/2022,Manure,200.0,kg,
I04707,F0554,2022-11-22,Pesticide,0.2,litres,343
I04708,F0554,"Jan 13, 2024",Pesticide,0.5,litres,582
I04709,F0554,2024-03-20,dap,0.4,bag,2647
I04710,F0554,12-May-24,CAN (top dress),20.0,kg,2259
I04711,F0554,05/10/2024,DAP,15.0,kg,1974
I04712,F0554,2024-11-27,Pesticide,0.4,litres,452
I04713,F0555,2019-06-09,Urea,30.0,50kg bag,1750
I04714,F0555,2021-01-20,Duduthrin,372.0,ml,418
I04715,F0555,10-Apr-21,dap,22.5,kg,3526
I04716,F0555,2021-05-23,Urea,0.2,bags,929
I04717,F0555,"Oct 27, 2021",DAP,0.6,bag,"KES 3,307"
I04718,F0555,2021-12-28,Pesticide,0.5,litres,626
I04719,f0555,20/04/2022,dap,20.0,kg,2749
I04720,F0555,2022-06-05,Urea (top dress),16.0,kg,1587
I04721,F0555,"Apr 06, 2022",Manure,400.0,kg,1372
I04722,F0555,15/12/2023,Duduthrin,0.2,litres,257
I04723,F0555,2024-05-08,pesticide,0.6,L,768
I04724,F0556,2019-05-09,pesticide,0.7,litres,882
I04725,F0556,17-Nov-23,DAP,0.4,bags,2746
I04726,F0556,2023-11-17,Manure,800.0,kg,3528
I04727,F0556,2023-12-19,Pesticide,0.5,l,
I04728,F0556,21/04/2024,dap,0.4,50kg bag,
I04729,F0556,2024-06-13,Urea,20.0,kg,2246
I04730,F0557,2019-12-03,Duduthrin,1.1,litres,1308
I04731,F0557,2021-03-18,DAP 18-46-0,20.0,kg,2786
I04732,F0557,2021-04-21,Urea,40.0,kg,4510
I04733,F0557,2022-06-18,Duduthrin,1.0,litres,1288
I04734,F0557,2023-03-19,Dap fertilizer,0.6,bags,4747
I04735,F0557,2023-04-18,Urea,24.0,KG,2580
I04736,F0557,2024-03-25,dap,65.0,kg,8839
I04737,F0557 ,2024-05-28,Pesticide,1.0,l,1240
I04738,F0558,2019-11-09,Duduthrin,14.2,l,17067
I04739,F0558,26/05/2020,pesticide,5326.0,ml,6808
I04740,F0558,"Nov 19, 2020",DAP,315.0,kg,41913
I04741,F0558,2020-12-27,Urea (top dress),252.0,kg,"KES 23,865"
I04742,F0558,2020-12-22,Insecticide - Duduthrin,5.2,litres,5864
I04743,F0558,14-Mar-21,DAP,592.5,kgs,77822
I04744,F0558,2021-04-26,CAN,197.5,kg,
I04745,F0558,2021-04-11,Pesticide,8.6,litres,9289
I04746,F0558,07/03/2023,DAP,242.5,kgs,40075
I04747,F0558,2023-04-20,CAN (top dress),388.0,kg,45759
I04748,F0558,2023-04-08,Pesticide,9.8,litres,12352
I04749,F0558,05-Oct-23,DAP,315.0,Kg,44777
I04750,F0558,2023-11-22,Urea,157.5,kg,17035
I04751,F0559,2019-10-27,DAP,42.5,Kg,6577
I04752,F0559,28-Nov-19,urea 46%,68.0,kg,8446
I04753,F0559,2019-10-24,Manure,,kg,3456
I04754,F0559,2020-10-25,DAP 18-46-0,0.8,bags,"KES 5,724"
I04755,F0559,2021-04-08,DAP 18-46-0,97.5,kg,14743
I04756,F0559,2021-05-29,pesticide,1.0,litres,1527
I04757,F0560,2022-11-15,DAP,1.2,bag,9213
I04758,F0560,2024-04-01,DAP 18-46-0,2.9,bags,20296
I04759,F0560,16-Oct-24,Farmyard manure,1250.0,kg,4183
I04760,F0561,2019-11-03,DAP,95.0,kg,10654
I04761,F0561,2019-12-13,CAN,76.0,kg,8153
I04762,F0561,24/11/2019,Pesticide,2.3,litres,2270
I04763,F0561,2020-03-14,DAP 18-46-0,240.0,kg,36142
I04764,F0561,2020-04-28,Urea,160.0,kg,14692
I04765,F0561,06/03/2020,Manure,3.2,tonnes,14609
I04766,F0561,22/10/2020,DAP,110.0,kg,12921
I04767,F0561,14/12/2021,Pesticide,6.3,litres,6820
I04768,F0561,2022-04-07,DAP,185.0,KG,24962
I04769,F0561,2022-05-02,Pesticide,2.6,l,2556
I04770,F0562,23-Oct-21,DAP,1.8,bags,12739
I04771,F0562,2021-12-05,UREA,90.0,kg,10010
I04772,F0562,27/03/2023,DAP 18-46-0,55.0,kg,8307
I04773,F0562,13/01/2025,pesticide,2.1,litres,2841
I04774,F0563,2019-12-10,Pesticide,6.8,litres,8249
I04775,F0563,09-Mar-20,DAP,4.0,50kg bag,"KES 30,860"
I04776,F0563,2020-05-04,Duduthrin,2887.0,ml,4049
I04777,F0563,2020-10-07,DAP,117.5,Kg,"KES 19,707"
I04778,F0980,26/11/2020,UREA,,kg,28102
I04779,F0563,2020-12-02,Pesticide,5.5,litres,6478
I04780,F0563,2021-05-01,pesticide,5.0,L,6504
I04781,F0563,11/11/2021,Manure,4150.0,Kg,17160
I04782,F0563,09/12/2021,pesticide,6.8,ltrs,6593
I04783,F0563,07/10/2022,DAP,480.0,Kg,73981
I04784,F0563,2022-11-09,Urea,240.0,kg,22300
I04785,F0563,2024-03-12,DAP,330.0,Kg,
I04786,F0563,2024-04-30,CAN,264.0,KG,30459
I04787,F0563,2024-11-05,DAP,350.0,kg,42609
I04788,F0563,2025-01-05,Pesticide,9.3,litres,
I04789,F0564,2019-03-02,DAP,160.0,kg,20598
I04790,F0564,2020-03-29,Pesticide,3.3,litres,3932
I04791,F0564,2020-12-07,Insecticide - Duduthrin,6.4,L,9150
I04792,F0564,15/04/2023,dap,1.3,bag,10410
I04793,F0564,29/05/2023,CAN,130.0,Kg,
I04794,F0564,14-Apr-23,Manure,1300.0,kg,5017
I04795,F0564,2023-10-22,DAP,240.0,kg,36776
I04796,F-0564,23/12/2023,Duduthrin,2.7,l,3430
I04797,F0564,2024-04-07,dap,200.0,kg,29372
I04798,F0564,2024-05-14,Urea,100.0,kg,9707
I04799,F0565,2020-03-06,dap,,bag,5120
I04800,F0565,16/04/2020,Urea,24.0,kg,2764
I04801,F0565,"Apr 04, 2020",Pesticide,0.6,litres,758
I04802,F0565,2021-03-31,Manure,600.0,Kg,2559
I04803,F0565,2021-06-16,pesticide,0.8,L,1141
I04804,F0565,09/11/2022,DAP,0.6,bags,"KES 4,154"
I04805,F0565,2022-12-29,Can fertilizer,0.6,bags,3070
I04806,F0565,13-Dec-22,pesticide,0.3,litres,370
I04807,F0565,2023-03-16,manure,1200.0,Kg,5439
I04808,F0565,13/04/2023,pesticide,,L,889
I04809,F0565,20/10/2023,DAP,45.0,kg,5790
I04810,F0565,"Dec 03, 2023",CAN,36.0,KG,3276
I04811,F0565,2024-04-07,DAP,0.8,bag,5260
I04812,F0565,"Mar 26, 2024",manure,0.4,tonnes,1812
I04813,F0565,2024-05-24,Pesticide,0.9,ltrs,951
I04814,F0566,2019-05-31,Pesticide,1.1,L,1424
I04815,F0566,2020-04-15,DAP,0.8,bags,5701
I04816,F0566,2020-06-08,Urea,40.0,kgs,4515
I04817,F0566,2020-06-17,Pesticide,1.4,ltrs,1896
I04818,F0566,2020-12-08,Pesticide,1.9,L,2320
I04819,F0566,20/04/2022,Dap fertilizer,150.0,Kg,19827
I04820,F0566,2022-05-12,Pesticide,2.4,l,2549
I04821,F0566,2023-05-12,urea 46%,2.1,bag,11256
I04822,F0567,2019-04-29,Pesticide,1251.0,mL,1441
I04823,f0567,2021-03-17,dap,4.2,bag,28762
I04824,F0567,2021-04-16,CAN,140.0,kgs,13981
I04825,F0567,2024-04-02,DAP,42.5,kg,"KES 6,326"
I04826,F0567,2024-05-14,Urea,1.4,bags,8203
I04827,F0567,"Sep 25, 2024",manure,5.6,t,22492
I04828,F0567,2024-11-03,Pesticide,3.5,litres,4722
I04829,F0568,2019-12-18,Pesticide,0.4,litres,
I04830,F0568,2020-11-17,Dap fertilizer,0.4,bags,3722
I04831,F0568,2020-11-11,Manure,0.15,tonnes,
I04832,F0568,14/04/2023,DAP 18-46-0,0.3,bag,2137
I04833,F0568,2023-05-20,CAN,12.0,kg,1218
I04834,F0568,18/06/2023,Duduthrin,0.4,litres,502
I04835,F0568,2024-12-13,Pesticide,653.0,ml,KES 821
I04836,F0569,2020-10-25,DAP,,bags,
I04837,F0569,09/12/2020,UREA,225.0,kg,21572
I04838,F0569,16/11/2020,pesticide,7.0,litres,8195
I04839,F0569,2021-11-09,dap,7.3,bags,40644
I04840,F0569,02-Apr-22,DAP,,kg,46286
I04841,f0569,06/05/2022,CAN,5.5,bag,27478
I04842,F-0569,26-Mar-22,Manure,3.45,t,16809
I04843,F0569,20-Apr-23,dap,840.0,kg,
I04844,F0569,02/06/2023,UREA,5.6,bags,29724
I04845,F0570,2019-12-03,pesticide,6.5,litres,7858
I04846,F0570,14/10/2020,dap,185.0,kg,"KES 28,079"
I04847,F0570,2020-12-05,CAN,3.7,bags,
I04848,F0570,2021-04-01,DAP,405.0,kg,55860
I04849,F0570,26/03/2021,Manure,2700.0,KG,10608
I04850,F0570,2022-04-05,DAP,2.8,bags,22701
I04851,F0570,2022-05-23,Pesticide,4.2,ltrs,4706
I04852,F0570,2022-10-02,Dap fertilizer,235.0,Kg,31423
I04853,F0570,2022-11-21,Urea,188.0,Kg,19335
I04854,F0570,2023-04-27,Pesticide,6.9,litres,"KES 8,231"
I04855,F0571,2020-03-23,dap,30.0,kg,4472
I04856,F0571,2020-05-22,Pesticide,0.5,litres,565
I04857,F0571,2021-11-07,DAP,12.5,kg,1743
I04858,F0571,25/12/2021,CAN,12.5,kg,1270
I04859,F0571,2022-03-07,DAP,25.0,KG,3565
I04860,F0571,13/04/2022,CAN,0.4,bags,2203
I04861,F0571,2022-02-27,Manure,250.0,kgs,KES 896
I04862,F0571,08/11/2022,DAP,0.5,bag,3766
I04863,F0571,22-Dec-22,can,25.0,kg,2294
I04864,F0571,2023-01-06,Pesticide,0.4,l,435
I04865,F-0572,30/03/2019,dap,45.0,kg,
I04866,F0572,2019-05-16,can,30.0,Kg,3299
I04867,F0572,2019-03-30,Manure,300.0,kgs,
I04868,F0572,2020-03-04,DAP,30.0,kg,4033
I04869,F0572,13/11/2020,DAP,,kg,"KES 3,505"
I04870,F0572,2021-04-13,dap,0.6,Bags,4925
I04871,F0572,04/11/2021,pesticide,,ml,481
I04872,F0572,2022-04-07,DAP,35.0,kg,5566
I04873,F-0572,2022-05-18,Urea (top dress),35.0,Kg,3810
I04874,F0572,2022-03-29,Manure,0.35,t,1693
I04875,F0572,2022-10-01,DAP,12.5,kg,1800
I04876,F0572,2022-11-17,Urea,0.5,Bags,1952
I04877,F0572,2022-09-27,Farmyard manure,250.0,KG,1098
I04878,F0572,2024-03-07,dap,0.3,50kg bag,1920
I04879,F0572,22-Apr-24,CAN,30.0,KG,3235
I04880,F0573,"Apr 05, 2020",DAP,55.0,kg,8168
I04881,F0573,2020-05-26,CAN,44.0,kg,4559
I04882,F0573,2020-05-20,Pesticide,0.6,L,713
I04883,F0573,05/03/2023,DAP,40.0,kgs,5435
I04884,F0573,2023-11-12,DAP,12.5,kg,1493
I04885,F0573,2024-01-03,Urea,25.0,kgs,2914
I04886,f0573,20/04/2024,DAP,1.0,bags,7465
I04887,F0573,08/06/2024,urea 46%,40.0,KG,4535
I04888,F0573,2024-10-16,DAP,27.5,KG,3489
I04889,F0573,2024-11-29,Urea,,bags,5490
I04890,F0574,2019-11-01,dap,4.1,bag,25747
I04891,F0574,2019-12-25,Can fertilizer,16400.0,KG,15698
I04892,F0574,2020-04-16,manure,8800.0,kg,37353
I04893,F0574,2020-05-20,Pesticide,2.4,litres,3013
I04894,F0574,2020-10-13,DAP,122.5,kg,16600
I04895,F0574,2020-11-18,Urea,122.5,kg,"KES 13,357"
I04896,F-0575,"Mar 09, 2019",DAP,25.0,kg,3341
I04897,F0575,"Apr 22, 2019",Urea (top dress),0.4,bags,1999
I04898,F0575,2019-03-07,Manure,250.0,Kg,1024
I04899,F0575,10-Oct-21,Manure,350.0,kg,1507
I04900,F0575,10/12/2021,Pesticide,733.0,ml,801
I04901,F0575,2022-03-12,DAP,27.5,kg,3406
I04902,F0575,12/04/2022,CAN,27.5,KG,2611
I04903,F0575,2022-11-15,DAP,67.5,kg,9379
I04904,F0575,"Jan 04, 2023",CAN,0.7,bags,4152
I04905,F0575,2022-11-14,Manure,450.0,kg,2070
I04906,F0575,2023-03-04,DAP,0.8,bags,5549
I04907,F0575,25/02/2023,Manure,800.0,kg,3464
I04908,F0575,21/04/2023,Duduthrin,0.8,ltrs,1007
I04909,F0575,10/10/2023,DAP,0.8,bags,5060
I04910,F0575,2023-11-13,Urea,40.0,kgs,4694
I04911,F0576,20-Mar-20,DAP,80.0,kg,10079
I04912,F0576,"Dec 01, 2020",Pesticide,1.4,litres,1839
I04913,F0576,2021-10-17,DAP 18-46-0,105.0,kg,
I04914,F0576,2022-03-30,DAP,35.0,kg,5269
I04915,F0576,2022-05-03,Urea,56.0,kg,7029
I04916,F0577,2019-03-16,DAP 18-46-0,520.0,KG,64547
I04917,F0577,"May 05, 2019",Pesticide,9.9,l,11992
I04918,F0577 ,2021-04-08,DAP,445.0,Kg,68838
I04919,F0577,09/05/2021,UREA,,Kg,41054
I04920,F0577,2021-06-14,Pesticide,10.7,litres,13431
I04921,F0577,2021-10-27,DAP,9.8,bags,59959
I04922,F0577,01/11/2022,Manure,14.0,,63538
I04923,F0577,"Jun 21, 2023",pesticide,13.9,litres,15384
I04924,F0577,2023-11-05,pesticide,5636.0,mL,6934
I04925,F0577,09/11/2024,DAP,592.5,kg,75927
I04926,F0577,26/12/2024,CAN (top dress),316.0,kg,25392
I04927,F0578,2019-10-02,DAP,0.4,bags,3048
I04928,F0578,22/10/2020,DAP,1.0,bags,6896
I04929,F0578,28-Nov-20,CAN,0.4,bag,1634
I04930,F0578,31/12/2020,Duduthrin,0.6,litres,672
I04931,F0578,03/03/2021,dap,35.0,kg,4371
I04932,f0578,2021-03-26,Pesticide,0.6,litres,
I04933,F0578,01/10/2021,dap,12.5,kg,1807
I04934,F0578,10/05/2022,Insecticide - Duduthrin,0.6,litres,844
I04935,F0578,2023-03-16,dap,0.3,bags,2158
I04936,F0578,07/12/2023,Urea,0.4,bags,1826
I04937,F0578,2024-11-19,DAP,0.3,bags,1719
I04938,f0579,11/05/2019,Duduthrin,1.2,L,1360
I04939,F0579,2020-03-23,dap,97.5,KG,13176
I04940,F0579,2020-05-08,Urea,32.5,Kg,3913
I04941,F0579,2021-11-07,DAP,105.0,kgs,13797
I04942,F0579,10-Dec-21,Urea,1.1,50kg bag,
I04943,F0579,03-Apr-22,DAP,90.0,kg,12668
I04944,F0579,2022-05-22,can,90.0,kg,9072
I04945,F0579,2022-10-10,Manure,800.0,Kg,2804
I04946,F0579,10/10/2024,DAP,22.5,kg,3757
I04947,F0579,2024-11-22,Urea,0.7,bags,3221
I04948,F0579,2024-11-20,Pesticide,0.7,l,
I04949,F0580,2020-04-03,DAP,1.8,bag,13065
I04950,F0580,2020-05-27,Urea,148.0,KG,14569
I04951,F0580,2020-11-07,dap,120.0,kg,17563
I04952,F0580,29/10/2020,Manure,4800.0,Kg,19544
I04953,F0580,2020-12-29,pesticide,2.3,litres,2261
I04954,F0580 ,2023-03-07,DAP,215.0,kg,29002
I04955,F0580,13/04/2023,CAN,,kgs,
I04956,F0580,2023-03-03,Manure,8.6,tonnes,35905
I04957,F0580,08/04/2023,Insecticide - Duduthrin,5856.0,ml,7413
I04958,F0580,"Oct 31, 2023",Manure,8.0,tonnes,31147
I04959,F0580,08/04/2024,DAP,90.0,kg,11124
I04960,F0580,23-May-24,Urea,1.4,bags,7862
I04961,F0580,2024-04-04,FYM,1.8,tonnes,7191
I04962,F0580,2024-05-10,Pesticide,101500.0,ml,
I04963,F0580,2024-10-23,DAP 18-46-0,82.5,KG,12606
I04964,F0581 ,2019-11-03,DAP,12.5,kg,1966
I04965,F-0581,"Nov 15, 2022",DAP,0.2,bags,1699
I04966,F0581,2023-01-07,can,25.0,kgs,2707
I04967,F0582,2020-03-08,DAP,1.0,bags,7074
I04968,F0582,26/04/2020,Urea,25.0,KG,"KES 2,326"
I04969,F0582,13/04/2020,Insecticide - Duduthrin,0.8,litres,778
I04970,F0582,2021-01-20,Pesticide,0.6,litres,880
I04971,f0582,2022-11-17,Manure,300.0,kg,1260
I04972,F0582,03/05/2023,Pesticide,1334.0,ml,1918
I04973,F0583,21/05/2019,Pesticide,0.9,litres,1163
I04974,F0583,2021-10-09,DAP,2.7,bag,20912
I04975,F0583,"May 20, 2023",Pesticide,1346.0,ml,1688
I04976,F0583,2024-04-09,dap,1.6,bags,12004
I04977,F0583,2024-05-19,Pesticide,2.0,litres,1828
I04978,F0583,2024-10-21,DAP,75.0,Kg,9938
I04979,F0584,2019-10-22,DAP,10.9,bags,64874
I04980,F0584,2019-11-27,can,8.7,bags,41890
I04981,F0584,19/10/2019,Manure,10900.0,kg,36264
I04982,F0584,2019-11-26,Pesticide,6.1,L,7449
I04983,F0584,23/03/2020,FYM,5650.0,KG,27109
I04984,F0584,2020-06-11,Pesticide,13.3,l,16594
I04985,F0584,"Nov 26, 2020",Pesticide,8.5,L,10157
I04986,F0584,03/11/2021,DAP,802.5,kg,109485
I04987,F0584,2021-12-05,urea 46%,535.0,kg,54749
I04988,F0584,2022-04-05,Manure,3600.0,Kg,"KES 13,727"
I04989,F0585,2019-04-23,DAP,1.0,bags,7018
I04990,F0585,25/05/2019,can,0.4,bags,1948
I04991,f0585,2019-05-13,pesticide,0.8,litres,1074
I04992,F0585,20-May-20,Pesticide,0.6,litres,566
I04993,F0585,2021-05-12,Insecticide - Duduthrin,0.6,L,694
I04994,F0585,2021-10-13,dap,0.2,Bags,1365
I04995,F0585,"Nov 13, 2021",CAN,20.0,kg,2431
I04996,F0585,02/10/2021,Manure,200.0,KG,790
I04997,F0585,2022-12-15,Duduthrin,0.4,litres,609
I04998,F0585,2023-05-11,Pesticide,0.6,litres,KES 805
I04999,F0585,15/03/2024,DAP,0.8,50kg bag,5381
I05000,F0585,2024-04-18,urea 46%,25.0,kg,2762
I05001,F-0586,19/11/2019,DAP 18-46-0,95.0,kg,13490
I05002,F0586,2019-12-30,UREA,76.0,KG,8000
I05003,F0586,2020-01-18,Pesticide,1.1,L,1558
I05004,F0586,10/06/2020,Insecticide - Duduthrin,4.0,litres,4730
I05005,F0586,2021-04-29,urea 46%,62.5,kg,
I05006,F0586,2021-11-05,DAP,100.0,KG,"KES 13,674"
I05007,F0586,2022-10-12,dap,65.0,kgs,10801
I05008,F0586,"Nov 13, 2022",CAN (top dress),65.0,kg,6208
I05009,F0587,15-Nov-19,DAP,3.1,bag,23649
I05010,F0587,17/12/2019,UREA,77.5,kgs,8597
I05011,F0587,2020-03-10,DAP,85.0,Kg,"KES 9,819"
I05012,F0587,2020-05-16,pesticide,,litres,1618
I05013,F0587,12/04/2021,DAP,1.7,bags,13189
I05014,F0587,2021-05-28,CAN,136.0,kgs,12145
I05015,F0587,30/10/2021,Dap fertilizer,210.0,kg,23535
I05016,F0587,2021-12-19,Urea,70.0,kg,8075
I05017,F0587,22-Mar-23,manure,1.2,MT,4950
I05018,F0587,2023-05-02,pesticide,3249.0,ml,3678
I05019,F0587,2024-01-22,pesticide,,mL,2756
I05020,F0588,2019-10-10,dap,120.0,kg,16111
I05021,F0588,24-Nov-19,Pesticide,3.6,l,3841
I05022,F0588,27-Oct-20,DAP,4.4,bags,28507
I05023,F0588,2020-12-12,Urea,176.0,Kg,18948
I05024,F0588,17/03/2021,DAP,,kg,36541
I05025,F0588,2021-05-02,UREA,235.0,kg,24289
I05026,F0588,2021-11-06,DAP,105.0,kg,15789
I05027,F0588,09/12/2021,CAN,2.1,bags,11798
I05028,F0588,13/01/2023,pesticide,2.0,litres,2458
I05029,F0588,2023-03-12,dap,,kg,18526
I05030,F0588,15/11/2023,DAP,110.0,kg,14896
I05031,F0588,2023-12-30,CAN,220.0,kg,23331
I05032,F0588,2024-03-11,DAP 18-46-0,375.0,kg,50609
I05033,F0588,07/10/2024,dap,122.5,kg,16773
I05034,F0589,2019-11-16,pesticide,0.7,litres,771
I05035,F0589,16-Apr-20,Manure,1200.0,kg,4576
I05036,F0589,2020-11-12,Manure,,tonnes,10728
I05037,F0589,2021-01-15,pesticide,1.8,L,2152
I05038,F0589,2021-10-25,DAP,0.7,Bags,4349
I05039,F0589,2022-01-01,Pesticide,543.0,ml,593
I05040,F0589,2022-04-13,Dap fertilizer,70.0,kgs,8920
I05041,F0589,2022-06-04,CAN (top dress),1.4,bag,
I05042,F0589,2022-06-21,Insecticide - Duduthrin,2081.0,mL,2262
I05043,F0589,29-Sep-22,Manure,350.0,kg,1435
I05044,F0589,01-Nov-22,Insecticide - Duduthrin,0.8,litres,1082
I05045,F0589,2024-04-18,DAP,105.0,kg,14549
I05046,F0589,28-May-24,Pesticide,1.5,litres,1568
I05047,F0589,2025-01-12,Duduthrin,1.4,litres,1604
I05048,F0590,2019-03-22,DAP,0.8,bags,"KES 6,251"
I05049,F0590,25/03/2020,DAP 18-46-0,80.0,kg,"KES 11,644"
I05050,F0590,2020-05-12,urea 46%,1.6,bag,8270
I05051,F0590,"Mar 18, 2020",Manure,800.0,kg,3509
I05052,F-0590,2022-03-07,dap,95.0,kg,12250
I05053,F0591,27-Mar-19,DAP,6.6,bags,52245
I05054,F0591,2019-05-05,urea 46%,330.0,Kg,36010
I05055,F0591,19/03/2019,Manure,13200.0,Kg,59171
I05056,F-0591,2020-02-29,Manure,5900.0,KG,24089
I05057,F0591,13/05/2020,pesticide,4.8,litres,5743
I05058,F0591,2020-11-09,DAP,9.6,50kg bag,56988
I05059,F0591,30/12/2020,Urea,320.0,kgs,"KES 40,138"
I05060,F0591,2021-01-09,Pesticide,4.0,L,5522
I05061,F0591 ,10/10/2021,DAP,235.0,kg,25318
I05062,F0591,02/10/2021,Manure,2350.0,kg,10591
I05063,F0591,2023-03-31,DAP,3.2,50kg bag,
I05064,F0591,2023-05-09,Pesticide,,litres,6644
I05065,F0591,2023-11-20,DAP 18-46-0,2.9,bags,25235
I05066,F0591,2024-10-05,Manure,,kg,9242
I05067,F0592,07/04/2021,DAP,175.0,kg,23308
I05068,F-0592,2021-05-29,CAN,175.0,Kg,18558
I05069,F0592,2021-04-04,manure,7000.0,Kg,25822
I05070,F0592,04/03/2023,DAP,345.0,kg,50834
I05071,F0592,2023-04-09,can,276.0,KG,24262
I05072,F0592,24/03/2023,Pesticide,5.4,litres,7595
I05073,F0592,2024-11-02,DAP,3.4,bag,"KES 21,695"
I05074,F0593,30/03/2019,DAP,97.5,kg,13580
I05075,F0593,2019-03-29,Manure,1.3,MT,5811
I05076,F0593,2020-04-19,dap,105.0,KG,16364
I05077,F0593,2020-06-01,CAN,0.7,bags,3910
I05078,F0593,2020-06-26,Insecticide - Duduthrin,2059.0,ml,2895
I05079,F0593,05/10/2020,Manure,1100.0,,4736
I05080,F0594,19/04/2020,DAP,105.0,kg,13420
I05081,F0594,2021-04-24,DAP,2.1,bags,
I05082,F0594,2021-04-24,Manure,1.05,,4127
I05083,F0594,2023-12-27,can,47.5,kg,4898
I05084,F0594,2024-03-20,DAP,,bags,13381
I05085,F0595,19/11/2019,pesticide,3.1,L,3927
I05086,F0595,2020-04-10,DAP,3.7,Bags,
I05087,F0595,2020-05-17,can,3.7,50kg bag,18856
I05088,F0595,2020-06-14,Pesticide,3.9,litres,4276
I05089,F0595,2020-10-18,DAP 18-46-0,2.2,bags,14782
I05090,F0595,2021-03-10,DAP,2.1,bag,
I05091,F0595,04/03/2021,Manure,1.05,t,3671
I05092,F0595,2023-03-17,DAP 18-46-0,3.0,50kg bag,22741
I05093,F0595,2023-04-27,CAN,100.0,kg,9334
I05094,f0595,2023-11-13,DAP,2.0,bags,16560
I05095,f0596,2019-03-01,DAP,112.5,kg,14967
I05096,F0596,2019-03-31,CAN (top dress),1.5,bags,
I05097,F0596,2021-03-24,dap,125.0,kg,18961
I05098,F-0596,2021-05-16,CAN,2.0,bags,11103
I05099,F0596,2022-11-27,Duduthrin,2.9,litres,3641
I05100,F0596,2024-04-06,Dap fertilizer,120.0,kg,19222
I05101,F0596,2024-05-22,CAN,120.0,kg,11461
I05102,F0596,2024-04-29,Pesticide,1673.0,ml,1834
I05103,F0597,14/11/2019,DAP,20.0,Kg,2816
I05104,F0597,"Jan 08, 2020",UREA,10.0,Kg,1059
I05105,F0597,12/01/2020,Pesticide,0.4,L,
I05106,F0597,05/01/2025,Duduthrin,164.0,mL,237
I05107,F0598,2019-11-06,DAP,3.0,50kg bag,18694
I05108,F0598,2019-12-30,can,,Bags,10939
I05109,F0598,2019-12-28,Pesticide,1.7,litres,1719
I05110,F0598,12-Mar-20,DAP,300.0,KG,
I05111,F0598,2020-05-01,UREA,150.0,kg,15913
I05112,F0598,28/02/2020,FYM,3.0,tonnes,"KES 11,227"
I05113,F0598,2020-04-04,pesticide,6.2,litres,7400
I05114,F0598,"Oct 23, 2020",DAP 18-46-0,262.5,kg,39438
I05115,F0598,23/11/2020,Urea,175.0,kg,18489
I05116,F0598,2020-12-30,Pesticide,1.9,litres,1990
I05117,F0598,09-Apr-21,Manure,1400.0,kgs,6097
I05118,F0598,10/11/2021,Pesticide,4.2,litres,5483
I05119,F0598,18-Nov-22,DAP 18-46-0,235.0,kg,30788
I05120,F0598,17/12/2022,Pesticide,5.8,litres,6537
I05121,F0598,2023-10-23,dap,6.2,bags,39892
I05122,F0598,2024-10-21,dap,3.9,bags,26529
I05123,F0598,"Nov 26, 2024",Urea,156.0,kg,13933
I05124,F0598,2024-11-13,Pesticide,5.7,litres,7245
I05125,F0599,2019-04-08,UREA,135.0,kgs,12850
I05126,F0599,17/03/2020,DAP,80.0,KG,11856
I05127,F0926,2020-05-16,Pesticide,2.7,litres,3995
I05128,F0599,2020-11-11,CAN (top dress),1.7,bag,8044
I05129,F0599,2021-11-09,Pesticide,1.6,L,1882
I05130,F0599,30/10/2022,DAP,2.3,bag,14915
I05131,F0599,2022-12-05,CAN (top dress),115.0,Kg,9788
I05132,F0599,2023-04-23,dap,4.0,bags,29164
I05133,F0599,2023-06-18,Pesticide,1996.0,ml,2399
I05134,F0599,2024-03-14,DAP,1.0,bag,8654
I05135,F0599,2024-04-26,Urea,1.0,bags,
I05136,F0599,2024-05-02,Pesticide,3.1,litres,2873
I05137,F0600,01-Oct-19,DAP,55.0,kg,7831
I05138,F0600,2019-11-16,CAN,2.2,bags,8371
I05139,F0600,2019-12-08,Pesticide,1.9,litres,2013
I05140,F0600,2020-11-16,DAP,105.0,Kg,13515
I05141,F0600,2020-12-27,Pesticide,2.1,litres,3228
I05142,F0600,27/03/2021,DAP,1.2,bags,9467
I05143,F0600,2021-04-26,Urea,1.2,bags,6233
I05144,f0600,2024-05-27,Pesticide,1.5,litres,1946
I05145,F0601,2020-11-08,DAP,65.0,Kg,
I05146,F0601,2021-01-13,pesticide,1.6,L,1810
I05147,F0601,2021-10-22,DAP,55.0,kg,6759
I05148,F0601,2024-03-12,Manure,0.9,tonnes,3993
I05149,F0602,2020-03-01,DAP,2.8,bags,21111
I05150,F0602,17/02/2020,FYM,2800.0,kg,10678
I05151,F0602,20/04/2020,Pesticide,3.0,litres,3179
I05152,F0602,04/10/2020,DAP,160.0,Kg,21601
I05153,F0602,2022-11-16,Pesticide,4.0,litres,4980
I05154,f0602,2023-12-11,pesticide,2.9,ltrs,3771
I05155,F0602,15-Apr-24,DAP,140.0,kg,19068
I05156,F0603,20/11/2019,dap,1.2,bags,9877
I05157,F0603,2020-07-01,Pesticide,1.3,litres,1786
I05158,F0603,2021-12-13,Pesticide,1.6,L,2128
I05159,F-0603,2022-03-04,DAP,,kgs,17071
I05160,f0603,06/04/2022,urea 46%,125.0,kg,12222
I05161,F0604,2019-04-25,Dap fertilizer,3.0,bags,19520
I05162,F0604,2019-06-15,CAN,1.0,bag,4401
I05163,F0604,06/04/2020,DAP 18-46-0,27.5,kg,3996
I05164,F0604 ,2020-10-25,DAP,229.99999999999997,50kg bag,18988
I05165,F0604,2020-12-06,UREA,1.2,bag,5907
I05166,F0605,03-Apr-19,dap,2.0,bags,13445
I05167,F0605,2019-03-21,manure,2.05,tonnes,"KES 7,633"
I05168,f0605,2019-10-02,DAP,185.0,Kg,
I05169,F0605 ,2020-04-21,DAP,247.5,kg,34095
I05170,F0605,2020-04-14,manure,3.3,tonnes,16345
I05171,F0605,02/11/2021,DAP,200.0,kg,27226
I05172,F0605,17/12/2021,Urea,200.0,kg,20974
I05173,F0605,"Oct 29, 2021",Farmyard manure,2000.0,Kg,8007
I05174,F0605,2024-12-18,UREA,1.5,bags,8263
I05175,F0605,17/11/2024,Pesticide,,L,3619
I05176,F0606,29-Jun-19,Pesticide,0.3,L,375
I05177,F0606 ,2019-12-13,Insecticide - Duduthrin,0.7,litres,1006
I05178,F0606,2020-05-06,Insecticide - Duduthrin,0.4,litres,491
I05179,F0606,26/10/2020,Dap fertilizer,0.2,bags,1588
I05180,F0606,11-May-22,Pesticide,0.7,ltrs,922
I05181,F0606,25/03/2024,DAP,35.0,KG,5372
I05182,F0606,14/05/2024,Urea,17.5,kg,1793
I05183,F0606,2024-11-18,DAP,12.5,kgs,1943
I05184,F0606,2025-01-02,Urea (top dress),0.5,bag,2678
I05185,F0607,2019-03-01,DAP,50.0,Kg,6924
I05186,F0972,16/04/2019,urea 46%,80.0,kg,
I05187,F0607,2020-05-16,Duduthrin,2.5,litres,"KES 2,528"
I05188,F0607,2020-10-29,DAP,95.0,KG,12998
I05189,F0607,2021-04-05,DAP,170.0,bags,"KES 11,411"
I05190,F0607,"May 20, 2021",CAN,1.7,bags,8560
I05191,F0607,2021-03-27,manure,1700.0,kg,6112
I05192,F0607,2021-10-07,dap,2.6,bags,18436
I05193,F0607,05/10/2021,Manure,2600.0,kg,10794
I05194,F0607,2022-04-16,DAP,175.0,kg,21649
I05195,F0607,2023-10-23,dap,5.1,bags,36387
I05196,f0607,2023-10-15,Manure,1.7,tonnes,5826
I05197,F0607,"Oct 09, 2024",DAP,4.2,bags,30468
I05198,F0607,2024-11-20,Urea,112.0,KG,"KES 12,251"
I05199,F0608,17-Mar-19,dap,2.0,bags,14437
I05200,F0608,05/05/2019,UREA,100.0,Kg,
I05201,F0608,2019-12-06,pesticide,1.6,litres,1881
I05202,F0608,30/11/2021,Pesticide,1.0,litres,1243
I05203,F0608,2022-10-04,DAP,1.1,50kg bag,7568
I05204,F0608,2022-11-10,UREA,55.0,Kg,
I05205,F0608,07/11/2022,Insecticide - Duduthrin,1.2,ltrs,1565
I05206,F0608,03/11/2024,dap,2.4,bags,16735
I05207,F0960,2020-10-02,DAP,1.9,bags,13709
I05208,F0609,01/11/2020,Pesticide,1.8,L,
I05209,F0609,2021-03-31,Dap fertilizer,,kg,23917
I05210,F0609,2021-05-14,CAN,110.0,KG,10339
I05211,F0609,20-Nov-21,DAP,195.0,Kg,26666
I05212,F0935,2021-12-22,CAN,2.0,bags,10086
I05213,F0609,2022-01-20,Pesticide,3053.0,ml,3473
I05214,F0609,2022-04-09,Dap fertilizer,5.2,50kg bag,35039
I05215,F0609,26/03/2022,Manure,1.75,t,7300
I05216,F0609,08-Mar-24,Dap fertilizer,82.5,KG,10587
I05217,F0609,2024-04-24,Urea,165.0,kg,20007
I05218,F0609,2024-10-24,DAP,95.0,kg,12788
I05219,F0610,15/04/2022,dap,1.0,bags,8417
I05220,F0610,22/05/2022,CAN,0.4,Bags,1698
I05221,F0610,28/05/2022,pesticide,0.9,litres,1108
I05222,F0610,2022-11-10,Manure,400.0,kg,1395
I05223,F0610,2022-12-27,Pesticide,0.5,litres,598
I05224,F0610,2023-03-29,Manure,400.0,kg,1205
I05225,F0610,25-Apr-23,Pesticide,1.0,litres,1329
I05226,F0610,2023-10-12,dap,45.0,kg,5669
I05227,F0610,2023-12-03,UREA,0.3,50kg bag,1571
I05228,F0610,2024-05-12,can,0.8,50kg bag,3837
I05229,F0611,2020-09-25,Manure,1.0,tonnes,"KES 4,504"
I05230,F0611 ,21-Oct-21,Manure,,Kg,5790
I05231,F0611,11/12/2022,pesticide,0.7,litres,
I05232,F0611,2023-11-05,FYM,4200.0,kg,17779
I05233,F0611,04/01/2024,Insecticide - Duduthrin,1.3,l,
I05234,F0611,26-Apr-24,pesticide,1.1,l,
I05235,F0612,2019-03-26,DAP,,Kg,
I05236,F0612,2019-05-14,Urea,92.5,kg,9034
I05237,F0612,2022-03-29,DAP,120.0,kg,
I05238,f0612,2022-04-25,pesticide,3.0,litres,3483
I05239,F0612,2022-10-28,DAP,0.8,50kg bag,6113
I05240,F0612,2022-12-15,Can fertilizer,42.5,Kg,4154
I05241,F0612,2023-11-05,DAP,40.0,kg,6621
I05242,F0612,2023-10-25,Farmyard manure,1600.0,kg,6546
I05243,F0612,2024-01-08,Pesticide,1.4,litres,1927
I05244,f0612,18/10/2024,DAP,1.1,bags,8351
I05245,F0613,20-Mar-19,Manure,7.8,tonnes,34722
I05246,F0613,06/05/2019,Pesticide,3.2,litres,
I05247,F0613,2020-05-05,Pesticide,1.9,L,2606
I05248,F0613,2021-04-02,Manure,1650.0,kg,6107
I05249,F0613,30/05/2021,Pesticide,4.8,l,6765
I05250,F0613,2021-11-16,DAP,2.3,bags,"KES 14,655"
I05251,F0613,24/12/2021,Urea,115.0,Kg,13978
I05252,F0613,2021-11-13,Manure,1.15,t,4678
I05253,F0613,2023-03-19,Manure,1600.0,kg,6711
I05254,F0613,20/05/2023,Insecticide - Duduthrin,3.5,litres,4239
I05255,F0614,2019-04-04,DAP,47.5,kg,6592
I05256,F0614,20/04/2020,pesticide,3.4,litres,"KES 4,442"
I05257,F0614,22-Apr-21,DAP 18-46-0,,kgs,4413
I05258,F0614,2021-06-01,CAN,1.3,bags,6040
I05259,F0614,2021-06-28,Pesticide,1.5,litres,1528
I05260,F0614,2022-10-14,dap,32.5,KG,"KES 4,111"
I05261,F0614,04/12/2022,UREA,,kg,3205
I05262,F0614,28/11/2022,Pesticide,1.4,L,1446
I05263,F0614,2023-11-30,Pesticide,3.1,L,4616
I05264,F0614,2024-10-21,dap,1.3,bags,9543
I05265,F0615,2019-05-20,Duduthrin,1.7,litres,1922
I05266,F0615,2019-11-14,Dap fertilizer,82.5,kg,12276
I05267,F0615,2019-12-19,Urea,2.6,bags,"KES 12,553"
I05268,F0615,2021-04-17,dap,187.5,kg,25673
I05269,F0615,2021-05-27,Urea,2.0,Bags,10990
I05270,F0615,2022-03-24,DAP 18-46-0,2.9,Bags,21542
I05271,F0615,10/11/2022,dap,85.0,kg,11285
I05272,F0615,2022-12-17,Pesticide,3.1,ltrs,3753
I05273,F0615,2023-10-11,DAP,3.7,bags,32643
I05274,F0615,04/12/2023,CAN (top dress),148.0,kg,"KES 13,184"
I05275,F0616,2019-04-03,DAP,10.0,kg,
I05276,F0616,"May 26, 2019",Pesticide,0.4,L,557
I05277,F0616,2020-03-03,dap,0.9,bags,6559
I05278,F0616,"May 08, 2020",Pesticide,738.0,ml,970
I05279,F0616,05/11/2020,Manure,0.6,tonnes,2267
I05280,F0616,2021-11-13,DAP,35.0,KG,4826
I05281,F0616,28/12/2021,CAN,35.0,Kg,3914
I05282,F0617,"Oct 13, 2019",DAP 18-46-0,17.5,kg,2125
I05283,F0617,07/11/2020,DAP,0.2,,1204
I05284,F0617,2020-10-29,Manure,0.4,t,1536
I05285,F0617,2022-04-12,DAP,35.0,Kg,4469
I05286,F-0617,2022-06-04,can,0.6,Bags,2851
I05287,F0617,09/10/2022,DAP,45.0,kg,6685
I05288,F0617,"Apr 09, 2023",DAP,0.4,bags,3069
I05289,F0617,2023-11-02,Manure,0.4,MT,1263
I05290,F0617,2024-04-23,DAP,10.0,kg,1444
I05291,F0617,28-May-24,CAN,0.3,bags,"KES 1,485"
I05292,F0617,2024-10-02,Manure,600.0,kg,2519
I05293,F0618,2019-11-09,DAP,112.5,kg,16998
I05294,F0618,14-Dec-19,can,1.5,bags,8325
I05295,F0619,2019-04-24,can,135.0,kg,15105
I05296,F0619,"Apr 19, 2019",Pesticide,6149.0,ml,7031
I05297,F0619,2020-03-27,DAP,3.8,bags,28035
I05298,F0619,2020-05-17,Urea,1.9,Bags,9909
I05299,F0619,16/03/2020,manure,3800.0,kg,14291
I05300,F0619,2024-04-09,DAP,1.7,bags,
I05301,F0620,2019-12-15,Pesticide,1.6,litres,1952
I05302,F0620,"Apr 11, 2020",DAP,82.5,Kg,
I05303,F0620,2020-05-17,Pesticide,1.4,L,
I05304,F0620,27/03/2021,Manure,1100.0,kg,3605
I05305,F0620,03-Apr-22,dap,1.4,bags,11564
I05306,F0620,2022-03-20,Manure,700.0,kgs,2689
I05307,F0620,16/05/2022,Pesticide,1.1,litres,1107
I05308,F0620,27/12/2022,UREA,1.0,bags,4454
I05309,F0621,2019-04-20,DAP,52.5,kg,6381
I05310,F0621,10/05/2019,Pesticide,0.9,L,1039
I05311,F0621,2020-10-17,Dap fertilizer,0.8,bags,5231
I05312,F0621,18-Nov-20,UREA,40.0,kg,4934
I05313,F0621,02/03/2021,DAP 18-46-0,15.0,Kg,"KES 2,368"
I05314,F0621,2021-11-12,DAP,20.0,kg,2951
I05315,F0621,2022-01-01,UREA,0.4,bags,1824
I05316,F0621,2021-11-11,Manure,0.4,tonnes,1410
I05317,F0621,11/12/2021,Pesticide,0.4,litres,516
I05318,F0621,2022-04-14,dap,52.5,kg,7361
I05319,F0621,2022-06-07,Urea,0.6,bags,
I05320,F0621,2022-05-29,Pesticide,0.5,litres,580
I05321,F0621,2022-10-08,DAP 18-46-0,0.4,bag,2395
I05322,F-0621,14-Nov-22,CAN (top dress),40.0,kg,3471
I05323,F0621,2022-10-08,Manure,1600.0,kg,"KES 5,569"
I05324,F0622,2019-11-01,DAP 18-46-0,195.0,,26639
I05325,F0622,26/11/2019,Pesticide,4126.0,ml,5254
I05326,F0622,2020-03-24,dap,1.1,bags,7773
I05327,F0622,2020-12-09,Pesticide,1.9,litres,2440
I05328,F0991,2021-04-08,Dap fertilizer,3.9,bags,25326
I05329,F0622,30-Mar-22,Dap fertilizer,25500.0,kg,38450
I05330,F0622,2023-10-26,DAP,5.4,bags,40405
I05331,F0622,2023-12-19,CAN,3.6,bags,12890
I05332,F0622,2024-10-18,manure,1.6,t,7032
I05333,F-0623,2019-02-22,manure,1100.0,KG,4516
I05334,F0623,01/05/2019,Pesticide,2.0,litres,2412
I05335,F0623,04/11/2019,DAP,140.0,kg,21658
I05336,F0623,29/12/2019,CAN (top dress),2.2,bags,12203
I05337,F0623,2020-11-04,dap,3.8,bags,26936
I05338,F0623,"Dec 24, 2020",Urea,1.2,50kg bag,7952
I05339,F0623,2020-11-26,Pesticide,2.9,litres,3973
I05340,F0624,2019-10-10,Dap fertilizer,3.0,bags,17823
I05341,F0624,03/12/2019,Urea,1.0,bags,6549
I05342,F0624,2019-10-04,Manure,4000.0,kg,16131
I05343,F0624,2020-04-02,dap,35.0,Kg,4510
I05344,F0624,2020-05-17,can,1.4,bags,"KES 6,826"
I05345,F0624,30-Oct-20,DAP,40.0,kg,6156
I05346,F0624,2021-03-16,DAP,1.6,50kg bag,9611
I05347,F0624,2021-04-28,CAN,40.0,kg,3552
I05348,F-0624,2022-04-12,DAP,75.0,kg,10589
I05349,F0624,2022-05-16,Urea,1.5,bags,7744
I05350,f0624,31/03/2022,Manure,750.0,Kg,2847
I05351,F0624,"Mar 22, 2023",DAP,65.0,Kg,"KES 9,205"
I05352,F0624,12-May-23,Pesticide,1.3,L,1432
I05353,F0624,07/04/2024,Pesticide,1.0,l,1184
I05354,F0624,04/01/2025,Duduthrin,1.8,ltrs,2043
I05355,F0625,2019-04-11,DAP,22.5,Kg,3594
I05356,F0625,27/05/2019,can,36.0,Kg,3203
I05357,F0625,01/06/2022,Pesticide,,L,775
I05358,F0625,2024-11-02,DAP,0.7,Bags,5045
I05359,F0625,21/12/2024,Pesticide,916.0,ml,1081
I05360,F0626,06/01/2020,pesticide,1030.0,ml,1324
I05361,F0626,09/04/2020,DAP 18-46-0,25.0,kg,3310
I05362,f0626,2020-05-23,CAN,20.0,KG,
I05363,F0626,2020-05-23,Duduthrin,552.0,ml,713
I05364,F0626,2022-04-23,DAP,0.4,bag,3403
I05365,F0626,09/03/2024,DAP,25.0,kg,3346
I05366,F0627,18-Oct-19,dap,202.5,kg,"KES 27,233"
I05367,F0627,2019-12-08,CAN,135.0,kg,16441
I05368,F0627,2020-02-27,manure,1.6,tonnes,"KES 6,462"
I05369,F0627,2020-04-03,pesticide,1.4,litres,1858
I05370,F0627,2021-12-02,Pesticide,1.5,litres,1983
I05371,F0627,2022-04-23,DAP,1.4,bag,10667
I05372,F0627,10/06/2022,CAN,140.0,kg,13826
I05373,f0627,"Mar 26, 2023",DAP,2.0,bag,14653
I05374,F0627,2024-01-20,Pesticide,0.9,litres,1016
I05375,F0627,21-Mar-24,DAP,45.0,Kg,6918
I05376,F0627,2024-11-03,FYM,3000.0,Kg,10973
I05377,F0628,28/10/2020,DAP,3.0,50kg bag,20765
I05378,F-0628,13/10/2021,DAP 18-46-0,5.1,bags,35005
I05379,F0628,21/02/2022,Manure,9.4,tonnes,38642
I05380,F0628,2022-04-25,Pesticide,6.2,litres,7736
I05381,F0628,11/03/2023,DAP,140.0,kg,
I05382,F0628,2023-05-01,Pesticide,2.3,ltrs,2456
I05383,F0629,12/11/2020,dap,112.5,kg,15759
I05384,F0629,25-Oct-21,Pesticide,1.6,litres,"KES 2,144"
I05385,F0629,2022-10-10,DAP,1.4,bag,7884
I05386,F0629,07/10/2022,FYM,1400.0,kg,6535
I05387,f0629,09/12/2023,Pesticide,,litres,2011
I05388,F0630,01/12/2019,Duduthrin,1.3,L,1326
I05389,F0630,"Oct 18, 2020",Dap fertilizer,0.6,bags,4249
I05390,F0630,2023-04-01,DAP,50.0,Kg,6705
I05391,F-0630,2023-05-03,UREA,25.0,kgs,2730
I05392,F0630,2024-06-01,Duduthrin,0.9,litres,
I05393,F0630,2024-10-06,DAP,1.0,bags,6407
I05394,F0630,2024-11-06,Can fertilizer,0.8,bag,4466
I05395,F0631,2020-10-07,manure,1.85,tonnes,7111
I05396,F0631,2021-03-23,DAP,170.0,,21525
I05397,F0631,27/04/2021,Urea,85.0,kg,10078
I05398,F0631,2021-05-08,Pesticide,5.0,litres,6218
I05399,F0631 ,2021-12-05,CAN,130.0,kg,13825
I05400,F0631,01/06/2023,Pesticide,1.2,litres,1499
I05401,F0631,2023-10-03,DAP,2.0,bags,12861
I05402,F0631,26/03/2024,DAP,97.5,kg,12941
I05403,F0632,07/06/2021,Pesticide,3.7,ltrs,3187
I05404,F0632,2022-06-13,Insecticide - Duduthrin,4.1,litres,4929
I05405,F0632,2023-10-22,Pesticide,,litres,3590
I05406,F0632,10/11/2024,DAP,120.0,kg,16843
I05407,F0632,2024-12-14,urea 46%,2.4,Bags,13370
I05408,F0632,03/12/2024,pesticide,5.6,L,
I05409,F0633,10-Nov-19,DAP,30.0,kg,3588
I05410,F0633,21/12/2019,Urea,10.0,kg,1300
I05411,F0633,2020-01-12,Insecticide - Duduthrin,0.3,litres,339
I05412,F-0633,2022-10-12,DAP,30.0,,"KES 3,959"
I05413,F0633,24/11/2022,UREA,20.0,Kg,2346
I05414,F0634,2019-11-08,DAP 18-46-0,35.0,kg,4721
I05415,F-0634,2019-10-29,Manure,1400.0,Kg,6303
I05416,F0634,2020-04-27,Duduthrin,1.6,L,1879
I05417,F0634,2021-05-08,can,36.0,Kg,"KES 4,092"
I05418,F0634,11-Mar-21,Manure,900.0,kg,3613
I05419,F0634,2022-03-02,dap,52.5,kg,6896
I05420,F0634,2022-04-05,CAN,0.4,bags,1350
I05421,F0634 ,2022-03-22,Pesticide,1.0,L,1440
I05422,F0634,2023-01-06,Pesticide,0.6,litres,KES 841
I05423,F0634,2023-04-13,DAP,1.5,bags,9591
I05424,F0634,05/06/2023,urea 46%,0.8,bags,3855
I05425,F0634,30/05/2023,Pesticide,2.2,litres,"KES 2,692"
I05426,F0634 ,11-May-24,Pesticide,1.3,litres,1630
I05427,F0634,2024-11-11,dap,1.2,bags,10018
I05428,F0634,2024-12-17,pesticide,170.0,litres,2396
I05429,F0635,2019-04-08,DAP,0.4,bag,2992
I05430,F0635,2019-05-24,UREA,12.0,KG,1520
I05431,F0635,"Jun 17, 2019",Pesticide,0.3,litres,321
I05432,F0635,27/10/2020,DAP,20.0,kg,2724
I05433,F0635,2020-12-11,UREA,0.4,bag,1826
I05434,F0635,23/10/2020,Manure,200.0,kg,824
I05435,F0635,2022-01-03,Pesticide,0.3,litres,
I05436,F0635,2022-10-03,Manure,0.2,t,765
I05437,F0635,2022-10-28,Pesticide,0.3,litres,
I05438,f0635,2024-04-23,Pesticide,0.4,L,559
I05439,F0635,2024-11-17,dap,,kgs,1831
I05440,F0635,2025-01-08,can,12.0,kg,1077
I05441,F0635,2024-11-03,manure,600.0,Kg,2190
I05442,F0636,2019-05-11,CAN,1.7,bags,8159
I05443,F0636,2020-11-18,pesticide,3.3,ltrs,4011
I05444,F0636,24-Apr-21,dap,80.0,bags,4489
I05445,F0636,2022-03-17,DAP,90.0,kgs,11911
I05446,F0636,2022-05-20,Pesticide,1.0,litres,
I05447,F-0637,2019-04-17,DAP 18-46-0,45.0,KG,5726
I05448,F0637,"Oct 27, 2019",DAP,75.0,kgs,9893
I05449,F0637,21/12/2019,CAN,75.0,Kg,8932
I05450,F0637,2024-10-20,dap,202.5,kgs,31916
I05451,F0637,13/12/2024,Urea,108.0,kg,11523
I05452,F0638,04-Apr-19,DAP,0.6,bags,"KES 4,067"
I05453,F0638,2019-05-26,CAN (top dress),24.0,kg,2308
I05454,F0638,04/11/2019,DAP,0.4,bags,
I05455,F0638,2019-12-12,UREA,0.3,bags,1662
I05456,F0638,2020-03-03,dap,0.3,bags,2271
I05457,F-0638,2021-11-05,Manure,600.0,Kg,2473
I05458,F0638,2022-01-08,Pesticide,0.8,litres,923
I05459,F0638,23/12/2022,can,15.0,Kg,1757
I05460,F0638,30/11/2022,Pesticide,0.4,L,503
I05461,F0639,2020-04-25,Pesticide,1.0,ltrs,1257
I05462,F0639,2021-04-24,dap,0.6,bags,3784
I05463,F0639,2021-06-08,urea 46%,0.5,bags,2577
I05464,f0639,19/04/2022,DAP,1.4,bag,9767
I05465,F0639,"May 20, 2022",can,70.0,Kg,7304
I05466,F0639,"Jun 17, 2022",Pesticide,2.0,litres,
I05467,F0639,2023-05-27,Pesticide,0.6,litres,769
I05468,F0640,2019-06-01,Urea,,kg,52952
I05469,F0640,22/04/2020,DAP,565.0,kgs,76266
I05470,F0640,2021-04-13,DAP,360.0,kg,44689
I05471,F0640,31-May-21,UREA,360.0,kg,"KES 42,787"
I05472,F0640,2021-04-09,Manure,3600.0,kg,11064
I05473,F0640,24/04/2024,urea 46%,244.0,kg,31763
I05474,F-0640,2024-04-07,Pesticide,3.4,,3957
I05475,F0641,2019-03-22,dap,55.0,kg,7530
I05476,F0641,2019-04-30,Urea,44.0,KG,
I05477,F0641,"May 19, 2020",Pesticide,0.8,litres,1005
I05478,F0641,08/10/2020,DAP,1.5,bags,11447
I05479,F0641,13/11/2020,Urea (top dress),40.0,kg,
I05480,F0641,12/11/2020,Pesticide,760.0,ml,900
I05481,F0641,01-Nov-21,Manure,550.0,kg,
I05482,F0641,2021-12-09,Pesticide,0.9,litres,1132
I05483,F0641,04/12/2022,CAN (top dress),0.8,50kg bag,3689
I05484,F0641,2024-10-09,DAP,35.0,KG,4322
I05485,F0641,2024-12-12,Pesticide,0.8,litres,941
I05486,F0642,2022-04-17,DAP,0.4,bags,2837
I05487,F0642,2022-05-20,Urea,10.0,kg,
I05488,F0642,2022-05-13,Duduthrin,0.4,L,491
I05489,F0642,2023-04-24,DAP,10.0,kg,1511
I05490,F0642,2023-06-05,UREA,0.2,bags,1031
I05491,F0642,05-Apr-24,DAP,35.0,kg,"KES 4,763"
I05492,F0643,2019-03-20,DAP,4.3,bag,27378
I05493,F0643,2020-04-14,Urea,3.1,bags,17888
I05494,F0643,2020-11-03,DAP,,kg,9459
I05495,F0643,2020-12-24,Insecticide - Duduthrin,3.8,litres,4598
I05496,F0644,2019-05-18,CAN,0.7,bags,
I05497,F0644,2020-11-06,Manure,1.0,tonnes,4015
I05498,f0644,2021-11-12,dap,52.5,kg,7792
I05499,F0644,2021-12-15,pesticide,0.4,litres,420
I05500,F0644,2023-11-23,Pesticide,1.1,litres,"KES 1,320"
I05501,F0644,2024-03-06,Manure,2200.0,kg,6599
I05502,F0645,2020-04-21,DAP 18-46-0,2.5,bags,18328
I05503,F0645,13-Jun-20,Urea,2.0,bags,10945
I05504,F0645,2023-03-29,Manure,1.25,MT,"KES 4,590"
I05505,F0645,2023-05-23,Insecticide - Duduthrin,1.5,litres,"KES 1,552"
I05506,F0645,04-Dec-24,Duduthrin,,ltrs,2182
I05507,F0646,02/01/2020,Pesticide,3.9,litres,4287
I05508,F0646,2020-03-12,FYM,2900.0,Kg,12344
I05509,f0646,2021-01-28,Pesticide,8.4,litres,10702
I05510,F0646,2021-03-19,DAP,405.0,kgs,63577
I05511,F0646,2021-12-21,pesticide,6.1,litres,
I05512,F0646,2022-10-23,DAP,3.6,bag,27085
I05513,F0646,2022-12-03,Urea,,Kg,21872
I05514,F0646,"Dec 28, 2022",Pesticide,7.2,ltrs,6197
I05515,F0646,2023-03-17,dap,465.0,kg,75732
I05516,F0646,02/10/2024,dap,105.0,kg,12279
I05517,F-0646,2024-11-07,CAN,4.2,bags,18436
I05518,F0647,31-Oct-19,DAP,1.1,bags,7781
I05519,F0647,"Dec 15, 2019",pesticide,0.6,litres,780
I05520,F0647,2020-03-26,DAP 18-46-0,1.0,bag,7932
I05521,F0647,2021-04-06,dap,0.8,bags,5981
I05522,F0647,2021-05-16,CAN,20.0,Kg,2176
I05523,F0647,2021-05-14,Pesticide,0.7,litres,995
I05524,F0647,2021-11-16,DAP,1.0,bag,7157
I05525,F0647,19/12/2021,pesticide,0.6,L,736
I05526,F0647,07-Apr-23,Manure,0.8,tonnes,3374
I05527,F0647,02/06/2023,Pesticide,0.9,litres,1129
I05528,F0647,2023-10-27,DAP,0.6,bags,5005
I05529,F0647,24/10/2023,Manure,2600.0,kg,11175
I05530,F0647,29/11/2023,Pesticide,1.4,litres,1885
I05531,F0648,10/03/2019,DAP,217.5,Kg,34703
I05532,F0648,2019-04-19,UREA,2.3,bags,13448
I05533,F0648,2019-11-03,dap,1.7,Bags,13260
I05534,F0648 ,23-Dec-19,can,1.7,bags,7532
I05535,F0648,2020-04-09,dap,4.6,bags,
I05536,F0648,2020-05-30,Can fertilizer,3.1,bag,
I05537,F0648,2020-04-29,pesticide,1.6,litres,
I05538,F0648,2021-12-19,Pesticide,1.8,ltrs,2558
I05539,F0648,25-Apr-22,DAP,127.5,Kg,20732
I05540,F0648,16/06/2022,Urea,85.0,kgs,8829
I05541,F0648,2023-10-06,DAP,45.0,kg,7106
I05542,F0648,09/11/2023,Urea,0.9,bag,4833
I05543,F0648,2024-10-19,DAP 18-46-0,1.4,,10487
I05544,F0648,2024-11-28,pesticide,2.0,litres,2665
I05545,F0649,16/03/2019,DAP,240.0,Kg,32698
I05546,F0649,2019-03-15,Manure,6400.0,kg,"KES 27,637"
I05547,F0649 ,2019-10-01,DAP,1.7,bags,12329
I05548,F0649,2019-11-03,Pesticide,1.5,litres,1769
I05549,F0649,07/10/2020,dap,60.0,kg,7595
I05550,F0649,2020-12-10,Pesticide,1.3,litres,"KES 1,700"
I05551,F0649,2021-03-28,DAP,135.0,,18946
I05552,F0649 ,15/05/2021,Pesticide,2.3,l,3086
I05553,F0649,10/12/2021,Pesticide,2.5,litres,3167
I05554,F0649,28/03/2022,dap,2.2,bag,14978
I05555,F0649,19-May-22,UREA,1.1,bag,4893
I05556,F0649,2023-10-11,DAP,40.0,kg,5777
I05557,F0649,19/11/2023,CAN,1.6,bags,8323
I05558,F0649,2023-10-31,Pesticide,1.1,L,1369
I05559,F0650,2019-03-12,DAP 18-46-0,180.0,,
I05560,F0650,2020-03-18,DAP,2.3,bags,16162
I05561,F0650,2020-10-15,Manure,4600.0,kg,20915
I05562,F0650,03/10/2024,DAP 18-46-0,130.0,kg,18038
I05563,F0650,2024-11-07,Urea,104.0,kg,10834
I05564,F0651,07-Nov-20,DAP,80.0,kg,11507
I05565,F-0651,"Dec 22, 2020",Insecticide - Duduthrin,2.0,l,2460
I05566,F0651,2022-04-19,DAP 18-46-0,0.7,bag,5063
I05567,F0651,2022-05-22,Urea,0.7,bag,4574
I05568,F0651,2022-10-05,DAP,0.4,bags,2502
I05569,F0651,2022-11-19,Pesticide,0.8,L,989
I05570,F0651,31/03/2023,dap,25.0,kg,3240
I05571,F0651,"May 02, 2023",CAN,1.0,bags,3847
I05572,F0651,21/03/2023,Farmyard manure,1000.0,kgs,3992
I05573,F0651,2023-05-09,pesticide,1.3,litres,1594
I05574,F0651,2024-11-14,DAP,1.0,bags,7048
I05575,f0651,20/12/2024,UREA,1.0,,4782
I05576,F0652,23-Jan-20,Pesticide,5.5,L,4995
I05577,F0652,2020-04-21,DAP,3.3,50kg bag,19295
I05578,F0652,2020-06-12,Pesticide,4.6,litres,5588
I05579,F0652,2021-10-27,DAP,3.1,Bags,22693
I05580,F0652,2021-12-20,Urea,3.1,bags,16321
I05581,F0652,"Dec 07, 2021",Pesticide,3.9,litres,4496
I05582,F0652,01/11/2022,DAP 18-46-0,27750.0,kg,
I05583,F0652,2022-12-25,Urea,92.5,kg,9791
I05584,F0652,2023-01-05,Duduthrin,2.7,L,2922
I05585,F0652,03/11/2023,DAP,180.0,kg,26210
I05586,F0652,09-Dec-23,can,120.0,kg,9652
I05587,F0652,2023-12-13,Pesticide,2.3,L,2869
I05588,F0652,2024-10-18,DAP,160.0,KG,22803
I05589,F0652,12/12/2024,Can fertilizer,1.6,bag,7311
I05590,F0653,2019-11-04,dap,82.5,Kg,11230
I05591,F0653,15/11/2021,DAP,1.5,Bags,9008
I05592,F0653,2022-01-06,Urea,,kg,5226
I05593,F0653,2021-11-07,Manure,50000.0,KG,1910
I05594,F0653,29/10/2022,DAP,65.0,kg,8240
I05595,F0653,2024-10-16,DAP,0.9,bag,5149
I05596,F0654,23/04/2020,DAP,,bags,7206
I05597,F0654,"Jun 19, 2020",Insecticide - Duduthrin,1.7,L,2138
I05598,F0654,2021-04-14,Dap fertilizer,2.8,bag,19318
I05599,F0654,2021-05-24,CAN,140.0,Kg,14262
I05600,F0654,17-Mar-23,Dap fertilizer,90.0,KG,13970
I05601,F0654,2023-11-04,FYM,2000.0,Kg,9179
I05602,F0654,30-Mar-24,DAP,6.0,50kg bag,49351
I05603,F0654,2024-03-29,FYM,4000.0,KG,16906
I05604,F0654,20-Apr-24,Insecticide - Duduthrin,,litres,4939
I05605,F0655,2020-04-14,DAP,1.0,bags,8067
I05606,F0655,07/06/2020,pesticide,1.2,litres,1407
I05607,F0655,2022-11-10,Dap fertilizer,157.5,kg,19585
I05608,F0656,2020-03-20,FYM,400.0,kg,1626
I05609,F0656,19/04/2020,pesticide,0.4,litres,KES 441
I05610,F0656,18/10/2020,DAP,0.2,bags,1809
I05611,F0656,2023-10-22,dap,37.5,kg,4508
I05612,F0656,17/10/2023,FYM,500.0,kg,2028
I05613,F0657,2020-11-17,Manure,5.0,t,20278
I05614,F0657,2021-01-23,Duduthrin,3.4,L,
I05615,f0657,01/04/2021,Dap fertilizer,3.7,bags,29879
I05616,F0657,2021-05-13,Pesticide,3.1,litres,4400
I05617,F0657,2023-03-08,DAP,110.0,kg,
I05618,F0657,17/04/2023,Urea,55.0,kg,5955
I05619,F0658,2019-12-26,Pesticide,0.4,litres,598
I05620,F0658,2020-10-16,dap,52.5,kg,6587
I05621,F0658,2020-11-24,Urea,0.4,bags,2232
I05622,F0658,01-Apr-21,DAP,0.7,bag,5910
I05623,F0658,13/05/2021,pesticide,0.7,L,
I05624,F0658,03-Oct-21,DAP,37.5,KG,6252
I05625,F0658,27/10/2021,Pesticide,474.0,ml,617
I05626,F0658,2023-02-17,Manure,350.0,kg,1195
I05627,F0658,2023-04-08,Pesticide,0.6,l,874
I05628,F0658,2024-03-29,DAP,25.0,KG,3299
I05629,F0658,10-May-24,Urea,,KG,2601
I05630,F0658,2024-05-04,Pesticide,0.6,l,881
I05631,F0659,2020-03-15,DAP,20.0,kg,
I05632,F0659,"Mar 15, 2020",Manure,400.0,kg,1507
I05633,F0659,05-Mar-21,DAP,0.6,50kg bag,4279
I05634,F0659,04/03/2021,Manure,1.2,tonnes,4616
I05635,F0659,2022-10-10,dap,67.5,KG,9586
I05636,F0659,2022-11-16,CAN,0.9,Bags,3985
I05637,F0659,29/11/2022,Pesticide,0.9,litres,977
I05638,F0659,18-Apr-24,DAP,0.9,bag,6325
I05639,F0660,2020-10-17,dap,50.0,kg,
I05640,F0660,2021-04-01,DAP 18-46-0,70.0,Kg,10680
I05641,F0660,2021-03-28,Farmyard manure,700.0,kg,3020
I05642,F0660,2021-05-02,pesticide,2.0,litres,2847
I05643,F0660,10/12/2021,Pesticide,3.4,litres,3774
I05644,F0660,2022-05-23,Pesticide,1.3,litres,1674
I05645,F0661,2019-03-20,dap,1.6,bags,11295
I05646,F0661,2019-05-12,can,80.0,kgs,8093
I05647,F0661,14/04/2020,manure,7600.0,kg,31126
I05648,F0661,2021-10-07,DAP,,Kg,5754
I05649,f0661,"Nov 17, 2021",CAN,47.5,kg,5239
I05650,F0661,2022-06-08,Pesticide,5.8,litres,6477
I05651,F0661,12/10/2023,Dap fertilizer,150.0,kg,17563
I05652,F0661,30/09/2023,Manure,4000.0,,"KES 15,713"
I05653,F0661,2024-05-09,pesticide,4.2,litres,4892
I05654,F0661,2024-10-23,dap,125.0,Kg,"KES 18,900"
I05655,F0661,2024-11-30,CAN,100.0,KG,10332
I05656,F0661,18/12/2024,Pesticide,2.0,litres,2373
I05657,F0662,2021-10-06,DAP,15.0,kg,1986
I05658,F0662,08-Nov-21,CAN,0.6,bag,2408
I05659,F0662,05-Nov-21,Pesticide,0.8,l,1140
I05660,F0662,2023-06-07,urea 46%,15.0,Kg,1742
I05661,F0662,2023-06-10,Pesticide,399.0,ml,508
I05662,F0663,2019-03-03,DAP,50.0,kgs,7100
I05663,F0663,2019-05-01,Pesticide,849.0,mL,1199
I05664,F0663,2019-10-23,Dap fertilizer,55.0,kg,8705
I05665,F0663,2019-12-01,Pesticide,1.3,l,
I05666,F0663,2021-04-19,Pesticide,1.4,litres,1779
I05667,F0663,2021-11-15,dap,115.0,kg,16853
I05668,F0663,07-Jan-22,CAN,57.5,kg,6415
I05669,F0663,2022-04-07,dap,,Kg,3842
I05670,F0663,2022-06-01,Urea,0.5,bags,2930
I05671,F0663,2024-03-29,DAP,37.5,kg,5653
I05672,F0663,2024-05-01,Pesticide,1.0,litres,1027
I05673,F0663,"Nov 01, 2024",DAP 18-46-0,1.1,bags,8164
I05674,F0663,2024-12-26,Urea,27.5,Kg,3566
I05675,f0663,25/10/2024,Manure,550.0,kg,
I05676,F0664,2019-04-16,Manure,2000.0,kg,6874
I05677,F0664,13/04/2020,DAP,0.9,bags,6811
I05678,F0664,12/04/2020,Manure,450.0,Kg,1650
I05679,F0664,2020-10-30,DAP,50.0,kg,8019
I05680,F0664,03/03/2021,DAP,55.0,Kg,6193
I05681,F0664,23-Apr-21,Urea,1.1,,5733
I05682,F0664,2021-04-02,pesticide,0.6,l,776
I05683,F0664,05-Nov-23,DAP,30.0,kg,4312
I05684,F0664,2023-10-24,Manure,1200.0,kg,4500
I05685,F0664,2024-03-15,DAP,0.8,bags,5658
I05686,F0664,03/05/2024,CAN,40.0,kg,"KES 3,704"
I05687,F0664,2024-04-13,Insecticide - Duduthrin,0.9,litres,1076
I05688,F0664,2024-11-29,Duduthrin,1.0,litres,1340
I05689,F0665,2019-04-13,dap,1.3,Bags,9809
I05690,F0665,"Jun 16, 2019",pesticide,0.7,L,866
I05691,F0665,2019-11-19,Urea,75.0,kg,9404
I05692,F0665,2019-10-15,Farmyard manure,750.0,kg,2551
I05693,F0665,2020-10-11,DAP,70.0,kg,"KES 9,750"
I05694,F0665,2020-11-15,Urea,35.0,Kg,4035
I05695,F0665,2021-02-16,Manure,0.75,tonnes,"KES 2,727"
I05696,F0665,2021-10-09,DAP 18-46-0,1.3,bags,8120
I05697,F0665,2021-11-10,pesticide,0.7,L,714
I05698,F0665,2022-05-17,pesticide,2.4,L,2838
I05699,F0666,12/03/2020,DAP,90.0,kgs,12149
I05700,F0666,2020-10-26,DAP,145.0,kgs,18951
I05701,F0666,2020-10-21,Manure,2900.0,kg,11375
I05702,F0666,2022-10-23,DAP,157.5,KG,20606
I05703,F0666,01/12/2022,CAN (top dress),1.7,Bags,"KES 8,085"
I05704,F0666,26/12/2022,Pesticide,2.0,l,2513
I05705,F0666,07/01/2024,Pesticide,4.0,litres,4334
I05706,F0667,2019-03-15,DAP,2.5,50kg bag,18631
I05707,F0667 ,2020-04-04,DAP,185.0,kg,25534
I05708,F0667,2022-05-04,Pesticide,5.7,litres,7033
I05709,F0667,2022-10-03,dap,405.0,KG,66609
I05710,F0668,16-Mar-20,dap,90.0,kg,11697
I05711,F0668,2020-04-06,Insecticide - Duduthrin,2.6,litres,3108
I05712,F0668,2020-09-20,Manure,3200.0,kg,12212
I05713,F0668,07/11/2021,Dap fertilizer,0.6,bags,5017
I05714,F0668,2021-12-26,can,0.6,bags,3328
I05715,F0668,17/11/2023,Urea (top dress),1.2,bags,6258
I05716,F0668,17/03/2024,DAP,70.0,KG,8558
I05717,F0668,2024-05-04,Urea (top dress),56.0,Kg,5297
I05718,F0668,2024-05-18,pesticide,1.1,litres,1213
I05719,F0669,"Mar 15, 2019",dap,110.0,kg,14718
I05720,F0669,04/05/2019,CAN,1.8,bags,8619
I05721,F0669,01/03/2019,Manure,2.2,MT,7315
I05722,F0669,2020-03-14,DAP,1.6,bags,11439
I05723,F0669,22/04/2020,CAN (top dress),80.0,KG,7108
I05724,F0669,2020-11-05,DAP 18-46-0,,Kg,7847
I05725,F0669,26/12/2020,Pesticide,0.6,l,768
I05726,F0669,10-Jun-21,Pesticide,1.9,litres,2549
I05727,F0669,2022-03-01,dap,100.0,kg,14667
I05728,F0669,2022-04-06,Urea,80.0,kg,8487
I05729,F0669,24/03/2022,pesticide,2.9,litres,3902
I05730,F0669,2022-11-25,Urea,90.0,kg,9466
I05731,F0669,2024-10-19,dap,95.0,KG,
I05732,F0957,"Nov 18, 2024",Urea,1.9,50kg bag,9961
I05733,F0670,09/06/2019,Pesticide,1.0,litres,1492
I05734,F0670,2021-03-06,DAP,,bags,
I05735,F0670,2021-04-13,CAN,,Kg,6120
I05736,F0670,2021-03-03,Manure,2400.0,Kg,"KES 10,265"
I05737,F0670,2021-04-01,Pesticide,1.4,litres,1752
I05738,F0670,2021-11-20,DAP,0.7,bags,4090
I05739,F0670,2023-04-02,dap,2.6,bags,16231
I05740,F0670,2023-05-20,CAN (top dress),42.5,kg,4076
I05741,F0670,2023-05-05,Duduthrin,2331.0,ml,2666
I05742,F0670,2024-02-25,Manure,1700.0,KG,7773
I05743,F0670,02-Nov-24,Manure,3.6,tonnes,14797
I05744,F0671,04/03/2020,DAP 18-46-0,137.5,Kg,"KES 19,652"
I05745,F0671,19/04/2020,Urea,4.4,bag,27377
I05746,F0671,2020-12-21,Pesticide,4.8,L,5643
I05747,F0671,18/11/2022,Dap fertilizer,3.9,bags,30241
I05748,F0671,18-Dec-22,CAN (top dress),2.0,bags,8871
I05749,F0671,16-Dec-22,Pesticide,2.4,l,2702
I05750,F0671,2023-03-26,dap,180.0,kg,22385
I05751,F0671,07/05/2023,UREA,180.0,kgs,18767
I05752,F0905,22/03/2023,manure,1800.0,kgs,8207
I05753,F0672,2019-05-22,can,108.0,kg,
I05754,F0672,2019-10-14,DAP 18-46-0,130.0,kg,16290
I05755,F0672,2019-12-08,urea 46%,104.0,kg,11586
I05756,F0672,2021-04-11,DAP,142.5,kg,15586
I05757,F0672,19-May-21,CAN (top dress),1.5,bag,6232
I05758,F0672,2021-11-13,DAP,2.4,bags,18365
I05759,F0672,2022-01-02,Urea,1.9,bags,10678
I05760,F0672,2021-12-12,Duduthrin,3.2,litres,4009
I05761,F0672,2022-12-06,Pesticide,1450.0,mL,1740
I05762,F0672,2024-04-19,dap,4.5,bags,34340
I05763,F0672,2024-05-27,Urea,1.5,bag,8129
I05764,f0672,2024-04-05,manure,6000.0,kg,25416
I05765,F0672,2024-05-23,Pesticide,3.1,l,3830
I05766,F0672,2024-10-04,DAP,2.8,,20252
I05767,F0672 ,11/11/2024,can,,kg,7492
I05768,F0673,13/04/2019,Dap fertilizer,5.0,bags,31117
I05769,F0980,08-Apr-19,Manure,6600.0,kg,29278
I05770,F0673,2019-10-12,DAP,5.5,bags,32450
I05771,F0673 ,2019-10-10,Manure,5500.0,kg,22992
I05772,F0673,2023-04-01,DAP,135.0,KG,17580
I05773,F0673,2023-05-19,CAN (top dress),4.3,Bags,23410
I05774,F0673,18/05/2023,Pesticide,7422.0,ml,9268
I05775,F0673,20-Nov-24,DAP,2.2,bags,14845
I05776,F0674,2019-10-31,Pesticide,1.5,L,1607
I05777,F0674,2020-03-06,DAP 18-46-0,2.8,bags,22297
I05778,F0674,22/04/2020,can,95.0,kg,"KES 10,889"
I05779,F0674,22/04/2020,Pesticide,2.6,litres,3161
I05780,F0674,2020-11-10,DAP,2.0,50kg bag,16024
I05781,f0674,2020-12-02,Pesticide,2243.0,mL,2712
I05782,F0674,2021-04-10,DAP,97.5,KG,13660
I05783,F0674,2021-10-10,DAP,1.2,bag,9416
I05784,F0674,19/11/2021,Pesticide,1.5,l,1579
I05785,F0674,2022-04-12,dap,110.0,kg,13743
I05786,F0674,2022-05-12,Urea,55.0,kg,"KES 5,680"
I05787,F0674,2022-05-04,Pesticide,3.1,ltrs,4521
I05788,F0675,23-Apr-21,CAN,92.0,kg,
I05789,F0675,2021-04-02,pesticide,1.7,litres,2361
I05790,F0675,2023-10-09,DAP,95.0,kg,12705
I05791,F0675,2023-12-13,pesticide,1.8,,1967
I05792,F0675,2024-03-16,DAP,97.5,kg,15234
I05793,F0675,2024-03-12,Manure,0.65,tonnes,2188
I05794,F0676,2022-04-22,pesticide,0.4,litres,559
I05795,F0676,2022-10-13,Manure,1600.0,kg,6440
I05796,F0676,18/12/2022,pesticide,0.7,l,943
I05797,F0676,2024-10-30,Pesticide,574.0,ml,822
I05798,F0677,2019-12-26,Pesticide,2.5,litres,3150
I05799,F0677,2020-03-16,Manure,3600.0,kg,13350
I05800,F0677,11/11/2020,DAP,215.0,kg,
I05801,F0677,07-Dec-20,Pesticide,5.7,ltrs,5940
I05802,F0677,2021-05-20,Duduthrin,6.6,litres,8677
I05803,F0677,11/10/2021,dap,95.0,kg,11828
I05804,F0677,16/11/2021,CAN,95.0,,8217
I05805,F0677,10-Dec-21,Pesticide,4.7,litres,6216
I05806,F0677,2024-10-31,DAP 18-46-0,3.7,bag,27834
I05807,F0677,2024-12-12,CAN,1.8,50kg bag,8102
I05808,f0678,16/03/2019,DAP,2.0,bags,12829
I05809,F0678,2019-04-22,Pesticide,1.9,litres,2058
I05810,F0678 ,2020-04-12,Pesticide,0.5,L,624
I05811,F0950,27/11/2022,Duduthrin,1.7,litres,1779
I05812,F0678,2024-04-13,DAP 18-46-0,1.2,Bags,7821
I05813,F0678,2024-05-29,UREA,30.0,KG,3340
I05814,F0678,2024-06-19,pesticide,1200.0,mL,1735
I05815,F0678,2024-11-06,DAP,30.0,kg,3731
I05816,F0678,2025-01-05,Duduthrin,0.8,L,781
I05817,F0679,2019-11-08,Manure,3.0,tonnes,14536
I05818,F0679,2020-01-03,Pesticide,1.0,L,1144
I05819,F0679,14/03/2020,dap,70.0,KG,10337
I05820,F0679,2020-04-28,Urea,0.7,bags,3216
I05821,F0679,2021-03-04,DAP,32.5,kg,
I05822,F0679,2021-04-16,Urea,52.0,kg,5601
I05823,F0679,2021-02-24,manure,650.0,kg,2906
I05824,F0679,20/04/2023,DAP 18-46-0,105.0,kg,15592
I05825,F0679,2023-06-14,CAN,105.0,kg,9855
I05826,F-0679,2023-11-29,Pesticide,1.2,litres,1319
I05827,F0680,2019-03-06,manure,0.8,tonnes,3185
I05828,F0964,2021-04-07,Manure,0.5,tonnes,2013
I05829,F0680,2022-04-23,Dap fertilizer,0.6,Bags,4682
I05830,F0680,11-Nov-24,Dap fertilizer,15.0,Kg,2232
I05831,F0680,2025-01-05,Urea,15.0,kg,1878
I05832,F0681,2019-12-20,Pesticide,1.7,L,1555
I05833,F0681,06/04/2021,DAP,55.0,kg,8355
I05834,F0681,11-Mar-22,DAP,67.5,kg,9230
I05835,F0681,2022-04-27,can,0.9,bags,4608
I05836,F0681,"May 16, 2022",Duduthrin,0.8,L,962
I05837,F-0681,12-Oct-22,DAP,1.0,50kg bag,"KES 6,474"
I05838,F0681,2023-03-23,DAP,82.5,kg,10373
I05839,F0681,2023-05-12,Can fertilizer,27.5,kgs,2994
I05840,F0681,2023-10-02,Manure,800.0,kg,2862
I05841,F0681,19/12/2023,Pesticide,1.0,litres,1016
I05842,F0681,2024-03-31,DAP,0.8,bag,5177
I05843,F0681,30/04/2024,CAN,,kg,8133
I05844,F0682,2020-05-29,Pesticide,1.1,litres,
I05845,F0682,2020-10-08,Dap fertilizer,85.0,kg,12459
I05846,F0682,2020-11-07,pesticide,1.0,l,1345
I05847,F0682,2021-04-09,DAP 18-46-0,105.0,kgs,15641
I05848,F0682,2022-10-01,dap,2.5,bags,
I05849,F0682,2023-04-03,DAP,1.7,bags,12173
I05850,F0682,03/05/2023,Urea,0.8,50kg bag,"KES 4,679"
I05851,F0682 ,2024-03-13,Manure,1.3,t,5128
I05852,F0682,03-Oct-24,Manure,2400.0,kg,10736
I05853,F0682,02/12/2024,Insecticide - Duduthrin,0.9,L,1248
I05854,F0683,2019-03-15,manure,,t,4229
I05855,F0683,25/05/2019,Insecticide - Duduthrin,1.9,litres,2382
I05856,F0683,29/10/2020,DAP,292.5,Kg,39929
I05857,F0683,2021-01-02,pesticide,4.9,litres,6316
I05858,F0683,2021-04-13,DAP,4.5,Bags,29003
I05859,F0683,2021-05-31,CAN,120.0,kg,11430
I05860,F0683,24/05/2021,pesticide,3.0,litres,3476
I05861,F0683,2022-12-14,Pesticide,2044.0,ml,"KES 2,217"
I05862,F0684,01/12/2019,pesticide,2.5,litres,2813
I05863,F0684,"Oct 21, 2020",dap,5.4,bags,35396
I05864,F0684,09/12/2020,UREA,216.0,kg,28576
I05865,F0684,26/10/2022,manure,1750.0,,7055
I05866,F0684,2024-04-01,DAP,1.1,,7651
I05867,F0684,2024-03-29,Manure,1100.0,Kg,4548
I05868,F0684,2024-05-11,pesticide,2.8,litres,
I05869,F0684,2024-10-13,dap,5.0,bags,35913
I05870,F0684,13/11/2024,CAN,3.3,bags,
I05871,F0685,2019-05-30,Pesticide,0.9,litres,1137
I05872,F0685,2022-11-15,Insecticide - Duduthrin,0.8,L,871
I05873,F0685,2023-10-07,DAP 18-46-0,0.9,50kg bag,6417
I05874,F0685,24/09/2023,Manure,0.6,MT,2250
I05875,F0685,2023-11-10,Insecticide - Duduthrin,0.3,litres,330
I05876,F0686,2019-03-05,DAP 18-46-0,45.0,kg,5721
I05877,F0686,10-Dec-20,Pesticide,1.8,litres,1690
I05878,F0686,"Apr 02, 2021",manure,550.0,kgs,"KES 2,539"
I05879,F0686,2023-03-24,DAP,45.0,KG,6116
I05880,F0686,11/05/2023,Can fertilizer,40.0,50kg bag,2303
I05881,F0686,11/05/2023,Pesticide,,mL,773
I05882,F0687,16/11/2019,dap,8.8,bags,56224
I05883,F0687,20/04/2021,DAP,262.5,kgs,34640
I05884,F0687,11-Jun-21,CAN,140.0,Kg,12478
I05885,F0687,2021-04-15,manure,7.0,MT,29451
I05886,F0687,2022-04-14,DAP 18-46-0,3.8,50kg bag,23414
I05887,F0687,05/06/2022,CAN,152.0,kg,17138
I05888,F0687,31/05/2022,pesticide,2.7,litres,3081
I05889,F0687,2022-10-27,FYM,3000.0,Kg,14000
I05890,F0687,2022-11-29,Insecticide - Duduthrin,6.1,litres,7806
I05891,F0687,29/03/2023,dap,100.0,kg,"KES 13,682"
I05892,F0687,2023-05-05,UREA,200.0,kg,
I05893,F0687,08-Oct-23,DAP 18-46-0,24750.0,KG,
I05894,F0687,20/11/2023,CAN,165.0,KG,16500
I05895,F0688,2020-04-28,pesticide,17.9,litres,20794
I05896,F0688,2020-11-07,DAP 18-46-0,6.0,bags,49775
I05897,F0688,2020-12-07,CAN,48400.0,kg,48806
I05898,F0688,2020-10-29,Manure,24200.0,kg,91245
I05899,F0688,13/04/2021,DAP,322.5,kgs,45812
I05900,F0688,19-May-21,urea 46%,10.3,bag,62838
I05901,F0688,12/04/2021,Manure,12900.0,kg,53570
I05902,F0688,2021-05-30,pesticide,11.6,litres,12873
I05903,F0688,23-Oct-22,DAP,12.4,bag,
I05904,F0688,2022-12-04,UREA,415.0,kg,50335
I05905,F0688,2022-12-07,Pesticide,5.7,litres,7010
I05906,F0688,2023-10-12,Dap fertilizer,200.0,kg,
I05907,F0688,04-Nov-23,pesticide,4699.0,ml,5276
I05908,F0689,2019-03-09,DAP,180.0,kg,26211
I05909,F-0689,2021-03-03,dap,75.0,kg,10666
I05910,F0689,2021-04-10,Urea,40.0,kg,4593
I05911,F0689,2021-04-13,Duduthrin,1.1,litres,1453
I05912,F0689,05-Apr-22,Pesticide,1011.0,ml,1217
I05913,F0689,18/10/2022,DAP 18-46-0,65.0,kg,7638
I05914,F0689,2022-12-02,can,1.3,bags,6193
I05915,F0689,2022-11-30,pesticide,1708.0,ml,2186
I05916,F0689,2023-05-05,Pesticide,1.8,ltrs,2138
I05917,f0689,2024-11-03,DAP,45.0,kgs,6346
I05918,F0689,2024-12-16,CAN (top dress),90.0,kg,8574
I05919,F0689,2024-12-30,Duduthrin,1.7,ltrs,1974
I05920,F0690,2019-04-21,DAP,0.9,bags,6152
I05921,F0690,08/06/2019,CAN,45.0,kg,"KES 4,283"
I05922,F0690,"Nov 02, 2019",manure,2500.0,kg,9285
I05923,F0690,2020-01-01,Duduthrin,2.9,L,3669
I05924,F0690,01/04/2020,DAP,140.0,,18531
I05925,F0690,19/03/2022,DAP 18-46-0,80.0,kg,"KES 10,464"
I05926,F0690,06/05/2022,UREA,80.0,kg,8240
I05927,F0690,"Oct 18, 2022",dap,3.5,bags,26761
I05928,F0690 ,2023-05-14,Pesticide,2.8,litres,2624
I05929,F0690,2024-12-07,UREA,124.0,kg,
I05930,F0691,08/05/2019,Pesticide,1.4,litres,1476
I05931,F0691,20-Mar-20,dap,50.0,kg,
I05932,F0691,2020-05-08,Urea,1.0,bag,5617
I05933,F0691,2020-05-03,Pesticide,0.9,ltrs,1069
I05934,F0691,2020-11-09,DAP,30.0,Kg,
I05935,F0691,2020-12-11,CAN,60.0,KG,5750
I05936,F0691,2020-10-31,Manure,0.6,tonnes,
I05937,F0691,2021-01-10,Insecticide - Duduthrin,1.6,l,1696
I05938,F0691,2021-11-18,Pesticide,1.0,L,1364
I05939,F0691,2022-03-16,DAP,52.5,KG,7044
I05940,F0691,13-May-22,Pesticide,1.5,litres,1666
I05941,F0691,2024-04-13,DAP,70.0,Kg,9888
I05942,F0691,31/10/2024,Manure,550.0,kg,2280
I05943,F0691,2024-12-27,Insecticide - Duduthrin,0.9,litres,1189
I05944,F0692,05/03/2019,DAP,6.5,bag,42320
I05945,F0692,30-Mar-20,DAP 18-46-0,115.0,kg,15790
I05946,F0692,2020-11-15,dap,200.0,Kg,28360
I05947,F0692,2020-12-27,Insecticide - Duduthrin,5.8,litres,7462
I05948,F0692,2022-03-23,DAP 18-46-0,11.7,bags,
I05949,F0692,14-May-22,Urea,390.0,kgs,40516
I05950,F0692,18/05/2022,Pesticide,,L,10539
I05951,F0692,2022-10-22,DAP,200.0,kgs,24554
I05952,F0692,18/04/2023,dap,295.0,kgs,39593
I05953,F0692,2023-06-07,Pesticide,3.6,litres,
I05954,F0692,2024-01-02,urea 46%,2.2,bags,11335
I05955,F0692,2023-12-23,pesticide,6.1,L,6655
I05956,F0692,2024-03-24,DAP 18-46-0,8.6,50kg bag,60456
I05957,f0693,2020-05-01,Pesticide,4.0,ltrs,4975
I05958,F0693,2020-10-09,DAP,165.0,kg,22908
I05959,F0693,2023-03-09,DAP,107.5,Kg,13842
I05960,F0693,2023-04-22,CAN,172.0,kg,15198
I05961,F0693,2023-10-28,DAP 18-46-0,145.0,kg,20603
I05962,F0693,2023-11-28,UREA,145.0,kg,16244
I05963,F0694,2020-04-16,DAP,95.0,KG,13662
I05964,F0694,07/06/2020,Pesticide,3.7,litres,4966
I05965,F0694,19/10/2020,DAP,300.0,Kg,"KES 46,909"
I05966,F0694,2020-12-01,Urea,2.0,bag,11095
I05967,F0694,18/12/2020,Pesticide,4.1,ltrs,5184
I05968,F-0694,2021-11-16,DAP,1.3,Bags,
I05969,F0694,2022-10-17,manure,1250.0,Kg,4903
I05970,F0694,04/12/2022,Pesticide,2.1,litres,2668
I05971,F0694,2023-04-06,DAP 18-46-0,307.5,kg,42834
I05972,F-0694,2023-05-25,Pesticide,5414.0,ml,6657
I05973,F0694,2023-12-06,Insecticide - Duduthrin,1.2,l,1332
I05974,F0695,2019-12-14,Pesticide,2.1,litres,2532
I05975,F0695,2020-11-12,Pesticide,2.3,litres,3239
I05976,f0695,2021-11-17,dap,112.5,Kg,15630
I05977,F0695,2021-12-29,CAN,1.5,bag,7649
I05978,F0695,2024-04-18,Pesticide,,litres,2404
I05979,F0695,2024-11-17,pesticide,1.4,litres,1829
I05980,F0696,12-Mar-20,DAP,52.5,kg,6875
I05981,f0696,06-Mar-20,manure,2100.0,kg,"KES 9,528"
I05982,F0696 ,09/10/2021,dap,1.4,bag,10712
I05983,F0696,2021-11-08,Pesticide,1.2,l,1203
I05984,F0696,2022-03-14,dap,30.0,kg,3677
I05985,F0696,2022-10-08,DAP,2.7,bag,15224
I05986,F0696,15/11/2022,Urea,90.0,Kg,
I05987,F0696,24-Sep-22,Manure,1800.0,Kg,8714
I05988,F0696,18/03/2023,DAP,90.0,kg,11984
I05989,F0696,17/04/2023,urea 46%,45.0,kg,4438
I05990,F0696,2023-03-14,Manure,3600.0,kg,15479
I05991,F0696,2023-04-18,Pesticide,1.8,litres,2538
I05992,F0696,07/10/2023,DAP,110.0,KG,14423
I05993,F0696,2023-11-06,Pesticide,1.8,litres,1811
I05994,F0696,20/03/2024,Manure,800.0,kg,2997
I05995,F0697,29/04/2021,Pesticide,0.5,l,447
I05996,F0697,07/04/2022,DAP 18-46-0,15.0,kgs,"KES 2,198"
I05997,F0697,2022-05-19,Urea,15.0,kg,1900
I05998,F0697,2022-06-14,Pesticide,0.3,ltrs,298
I05999,F-0697,2022-10-17,Manure,0.6,t,1986
I06000,F0697,2022-11-29,Pesticide,0.2,L,167
I06001,f0697,2023-04-06,DAP,40.0,bags,2482
I06002,F0697,11-May-23,can,0.3,bags,1429
I06003,F0697,2024-06-03,Duduthrin,0.4,litres,544
I06004,F0698,21/04/2019,DAP 18-46-0,1.1,bags,"KES 8,468"
I06005,F0698,2019-05-30,CAN,44.0,Kg,4813
I06006,F0698,2019-10-15,DAP,0.8,bags,5548
I06007,F0698,21-Nov-19,CAN,40.0,KG,4380
I06008,F0698,07/12/2019,Pesticide,0.8,l,811
I06009,F0698,2020-10-15,DAP,90.0,kg,14760
I06010,F0698,24/11/2020,Urea (top dress),1.0,bags,5779
I06011,F0698,2023-05-24,UREA,1.0,Bags,6276
I06012,F0698,2023-12-05,Insecticide - Duduthrin,1.2,litres,1239
I06013,F0698,2024-03-14,DAP,60.0,Kg,
I06014,F0698,2024-04-18,Pesticide,1.5,litres,1807
I06015,F0698,2024-11-04,DAP 18-46-0,97.5,KG,13478
I06016,F0698,2024-12-01,pesticide,1.3,l,1323
I06017,F0699,2019-04-10,dap,,kg,
I06018,F0699,2019-05-11,can,385.0,kg,37318
I06019,F0699,2019-04-04,manure,7700.0,kgs,28283
I06020,F0699,2019-06-01,Duduthrin,9.7,L,10410
I06021,F0699,2021-06-07,Pesticide,7.0,litres,7282
I06022,F0699,2021-11-18,Duduthrin,4.6,L,4859
I06023,F0699,2023-04-17,DAP,8.8,bags,63357
I06024,F0699,30/05/2023,CAN,29500.0,kg,29039
I06025,F0699,2024-03-23,Pesticide,8.7,litres,10035
I06026,F0700,02/10/2020,DAP 18-46-0,3.4,50kg bag,27248
I06027,F0700,03/11/2020,urea 46%,92.0,Kg,11939
I06028,F0700,"Sep 28, 2020",Manure,2300.0,Kg,
I06029,F0700,2020-11-08,Pesticide,1.6,litres,2090
I06030,F0700,2024-03-26,pesticide,1.2,litres,"KES 1,706"
I06031,F0701,21/04/2020,Pesticide,4.5,litres,5168
I06032,F0701,2020-10-06,dap,210.0,kg,28325
I06033,F0701,2020-12-07,Pesticide,3.3,litres,4055
I06034,F0701,2021-12-07,Pesticide,4118.0,ml,4108
I06035,F0702,2019-10-01,DAP,50.0,kgs,5554
I06036,F0702,2019-11-24,CAN,0.5,bags,2962
I06037,F0702,"Apr 01, 2020",DAP,,KG,20044
I06038,F0702,19-May-20,Pesticide,1.9,l,2549
I06039,F0702,2020-10-27,Manure,0.95,t,3894
I06040,F0702,28/11/2021,Pesticide,2.0,L,2531
I06041,F0702,27/03/2022,DAP,2.4,50kg bag,14792
I06042,F0702,05-May-22,CAN,40.0,kg,3624
I06043,F0702,25-Nov-22,Pesticide,1.0,L,1424
I06044,F0702,2023-04-03,DAP,0.9,bags,6555
I06045,F0702,2023-04-28,Pesticide,2.6,L,3223
I06046,F0702,06/01/2025,Pesticide,1.3,litres,"KES 1,683"
I06047,F0703,2021-04-06,DAP,0.6,bag,
I06048,F0703,29-May-21,Pesticide,1.2,litres,
I06049,F0703,2021-11-12,Pesticide,1340.0,mL,1775
I06050,F0703,2022-10-27,dap,1.0,bag,6882
I06051,F0703,2022-11-23,Duduthrin,1.0,litres,1211
I06052,F0704,2019-10-24,Duduthrin,0.5,litres,716
I06053,F0704,"Mar 03, 2022",dap,25.0,Kg,3215
I06054,F0704,2022-04-08,Urea,0.5,bags,
I06055,F0704,2022-03-02,Manure,1.0,MT,3892
I06056,F0704,2022-03-26,pesticide,0.4,litres,497
I06057,F0704,11-Dec-22,Pesticide,400.0,ml,472
I06058,F0704,2023-03-14,manure,250.0,kg,957
I06059,F0704,2023-11-08,DAP,37.5,KG,"KES 5,312"
I06060,F0704,09/12/2023,UREA,0.2,bags,
I06061,F0704,2024-03-16,DAP,15.0,kg,1613
I06062,F0705,03/05/2020,CAN,608.0,kg,67751
I06063,F0705,2020-04-21,Pesticide,18.7,litres,21909
I06064,F0705,2021-01-04,Insecticide - Duduthrin,15403.0,ml,17310
I06065,F0705,2021-03-24,dap,495.0,kg,62297
I06066,F0705,2021-05-01,Urea,396.0,KG,
I06067,F0705,2021-11-07,DAP,682.5,kg,111453
I06068,F0705,2021-12-14,Urea,364.0,kgs,34425
I06069,F0705,2022-03-28,Dap fertilizer,452.5,kg,"KES 70,713"
I06070,F0705,14/12/2023,Pesticide,20.2,L,24922
I06071,F0705,2024-11-14,DAP,530.0,Kg,78034
I06072,F0705,2024-12-05,Pesticide,7.3,ltrs,7468
I06073,F0706,21/03/2019,DAP,45.0,Kg,6808
I06074,F0706,"May 15, 2019",CAN,0.4,bags,2098
I06075,F0706,2019-11-04,DAP,60.0,kg,7787
I06076,F0706,2020-10-14,DAP 18-46-0,45.0,kg,"KES 5,996"
I06077,F0706,2021-11-10,DAP,1.2,bags,"KES 8,624"
I06078,F0706,2022-12-15,Pesticide,0.7,litres,898
I06079,F0706,23-May-23,Pesticide,580.0,ml,KES 647
I06080,F0706,01/10/2023,DAP,50.0,KG,7122
I06081,F0706,31/10/2023,CAN,1.0,bag,4606
I06082,F0706,2024-04-11,CAN,32.0,kg,2987
I06083,F0707,22/04/2021,dap,217.5,kg,35781
I06084,F0707,2021-06-09,UREA,145.0,Kg,17206
I06085,F0707,2021-11-02,dap,2.1,bags,15045
I06086,F0707,2021-12-22,Urea,1.7,bags,8387
I06087,F0707,03/10/2022,DAP 18-46-0,4.4,bags,30340
I06088,F0707,06/11/2022,pesticide,3.9,L,5039
I06089,F0707,09/11/2024,manure,4600.0,kgs,15829
I06090,F0708,2020-11-12,DAP,2.4,bags,16789
I06091,F0708,2021-11-13,dap,240.0,kg,
I06092,F0708,09-Nov-21,Manure,2400.0,kg,11169
I06093,F0708,05/12/2021,Pesticide,3.6,litres,4696
I06094,f0708,2022-10-22,Manure,12.0,MT,49074
I06095,F0708,19/03/2023,Manure,3700.0,Kg,12851
I06096,F0708,"Nov 30, 2023",Pesticide,5.2,litres,7004
I06097,F0709,01/04/2019,DAP,1.5,50kg bag,10821
I06098,F0709,29/03/2020,DAP,3.4,Bags,22093
I06099,F0709 ,2020-05-20,CAN,1.7,bag,8468
I06100,F0709,2021-11-13,dap,130.0,kg,18276
I06101,F0709,2021-12-19,UREA,2.1,50kg bag,11740
I06102,F0709,2022-04-06,dap,180.0,Kg,24584
I06103,F0709,26/05/2022,Urea,1.2,bags,7247
I06104,F0709,2022-10-05,dap,2.2,bags,13802
I06105,F0709,2022-11-13,Urea,110.0,kg,12768
I06106,F0709,"Oct 02, 2022",FYM,2200.0,Kg,7099
I06107,F0709,02-Nov-22,Pesticide,2.7,litres,3028
I06108,F0709,2024-03-10,Dap fertilizer,75.0,kg,9831
I06109,F0709,01/05/2024,CAN,37.5,KG,
I06110,F0709,2024-12-07,Pesticide,2.9,ltrs,
I06111,F0710,25-Mar-20,DAP,,KG,3322
I06112,F0710,2020-05-06,Urea,16.0,KG,1772
I06113,F0993,25/10/2020,dap,50.0,bags,3235
I06114,F0710,13/03/2021,DAP 18-46-0,25.0,kg,
I06115,F0710,2021-04-16,can,20.0,Kg,1801
I06116,F0710,2021-11-11,dap,12.5,,1621
I06117,F0710,2022-03-05,DAP,,kg,2063
I06118,F0710,2022-04-11,Urea,0.2,bag,1206
I06119,F0710,29/03/2023,DAP,0.3,bag,2060
I06120,F0710,11/05/2023,can,12.0,kg,1257
I06121,F0710,21-Mar-23,manure,600.0,Kg,2017
I06122,F0710,18/04/2023,Pesticide,340.0,ml,420
I06123,F0710,05/03/2024,dap,15.0,kg,2160
I06124,F0710,2024-02-29,Manure,150.0,kgs,546
I06125,F0711,16/03/2019,DAP,115.0,Kg,18275
I06126,F0711,08-May-19,can,,bags,11163
I06127,F0711,2019-04-08,Pesticide,,ltrs,"KES 7,078"
I06128,F0711,11-Mar-20,DAP,615.0,Kg,95332
I06129,F0711,2020-04-14,urea 46%,410.0,kg,40689
I06130,F0711,01/03/2020,Manure,4100.0,kg,16689
I06131,F0711,09/05/2020,Pesticide,8.5,litres,9918
I06132,F0711,2020-11-15,DAP,190.0,kg,26076
I06133,F0711,2021-01-11,pesticide,3470.0,ml,5324
I06134,F0711,22/03/2021,DAP,4.2,bag,27675
I06135,F0711,2021-05-13,CAN,105.0,kg,9381
I06136,F0711,2021-03-14,Manure,4200.0,Kg,12000
I06137,F0711,2022-11-10,Pesticide,,L,4902
I06138,F0711 ,2023-03-11,Manure,3850.0,kg,16632
I06139,F0711,2023-11-11,DAP,300.0,kg,36901
I06140,F0711,21/04/2024,DAP,4.1,bags,31935
I06141,F0711,06/06/2024,Urea,164.0,kg,17992
I06142,F0712,2019-12-12,Pesticide,2.2,litres,3028
I06143,F0712,2022-04-14,DAP 18-46-0,165.0,Kg,27270
I06144,F0712,09/04/2023,dap,105.0,Kg,14501
I06145,F0712,"Oct 03, 2024",DAP,125.0,kg,16982
I06146,F0712,2024-11-03,Urea,2.5,bags,12517
I06147,F0713,2019-04-05,DAP,45.0,kgs,7387
I06148,F0713,2019-05-26,CAN,,Kg,"KES 2,030"
I06149,F0713,12-Oct-20,dap,0.2,bags,1662
I06150,F0713,2020-12-02,Urea,25.0,kg,2808
I06151,F0713,01/10/2020,FYM,1.0,tonnes,4717
I06152,F0713,04-Jan-22,pesticide,0.3,l,475
I06153,F0713,2023-03-27,DAP,67.5,Kg,8852
I06154,F0713,16-Apr-24,DAP,50.0,kg,7011
I06155,F0714,31/03/2019,DAP,292.5,kg,35430
I06156,F0714,2019-03-22,Manure,7800.0,kg,28202
I06157,F0714,2020-01-08,UREA,3.2,bags,"KES 19,744"
I06158,F0714,11/11/2019,Manure,8000.0,kg,"KES 32,864"
I06159,F0714,2023-11-16,DAP,4.1,bags,29218
I06160,F0714,30/12/2023,Urea,4.1,Bags,22218
I06161,f0715,"Apr 21, 2020",DAP,45.0,KG,"KES 6,343"
I06162,F0715,2020-06-08,Urea,22.5,KG,2782
I06163,F-0715,2020-04-20,Manure,900.0,KG,3725
I06164,F0715,17/03/2022,DAP,1.0,bags,6030
I06165,F0715,2022-04-07,Pesticide,1.6,litres,
I06166,F0715,2022-11-18,DAP 18-46-0,45.0,kg,7253
I06167,F0715 ,2023-11-20,manure,1600.0,Kg,
I06168,F0715,25/12/2023,pesticide,0.5,litres,KES 595
I06169,F0715,2024-10-05,dap,75.0,Kg,8322
I06170,F0716,2019-10-05,Dap fertilizer,0.8,bags,4206
I06171,F0716,05-Nov-19,CAN,20.0,KG,2063
I06172,F0716,2019-09-29,Manure,400.0,KG,1557
I06173,F0716,03/01/2021,Pesticide,1.0,l,1163
I06174,F0716,09/11/2021,DAP,30.0,Kg,3903
I06175,F0716,2021-12-31,Urea,1.0,bags,5085
I06176,F0716,2021-11-07,Manure,1200.0,kg,5165
I06177,F0716,2022-10-15,Manure,1100.0,kgs,4004
I06178,F0716,10/11/2022,Pesticide,0.7,l,864
I06179,F0716,2024-04-19,FYM,1600.0,kg,5651
I06180,F0716,24/06/2024,Pesticide,0.7,ltrs,874
I06181,F0717,2019-04-23,DAP,320.0,kg,50343
I06182,F0717,2019-05-31,Urea (top dress),256.0,kg,
I06183,F0717,2023-03-16,DAP,2.6,bags,17504
I06184,F0717,07-May-23,Can fertilizer,4.1,bag,22808
I06185,F0717,06-Mar-23,manure,2.55,tonnes,10415
I06186,F0717,2023-04-14,Pesticide,6.0,L,7241
I06187,F0717,2023-10-15,dap,100.0,kg,15528
I06188,f0717,09-Dec-23,urea 46%,3.2,bag,17049
I06189,F0717,2023-11-12,Pesticide,2.1,litres,2327
I06190,F0717,2024-04-03,DAP,110.0,kg,15948
I06191,F0718,19/04/2019,Dap fertilizer,30.0,kg,3807
I06192,F-0718,2019-05-26,can,20.0,kg,1855
I06193,F0718,2021-04-06,DAP 18-46-0,25.0,kg,3331
I06194,F0719,2019-03-07,DAP,1.6,bag,11681
I06195,F0719,2019-02-26,Manure,3200.0,kg,11902
I06196,F0719,10-May-19,Pesticide,2.0,L,2139
I06197,F0719,2021-04-13,dap,2.2,bags,
I06198,F0719,2021-10-02,DAP,187.5,kg,23902
I06199,F0719,11/11/2021,UREA,125.0,Kg,13708
I06200,F0719,2021-11-11,Insecticide - Duduthrin,2.4,litres,3277
I06201,F0719,2022-12-27,Pesticide,1.8,litres,2257
I06202,F0719,"Apr 01, 2023",dap,110.0,kg,17113
I06203,F0719,2023-03-27,Manure,2.2,tonnes,9995
I06204,F0719,2023-06-01,Duduthrin,2.7,litres,3010
I06205,F0943,2024-03-23,Manure,2.8,MT,10727
I06206,F0719,2024-11-13,DAP 18-46-0,1.1,bags,8056
I06207,F0719,2024-12-18,Urea,55.0,kg,5366
I06208,F0720,2020-03-29,Farmyard manure,1100.0,KG,4791
I06209,F0720,03-May-20,Duduthrin,2.5,L,3153
I06210,F0720,2020-10-09,DAP,1.4,bags,9975
I06211,F0720,11/11/2020,Urea,67.5,kg,
I06212,F0720,2020-12-06,Pesticide,2.9,l,3221
I06213,F0720,2021-04-10,DAP 18-46-0,145.0,kgs,17808
I06214,F0720,2021-06-16,pesticide,3.7,litres,4159
I06215,F0720,07/03/2023,Manure,950.0,kg,3840
I06216,F0720,2023-10-31,dap,77.5,kg,11687
I06217,F0720,2023-12-17,Pesticide,3765.0,ml,5152
I06218,F0721,2019-03-19,dap,240.0,kg,34756
I06219,F0721,2019-04-22,Urea,,kg,24017
I06220,F0721,16/03/2019,Manure,4800.0,kg,18713
I06221,F0721,17/12/2019,pesticide,2.7,ltrs,3406
I06222,F0721,"Apr 19, 2021",DAP 18-46-0,75.0,,9361
I06223,F0721,30/05/2021,can,150.0,kg,12225
I06224,F0721,2023-04-16,Duduthrin,4116.0,ml,"KES 4,866"
I06225,F0721,2023-10-27,DAP,277.5,kg,37951
I06226,F0721,02/12/2023,Urea,92.5,Kg,10228
I06227,F0721,2023-11-17,Pesticide,4.2,litres,4683
I06228,F0722,2019-04-01,dap,1.6,bags,12964
I06229,F0722,2019-05-18,Urea,40.0,kg,4692
I06230,f0722,2019-03-18,manure,1600.0,kgs,6419
I06231,F0722,2019-06-02,Pesticide,2027.0,ml,2595
I06232,F0722,2020-04-08,DAP,120.0,kg,15968
I06233,F0722,2020-05-19,urea 46%,1.6,bag,"KES 8,393"
I06234,F0722,2020-03-25,Manure,3200.0,kgs,12682
I06235,F0722,2020-10-09,manure,3000.0,Kg,11583
I06236,F0722,30/10/2021,Manure,1600.0,kg,5755
I06237,F0722,2021-12-18,Duduthrin,1.3,litres,1705
I06238,F0722,2022-03-27,DAP,0.5,bags,3213
I06239,F0722,2022-11-07,DAP,120.0,kg,13378
I06240,F0722,2022-12-08,CAN (top dress),1.3,bags,7538
I06241,F0722,02/11/2022,manure,3200.0,kg,11042
I06242,F0722,2023-10-27,Manure,1600.0,Kg,5817
I06243,f0722,2023-12-15,Pesticide,1.5,litres,1536
I06244,F0722,2024-11-10,Manure,850.0,kgs,3344
I06245,F0723,2021-04-09,DAP,1.0,bags,6894
I06246,F0723,2021-04-03,Manure,100000.0,kg,4418
I06247,F0723,03/10/2023,dap,0.8,bag,6316
I06248,F0723,2023-11-27,CAN (top dress),1.3,bags,7003
I06249,F0723,2024-05-01,Pesticide,4.5,litres,5864
I06250,F0723,2024-11-20,DAP,172.5,kg,23937
I06251,F0723,22-Dec-24,Pesticide,3.0,l,3402
I06252,F0724,2020-03-04,DAP,235.0,KG,34289
I06253,F0724,25/04/2020,CAN,188.0,kg,14478
I06254,F0724,02/04/2020,Pesticide,2.6,litres,2602
I06255,F0724,2022-03-23,DAP,190.0,kg,28655
I06256,F0724,19-May-22,Duduthrin,4313.0,mL,"KES 4,521"
I06257,F0724,27/10/2023,Dap fertilizer,5.1,bags,36700
I06258,F0724,2023-11-29,urea 46%,3.4,bags,14596
I06259,f0724,2023-10-20,manure,6800.0,kg,25760
I06260,F0724,2024-03-05,Dap fertilizer,315.0,kg,46877
I06261,F0725,2019-09-28,Manure,2.4,MT,9356
I06262,F0725,2021-10-21,DAP 18-46-0,20.0,Kg,2070
I06263,F0725,2021-10-15,Manure,0.4,tonnes,1404
I06264,F0725,23-Dec-21,Insecticide - Duduthrin,1.0,litres,1259
I06265,F0725,20/04/2022,DAP,112.5,Kg,14360
I06266,F0725,2022-05-26,Urea,1.5,bags,9114
I06267,F0725,01/06/2023,Pesticide,1.1,litres,1326
I06268,F0725,04/10/2023,Manure,2600.0,Kg,7460
I06269,F0725,2024-05-07,pesticide,1.0,L,1153
I06270,F0725,19/10/2024,DAP,20.0,KG,3089
I06271,F0725,2024-11-28,CAN,20.0,KG,2024
I06272,F0725,12-Oct-24,manure,0.4,MT,1694
I06273,F0725,"Dec 27, 2024",Duduthrin,699.0,mL,703
I06274,F0726,24-Oct-20,DAP,135.0,kg,18135
I06275,f0726,2020-12-02,CAN,216.0,kg,22402
I06276,F-0726,2021-03-08,Manure,13400.0,Kg,46776
I06277,F0726,14/12/2022,Pesticide,7151.0,ml,6811
I06278,F0726,2023-10-09,DAP,3.8,bags,21645
I06279,F0726,2023-11-25,urea 46%,6.1,bags,30525
I06280,F0726,03/10/2023,manure,7600.0,kg,28604
I06281,F0726,21/04/2024,Dap fertilizer,4.4,bags,30193
I06282,F0726,2024-05-24,Urea,220.0,kg,24092
I06283,F0726,11/12/2024,Pesticide,6171.0,ml,
I06284,F0727,2019-04-06,manure,0.4,t,
I06285,F0727,2021-12-15,Pesticide,0.3,litres,390
I06286,F0727,2022-03-28,DAP,0.8,bags,5195
I06287,F0727,2022-05-08,pesticide,0.4,litres,467
I06288,F0727,2023-04-12,DAP,45.0,kg,6149
I06289,F0727,2023-06-01,CAN (top dress),30.0,kg,3391
I06290,F0727,2023-05-09,Pesticide,581.0,ml,684
I06291,F0727,2024-10-25,DAP,12.5,Kg,1574
I06292,F0727,06-Dec-24,CAN,12.5,kg,1256
I06293,F0727,2024-10-24,Manure,500.0,Kg,2011
I06294,F0728,18-Nov-19,DAP,0.9,50kg bag,5435
I06295,F0728,2020-01-05,urea 46%,72.0,kg,8295
I06296,F0728,09/04/2022,DAP,90.0,kg,13622
I06297,F0728,2022-05-12,CAN,1.2,50kg bag,
I06298,F0728,31/03/2022,manure,1200.0,kg,4880
I06299,F0728,31-May-22,Pesticide,0.7,litres,773
I06300,F0728,2023-11-17,DAP,1.8,bags,12612
I06301,F0728,2023-12-18,CAN,1.0,bags,4058
I06302,F0729,2020-11-16,Dap fertilizer,210.0,Kg,32050
I06303,F0729,05-Jan-21,Urea (top dress),1.4,bags,7298
I06304,F0729,20-Mar-22,DAP,65.0,kgs,9717
I06305,F0729,2022-05-10,UREA,65.0,Kg,
I06306,F0729,2024-10-13,Manure,6200.0,kg,25277
I06307,F0730,2019-10-14,dap,35.0,Kg,4083
I06308,F0730,2019-11-18,UREA,70.0,kg,7814
I06309,F0730,2019-10-01,Manure,1400.0,Kg,6708
I06310,F0730,04-Oct-20,Manure,1.3,t,5617
I06311,F0730,2021-11-01,DAP,90.0,kg,12961
I06312,F0730,08/11/2024,Dap fertilizer,97.5,kg,12198
I06313,f0730,2025-01-02,Pesticide,,L,1597
I06314,F0731,06/03/2021,DAP,85.0,kg,13215
I06315,F0731,23/04/2021,Urea,0.8,bags,5491
I06316,F0731,08/03/2022,Manure,2200.0,kg,8568
I06317,F0731,06/03/2023,dap,210.0,kg,21125
I06318,F0731,19-Apr-23,CAN (top dress),112.0,kg,11925
I06319,F0732,2019-03-29,Dap fertilizer,265.0,Kg,35229
I06320,F0732,19/05/2019,CAN,212.0,Kg,22980
I06321,F0732,2020-10-27,DAP,240.0,kg,34294
I06322,F0732,2022-03-05,DAP,5.4,bag,38959
I06323,F0732,24-Feb-22,Manure,3600.0,kg,14970
I06324,F0732,2024-04-14,dap,405.0,kg,55415
I06325,F0732,2024-05-27,can,4.3,bags,21874
I06326,F0732,2024-05-28,Pesticide,600.0,litres,6943
I06327,F0733,2019-11-16,DAP,1.2,bags,8547
I06328,F0733,2020-01-04,can,20.0,kg,2279
I06329,F0733,2020-10-05,DAP,10.0,kg,
I06330,F0733,"Nov 05, 2020",Pesticide,0.3,litres,380
I06331,F0733,2021-03-25,DAP,30.0,kg,5107
I06332,F0733,27/04/2021,CAN,0.2,bag,1010
I06333,F0733,2021-05-16,Insecticide - Duduthrin,240.0,ml,KES 245
I06334,F0733,"Mar 09, 2024",Dap fertilizer,35.0,kg,5563
I06335,F0734,2019-03-23,DAP,30.0,kg,
I06336,F0734,2022-06-10,pesticide,,mL,509
I06337,F0734,10-Apr-23,Manure,0.8,tonnes,
I06338,F0734,08/06/2023,Pesticide,96300.0,ml,1122
I06339,F0735,2019-03-21,DAP,32.5,kgs,5333
I06340,F0735,2019-05-06,can,1.0,bag,4147
I06341,F0735,09/05/2019,pesticide,1.5,litres,1762
I06342,F0735,2019-10-09,DAP,105.0,kg,13833
I06343,F0735,09-Nov-19,CAN,52.5,kg,5433
I06344,F0735,"Nov 21, 2019",Insecticide - Duduthrin,1.2,litres,1297
I06345,F0735,20-Nov-20,DAP,32.5,Kg,4732
I06346,F0735,23/12/2020,Insecticide - Duduthrin,1442.0,ml,1446
I06347,F0735,2021-10-14,DAP,95.0,kg,14530
I06348,F0735,2023-03-03,Manure,900.0,Kg,3610
I06349,f0735,2023-05-14,Pesticide,2.7,L,
I06350,F0735,2023-10-05,Manure,0.7,tonnes,3328
I06351,F0736,2020-04-17,DAP,255.0,kg,37226
I06352,F0736,07/06/2020,Pesticide,3808.0,mL,4361
I06353,F0736,18/04/2022,dap,95.0,kg,14116
I06354,F0736,2022-06-05,CAN,190.0,kg,21978
I06355,F0736,2023-04-10,DAP,11.8,bags,"KES 79,300"
I06356,F0736,2023-06-17,Pesticide,4.5,litres,5770
I06357,F0736,2023-12-03,Pesticide,8.7,litres,10472
I06358,F0737,2020-10-26,Manure,400.0,kg,"KES 1,617"
I06359,F0737,02-Apr-21,DAP,52.5,kgs,6705
I06360,F0737,"Oct 18, 2022",DAP,60.0,kg,8124
I06361,F0737,2022-12-06,Urea,32.0,kg,3187
I06362,F0737,2023-04-28,Pesticide,0.4,L,513
I06363,F0737,22/10/2023,DAP,20.0,kg,"KES 2,394"
I06364,F0737,2023-12-10,UREA,0.8,bag,4490
I06365,F0737,"Apr 13, 2024",DAP 18-46-0,0.8,bags,5699
I06366,F0737,19-May-24,CAN,0.6,bags,3011
I06367,F-0737,2024-05-08,pesticide,931.0,mL,1281
I06368,F0738,"Apr 07, 2023",DAP,2.1,bags,15740
I06369,F0738,2023-06-03,Pesticide,3.1,L,2898
I06370,F-0739,20/04/2021,DAP,30.0,kg,4253
I06371,F0739,"Jun 21, 2021",Pesticide,0.8,litres,908
I06372,F0739,2022-10-30,manure,4.6,tonnes,
I06373,F0739,18/03/2024,DAP,1.2,bags,
I06374,F-0740,2019-05-01,Insecticide - Duduthrin,2.9,L,
I06375,F0740,12/11/2019,Farmyard manure,1400.0,kg,5825
I06376,F0740,01/03/2020,DAP,97.5,kg,13279
I06377,F0740,22/04/2020,Urea,156.0,Kg,16883
I06378,F0740,2020-04-15,Duduthrin,5.2,litres,6155
I06379,F0740 ,2020-11-07,DAP,6.4,bags,37960
I06380,F0740,2020-12-07,CAN,4.3,bag,"KES 18,778"
I06381,F0740,10-Oct-23,DAP,215.0,kg,33261
I06382,F0740,2023-12-08,pesticide,2.7,litres,3380
I06383,F0741,"Oct 27, 2020",dap,40.0,kg,5394
I06384,F0741,26/11/2020,CAN,64.0,kg,8711
I06385,f0741,2021-03-11,DAP,127.5,Kg,18821
I06386,F0741,25/02/2021,Manure,3400.0,kg,13545
I06387,F0741,2021-04-02,pesticide,1.6,L,2038
I06388,F0741,22-Apr-24,DAP,90.0,Kg,12607
I06389,F0741,2024-06-05,UREA,1.2,bags,6517
I06390,F0741,2024-04-14,Manure,600.0,kg,2663
I06391,F0742,02-May-19,Pesticide,2.1,litres,
I06392,F0742,2019-11-01,DAP,100.0,kg,13348
I06393,F0919,2019-12-10,CAN,1.0,bag,5454
I06394,F0742,2019-10-26,manure,,kg,
I06395,F0742,2022-04-08,DAP,1.1,bag,7445
I06396,F0742,30/05/2022,Pesticide,1.1,ltrs,1388
I06397,F0742,2023-02-24,Manure,950.0,Kg,4045
I06398,F0742,2024-11-04,dap,90.0,Kg,11507
I06399,F0743,2019-03-16,Manure,2050.0,kg,8140
I06400,F0930,2020-10-09,dap,105.0,kg,15280
I06401,F0743,"Oct 02, 2020",Farmyard manure,2100.0,kg,8782
I06402,F0743,2020-12-16,Pesticide,1.8,litres,1961
I06403,F0743,24/03/2022,dap,2.7,bags,17653
I06404,F0743,2022-04-25,UREA,67.5,kg,8335
I06405,F0743,14/10/2022,DAP,55.0,kg,7323
I06406,F0743,26/11/2022,Pesticide,1.8,litres,2269
I06407,F0743,2024-10-19,Manure,5000.0,KG,18956
I06408,F0743,2024-12-08,Duduthrin,2.0,litres,2204
I06409,F0744,2019-03-29,DAP,95.0,kg,12053
I06410,F0744,2019-05-22,UREA,1.5,50kg bag,9600
I06411,F0744,27/05/2019,Duduthrin,2.2,ltrs,2632
I06412,F0744,2020-03-02,dap,142.5,kg,18730
I06413,F0744,20/11/2020,CAN,52.0,kg,5011
I06414,F0744,2021-03-28,DAP,45.0,KG,6352
I06415,F0744,18-Mar-21,Manure,450.0,KG,1496
I06416,F0744,2023-05-09,Pesticide,0.7,L,KES 742
I06417,F0745,"Feb 28, 2019",FYM,2.1,t,7951
I06418,F0745,2019-05-04,Insecticide - Duduthrin,1.1,litres,1480
I06419,F0745,2019-10-18,Dap fertilizer,3.9,bags,22925
I06420,F0745,17-Nov-20,DAP,100.0,kg,14538
I06421,F0745,2020-12-30,urea 46%,1.0,bag,
I06422,F0745,10/11/2021,DAP,172.5,Kg,19540
I06423,F0745,2021-12-28,CAN,1.8,bags,9403
I06424,F0745,2022-01-02,pesticide,3444.0,ml,4709
I06425,F0745,17/10/2022,DAP,4.2,bags,30964
I06426,F0745,2022-11-21,Urea (top dress),168.0,Kg,19841
I06427,F0745,30/11/2022,pesticide,5.7,litres,7487
I06428,F0746,03/11/2019,dap,370.0,kg,46395
I06429,F0746,2019-12-20,can,5.9,bags,25807
I06430,F0746,2019-12-07,Pesticide,7.3,litres,9080
I06431,F0746,2020-03-25,DAP,510.0,kg,66827
I06432,F0746,2020-05-13,can,170.0,kg,18898
I06433,F0746,2021-04-13,DAP,5.6,bags,36963
I06434,F0746,2023-05-10,Insecticide - Duduthrin,4.4,litres,"KES 5,863"
I06435,F0746 ,2024-11-04,DAP,3.8,bags,24839
I06436,F0746,2024-12-29,can,,kg,14461
I06437,F0747,12-Oct-19,dap,1.5,50kg bag,10409
I06438,F0747,2019-11-30,urea 46%,1.5,bags,7277
I06439,F0747,2019-11-04,Pesticide,1.7,l,1901
I06440,F0747,2020-10-30,DAP 18-46-0,75.0,Kg,10371
I06441,F0747,2022-11-21,Urea,48.0,kg,5187
I06442,F0747,2023-05-29,Pesticide,1.9,litres,2381
I06443,f0747,2023-10-29,manure,1.9,tonnes,7369
I06444,F0747,"Dec 23, 2023",Duduthrin,1.6,litres,1710
I06445,F0747,21-Apr-24,Pesticide,1.0,litres,1041
I06446,F0747,2024-10-29,DAP 18-46-0,90.0,kg,11732
I06447,F0747,16-Oct-24,Farmyard manure,1800.0,Kg,7854
I06448,F0747,05/01/2025,Pesticide,2.2,l,2848
I06449,F0748,04/04/2020,Dap fertilizer,15.0,kg,2150
I06450,F0748,2020-10-30,Manure,,tonnes,2326
I06451,F0748,19/03/2022,dap,0.2,bags,1840
I06452,F0748,03-May-22,urea 46%,0.2,,
I06453,F0748,19/04/2022,Pesticide,0.5,litres,549
I06454,F0748,04/11/2022,DAP,10.0,kg,1288
I06455,F0748,23/12/2022,CAN (top dress),16.0,kg,1832
I06456,F0748,"Jan 04, 2023",Pesticide,0.5,litres,525
I06457,F0748,2023-03-01,DAP,25.0,kg,3594
I06458,F0748,2023-04-26,Duduthrin,0.3,litres,392
I06459,F0748,13-Oct-23,Farmyard manure,0.6,t,2422
I06460,F0748,2024-09-23,Manure,800.0,kg,2979
I06461,F0748,2024-11-12,Pesticide,0.5,l,KES 682
I06462,F0749,16/11/2022,CAN,22.5,KG,2150
I06463,F0749,2022-12-06,pesticide,820.0,ml,902
I06464,F0749,2023-05-30,Pesticide,0.7,litres,674
I06465,F0749,2023-10-27,DAP,30.0,kgs,4319
I06466,F0749,03/12/2023,urea 46%,0.3,bags,1734
I06467,F0749,2024-11-10,Manure,300.0,kg,1196
I06468,F0750,08/05/2019,Pesticide,0.8,ltrs,
I06469,F0750,2023-04-03,DAP,120.0,kg,16994
I06470,F0750,2024-11-18,Manure,2.1,tonnes,
I06471,F0750,06-Jan-25,Pesticide,1.9,litres,2535
I06472,F0751,2019-12-01,CAN,205.0,KG,19407
I06473,f0751,11/11/2020,DAP,125.0,Kg,17113
I06474,F0751,09/11/2020,manure,2.5,tonnes,"KES 9,474"
I06475,F0751,2021-01-05,pesticide,1.3,,1439
I06476,F0751,18-May-22,Pesticide,4.5,litres,5769
I06477,F0751,2023-04-15,DAP,3.5,bags,21104
I06478,F-0751,03-Jun-23,UREA,175.0,kg,17625
I06479,F0751,13/06/2023,pesticide,,litres,2662
I06480,F0751,2024-03-20,DAP,57.5,Kg,8087
I06481,F0751,2024-05-12,Urea,2.3,bags,11581
I06482,F0751,15/03/2024,Manure,4600.0,kg,20226
I06483,F0751,08/12/2024,Duduthrin,3.4,litres,4292
I06484,F0752,2019-12-11,Pesticide,4.3,litres,6340
I06485,f0752,2020-04-17,manure,1400.0,kgs,5170
I06486,F0752,17/06/2020,Pesticide,2.8,L,2602
I06487,F0752,2020-12-24,Pesticide,2.7,litres,3353
I06488,F0752,29-Apr-21,Insecticide - Duduthrin,1.6,L,1603
I06489,F0752 ,02/10/2021,manure,1700.0,KG,6801
I06490,F0752,2022-03-20,DAP,2.6,bags,15754
I06491,F0752,03-May-22,can,65.0,kg,5394
I06492,F0752,14/05/2022,Duduthrin,2.3,ltrs,3086
I06493,F-0752,09-Nov-23,DAP 18-46-0,140.0,KG,18580
I06494,F0752,2024-03-07,DAP 18-46-0,1.0,bags,8164
I06495,F0753,2019-11-11,DAP,60.0,KG,9608
I06496,F0753,14/12/2019,Urea,60.0,kg,6906
I06497,F0753,15/01/2020,Duduthrin,2.8,L,2688
I06498,F0753,2022-03-08,DAP 18-46-0,2.7,bags,
I06499,F0753,02/05/2024,Insecticide - Duduthrin,5.1,litres,6901
I06500,F0753,20/11/2024,dap,1.2,50kg bag,
I06501,F0753,2024-12-20,Urea,1.2,bags,6982
I06502,f0753,2025-01-17,Pesticide,2.7,L,"KES 3,033"
I06503,F0754 ,25-Mar-19,dap,1.4,bags,9913
I06504,F0754,15/05/2019,CAN,70.0,kg,8147
I06505,F0754,2019-05-29,pesticide,0.7,litres,831
I06506,F0754,18-Oct-19,dap,35.0,kg,4779
I06507,F0754,09/12/2019,can,0.7,bags,3610
I06508,F0754,29-Nov-19,pesticide,0.9,litres,1227
I06509,F0754,2020-11-04,DAP,30.0,KG,
I06510,F0754,05/12/2020,urea 46%,30.0,kg,3043
I06511,F0754,"Dec 09, 2020",Duduthrin,892.0,ml,1187
I06512,F0754,09/10/2024,DAP,,bags,
I06513,F0755,2019-03-30,DAP,262.5,kg,41664
I06514,F0755,2022-10-08,DAP,100.0,Kg,"KES 15,211"
I06515,F0755,02/12/2022,pesticide,2188.0,mL,2443
I06516,F0755,06/12/2023,CAN,1.6,bag,7282
I06517,F0755,2023-11-16,pesticide,2833.0,mL,3847
I06518,F0755,2024-10-19,Manure,1800.0,kg,7320
I06519,F0756,"Apr 19, 2019",DAP,1.9,bags,16229
I06520,F0756,"May 19, 2019",Urea,76.0,Kg,
I06521,F0756,2019-05-15,Pesticide,2.4,litres,
I06522,F0756,2020-11-16,DAP,,50kg bag,29826
I06523,F0756,2020-12-30,CAN (top dress),3.7,50kg bag,18831
I06524,F0756,2020-11-14,Manure,1850.0,KG,7126
I06525,F0756,01/10/2021,DAP,3.5,bags,23717
I06526,F0756,2021-09-27,Manure,7000.0,kg,22183
I06527,F0756,2024-02-27,Manure,4100.0,kg,18708
I06528,F0756,02/04/2024,Pesticide,3482.0,ml,4002
I06529,F0757,2020-03-23,DAP,1.2,bags,8162
I06530,F0757,2020-05-10,CAN (top dress),1.2,bags,5198
I06531,F0937,2020-12-08,UREA,0.8,bags,4170
I06532,F0757,2021-05-07,pesticide,2.2,litres,2825
I06533,F0757,2021-10-09,manure,1.6,tonnes,5545
I06534,F0757,23/11/2021,pesticide,2378.0,ml,2728
I06535,F0757,2023-03-10,DAP 18-46-0,1.9,bags,
I06536,F0757,2024-03-17,DAP 18-46-0,60.0,kg,"KES 7,286"
I06537,F0758,2019-03-11,DAP,2.0,bags,"KES 11,907"
I06538,F0758,01/05/2019,CAN,32.5,kg,2707
I06539,F0758,03/04/2020,DAP,0.9,Bags,6080
I06540,F0758,18/05/2020,UREA,45.0,kg,4766
I06541,F0758,2020-06-09,Pesticide,1.9,litres,2170
I06542,F0758,30-Oct-20,dap,2.1,bags,14343
I06543,F0758,2020-11-30,CAN,105.0,kg,11271
I06544,F0758,2021-01-06,Pesticide,1.2,litres,1411
I06545,F0758,16-Apr-22,dap,2.0,bags,10809
I06546,f0758,2022-05-22,Urea,,kg,8315
I06547,F0758,2022-04-02,Manure,4000.0,kgs,14579
I06548,F0758,"Nov 06, 2022",DAP,0.9,bags,6924
I06549,F0758,20-Dec-22,Urea,45.0,kgs,
I06550,F-0758,2022-12-29,Duduthrin,0.8,litres,1104
I06551,F0758,2023-04-03,dap,95.0,kgs,15279
I06552,F0758,2023-05-20,Urea,1.5,bag,8094
I06553,F0759,2019-03-23,Manure,2000.0,kg,7958
I06554,F0759,15-Nov-20,DAP,0.9,bags,
I06555,F0759,19/04/2022,DAP,85.0,kg,13900
I06556,F0759,2022-06-02,can,85.0,KG,9314
I06557,F0760,05/11/2020,DAP,37.5,kg,4490
I06558,F0760,16/12/2020,CAN,12.5,Kg,1221
I06559,F0760,2020-12-10,Pesticide,0.6,l,704
I06560,F0760,2021-04-05,DAP,0.3,bags,1994
I06561,F0760,"May 21, 2021",urea 46%,7.5,kg,
I06562,F-0760,2021-05-13,Pesticide,215.0,mL,253
I06563,F0760,2022-04-22,dap,0.4,bags,
I06564,F0760,2022-06-08,Can fertilizer,16.0,kg,
I06565,F0760,2022-04-22,Manure,0.2,tonnes,777
I06566,F0760,2022-10-29,Pesticide,0.5,litres,611
I06567,F0760,07-Dec-24,Pesticide,483.0,mL,530
I06568,F0761,2019-05-10,Pesticide,1.6,litres,1634
I06569,F0761,05/11/2022,Duduthrin,1.3,litres,1721
I06570,F0970,2023-05-14,pesticide,1.8,,1906
I06571,F0761,2023-10-13,Dap fertilizer,50.0,kg,6069
I06572,F0761,01/10/2023,FYM,2000.0,kg,7644
I06573,F0761,2023-11-22,Duduthrin,2.1,litres,2444
I06574,F0762,2019-03-27,dap,0.9,bags,6364
I06575,F0762,09/05/2019,can,0.9,50kg bag,4312
I06576,F0762,2019-05-11,pesticide,1.1,litres,"KES 1,258"
I06577,F0762,2019-11-11,Pesticide,0.6,litres,765
I06578,F0762,2020-03-10,dap,35.0,kg,4752
I06579,F0762,2020-04-28,UREA,28.0,Kg,
I06580,F0762,2020-04-21,pesticide,0.6,l,731
I06581,F0762,24/04/2021,DAP 18-46-0,25.0,KG,3531
I06582,F0762,08/06/2021,CAN,40.0,kg,3360
I06583,F0762,2021-04-20,Manure,2000.0,Kg,7571
I06584,F0762,"Oct 08, 2021",DAP,55.0,kg,9063
I06585,F0762,2021-11-21,Pesticide,0.7,litres,942
I06586,F0762,2022-10-12,dap,45.0,Kg,
I06587,F0762,17-Nov-22,Urea (top dress),22.5,kg,2286
I06588,F-0762,2023-10-19,DAP,1.0,50kg bag,8037
I06589,F0762 ,2023-11-18,Pesticide,0.7,litres,770
I06590,F0762,2024-04-13,manure,500.0,,1970
I06591,F0762,2025-01-10,Pesticide,0.6,litres,KES 783
I06592,F0763,2019-03-24,DAP,1282.5,Kg,230655
I06593,F0763,14/05/2019,CAN,855.0,kg,78813
I06594,F0763,2019-11-14,DAP,635.0,kg,80626
I06595,F0763,2019-12-15,Urea,508.0,kg,61520
I06596,F0763,2019-11-12,manure,6350.0,KG,"KES 24,865"
I06597,F0763,2020-12-01,pesticide,7.7,L,9341
I06598,F0763,03/11/2021,dap,1320.0,kg,188027
I06599,F0763,03/11/2021,Manure,17600.0,kg,57416
I06600,F0763,15/10/2022,DAP,297.5,kgs,40534
I06601,F0763,2022-12-09,can,6.0,bags,29553
I06602,F0763,2022-11-04,pesticide,9.7,L,
I06603,F0763,2023-03-18,dap,475.0,kg,66613
I06604,F0763 ,"Nov 20, 2023",Dap fertilizer,497.5,KG,67487
I06605,f0764,16/11/2019,DAP,1.0,bags,7783
I06606,F0764,2020-01-01,can,100.0,kgs,"KES 11,312"
I06607,F0764,2020-05-10,Insecticide - Duduthrin,2.2,litres,2801
I06608,F0764,2020-10-24,DAP 18-46-0,105.0,kgs,13312
I06609,F0764,2020-12-11,CAN,1.4,bags,7266
I06610,F0764,2021-10-08,Manure,1.7,t,6737
I06611,F0764,2022-10-22,DAP,0.9,bags,6578
I06612,F0764,2022-10-13,manure,900.0,kg,3108
I06613,F0764,08/12/2024,Insecticide - Duduthrin,2.4,litres,3442
I06614,F0765,11/03/2020,DAP,2.0,bag,10732
I06615,F0765 ,2020-04-20,Urea,52.0,kg,5618
I06616,F0765,2020-05-11,Duduthrin,1.8,litres,2139
I06617,F0765,2021-04-02,DAP,65.0,kg,8792
I06618,F0765,08/11/2022,DAP,50.0,kg,6216
I06619,F0765,20/12/2022,Pesticide,0.9,L,1145
I06620,F0765,10/11/2024,dap,50.0,KG,6820
I06621,F0765,2024-12-27,urea 46%,0.8,bags,4189
I06622,F0765,09-Nov-24,manure,0.5,,1943
I06623,F0766,29-Mar-19,DAP,2.0,bags,"KES 14,368"
I06624,F0766,2019-05-14,Urea,1.6,Bags,9206
I06625,F0766,2019-06-03,Pesticide,,litres,1174
I06626,F0766,2019-11-12,DAP,1.3,bags,9269
I06627,F0766,2019-12-22,urea 46%,52.0,kg,5229
I06628,F0766,"May 25, 2021",pesticide,2.5,L,3725
I06629,F0766,22/04/2022,DAP,100.0,kg,10920
I06630,F0766,25/05/2023,Duduthrin,1.3,litres,1329
I06631,F0766,02-Oct-23,Dap fertilizer,3.0,bags,
I06632,F0766,15/11/2023,pesticide,4.2,L,5080
I06633,F0766,04/11/2024,Pesticide,2.7,L,3162
I06634,F0767,21/04/2021,Pesticide,,litres,1124
I06635,F0767,2022-05-05,CAN,0.6,bags,"KES 3,184"
I06636,F0767,21/05/2022,Pesticide,1023.0,ml,1396
I06637,F0768 ,2019-10-13,Dap fertilizer,130.0,Kg,"KES 18,686"
I06638,F0768,2019-12-07,CAN,1.3,bags,6098
I06639,F0768,10/03/2020,manure,1500.0,kg,5396
I06640,F0768,2020-10-03,DAP 18-46-0,155.0,kg,22586
I06641,F0768,2020-09-21,manure,1550.0,kg,6674
I06642,F0768,01/04/2021,DAP,217.5,kg,
I06643,F0768,15/05/2021,Pesticide,,mL,2520
I06644,F0768,2022-10-25,DAP,65.0,Kg,9318
I06645,F0768,30/12/2022,Duduthrin,1.3,litres,1498
I06646,F0768,07/10/2023,DAP,70.0,kg,
I06647,F0768,2023-11-22,urea 46%,70.0,KG,9853
I06648,F0769,31/03/2019,DAP,75.0,kg,10085
I06649,F0769,2019-05-02,CAN,50.0,kg,3916
I06650,F0769,17/03/2019,manure,2000.0,kg,8547
I06651,F0769,2019-05-03,Duduthrin,1.1,L,1390
I06652,F0769,"Mar 16, 2022",dap,0.9,bag,6135
I06653,F0769,12/05/2022,Pesticide,1.0,L,"KES 1,289"
I06654,F0769,"May 08, 2023",Urea,40.0,Kg,4482
I06655,F0769,02-Jun-24,Pesticide,1.9,litres,2394
I06656,F-0770,09/04/2019,DAP,2.4,50kg bag,18671
I06657,F0770,2021-04-13,Dap fertilizer,310.0,KG,43465
I06658,F0770,2021-05-25,Urea,155.0,Kg,19473
I06659,F0770,2021-06-21,Pesticide,8511.0,mL,
I06660,F0770,2022-04-16,DAP,177.5,kg,20531
I06661,F0770,2022-04-13,Manure,3550.0,kg,15801
I06662,F0770,07-Oct-23,DAP 18-46-0,2.6,Bags,22186
I06663,F0770,2023-11-24,Urea,208.0,KG,24537
I06664,F-0770,01/10/2024,DAP,360.0,Kg,50955
I06665,F0771,2019-11-14,DAP,3.5,50kg bag,"KES 21,628"
I06666,F0771,2019-12-29,CAN,87.5,KG,9675
I06667,F0771,05/11/2019,Manure,,Kg,
I06668,F0771,06/04/2021,DAP,3.3,bags,19041
I06669,F0771,19/05/2021,CAN,1.6,50kg bag,"KES 7,828"
I06670,F0771,07/12/2022,Pesticide,2.6,l,3362
I06671,F0771,2023-05-14,Urea,50.0,Kg,5126
I06672,F0771,2023-03-31,Manure,4.0,t,17159
I06673,F0771,2024-04-24,CAN,0.8,bags,3229
I06674,F0771,"Mar 09, 2024",manure,3200.0,kg,13282
I06675,F0771,16/11/2024,Duduthrin,1.3,litres,1523
I06676,F0772,13/11/2020,DAP,22.5,kg,3084
I06677,F0772,2020-12-17,Pesticide,0.4,litres,575
I06678,F0772,2022-04-17,Pesticide,1.0,ltrs,1030
I06679,F0772,2022-11-12,Duduthrin,0.4,litres,389
I06680,F0773,2019-11-05,Pesticide,1.5,litres,1398
I06681,F0773,05/12/2020,Pesticide,1.4,litres,1432
I06682,F0773 ,11/11/2021,Pesticide,1.0,litres,1039
I06683,F0773,2022-04-18,CAN,1.2,bags,5200
I06684,F0773,18/11/2022,DAP,1.1,Bags,7066
I06685,F0773,11/11/2024,dap,50.0,kg,
I06686,F0773,2024-12-06,Pesticide,1.3,litres,1565
I06687,F0979,15-Oct-19,DAP 18-46-0,,KG,1650
I06688,F0774,2019-11-18,can,0.3,bags,1719
I06689,F0774,2021-03-25,DAP,0.6,bags,4385
I06690,F0774,2021-05-12,UREA,15.0,Kg,1632
I06691,F0774,2021-10-07,DAP,30.0,Kg,3921
I06692,F0774,2022-06-14,Urea,24.0,KG,2601
I06693,F0774,14/05/2022,Pesticide,0.7,L,849
I06694,F0774,26/03/2023,Dap fertilizer,0.8,bags,4806
I06695,F0774,2023-04-29,Urea,0.2,50kg bag,1418
I06696,F0774,02-Oct-24,Manure,0.6,tonnes,2469
I06697,F0775,2020-04-13,DAP,3.9,bags,"KES 27,056"
I06698,F0775,13/04/2020,Manure,1300.0,kg,5652
I06699,F0775,13/10/2020,dap,90.0,kg,15771
I06700,F0775,2021-11-16,manure,700.0,kg,2813
I06701,F0775,2022-10-15,Manure,2.5,tonnes,8947
I06702,F0775,2024-04-02,DAP,2.4,bags,16766
I06703,F0775,02/06/2024,Pesticide,3103.0,mL,3572
I06704,F0775,2024-12-28,Pesticide,1.9,litres,2405
I06705,F0776,2019-04-12,manure,6.5,t,29240
I06706,F0776,2019-10-14,Manure,4100.0,kg,15804
I06707,F0776,11/03/2020,DAP,2.0,bags,14063
I06708,F0776,16/05/2020,Duduthrin,3.1,l,4146
I06709,F0776,14-Nov-20,DAP 18-46-0,6.3,bags,43767
I06710,F0776,2020-12-18,Urea,3.2,bags,16308
I06711,F0776,13/05/2021,UREA,435.0,Kg,38238
I06712,F0776 ,2022-03-16,Dap fertilizer,292.5,KG,40515
I06713,F0776,2022-03-12,Manure,7.8,,34044
I06714,F0776,2022-11-04,DAP,,bag,54779
I06715,F0776,2022-12-07,Pesticide,9.8,L,10276
I06716,F0776,"Apr 15, 2023",DAP 18-46-0,180.0,kg,27975
I06717,F0776,2023-04-01,Manure,1800.0,KG,7430
I06718,F0776,2024-06-08,pesticide,5.7,litres,5391
I06719,F0776,02/12/2024,urea 46%,3.4,50kg bag,19401
I06720,F0776,03/10/2024,Manure,8600.0,kg,37263
I06721,F0777,2019-03-23,DAP,185.0,kg,27198
I06722,F0777,26/04/2019,Urea,3.0,50kg bag,15465
I06723,F-0777,"Apr 19, 2019",Pesticide,2209.0,ml,2638
I06724,F0777,03/12/2019,Duduthrin,4.9,L,4893
I06725,F0777,2020-03-26,DAP,6.6,bags,39907
I06726,F0777,2020-05-01,Urea,4.4,bags,21396
I06727,F0777,2021-10-26,DAP,130.0,kg,18961
I06728,F0777,2021-12-20,CAN,,bag,22843
I06729,F0777,25-Oct-21,Manure,2.6,tonnes,9406
I06730,F0777,04/11/2022,manure,11600.0,kg,46395
I06731,F0777,"Jan 05, 2023",Pesticide,5431.0,mL,6231
I06732,F0777,2023-11-16,DAP,2.8,bags,18918
I06733,F0777,"Jan 02, 2024",Urea,112.0,kg,10978
I06734,F0778,2020-10-23,dap,2.4,bags,13940
I06735,F0778,2020-12-13,Urea,96.0,Kg,9891
I06736,F0778,2020-11-12,Pesticide,3.5,L,
I06737,f0778,2022-03-09,DAP,2.6,bags,17789
I06738,F0778,2022-04-28,Urea,2.6,bags,13292
I06739,F0778,2022-03-03,Manure,5.2,MT,18767
I06740,F0779,2020-12-27,Pesticide,,litres,3902
I06741,F0779,2021-06-02,Pesticide,3.1,l,3017
I06742,F0779,22/10/2022,DAP,,kgs,"KES 15,171"
I06743,F0779,08/12/2022,Urea,1.6,bags,8909
I06744,F0779 ,2022-12-15,Pesticide,2.6,litres,2648
I06745,F0779,2023-03-11,DAP 18-46-0,130.0,kgs,19301
I06746,F0779,2023-03-02,Manure,1300.0,KG,5961
I06747,F0779,2024-01-04,Pesticide,3.2,l,3862
I06748,F0779,2024-10-02,Dap fertilizer,52.5,Kg,"KES 6,932"
I06749,F0779,2024-11-24,Urea,52.5,Kg,6158
I06750,F0779,2024-11-08,Pesticide,1.3,litres,1485
I06751,F0780,2019-04-25,dap,240.0,kg,32057
I06752,F0780,2019-06-13,CAN,2.6,50kg bag,12899
I06753,F0914,2019-07-04,pesticide,2446.0,mL,2634
I06754,F0780,2020-12-05,pesticide,5.9,L,6528
I06755,F0780,2021-11-07,manure,2150.0,Kg,9322
I06756,F0780,2022-03-10,DAP,2.4,bags,16320
I06757,F0780,2022-04-02,pesticide,3.5,L,
I06758,F0780,2022-11-08,dap,105.0,kg,15597
I06759,F0780,2022-12-28,Pesticide,5.7,litres,7234
I06760,F0780,19-Mar-23,DAP,300.0,KG,44668
I06761,F0780,2023-04-19,Urea,4.0,bags,22325
I06762,F0780,11/04/2023,Pesticide,4.3,litres,6046
I06763,F0780,2024-04-11,DAP,,kg,35203
I06764,F0780,2024-06-01,Urea,112.5,kg,12449
I06765,F0781,16/10/2020,DAP 18-46-0,2.8,50kg bag,
I06766,F0781,04/12/2020,can,95.0,kg,8273
I06767,F0781,03/04/2021,DAP 18-46-0,1.2,bags,6799
I06768,F0781,2021-05-09,Urea,2.3,bag,13850
I06769,F0781,15-May-21,pesticide,2740.0,ml,2982
I06770,F0781,24/11/2022,can,,bags,7536
I06771,F0781,2022-11-04,Pesticide,2.0,l,3010
I06772,F0781,2024-10-11,Manure,1900.0,Kg,8282
I06773,F0781,2024-11-15,Pesticide,1.6,litres,1688
I06774,F0782,2019-04-18,Dap fertilizer,2.6,50kg bag,
I06775,F0782,31/05/2019,Urea,260.0,kgs,"KES 31,599"
I06776,F0782,2019-04-11,manure,10.4,tonnes,36266
I06777,f0782,"Jun 01, 2019",Pesticide,7.3,litres,9122
I06778,F0782,2020-03-22,DAP,4.7,bag,37358
I06779,F0782,2021-03-25,DAP,92.5,Kg,11760
I06780,F0782,2021-05-06,CAN,185.0,kg,19702
I06781,F0782,01/04/2024,DAP,2.6,bags,20600
I06782,F0782,2024-03-30,Manure,5100.0,kg,20598
I06783,F0783,2020-03-03,DAP,0.8,Bags,5573
I06784,f0783,2020-04-13,Urea,0.8,bags,4238
I06785,F0783,2020-10-29,manure,500.0,kg,2242
I06786,F0783,2020-12-30,pesticide,1.1,litres,1165
I06787,F0783,"Jun 05, 2021",Insecticide - Duduthrin,0.6,litres,719
I06788,F0783,"Mar 06, 2022",DAP,1.6,bags,9021
I06789,F0783,27/04/2022,Urea (top dress),64.0,kg,7823
I06790,F0783,09/10/2022,Manure,700.0,kg,"KES 2,966"
I06791,F0783,2024-10-22,DAP 18-46-0,80.0,Kg,
I06792,F0784,20/11/2019,DAP,145.0,kg,20469
I06793,F0784,2020-01-06,Urea,72.5,kg,7898
I06794,F0784,28/01/2020,Pesticide,2.6,litres,3288
I06795,F0784,2022-03-06,DAP 18-46-0,3.3,bags,23014
I06796,F0784,21/04/2022,CAN,165.0,kg,16267
I06797,F0784,24-Nov-22,Pesticide,1873.0,ml,
I06798,F0784,"Nov 13, 2024",DAP,,kg,7903
I06799,F0784,2024-12-20,CAN,115.0,Kg,13906
I06800,F0784,2024-12-31,Pesticide,1.3,litres,1811
I06801,F0785,2019-12-14,Pesticide,0.6,litres,736
I06802,F0785,18/04/2023,DAP,0.5,50kg bag,3688
I06803,F0785,01-Jun-23,CAN,25.0,,2469
I06804,F0785,30-Oct-23,dap,0.5,bag,3322
I06805,F0785,2024-03-01,DAP 18-46-0,120.0,KG,17074
I06806,F0785,06/04/2024,CAN,0.8,bags,3763
I06807,F0785,2024-03-01,Manure,800.0,kg,
I06808,F-0786,15/04/2019,manure,2900.0,KG,11608
I06809,F0786,2021-10-17,DAP,1.4,bags,9877
I06810,F0786,18/11/2021,CAN,56.0,kg,6177
I06811,F0786,2021-12-02,pesticide,1.1,litres,1466
I06812,F0786,2023-04-16,pesticide,2156.0,ml,2526
I06813,F0786,19-Oct-23,DAP 18-46-0,1.1,bag,7545
I06814,F0786,2023-12-08,Urea,2.2,bag,11969
I06815,F0786,2023-10-05,Manure,4400.0,Kg,16559
I06816,F0786,2023-12-23,Duduthrin,1.2,litres,1563
I06817,F0786,25/03/2024,DAP,1.4,bags,9532
I06818,F0786,"May 11, 2024",Pesticide,1.3,ltrs,1713
I06819,F0787,2019-05-10,Pesticide,0.7,litres,836
I06820,F0787,2020-12-08,Pesticide,534.0,mL,
I06821,F0787,14/11/2021,dap,0.4,bags,2937
I06822,F0787,2023-10-26,DAP 18-46-0,1.2,bags,8446
I06823,F0787,2023-11-29,CAN,0.4,Bags,1866
I06824,F0788,2019-12-05,Pesticide,1.0,ltrs,1045
I06825,F0788,30-Oct-20,DAP,1.0,bags,6884
I06826,F0788,2021-04-21,DAP 18-46-0,0.7,50kg bag,4723
I06827,F0788,2021-05-22,CAN,0.7,bags,3831
I06828,F0788,07/10/2021,dap,60.0,kg,7852
I06829,F0788,04-Nov-21,Pesticide,80.0,litres,825
I06830,F0788,05/04/2023,DAP 18-46-0,45.0,kg,
I06831,F0788,2024-11-03,DAP,40.0,kg,5989
I06832,F0788,2024-12-24,Urea,0.6,bags,3675
I06833,F0788,2024-12-07,Pesticide,0.6,litres,635
I06834,F0789,2022-04-25,DAP,25.0,KG,4104
I06835,F0789,19/06/2022,can,0.2,bag,1335
I06836,F0789,2022-04-25,Manure,250.0,kg,1121
I06837,F0789,2023-03-21,dap,60.0,kg,9283
I06838,F0789,2023-04-22,Urea,40.0,kg,5012
I06839,F0789,2023-05-23,Duduthrin,1.1,litres,1280
I06840,F0789,21/05/2024,Pesticide,0.5,litres,736
I06841,F0789,2024-10-11,dap,,Kg,1894
I06842,F0789,14/12/2024,Duduthrin,819.0,mL,1103
I06843,F0790,2020-04-21,DAP,75.0,Kg,10732
I06844,F0790,2020-06-02,UREA,1.2,bags,7235
I06845,F0790,2020-04-13,Manure,3000.0,kg,11650
I06846,F0790,2020-05-25,Pesticide,0.8,l,1079
I06847,F0790,2020-11-12,Pesticide,,L,1772
I06848,F0790,28/12/2021,Pesticide,1.3,litres,
I06849,F0790,08/10/2022,DAP,142.5,kg,
I06850,F0790,2022-11-04,Pesticide,1.4,l,1956
I06851,F0790,08/11/2023,pesticide,1.1,litres,
I06852,F0791,05/04/2020,dap,15.0,kg,
I06853,F0791,2020-05-24,CAN,0.3,bags,
I06854,F0791,2022-10-12,dap,7.5,KG,1076
I06855,F-0791,"Oct 10, 2022",FYM,300.0,kg,"KES 1,083"
I06856,F0791,2023-03-24,DAP,,bags,4228
I06857,F0792,2019-10-30,dap,32.5,kg,
I06858,F0980,2020-03-30,DAP,2.0,50kg bag,15445
I06859,F0792,2020-05-14,CAN,100.0,kg,9861
I06860,F0792,2020-03-26,Manure,4000.0,kg,19940
I06861,F0792,2021-04-07,Manure,0.75,tonnes,3000
I06862,F0792,06/05/2021,Duduthrin,0.9,litres,1168
I06863,F0792,2021-10-15,DAP,0.8,bags,6317
I06864,F0792,23/11/2021,Urea,40.0,kg,3935
I06865,F0792,2021-10-10,Manure,1600.0,kgs,
I06866,F0792,2022-03-01,DAP 18-46-0,55.0,kg,7577
I06867,F0792,17/02/2022,Manure,2200.0,KG,7258
I06868,F0792,2023-10-15,DAP,2.5,bags,17179
I06869,F0792,2023-12-07,Pesticide,1.4,L,1670
I06870,F0792,2024-03-05,dap,2.2,bags,17350
I06871,F0792 ,2024-04-04,can,1.1,bags,6746
I06872,F0792,22/02/2024,Farmyard manure,2200.0,kg,
I06873,F-0793,2019-04-04,DAP 18-46-0,0.8,bag,6986
I06874,F0793,09/05/2019,Pesticide,1.9,l,2156
I06875,F0793,2020-03-26,DAP,60.0,kg,8268
I06876,F0793,13/05/2020,CAN,60.0,kgs,6620
I06877,F0793,"May 15, 2020",Pesticide,0.9,litres,1095
I06878,F0794,2020-03-01,dap,2.8,50kg bag,19189
I06879,F0794,2022-04-28,pesticide,3.7,litres,4424
I06880,F0794,06-Oct-22,DAP,295.0,kg,42381
I06881,F0794,"Oct 01, 2022",Manure,2950.0,Kg,13506
I06882,F0794,2023-05-04,Pesticide,3.8,ltrs,5432
I06883,F0795,"May 27, 2019",CAN,35.0,Kg,3166
I06884,F0795,2019-10-31,DAP,15.0,kg,2103
I06885,F0795,13/12/2019,CAN,15.0,kg,1276
I06886,F0795,2020-03-25,manure,400.0,kg,1583
I06887,F0795,04/11/2020,DAP,55.0,KG,8059
I06888,F0795,2020-12-22,Urea,1.1,bag,5876
I06889,F0795,25-Oct-20,manure,550.0,Kg,2462
I06890,F0795,26/11/2020,Pesticide,1.3,litres,1434
I06891,F0795,2021-11-18,DAP 18-46-0,50.0,kg,6923
I06892,F0795,2022-01-04,Urea (top dress),1.0,bag,5736
I06893,F0795,09/03/2022,DAP,67.5,kg,8703
I06894,F0795,29-Mar-24,DAP,45.0,Kg,5424
I06895,F0795,2024-04-19,Pesticide,0.7,L,866
I06896,F-0796,2019-05-27,Duduthrin,2.1,ltrs,2388
I06897,F0796,17/03/2022,DAP,4.2,bags,34677
I06898,F0796,2023-04-07,DAP 18-46-0,5.0,Bags,28379
I06899,F0796,2023-05-27,Urea,1.6,bag,10159
I06900,F0796,2023-12-07,pesticide,5.3,,
I06901,F0797,2019-11-04,dap,180.0,kg,"KES 24,369"
I06902,F0797,2020-01-07,Pesticide,1569.0,ml,1804
I06903,F0797,2020-03-16,DAP,1.3,bags,9312
I06904,F0797,2020-05-09,CAN,32.5,kg,2767
I06905,F0797,2020-11-01,DAP,172.5,Kg,25881
I06906,F0797,25-Nov-22,Urea,2.1,bags,11707
I06907,F0797,2022-10-23,manure,2100.0,kg,8537
I06908,F0797,"Nov 25, 2022",pesticide,2.6,ltrs,2744
I06909,F0797,2023-03-19,Dap fertilizer,127.5,kgs,17542
I06910,F0797,2023-05-08,CAN,68.0,kg,7656
I06911,F0797,2023-05-23,pesticide,1.8,ltrs,2160
I06912,F0797,2024-04-23,DAP 18-46-0,75.0,kg,9050
I06913,F0797,2024-06-09,UREA,,bags,4856
I06914,F0798,2020-10-26,FYM,2400.0,KG,"KES 8,159"
I06915,F0798,2024-10-14,dap,200.0,kg,"KES 23,096"
I06916,F0798,2024-11-23,Urea,4.0,bag,"KES 19,633"
I06917,F0798,13-Oct-24,FYM,4.0,tonnes,17624
I06918,F0798,2024-12-17,Pesticide,3.8,litres,3789
I06919,F0799,23/10/2019,DAP,0.4,bags,2220
I06920,F0799,2019-12-15,urea 46%,0.7,bags,3711
I06921,F0799,2021-10-16,DAP,35.0,Kg,5506
I06922,F0799,2021-11-09,pesticide,0.6,litres,776
I06923,F0799,2024-10-31,FYM,1400.0,Kg,6324
I06924,F0800,24/12/2022,Urea,55.0,Kg,5150
I06925,F0800,2022-12-17,pesticide,,ltrs,1317
I06926,F0800,08/10/2024,DAP,60.0,kg,
I04210,F0497,2023-12-23,Can fertilizer,50.0,Kg,4674
I05491,F0642,2024-04-05,DAP,35.0,kg,4763
I00455,F0054,2019-12-05,Pesticide,1.9,litres,2564
I03630,F0432,2024-05-15,Duduthrin,2.2,litres,2708
I06701,F0775,15/10/2022,manure,2.5,tonnes,8947
I03309,F0393,2019-04-27,Pesticide,2.2,L,2549
I03259,F0387,17-Nov-22,Dap fertilizer,110.0,kg,
I01298,F0150,2020-12-18,CAN,115.0,kg,12139
I05507,F0646,2020-01-02,Pesticide,,L,4287
I01089,F0127 ,2024-10-07,DAP,1.0,bags,6897
I01935,F0225,29/05/2020,UREA,272.0,kg,30972
I06492,F0752,14/05/2022,pesticide,2.3,ltrs,3086
I00350,F0042,20/01/2023,Pesticide,1.4,litres,1716
I00274,F0033,2021-12-12,Pesticide,0.5,l,631
I00511,F0061,2019-04-06,Pesticide,1051.0,mL,1231
I03320,F0394,2022-03-03,DAP,13.0,bags,86587
I03346,F0398,2020-01-19,Pesticide,1.3,l,1504
I00042,F0005,2023-04-03,Pesticide,4.0,litres,4170
I05703,F0666,2022-12-01,CAN,1.7,bags,8085
I06421,F0745,30/12/2020,Urea,1.0,50kg bag,5743
I01594,F0181,2019-11-14,CAN,35.0,KG,3770
I02200,F0257,25/11/2022,can,22.5,Kg,2100
I00434,F0051,"Mar 28, 2024",Dap fertilizer,60.0,kg,9322
I00233,F0030,2019-05-17,CAN,55.0,kg,4480
I00962,F0113,23-Sep-20,FYM,4400.0,kg,
I02774,F0331,2019-04-14,dap,7250.0,kg,10562
I04122,F0487,2020-04-05,CAN (top dress),510.0,kg,"KES 43,766"
I04514,F0535,2022-10-11,dap,105.0,kg,12305
I02580,F0302,2022-10-17,DAP,20.0,Kg,
I02902,F0345,2024-03-11,DAP,155.0,Kg,23242
I02144,F0251,2022-04-10,dap,4.1,bags,
I05593,F0653,2021-11-07,Manure,500.0,kg,1910
I00405,F0048,2023-11-13,Urea,155.0,kg,19763
I06844,F0790,02/06/2020,UREA,1.2,bags,"KES 7,235"
I04750,F0558,22/11/2023,Urea,157.5,kg,17035
I00369,F0044,2022-04-22,Pesticide,5063.0,ml,4902
I02041,f0237,2023-03-22,DAP,25.0,kg,3881
I03768,F0448,2020-04-21,Dap fertilizer,0.2,bags,1587
I01371,F0157,04/12/2021,Urea,1.7,bags,9337
I01525,F0175,2023-03-11,dap,1.6,bags,12212
I04972,F0582,2023-05-03,Pesticide,1334.0,ml,1918
I06268,F0725,2023-10-04,FYM,2600.0,kg,7460
I04672,F0552,2019-04-09,DAP,0.6,bags,4173
I00994,F0116,2025-01-14,pesticide,3853.0,ml,
I03126,F0371,06/11/2022,dap,1.1,bags,7859
I00293,F0035,2020-11-28,Can fertilizer,48.0,KG,4712
I06788,F0783,2022-03-06,DAP,1.6,Bags,
I00021,F0003,2024-03-01,DAP,0.3,bags,2055
I03326,F0395,2021-05-09,can,250.0,kgs,20367
I02652,F0315,23-Mar-21,DAP,0.6,bag,3604
I03275,F0389,08/11/2023,Manure,2.3,t,9275
I02378,F0278,11/10/2021,dap,232.5,Kg,30873
I03414,F0405,2023-04-19,can,30.0,Kg,3234
I00772,F0088,2024-06-20,pesticide,819.0,ml,975
I02601,F0305 ,2022-06-13,Pesticide,1.6,litres,1946
I06511,F-0754,2020-12-09,Insecticide - Duduthrin,892.0,mL,1187
I04409,F0522,2023-10-26,Manure,0.6,tonnes,2632
I01295,F0150,25/03/2020,Dap fertilizer,11500.0,kg,15700
I02037,F0236,2024-10-11,Dap fertilizer,0.8,bags,4681
I03863,F0458,2021-03-08,dap,0.4,50kg bag,3119
I06607,F0764,2020-05-10,pesticide,2.2,litres,
I06283,F0726,11/12/2024,Insecticide - Duduthrin,6171.0,mL,7038
I02486,F0290,2020-03-03,DAP,817.5,kg,104932
I04508,F0534,21/12/2022,CAN,228.0,kg,24831
I03280,F0390,24/12/2019,Urea,0.9,bags,4588
I04699,F0554,05/05/2021,Urea,10.0,kgs,872
I04674,F0552,2020-06-01,Can fertilizer,0.2,bag,853
I00576,F0068,29-Oct-20,FYM,600.0,,2569
I00716,F0083,2021-12-17,Pesticide,0.3,litres,321
I02087,F0243,2021-11-29,urea 46%,82.5,kg,8367
I04025,F0479,"Apr 17, 2019",DAP,20.0,kg,"KES 2,709"
I03893,F0462,19/04/2019,urea 46%,4.1,bags,23265
I01256,F0145,29/05/2019,pesticide,0.8,litres,956
I03269,F0389,2021-04-07,DAP,1.4,bags,9652
I00448,F0053,2020-10-30,FYM,2200.0,kgs,9797
I01082,f0127,28/04/2022,Duduthrin,0.7,ltrs,955
I02376,F0278,06/03/2019,DAP,9.3,bags,64064
I00201,F0025,15-May-19,Pesticide,1.1,litres,1295
I06207,F0719,2024-12-18,UREA,55.0,kg,
I03622,F0431,27-Oct-22,Manure,1200.0,kg,4205
I00995,F0117,2020-05-27,Can fertilizer,77.5,kg,7686
I06282,F0726,24/05/2024,Urea,220.0,kg,24092
I02015,F0234,2021-12-07,CAN,3.7,bags,18356
