planting_id,farm_id,season,crop,planting_date,seed_variety,area_planted_acres
P00001,f0001,2020-LR,Maize,2020-03-28,H513,0.9
P00002,F0001,2023 Long Rains,Beans,"Apr 24, 2023",Local,0.3
P00003,F0001,2024 LR,Maize,18/04/2024,LOCAL,0.6
P00004,F0002,LR 2019,Maize,2019-03-14,DK8031,8.2
P00005,F0002,SR2019,Wheat,18/10/2019,Robin,4.7
P00006,F0002,2020-LR,wheat,2020-03-02,LOCAL,8.8
P00007,F0002,2020 Short Rains,Wheat,02-Nov-20,local,5.3
P00008,F0002,2021-LR,Wheat,2021-03-21,landrace,4.5
P00009,F0002,2022-LR,Beans,12/04/2022,landrace,6.7
P00010,F0002,2022 short rains,WHEAT,2022-11-05,local,7.2
P00011,F0002,2023-LR,Wheat ,21-Mar-23,Robin,5.7
P00012,F0002,SR 2023,Wheat,2023-11-19,Eagle-10,9.3
P00013,F0003,LR2019,Beans,2019-03-29,KAT-B1,0.8
P00014,F0003,2020 long rains,Maize,2020-03-30,PH4,1.0
P00015,F0003,SR 2020,Beans,19/11/2020,local,0.7
P00016,F0003,SR 2022,Maize,2022-11-16,H614,0.7
P00017,F0003,LR2023,MAIZE,2023-03-20,Local,0.9
P00018,f0003,SR 2023,Beans,2023-10-14,landrace,0.6
P00019,F0003,2024 Long Rains,Maize,01/03/2024,H614,0.6
P00020,F0004,SR 2020,Maize,2020-10-27,Local,1.0
P00021,F0004,2021 Long Rains,beans,05/04/2021,local,0.8
P00022,F0004,2021 Short Rains,Maize,2021-10-25,LOCAL,2.0
P00023,F0004,LR2022,Beans,2022-03-26,Local,1.3
P00024,F0005,2019 long rains,Beans,2019-04-17,landrace,5.2
P00025,F0005,LR 2020,Maize,12/03/2020,H513,
P00026,F0005,2020 Short Rains,wheat,26/10/2020,LOCAL,4.1
P00027,F0005,2021 Long Rains,Maize,2021-04-05,H614,
P00028,F0005,SR2021,Wheat,2021-10-31,landrace,5.7
P00029,F0005,2022 Long Rains,Maize,2022-03-11,Local,4.0
P00030,F0005,SR 2022,Wheat ,15/11/2022,local,3.0
P00031,F0005,2023 Long Rains,Wheat,07/03/2023,,4.5
P00032,F0005,2024-LR,Beans,13/04/2024,KAT-B1,4.6
P00033,F0006,2019 Short Rains,Sorghum,2019-10-13,Local,1.8
P00034,F0006,2020 long rains,Sorghum,2020-03-05,landrace,2.7
P00035,F0006,2021-LR,maize,2021-03-11,PH4,4.0
P00036,F0006,2022-SR,beans,21/10/2022,KAT-B1,2.3
P00037,F0006,LR2023,SORGHUM,22/04/2023,Gadam,1.9
P00038,F0006,2023 Short Rains,Sorghum ,2023-10-14,Local,3.1
P00039,F0006,2024 Short Rains,Maize,2024-11-06,H614,3.4
P00040,F0007,SR 2019,Maize,2019-10-25,LOCAL,1.2
P00041,F0007,2021 Long Rains,Beans,2021-04-04,local,0.9
P00042,F0007,2022 Long Rains,Corn,2022-04-08,DK8031,1.1
P00043,F0007,2022 Short Rains,Maize,29/10/2022,Local,1.8
P00044,F0007,2023 Long Rains,Sorghum,2023-03-15,Seredo,2.8
P00045,F0007,2024 long rains,Maize,2024-04-05,Local,1.8
P00046,F0008,2019 Long Rains,WHEAT,29/03/2019,Robin,6.1
P00047,F0008,2019 Short Rains,Maize,02/11/2019,local,5.4
P00048,F0008,LR2020,Maize,21/04/2020,landrace,7.7
P00049,F0008,2020 Short Rains,MAIZE,2020-11-03,H614,6.2
P00050,f0008,2021 SR,Wheat ,27/10/2021,,4.2
P00051,F0008,2022 LR,Beans,2022-03-23,LOCAL,6.4
P00052,F0008,SR2022,wheat,2022-11-03,Robin,4.2
P00053,F0008,2023-SR,MAIZE,03/10/2023,H513,3.8
P00054,F0008,SR 2024,Wheat,31/10/2024,Robin,5.0
P00055,F0009,2019 Long Rains,Beans,2019-04-17,LOCAL,3.0
P00056,F0009,2019 Short Rains,Beans,2019-10-16,KAT-B9,3.1
P00057,F0009,2020 long rains,Maize,09/03/2020,PH4,3.5
P00058,F0009,2020 Short Rains,Sorghum,2020-10-19,Local,3.6
P00059,F0009,2021 Long Rains,Sorghum,2021-03-12,landrace,2.5
P00060,F0009,2023 Long Rains,Maize,2023-03-15,H614,3.0
P00061,F0010,2019 Short Rains,MAIZE,2019-10-01,PH4,
P00062,F0010,2020 LR,Maize,2020-04-17,local,1.7
P00063,F0010,2021-LR,Maize,2021-04-03,PH4,1.5
P00064,F0010,LR 2023,Beans,11/03/2023,local,0.7
P00065,F0011,LR 2019,Beans,2019-03-07,local,1.1
P00066,F0011,SR 2019,maize,02-Oct-19,H513,2.3
P00067,F0011,2020-LR,Beans,2020-03-22,LOCAL,1.4
P00068,F0011,2020 Short Rains,Beans,2020-11-18,KAT-B9,2.7
P00069,f0011,2021-LR,Beans,2021-04-07,Local,1.7
P00070,f0011,SR 2023,Beans,2023-10-06,landrace,2.6
P00071,F0011,2024 Long Rains,MAIZE,2024-04-14,LOCAL,2.4
P00072,F0012,2019 Long Rains,Sorghum,2019-04-20,LOCAL,1.0
P00073,F0012,2020 Long Rains,Corn,"Mar 25, 2020",PH4,1.1
P00074,F0012,2021 Long Rains,Maize,02/03/2021,DK8031,2.1
P00075,F0012,2022 long rains,Maize,2022-03-30,PH4,1.3
P00076,F0012,SR 2022,Maize,12-Oct-22,H614,0.8
P00077,F-0012,SR 2023,Maize,2023-11-02,local,1.3
P00078,F0012,LR 2024,Corn,2024-03-20,PH4,0.7
P00079,f0012,2024 Short Rains,Bean,05/10/2024,Local,1.3
P00080,F0013,2019 Short Rains,Beans,2019-11-12,landrace,0.8
P00081,F0013,LR2020,Bean,20/04/2020,,1.1
P00082,F0013,2020 Short Rains,Maize,19/10/2020,PH4,1.1
P00083,F0013 ,2021 Short Rains,MAIZE,2021-11-11,PH4,0.9
P00084,F0013,2022 Long Rains,MAIZE,2022-03-19,Local,0.5
P00085,F0013,SR 2022,Beans,20/10/2022,local,0.7
P00086,F0013,2023 long rains,BEANS,2023-03-06,landrace,0.5
P00087,F0013,2023 Short Rains,maize,2023-11-03,DK8031,0.8
P00088,F0013,LR 2024,Maize,04-Mar-24,local,0.6
P00089,F0013,2024-SR,Sorghum,2024-10-22,local,0.8
P00090,F0014,2019 long rains,maize,2019-03-25,H513,1.8
P00091,F0014,SR 2019,Maize,2019-11-05,H513,1.8
P00092,F0014,2020 Short Rains,beans,12-Nov-20,KAT-B1,1.6
P00093,F0014,2021-LR,Beans,2021-03-13,landrace,2.2
P00094,F0014,2021-SR,Maize,21/10/2021,H614,2.4
P00095,F0014,SR 2022,Maize,2022-10-17,Local,1.9
P00096,F0015,LR 2020,Maize,01-Apr-20,,3.1
P00097,F0015,2021 Long Rains,Maize,04/04/2021,,4.3
P00098,F0015,2021 SR,Wheat,19/11/2021,Robin,7.4
P00099,F0015,SR 2023,Maize,15-Oct-23,Local,7.3
P00100,F0015,2024 SR,Wheat,2024-10-08,Robin,3.3
P00101,F0016,2020 short rains,Maize,17/10/2020,LOCAL,4.6
P00102,F0016,SR 2021,maize,2021-11-06,H513,9.9
P00103,F0016,2022 Long Rains,MAIZE,27/03/2022,DK8031,6.5
P00104,F0016,2022 Short Rains,Wheat,"Oct 01, 2022",Robin,6.1
P00105,F0016,LR 2023,maize,2023-03-15,local,3.2
P00106,F0016,2024-LR,Corn,11/04/2024,Local,6.2
P00107,F0017,2019-LR,wheat,09/03/2019,landrace,3.1
P00108,F0017,2020 Long Rains,Maize,2020-03-08,PH4,1.8
P00109,F0017,2020 Short Rains,Maize,2020-11-10,,3.5
P00110,F0017,2021 long rains,Wheat,2021-04-13,Robin,3.9
P00111,F0017,2021 Short Rains,Wheat,2021-11-20,landrace,4.1
P00112,F0017,2022 Long Rains,Wheat,11/04/2022,,4.1
P00113,F0017,2022 Short Rains,Wheat,05/11/2022,LOCAL,2.2
P00114,F0017,2023 Long Rains,Wheat,2023-03-02,LOCAL,1.9
P00115,F0017,2023-SR,Maize,12/10/2023,PH4,2.0
P00116,F0018,2019-SR,Maize,11/11/2019,H614,0.4
P00117,F0018,2020-LR,maize,2020-03-25,PH4,0.3
P00118,F0018,2020 Short Rains,beans,09/10/2020,Local,0.5
P00119,F0018,2021-LR,Sorghum,13-Mar-21,LOCAL,0.5
P00120,F0018,2021 short rains,Beans,2021-10-11,LOCAL,0.4
P00121,F0018,2022 long rains,Sorghum,2022-03-11,Local,0.5
P00122,F0018,2022 short rains,SORGHUM,2022-10-30,Seredo,0.5
P00123,F0018,2023 Long Rains,Sorghum,2023-03-30,local,0.4
P00124,F0018,2024 short rains,Beans,2024-10-10,local,0.3
P00125,F0019,2019 Long Rains,Beans,"Apr 02, 2019",LOCAL,6.4
P00126,F0019,LR 2020,Corn,12/03/2020,,2.8
P00127,F0019 ,2021 short rains,Maize,2021-10-15,H513,6.8
P00128,F0019,LR 2022,Maize,2022-03-25,DK8031,6.5
P00129,F0019,2023-LR,Beans,2023-03-11,landrace,4.6
P00130,F0019,2024 Short Rains,sorghum,15-Nov-24,LOCAL,2.8
P00131,F0020,2019 Short Rains,Maize,2019-10-22,DK8031,0.6
P00132,F0020,2020 LR,beans,"Apr 07, 2020",landrace,1.1
P00133,F0020,SR 2022,Beans,"Oct 05, 2022",KAT-B1,0.8
P00134,F0020,2023 short rains,Maize ,"Oct 31, 2023",H614,0.8
P00135,F0021,2019 Short Rains,Beans,2019-11-03,LOCAL,1.9
P00136,F0021,2020 Long Rains,Maize,2020-04-20,Local,2.6
P00137,F0021,2021 short rains,Beans,28-Oct-21,Local,2.0
P00138,F0021,2022 LR,Maize,"Apr 20, 2022",local,2.6
P00139,f0021,2023 Short Rains,Beans,2023-10-04,local,2.1
P00140,F0021,LR 2024,MAIZE,2024-04-23,H614,2.1
P00141,F0022,2019 Short Rains,Beans,26/10/2019,LOCAL,3.1
P00142,F0022,2020 Long Rains,maize,2020-04-22,,1.8
P00143,F0022,2021-SR,Maize ,2021-11-10,H614,2.7
P00144,F0022,2022 long rains,Beans,2022-04-21,landrace,3.7
P00145,F0022,SR 2022,Maize,2022-10-09,PH4,3.2
P00146,F0022,2024 Long Rains,MAIZE,24/03/2024,H513,1.8
P00147,F0022,2024 Short Rains,beans,27-Oct-24,KAT-B9,2.2
P00148,F0023,2021 Long Rains,Beans ,15-Mar-21,KAT-B1,3.0
P00149,F0023,2022 Long Rains,Beans,"Apr 16, 2022",LOCAL,3.5
P00150,F0023,2022 Short Rains,Beans,2022-10-04,local,2.1
P00151,F0023,LR 2023,maize,2023-04-01,H513,2.8
P00152,F0023,2023-SR,MAIZE,02/10/2023,H513,4.0
P00153,F0023,2024 Long Rains,Maize,2024-03-08,PH4,3.3
P00154,F0024,LR 2019,Wheat,2019-04-03,landrace,2.4
P00155,F0024,2019-SR,Maize,2019-11-15,H513,4.9
P00156,F0024,2021 Short Rains,Beans,2021-10-03,local,3.8
P00157,F0024,2022 LR,Maize,2022-04-12,DK8031,5.0
P00158,F0024,2024 Long Rains,BEANS,19/03/2024,local,4.4
P00159,F0025,2019 Long Rains,Beans,2019-03-15,KAT-B1,0.9
P00160,F0025,2019 Short Rains,Maize,19-Nov-19,H513,1.4
P00161,F0025,SR2020,wheat,2020-10-28,Local,1.5
P00162,F0025,2021 short rains,Beans,2021-10-10,local,1.0
P00163,F0025,2022 short rains,wheat,2022-10-20,local,1.3
P00164,F0025,2023 Long Rains,Maize ,12/03/2023,H614,1.4
P00165,F0025,2023 Short Rains,Maize,2023-11-17,landrace,1.2
P00166,F0025,LR2024,Maize,2024-03-22,H513,1.6
P00167,F0025,2024 Short Rains,Beans,"Oct 26, 2024",LOCAL,1.0
P00168,F0026,2019 Short Rains,Beans,2019-11-01,Local,1.6
P00169,F0026,2020-LR,Beans,09/03/2020,local,1.7
P00170,F0026,LR 2021,Wheat,2021-03-21,Eagle-10,1.5
P00171,F0026,2022 LR,Beans,2022-04-03,Local,
P00172,F0026,2022 SR,MAIZE,2022-10-03,PH4,1.1
P00173,F0026,2024 Long Rains,Maize,2024-03-23,PH4,0.9
P00174,F0027 ,SR2020,Beans,"Nov 13, 2020",Local,1.7
P00175,F0027,2021 Long Rains,Maize,10/04/2021,DK8031,2.4
P00176,F0027,2022 Long Rains,Beans,2022-04-13,local,1.8
P00177,F0027,LR2024,Sorghum,2024-03-18,Seredo,1.8
P00178,F0028,2019-SR,beans,2019-10-21,landrace,5.6
P00179,F0028,2020 Long Rains,Corn,"Mar 11, 2020",Local,4.8
P00180,F0028,LR2021,maize,2021-03-17,H614,7.9
P00181,F0028,2022 SR,wheat,15/11/2022,LOCAL,3.6
P00182,F0028,2023 Short Rains,Maize,14/11/2023,PH4,3.9
P00183,F0029,2020 SR,Beans,2020-10-19,landrace,1.2
P00184,F0029,2021 long rains,Beans,2021-03-12,local,0.5
P00185,F0029,2024 Long Rains,BEANS,"Apr 01, 2024",LOCAL,0.7
P00186,F0030,2019 Long Rains,Maize,2019-03-31,H513,2.2
P00187,F0030,2020-SR,Maize,2020-10-10,local,2.7
P00188,F0030,2021-LR,Beans,23/03/2021,local,2.1
P00189,F0030,SR 2021,Maize,2021-11-15,local,2.8
P00190,F0030,LR 2022,Maize ,09/04/2022,H513,2.8
P00191,F0030,2022 short rains,Wheat,2022-11-15,Eagle-10,2.1
P00192,F0030,LR2023,Maize,2023-04-22,Local,3.3
P00193,F0030 ,2024-LR,Wheat,2024-04-08,,1.7
P00194,F0030,2024 Short Rains,Maize,20/11/2024,H614,1.8
P00195,F0031,2020 short rains,Maize,2020-11-10,H614,5.5
P00196,F0031,2021 LR,Maize,2021-04-07,PH4,8.2
P00197,F0031 ,SR 2021,Wheat,2021-11-10,Robin,4.2
P00198,F0031,SR 2022,wheat,2022-10-01,landrace,8.3
P00199,F0031,2024 Short Rains,Wheat,11/10/2024,Eagle-10,6.7
P00200,F0032,2019 Long Rains,Beans,2019-04-19,local,1.1
P00201,F0032,2020 Long Rains,Beans,2020-04-02,Local,1.1
P00202,F0032,SR 2020,Maize,19/11/2020,PH4,1.4
P00203,F0032,2021 Short Rains,Beans,2021-11-02,KAT-B9,1.3
P00204,F0032,2022 Long Rains,Beans,2022-04-04,Local,1.4
P00205,F0032,2023 long rains,Maize,2023-04-25,PH4,1.4
P00206,F0032,2024 SR,Sorghum,26/10/2024,LOCAL,0.9
P00207,F0033,2019 short rains,Beans,"Nov 06, 2019",landrace,1.4
P00208,F0033,2020 Short Rains,Maize,2020-11-20,local,0.9
P00209,F0033,2021 Long Rains,Corn,2021-03-06,Local,0.8
P00210,F0033,2021 Short Rains,Maize ,30/10/2021,DK8031,0.9
P00211,F0033,SR 2022,Sorghum,2022-10-08,Local,0.9
P00212,F0033,2024 Long Rains,Beans,21/03/2024,,0.6
P00213,F0033,2024 Short Rains,Beans,29/10/2024,local,
P00214,f0034,2020 Long Rains,Maize,18-Mar-20,,1.6
P00215,F0034,2020 Short Rains,Bean,2020-10-29,LOCAL,1.2
P00216,F0034,2021-LR,Maize,29/03/2021,PH4,1.0
P00217,F0034,2022 Short Rains,maize,2022-10-05,local,1.7
P00218,F0034,LR 2023,Beans,2023-04-18,KAT-B9,1.4
P00219,F0034,2023 Short Rains,Beans,14/11/2023,,1.5
P00220,F0034,2024 Long Rains,Maize,05/04/2024,landrace,1.0
P00221,f0034,SR 2024,Beans,13-Nov-24,KAT-B9,2.3
P00222,f0035,2019 Long Rains,Maize,2019-04-17,landrace,
P00223,F0035,2019 short rains,Maize ,2019-10-18,,1.5
P00224,F0035,2020 Short Rains,Maize,11/10/2020,local,1.2
P00225,F0035,2023 Long Rains,Maize,2023-03-05,H614,1.2
P00226,F0036,SR2019,Sorghum,2019-10-25,LOCAL,1.5
P00227,F0036,2020-LR,beans,12/04/2020,LOCAL,1.0
P00228,F0036,2021-SR,Maize,31/10/2021,,0.9
P00229,F0036,2022 Long Rains,Beans,2022-03-23,Local,1.1
P00230,F0036,SR2022,Sorghum,2022-10-27,Gadam,1.3
P00231,F0036,2023 LR,Beans,06/04/2023,LOCAL,1.2
P00232,F0036,SR 2023,Maize,27/10/2023,DK8031,1.5
P00233,F0037,LR 2019,Beans,2019-03-05,Local,4.4
P00234,F0037,2020 Long Rains,Beans,17/04/2020,Local,1.9
P00235,F0037,LR 2021,Sorghum ,2021-03-05,Gadam,2.2
P00236,F0037,2022 Short Rains,Beans,2022-10-09,LOCAL,1.9
P00237,F0037,2024-LR,maize,16/03/2024,LOCAL,2.1
P00238,F0037,2024 SR,Maize,2024-11-11,DK8031,2.2
P00239,F0038,2019 Short Rains,Beans,20/11/2019,landrace,2.3
P00240,F0038,2021 Long Rains,Maize,2021-03-23,PH4,1.9
P00241,F0038,LR 2022,Beans,10/03/2022,landrace,1.7
P00242,f0038,2022 Short Rains,Maize,2022-11-19,landrace,1.3
P00243,F0038,2023 Short Rains,Maize,29/10/2023,H614,2.1
P00244,F0038,2024 long rains,Maize,2024-04-10,PH4,2.4
P00245,F0039,2019 long rains,WHEAT,31-Mar-19,landrace,6.5
P00246,F0039,SR 2019,Maize,2019-11-16,DK8031,6.8
P00247,F0039,2020-SR,Wheat,2020-11-16,landrace,7.7
P00248,F0039,SR2021,Corn,01/10/2021,landrace,6.4
P00249,F0039,SR 2022,Wheat,13/11/2022,local,7.0
P00250,F0039,2023 Short Rains,Maize,2023-11-03,H614,6.2
P00251,F0040,2022 Short Rains,Sorghum,07-Oct-22,local,
P00252,F0040,2023 Long Rains,Maize,2023-03-06,Local,3.7
P00253,F0040,SR 2023,Beans,2023-10-31,local,2.1
P00254,F0040,2024-LR,Maize,2024-03-09,PH4,3.8
P00255,F0040,SR 2024,Beans,08-Oct-24,local,3.6
P00256,F0041,2020 Long Rains,Beans,2020-04-08,Local,0.4
P00257,F0041,LR 2021,Beans,13/04/2021,KAT-B9,0.9
P00258,F0041,2022 Long Rains,Maize,2022-03-02,H614,0.4
P00259,F0041,LR 2023,Maize,14/04/2023,PH4,0.3
P00260,F0041,2023 Short Rains,beans,09/10/2023,Local,0.5
P00261,F0041,2024 SR,Beans,08/10/2024,Local,0.4
P00262,F0042,LR 2019,Maize,2019-04-01,H513,1.7
P00263,F0042,2020 Short Rains,Maize,2020-10-15,Local,1.5
P00264,F0042,2021 LR,Maize,"Apr 12, 2021",local,1.5
P00265,F0042,2022 Long Rains,Maize,2022-04-13,landrace,2.1
P00266,F0042,2022-SR,sorghum,17/11/2022,Local,2.0
P00267,F0042,LR2023,Beans,2023-04-08,KAT-B9,2.0
P00268,F0042,2023 Short Rains,sorghum,2023-11-11,Local,2.1
P00269,F0043,LR2019,Maize,2019-03-03,PH4,1.9
P00270,F0043 ,SR 2019,MAIZE,07/11/2019,H614,3.0
P00271,F0043,LR2021,Sorghum,2021-03-14,Seredo,2.4
P00272,F0043,SR 2021,Beans,2021-10-24,,2.9
P00273,F0043,2022 Long Rains,Beans,2022-04-11,local,2.9
P00274,F0043,2023 Long Rains,Beans,17/03/2023,landrace,3.1
P00275,F0043,SR2023,MAIZE,2023-11-03,LOCAL,2.8
P00276,F0043,2024 Long Rains,Maize,"Mar 20, 2024",H513,3.3
P00277,F0043,2024 short rains,Maize,2024-10-23,,2.2
P00278,F0044,2019 Long Rains,Maize,2019-04-08,local,3.5
P00279,F0044,LR 2021,Sorgum,2021-04-04,local,5.5
P00280,F0044,2021 Short Rains,sorghum,2021-10-30,Local,4.1
P00281,F0044,2022-LR,Beans,2022-03-02,LOCAL,3.5
P00282,F0044,2022-SR,Maize,2022-10-28,PH4,4.8
P00283,F0044,2023 Long Rains,Sorghum,2023-03-30,Gadam,3.5
P00284,F0044,LR2024,Maize,2024-04-22,Local,4.1
P00285,F0045,2019 Short Rains,MAIZE,2019-11-08,LOCAL,5.5
P00286,F0045,2020 Long Rains,Maize,"Mar 09, 2020",landrace,5.6
P00287,F0045,2020 Short Rains,maize,03/10/2020,PH4,5.0
P00288,F0045,2021 Short Rains,Maize,2021-11-08,H614,
P00289,F0045,2022 Long Rains,Maize,07/04/2022,LOCAL,6.6
P00290,F0045,SR2023,Wheat,2023-10-13,Robin,5.0
P00291,F-0045,2024 LR,Wheat,2024-03-02,Eagle-10,2.9
P00292,F0045,2024 Short Rains,Wheat,"Oct 09, 2024",Eagle-10,3.0
P00293,F0046,2019 LR,Maize,18/03/2019,Local,1.8
P00294,F0046,2019 Short Rains,Beans,2019-10-09,landrace,1.0
P00295,F0046,SR 2020,Maize,06-Oct-20,H513,1.5
P00296,F0046,2021 Long Rains,Sorghum,22-Apr-21,LOCAL,1.2
P00297,F0046,2021-SR,beans,2021-10-27,Local,1.2
P00298,F-0046,2022 Short Rains,beans,17/11/2022,landrace,1.1
P00299,F0046,2023 Long Rains,Sorghum,"Mar 16, 2023",,1.2
P00300,F0046,2023 short rains,Sorghum,2023-11-02,local,1.4
P00301,F0046,2024 Long Rains,maize,2024-04-03,H614,0.9
P00302,F0047,LR 2019,Maize,17-Apr-19,local,1.9
P00303,F0047,SR 2019,maize,2019-10-22,Local,1.9
P00304,F0047,LR 2020,Maize,"Apr 07, 2020",,1.8
P00305,F0047,SR 2020,Sorghum,2020-10-15,local,2.0
P00306,F0047,LR 2021,Beans,06/04/2021,Local,1.1
P00307,F0047,SR 2021,Beans,2021-10-17,LOCAL,1.9
P00308,F0048,LR2020,Maize,2020-03-11,H614,4.7
P00309,F0048,SR2020,Sorghum,2020-10-23,LOCAL,3.1
P00310,F0048,2021 Long Rains,Maize,07/04/2021,local,4.5
P00311,F0048,2021 Short Rains,maize,09/11/2021,H513,4.8
P00312,F0048,2022-LR,Maize,2022-04-16,LOCAL,5.0
P00313,F0048,2023 Long Rains,Maize,21-Apr-23,landrace,8.1
P00314,F0048,SR2023,Maize,2023-10-14,PH4,3.1
P00315,F0048 ,2024 Long Rains,Maize,2024-03-19,H614,3.8
P00316,F0049,LR2019,Maize,"Apr 04, 2019",,2.4
P00317,F0049,2019 Short Rains,Beans,09/11/2019,KAT-B9,2.7
P00318,F0049,2020 LR,Maize,2020-03-26,PH4,2.3
P00319,F0049,SR2022,Wheat,2022-11-02,Local,1.9
P00320,F0049,2023 LR,maize,2023-04-12,LOCAL,1.7
P00321,F0049,SR 2023,Maize,2023-11-09,DK8031,2.3
P00322,F0049,SR2024,Maize,2024-10-08,,2.3
P00323,f0050,2019 Short Rains,Beans,05/10/2019,local,2.2
P00324,F0050,2020 long rains,Sorghum,2020-04-16,LOCAL,1.1
P00325,F0050,SR 2021,Sorghum,2021-10-18,Local,2.2
P00326,F0050,2022-LR,beans,25/03/2022,landrace,2.1
P00327,F0050,2023 Short Rains,BEANS,2023-10-06,LOCAL,1.9
P00328,F0050,2024 Short Rains,Beans,2024-10-21,Local,1.5
P00329,f0051,2019 Long Rains,Sorghum,2019-04-16,Local,0.6
P00330,F0051,SR 2020,Sorghum,2020-11-12,Gadam,0.9
P00331,F0051,SR 2021,Maize ,2021-11-05,H614,0.5
P00332,F0051,LR 2022,Beans,08/03/2022,LOCAL,0.7
P00333,F0051,2023 Long Rains,maize,08/03/2023,Local,0.5
P00334,F0051,2023 SR,Sorghum,2023-10-14,local,0.6
P00335,F0051,2024 Long Rains,Maize,28/03/2024,PH4,0.8
P00336,F0051,2024 Short Rains,maize,2024-11-06,local,0.4
P00337,F0052,2019 Short Rains,Beans,2019-11-14,landrace,8.9
P00338,F0052,2020 short rains,BEANS,2020-10-15,Local,12.5
P00339,F0052,2021 Long Rains,MAIZE,2021-04-22,PH4,14.3
P00340,F0052,2021 Short Rains,Maize,"Nov 19, 2021",H513,10.7
P00341,F0052,LR 2022,Maize,2022-03-14,H614,16.4
P00342,F0052,2022 Short Rains,Maize,2022-11-19,H513,13.7
P00343,F0052,2023 Long Rains,Sorghum,2023-04-17,landrace,14.5
P00344,F0052,2024 short rains,Maize,"Oct 26, 2024",PH4,16.4
P00345,F0053,2020 SR,Maize,2020-11-01,local,1.1
P00346,F0053,2021 LR,maize,"Mar 27, 2021",H513,0.9
P00347,F0053,2021 Short Rains,MAIZE,17-Oct-21,H614,1.2
P00348,F0053,2022 Long Rains,Maize ,2022-03-27,landrace,1.3
P00349,F0053,2023 long rains,Beans,2023-04-12,KAT-B1,1.0
P00350,F0053,SR2023,Beans,2023-10-12,Local,1.2
P00351,F0053,LR 2024,Maize,2024-03-16,H614,0.6
P00352,F0053,SR 2024,Maize,"Nov 08, 2024",,0.7
P00353,F0054,2019 Short Rains,Sorghum,2019-10-27,landrace,1.4
P00354,F0054,2020 long rains,Maize,"Mar 07, 2020",DK8031,1.2
P00355,F0054,LR2021,Beans,2021-04-13,local,1.9
P00356,F0054,2022 Short Rains,Maize,2022-10-19,H513,1.0
P00357,F0054,2023 LR,maize,2023-04-10,DK8031,2.1
P00358,F-0054,2024 Long Rains,Maize,08/04/2024,Local,1.3
P00359,F0054,SR 2024,Sorghum,2024-10-28,local,2.3
P00360,F0055,2020 LR,Maize,2020-03-07,LOCAL,3.0
P00361,F0055,2021 Long Rains,maize,2021-04-11,H614,3.8
P00362,F0055,2023 LR,Maize,11-Apr-23,local,3.1
P00363,F0055,2023 SR,Maize,15/11/2023,H614,2.5
P00364,F0056,2019 Long Rains,Bean,03/04/2019,local,0.9
P00365,F0056,2021 Long Rains,Beans,2021-04-13,LOCAL,0.5
P00366,F0056,2022 Long Rains,MAIZE,2022-04-17,PH4,0.9
P00367,F0056,2022 Short Rains,Maize,2022-10-08,H513,0.9
P00368,F0056,2024 SR,beans,18/11/2024,LOCAL,0.4
P00369,F0057,2019-LR,Corn,2019-03-07,PH4,1.0
P00370,F0057,SR 2019,Beans,2019-10-21,local,1.2
P00371,F0057,2021 long rains,Wheat,2021-04-15,Eagle-10,0.9
P00372,F0057,2022 long rains,BEANS,2022-04-14,,0.7
P00373,F0057,2022 Short Rains,Maize,2022-10-04,Local,1.2
P00374,F0057,2023 short rains,Wheat,2023-11-17,Robin,1.2
P00375,F0057,LR 2024,Wheat,2024-03-15,landrace,0.8
P00376,F0057,2024 Short Rains,Maize,2024-10-28,local,0.6
P00377,F0058,2019 Short Rains,Wheat,2019-10-27,LOCAL,3.2
P00378,F0058,2020 Short Rains,Maize,2020-10-17,PH4,1.9
P00379,F0058,LR2021,wheat,2021-03-01,Robin,5.2
P00380,F0058,LR2022,Wheat,2022-03-18,local,3.2
P00381,F0058,SR 2022,Bean,2022-11-11,landrace,1.6
P00382,F0058,SR 2024,Maize,2024-10-14,PH4,2.2
P00383,F0059,2019 Long Rains,maize,15-Mar-19,H614,0.6
P00384,F0059,2019 Short Rains,Maize,07/11/2019,H513,1.4
P00385,F0059,2020 LR,beans,2020-03-04,landrace,0.7
P00386,f0059,2020 Short Rains,Maize,2020-10-04,H614,0.4
P00387,F0059,2022 Long Rains,Sorghum,2022-04-03,local,0.8
P00388,F0059,2022 Short Rains,Beans,2022-10-15,KAT-B1,0.5
P00389,F0059,LR 2023,Beans,2023-04-21,landrace,0.4
P00390,F0060,2019-SR,Sorghum,2019-11-13,landrace,2.0
P00391,F0060,2020 Long Rains,Beans,11/04/2020,LOCAL,1.2
P00392,F0060,2020 Short Rains,Beans,2020-10-09,local,1.5
P00393,F0060,2021-LR,Maize,20-Mar-21,PH4,2.3
P00394,F0060,SR 2021,Maize ,2021-10-15,Local,1.2
P00395,F0060,2022 Long Rains,Maize,2022-03-23,Local,2.5
P00396,F0060,2023 Long Rains,Maize,19/03/2023,PH4,1.5
P00397,F0060,2024 Long Rains,Sorghum,2024-04-16,local,1.6
P00398,F0060,2024 Short Rains,Maize,2024-10-09,DK8031,1.3
P00399,F0061,2019-LR,maize,2019-03-04,DK8031,1.2
P00400,F0061,LR2020,Maize,"Mar 05, 2020",landrace,1.4
P00401,F0061,2020 short rains,SORGHUM,2020-11-12,LOCAL,0.7
P00402,f0061,LR 2021,Maize,2021-03-04,local,1.2
P00403,F0061,2022 Long Rains,Maize,10/04/2022,Local,2.2
P00404,F0061,2022 short rains,Beans,2022-10-01,landrace,1.4
P00405,F0061,2023 Long Rains,Maize,2023-03-22,landrace,1.1
P00406,F0061,2023-SR,Sorghum,"Oct 21, 2023",local,0.8
P00407,F0061,2024 Short Rains,Maize,2024-10-13,H513,1.2
P00408,F0062,2019 Long Rains,MAIZE,"Apr 05, 2019",PH4,1.1
P00409,f0062,2019 Short Rains,Beans,2019-10-06,KAT-B9,1.1
P00410,F0062,2020 LR,Beans,"Apr 22, 2020",landrace,1.1
P00411,F0062,SR2020,Sorghum,2020-11-04,Local,1.1
P00412,F0062,LR 2021,beans,2021-03-09,local,0.7
P00413,F0062,SR 2021,sorghum,2021-10-23,Gadam,
P00414,F0062,2022 Short Rains,Sorgum,2022-11-14,local,1.3
P00415,F0062,LR 2023,Sorghum,2023-03-30,Local,1.0
P00416,F0062,2023 Short Rains,Sorghum,2023-10-04,LOCAL,1.3
P00417,F0062,2024 long rains,Beans,10/04/2024,landrace,1.0
P00418,F0063,LR 2019,Maize,09/04/2019,DK8031,1.7
P00419,F0063,2020 Long Rains,Beans,2020-03-22,KAT-B1,1.0
P00420,F0063,2022 long rains,Maize,"Mar 30, 2022",local,1.3
P00421,F0063,2022 short rains,Beans,"Oct 19, 2022",Local,0.8
P00422,F0063,2023-LR,Beans,17/03/2023,KAT-B9,1.2
P00423,F0064,2020 Long Rains,Sorgum,2020-04-07,LOCAL,1.4
P00424,F0064,2022 short rains,Maize,2022-10-09,DK8031,1.6
P00425,F0064,2024 Short Rains,Maize,2024-11-11,Local,1.1
P00426,f0065,LR 2019,Beans,2019-04-18,,2.1
P00427,F0065,2019-SR,MAIZE,2019-11-10,PH4,2.0
P00428,F0065,LR2020,wheat,2020-04-09,Robin,2.8
P00429,F0065,2021 Long Rains,Bean,2021-03-02,LOCAL,1.4
P00430,F0065,2021 Short Rains,Maize,22/10/2021,H614,3.3
P00431,F0065,2022 short rains,Beans,08/11/2022,local,1.8
P00432,F0065,2023 Short Rains,Maize,2023-10-25,DK8031,2.7
P00433,F0066,2019-LR,Maize,2019-03-29,DK8031,1.9
P00434,F0066,2019 Short Rains,Maize,24/10/2019,local,1.6
P00435,F0066,2020 short rains,Maize,24/10/2020,LOCAL,1.3
P00436,F0066,2021 Short Rains,maize,2021-11-16,local,1.5
P00437,F0066,2022 Short Rains,Maize,14-Nov-22,landrace,1.0
P00438,F0066,SR 2023,Beans,"Nov 01, 2023",local,1.0
P00439,F0066,2024 Long Rains,Bean,2024-03-22,local,1.6
P00440,F0066,SR2024,Beans,14-Nov-24,,1.0
P00441,F0067,2020 Short Rains,Beans,2020-10-26,local,1.3
P00442,F0067,LR 2021,Maize ,2021-04-12,H614,1.2
P00443,F0067,2022 Long Rains,Beans,2022-03-28,Local,0.7
P00444,F0067,2022 Short Rains,Maize,2022-10-06,local,1.3
P00445,F0067,SR2023,Maize,21/10/2023,DK8031,1.0
P00446,F0067,2024-LR,maize,26/03/2024,Local,0.7
P00447,F0067,SR2024,Maize,05/11/2024,LOCAL,0.8
P00448,F0068 ,2019 long rains,Maize,11/03/2019,H614,0.5
P00449,F0068,2020 Long Rains,Maize,2020-03-08,DK8031,0.6
P00450,F0068,2020 Short Rains,Maize,11/11/2020,DK8031,0.6
P00451,F0068,2022-SR,Maize,2022-11-14,H614,0.5
P00452,F0068,2024 Short Rains,Maize,2024-10-11,,0.8
P00453,F0069,2019-SR,Wheat,2019-11-20,Robin,2.1
P00454,F0069,2021-LR,Maize,2021-03-30,DK8031,3.1
P00455,F0069,2021 Short Rains,Maize,10-Nov-21,H614,2.5
P00456,F0069,LR 2022,Corn,09/03/2022,,2.5
P00457,F0069,2023 LR,Beans,07-Mar-23,landrace,2.2
P00458,F0069,SR2023,Wheat,05-Nov-23,LOCAL,2.7
P00459,F0069,2024-SR,Maize,"Nov 09, 2024",Local,2.0
P00460,F0070,2019 Long Rains,BEANS,2019-04-11,LOCAL,1.5
P00461,F0070,LR 2020,beans,07/04/2020,Local,1.6
P00462,F0070,SR2020,Sorghum,2020-11-12,Seredo,1.6
P00463,F0070,SR 2021,Beans,2021-11-07,KAT-B1,2.1
P00464,F0070,2023 LR,Beans,10/04/2023,landrace,1.7
P00465,F0070,2024 SR,Beans,2024-10-25,KAT-B9,0.9
P00466,F0071,2021 Long Rains,Maize,2021-03-24,Local,1.1
P00467,F0071,2022 Long Rains,Beans,20/03/2022,KAT-B9,2.0
P00468,F0071,2023 Long Rains,Maize,2023-03-07,H513,
P00469,F0071,LR2024,MAIZE,2024-04-22,,1.4
P00470,F0072,LR 2020,maize,20/03/2020,H614,0.8
P00471,F0072,SR 2020,Maize,02/11/2020,H614,0.7
P00472,F0072,2021 Long Rains,Beans,2021-04-03,KAT-B9,1.0
P00473,F0072,SR 2021,Beans,2021-10-07,landrace,0.7
P00474,F0072,2023 Short Rains,Maize,17-Nov-23,H614,0.5
P00475,F0072,2024 Long Rains,Maize,15/04/2024,LOCAL,0.5
P00476,F0073,2019 Long Rains,Maize,03/03/2019,LOCAL,1.7
P00477,F0073,2019-SR,Maize,2019-10-12,PH4,1.2
P00478,F0073,2021-LR,Bean,01/04/2021,LOCAL,1.4
P00479,F0073,2021 Short Rains,maize,2021-11-08,DK8031,1.1
P00480,F0073,2022 short rains,Maize,01/11/2022,local,
P00481,F0073,2023 Long Rains,Maize,2023-04-21,DK8031,0.8
P00482,F0073,2023 Short Rains,Beans,2023-10-01,Local,1.4
P00483,F0073,2024-LR,Beans,2024-03-09,Local,0.8
P00484,F0073,SR 2024,Beans,11/10/2024,KAT-B9,0.8
P00485,F0074,LR 2019,Beans ,25-Mar-19,KAT-B9,0.8
P00486,F0074,2020 Short Rains,Maize,2020-10-08,landrace,0.9
P00487,F0074,SR 2021,MAIZE,14-Nov-21,,0.6
P00488,F0074,2022 Short Rains,Beans,2022-11-19,LOCAL,0.9
P00489,F0074,LR 2023,BEANS,23/04/2023,Local,0.4
P00490,F0074,2024 Short Rains,maize,2024-10-03,,0.4
P00491,F0075,2019-SR,Maize,2019-10-29,H614,11.4
P00492,F0075,2021-LR,Wheat ,2021-03-20,Eagle-10,5.9
P00493,F0075,2022-SR,Maize,2022-11-20,H614,7.0
P00494,F0075 ,2023 long rains,Maize,06/03/2023,,5.4
P00495,F0075,SR2023,Beans,31/10/2023,KAT-B1,5.0
P00496,F0075,2024 Short Rains,Maize,2024-10-13,LOCAL,5.6
P00497,F0076,SR2019,Beans,2019-10-09,,4.2
P00498,F0076,SR 2021,Maize ,05/11/2021,landrace,3.7
P00499,F0076,2022 Short Rains,Maize,16/10/2022,H614,2.8
P00500,F0076,2023 long rains,Bean,2023-04-07,KAT-B9,3.8
P00501,F0076,2023-SR,beans,05-Nov-23,landrace,4.5
P00502,f0076,SR 2024,Maize,08/10/2024,PH4,4.8
P00503,F0077,2019 Long Rains,Maize,2019-04-05,DK8031,2.3
P00504,F0077,2020 Short Rains,Maize,2020-11-06,DK8031,3.2
P00505,F0077,2021 long rains,Maize,09/03/2021,DK8031,3.7
P00506,F0077,LR 2022,Maize,19/04/2022,DK8031,3.7
P00507,F0077,2022 SR,Beans,2022-11-14,KAT-B1,1.6
P00508,F0077,SR 2023,Beans,2023-11-15,local,2.8
P00509,F0077,2024 Short Rains,Maize,06/11/2024,DK8031,2.8
P00510,F0078,2019 long rains,maize,2019-03-26,H513,19.3
P00511,F0078,2020-LR,wheat,2020-03-09,local,14.5
P00512,F0078,2021 LR,Wheat,2021-03-17,,19.5
P00513,F0078,2021 Short Rains,Wheat,17/10/2021,local,19.0
P00514,F0078,2022 short rains,Maize,11-Nov-22,H513,11.0
P00515,F0078,2023-LR,Maize,2023-04-25,LOCAL,12.0
P00516,F0078,2024 long rains,maize,2024-04-23,H513,21.6
P00517,F0079,2019-LR,Beans,2019-03-07,landrace,0.9
P00518,F0079,2020 long rains,Beans,20-Mar-20,LOCAL,1.1
P00519,F0079 ,LR2021,Maize,2021-03-01,DK8031,0.8
P00520,F0079,2021 Short Rains,Corn,20/11/2021,DK8031,1.0
P00521,f0079,2022 Long Rains,Wheat grain,19-Apr-22,Robin,0.6
P00522,F0079,LR 2023,Maize,14-Apr-23,H614,1.1
P00523,F0079,SR2023,Maize ,22/10/2023,H614,0.8
P00524,F0079,2024 Long Rains,Maize,30/03/2024,LOCAL,1.2
P00525,F0079,SR 2024,Wheat,18/11/2024,Local,0.6
P00526,F0080 ,2020 long rains,Wheat,21-Mar-20,local,4.9
P00527,F0080,2021-SR,Beans,2021-10-18,landrace,4.0
P00528,F0080,2022-SR,Beans,2022-10-24,,4.9
P00529,F0080,LR2023,Maize,31-Mar-23,PH4,3.8
P00530,F0080,SR2023,Wheat,2023-10-27,Robin,4.1
P00531,F0080,2024 short rains,Maize,2024-11-08,Local,5.7
P00532,F0081,2019-LR,maize,"Mar 03, 2019",H614,0.8
P00533,F0081,2019 short rains,beans,2019-11-06,local,1.0
P00534,F0081,2020 Short Rains,Beans,2020-11-07,local,0.5
P00535,F0081,2021 Long Rains,SORGHUM,22-Mar-21,Local,0.7
P00536,F0081,2021 Short Rains,BEANS,2021-11-20,LOCAL,0.7
P00537,F0081,2022 Long Rains,Beans,2022-04-09,Local,0.8
P00538,F0081,2023 Short Rains,maize,2023-11-03,landrace,0.7
P00539,F0081,LR 2024,Sorghum,2024-03-04,landrace,0.5
P00540,F0081,2024 Short Rains,Maize,"Nov 07, 2024",landrace,0.6
P00541,F0082,2019-SR,Beans,2019-11-16,local,10.6
P00542,F0082,LR 2020,Maize,2020-03-07,H614,6.9
P00543,F0082,2021 Long Rains,Maize ,2021-03-13,LOCAL,10.8
P00544,F0082,2022 SR,Maize,2022-10-30,DK8031,
P00545,F0082,2023 Short Rains,MAIZE,09-Oct-23,PH4,5.6
P00546,F0082,2024 short rains,Maize,2024-10-20,LOCAL,5.0
P00547,F0083,2020 long rains,Sorghum,26/03/2020,landrace,0.4
P00548,F0083,2020 Short Rains,Sorghum,05/11/2020,Seredo,0.6
P00549,F0083,2021 Long Rains,sorghum,2021-03-27,local,0.5
P00550,F0083,2021 Short Rains,Sorghum,2021-11-06,Local,0.4
P00551,F0083,2022 Long Rains,Maize,2022-04-18,local,0.3
P00552,F0083,2022 Short Rains,Sorghum,2022-11-14,local,0.5
P00553,F0083,2024-LR,MAIZE,2024-04-21,H513,0.3
P00554,F0083,SR 2024,SORGHUM,2024-11-10,Gadam,0.3
P00555,F0084,2019 Long Rains,Wheat,2019-03-03,Robin,3.4
P00556,F0084,2019-SR,Beans,2019-11-11,landrace,6.6
P00557,F0084,2020 Short Rains,Maize,04/11/2020,Local,4.0
P00558,F0084,LR 2021,Maize,2021-03-09,DK8031,4.6
P00559,F0084,2022 Short Rains,Wheat,26/10/2022,Eagle-10,4.1
P00560,F0084,LR 2023,Maize,2023-04-05,H614,3.0
P00561,F0084,2024 Long Rains,Maize,12/03/2024,Local,6.1
P00562,F0084,2024 Short Rains,Wheat,2024-10-20,Eagle-10,2.8
P00563,F0085,LR2020,Beans ,"Apr 08, 2020",Local,2.2
P00564,F0085,2021 Long Rains,beans,2021-04-24,landrace,3.0
P00565,F0085,SR 2021,Sorghum,2021-11-04,local,3.0
P00566,F0085,2022 long rains,Sorghum ,2022-04-08,Local,2.5
P00567,F0085,2022 short rains,Maize,2022-10-23,landrace,2.4
P00568,F0085,LR 2023,Maize,2023-03-30,DK8031,2.4
P00569,F0085,2023 SR,Maize,26-Oct-23,landrace,3.2
P00570,F0085,SR2024,Beans,2024-11-11,local,2.6
P00571,F0086,LR 2019,Corn,2019-03-04,DK8031,1.0
P00572,F0086,SR 2019,Maize,20/10/2019,LOCAL,1.4
P00573,F0086,2020 Short Rains,Beans,2020-11-09,landrace,0.8
P00574,F0086,2022 Long Rains,Maize,2022-04-20,local,1.4
P00575,F0086,2022-SR,Maize,2022-10-05,LOCAL,1.0
P00576,F0086,2023 Long Rains,Maize,17/04/2023,H513,1.0
P00577,F0086,2023 Short Rains,BEANS,2023-11-19,KAT-B9,1.1
P00578,F0086,LR 2024,MAIZE,2024-03-09,local,0.9
P00579,F0087,2021 Long Rains,Maize ,2021-03-06,LOCAL,1.6
P00580,F0087,2021 short rains,Wheat,2021-10-27,Robin,1.9
P00581,F0087,2022 Long Rains,Wheat,09/03/2022,Eagle-10,1.2
P00582,f0087,2022 SR,Maize,"Oct 28, 2022",landrace,2.5
P00583,F0087,LR 2023,Maize,21/03/2023,local,2.2
P00584,F0087,SR 2023,Wheat,17-Oct-23,LOCAL,1.5
P00585,F0087,2024 Long Rains,Beans,04-Mar-24,local,2.0
P00586,f0087,SR 2024,Wheat,2024-10-26,Eagle-10,1.8
P00587,F0088,2019 Long Rains,Maize,2019-04-22,DK8031,0.5
P00588,F0088,2022 Long Rains,Beans,07-Apr-22,Local,0.4
P00589,f0088,SR 2022,Sorgum,2022-11-01,Gadam,0.4
P00590,F0088,2023 Long Rains,Sorghum,17/03/2023,local,0.6
P00591,F0088,SR 2023,sorghum,2023-10-02,Local,0.6
P00592,F0088,2024-LR,Sorghum,19/04/2024,Seredo,0.6
P00593,F0089,2019 Short Rains,Maize,06-Oct-19,local,4.0
P00594,F0089,SR 2022,Maize,18/10/2022,local,4.1
P00595,F0089,2023 Long Rains,Beans,2023-03-08,landrace,3.1
P00596,F0089,2024 Long Rains,Maize,2024-03-19,H513,4.6
P00597,F0090,2019 Long Rains,Maize,22-Mar-19,local,1.8
P00598,F0090,2019 short rains,MAIZE,2019-10-19,Local,1.5
P00599,F0090,2020 Long Rains,Beans,2020-03-12,local,2.4
P00600,F0090,2021 Long Rains,Maize,2021-04-20,,2.6
P00601,F0090,2021 SR,Maize,2021-10-03,landrace,1.7
P00602,F0090,LR 2022,Beans,13/03/2022,local,2.6
P00603,F0090,2022 SR,Maize,2022-11-05,DK8031,1.2
P00604,F0090,2023-LR,Sorghum,23/04/2023,local,2.6
P00605,F0090,2024 LR,Maize,2024-03-17,local,2.1
P00606,F0091,2019 Short Rains,Bean,2019-11-05,KAT-B9,1.6
P00607,F0091,2020 Long Rains,Sorgum,27/03/2020,LOCAL,1.6
P00608,F0091,2020 Short Rains,Beans ,2020-10-08,KAT-B1,0.8
P00609,F0091,2021-SR,Maize,2021-11-12,,1.5
P00610,F0091,2023 short rains,Maize,18-Nov-23,DK8031,1.8
P00611,F0092,2020 Short Rains,Maize ,2020-10-04,H614,3.4
P00612,F0092,LR2021,Maize,2021-03-23,landrace,1.2
P00613,F0092,2022-LR,Maize,25/04/2022,Local,1.4
P00614,F0092,SR2022,Beans,2022-10-28,KAT-B9,1.8
P00615,F0093,2019 Long Rains,Maize,2019-04-22,H513,1.0
P00616,F0093,2020-LR,Beans,21/03/2020,landrace,0.9
P00617,F0093,2020 Short Rains,Corn,2020-10-05,LOCAL,1.1
P00618,F0093,2023 Long Rains,Maize,2023-03-28,local,0.8
P00619,F0093,2024 Long Rains,Beans,2024-04-21,landrace,1.0
P00620,F0094,LR 2019,Beans,2019-04-02,KAT-B1,1.9
P00621,F0094,2019 Short Rains,Beans,2019-11-16,KAT-B9,1.0
P00622,F0094,2020 long rains,Beans,23/03/2020,LOCAL,1.8
P00623,F0094,SR 2020,Beans,07/11/2020,LOCAL,1.0
P00624,F0094,LR2021,Maize,2021-03-05,PH4,1.2
P00625,F0094,2022 Short Rains,maize,2022-11-02,H513,1.8
P00626,F0094,SR 2023,Maize,13-Nov-23,LOCAL,1.8
P00627,F0095,2019 SR,Maize,2019-11-06,Local,1.8
P00628,F0095,2020 Long Rains,Maize,"Mar 31, 2020",Local,1.4
P00629,F0095,2020 Short Rains,sorghum,2020-11-02,landrace,1.2
P00630,F0095,2021 Long Rains,Beans,"Mar 28, 2021",LOCAL,2.5
P00631,F0095,2022 Short Rains,Maize,07/11/2022,H614,2.1
P00632,F0095,SR2023,Sorghum,19/10/2023,Local,2.1
P00633,F0096,2019 long rains,Maize,18/03/2019,LOCAL,1.2
P00634,F0096,2019 short rains,maize,2019-11-10,,1.1
P00635,F0096,LR 2020,sorghum,01/04/2020,landrace,1.5
P00636,F0096,SR2021,Beans,2021-10-29,KAT-B9,1.1
P00637,F0096,2022 Long Rains,Corn,2022-04-16,H614,
P00638,F0096,2022-SR,Maize,2022-10-16,H513,1.5
P00639,F0096,2023 long rains,Corn,2023-04-09,PH4,0.7
P00640,F0096,SR 2024,Sorgum,15/10/2024,Local,0.8
P00641,F0097,2019-LR,Beans,2019-04-18,local,1.4
P00642,F0097,LR 2020,Maize,05-Apr-20,local,2.2
P00643,F0097,2020 Short Rains,Maize,2020-11-04,DK8031,
P00644,F0097,2022 Short Rains,BEANS,2022-10-11,Local,2.7
P00645,F0097,2023 Short Rains,Maize,27/10/2023,LOCAL,2.7
P00646,f0097,SR 2024,maize,2024-11-13,LOCAL,2.4
P00647,F0098,2019-SR,Sorghum,2019-11-20,landrace,1.7
P00648,F0098,2021-LR,Beans,02-Apr-21,Local,0.9
P00649,F0098,2021 Short Rains,Sorghum,03-Oct-21,local,1.4
P00650,F0098,2022 LR,beans,2022-03-11,LOCAL,1.4
P00651,f0098,2024 Short Rains,Sorghum,2024-10-18,landrace,1.2
P00652,F0099,LR 2019,Maize,2019-04-06,LOCAL,2.7
P00653,F0099,2020 LR,Maize,"Mar 08, 2020",H513,2.5
P00654,F0099,2020 Short Rains,Maize,13-Oct-20,landrace,2.3
P00655,F0099,2021-SR,Maize,2021-10-11,H614,1.7
P00656,F0099,2022-LR,Beans,07/04/2022,landrace,1.5
P00657,F0099,2022 Short Rains,Sorghum ,20/11/2022,Local,2.0
P00658,F0099,2024-LR,Beans,2024-03-23,LOCAL,1.2
P00659,F0099,2024 Short Rains,Maize,2024-11-02,H614,1.7
P00660,F0100,LR 2019,Sorghum,2019-04-25,Local,1.5
P00661,F0100,2019 Short Rains,Sorghum,14-Nov-19,Seredo,1.4
P00662,F0100,2020 long rains,Corn,01/03/2020,PH4,0.8
P00663,F0100,2020-SR,Beans,26/10/2020,KAT-B1,1.1
P00664,F0100,2021 LR,maize,2021-04-10,H614,0.7
P00665,F0100,SR 2022,Maize,19/10/2022,DK8031,1.0
P00666,F0100,2024-SR,Maize,11/11/2024,Local,1.4
P00667,F0101,2019 Short Rains,Sorghum,19/11/2019,,0.6
P00668,F0101,2020-SR,Sorghum,2020-10-19,landrace,0.4
P00669,F0101,2021 Short Rains,Sorghum,09/10/2021,landrace,0.7
P00670,F0101,LR 2022,Sorghum,2022-03-26,Gadam,0.6
P00671,F0101,2023 Short Rains,Maize,12/10/2023,PH4,0.4
P00672,F0101,2024 Long Rains,Maize,2024-04-02,DK8031,0.8
P00673,F0102,2019 LR,Maize,"Mar 04, 2019",local,1.3
P00674,F0102,2021 LR,beans,2021-03-29,Local,1.2
P00675,F0102,2021 SR,sorghum,"Nov 18, 2021",Local,1.5
P00676,F0102,2023 Long Rains,Maize,13-Apr-23,H614,2.7
P00677,F0103,2019 LR,Sorghum ,2019-03-09,Gadam,0.3
P00678,F0103,LR 2020,Beans ,2020-04-05,landrace,0.3
P00679,F0103,2020 Short Rains,Sorghum,2020-10-20,Seredo,0.6
P00680,f0103,2021-LR,Maize,2021-03-10,PH4,0.3
P00681,F0103 ,SR 2021,Beans,07-Oct-21,Local,0.3
P00682,f0103,2022 Long Rains,Bean,2022-03-29,landrace,0.3
P00683,F0103,2023-LR,Sorghum,2023-03-13,landrace,0.5
P00684,F0103,SR 2023,Beans,2023-10-11,local,0.3
P00685,F0103,2024-LR,Maize,2024-03-07,H614,0.4
P00686,F0103,2024 Short Rains,Sorghum,22/10/2024,landrace,0.5
P00687,F0104,SR 2019,Wheat,2019-11-20,Eagle-10,4.8
P00688,F-0104,2020 Long Rains,Maize,2020-04-21,DK8031,4.7
P00689,F0104,SR2020,Maize,2020-10-31,Local,3.6
P00690,F0104,2021 Long Rains,Beans,2021-03-16,KAT-B9,
P00691,F0104,2022 Long Rains,Wheat ,2022-04-22,Eagle-10,3.3
P00692,F0104,2022 short rains,Maize,17/10/2022,H513,5.0
P00693,F0104,2023 Long Rains,MAIZE,06-Apr-23,DK8031,5.4
P00694,F0104,2024 SR,Wheat,27/10/2024,Local,3.1
P00695,F0105,2019 Short Rains,beans,2019-11-12,local,1.6
P00696,F0105,2020 LR,Maize,2020-03-03,landrace,0.9
P00697,F0105,SR2021,Beans,05/10/2021,Local,1.0
P00698,F0105,2022-LR,Beans,2022-04-19,local,2.1
P00699,F0105,2022 Short Rains,Maize,03/10/2022,local,1.8
P00700,F0105,2023 Short Rains,Corn,"Oct 05, 2023",DK8031,2.1
P00701,F0105,2024 Short Rains,Beans,2024-10-10,local,2.0
P00702,F0106,SR 2019,Beans,20-Nov-19,Local,2.6
P00703,F0106,2020 Long Rains,Maize,2020-04-17,DK8031,3.0
P00704,F0106,2020 short rains,maize,2020-11-04,LOCAL,3.3
P00705,F0106,2021 Short Rains,Corn,2021-11-06,LOCAL,2.4
P00706,F0106,2023 Long Rains,Beans,2023-03-27,LOCAL,2.5
P00707,F0106,SR2023,maize,2023-11-15,local,3.7
P00708,F0106,2024 long rains,sorghum,2024-04-02,Local,2.2
P00709,F0106,2024 short rains,Bean,2024-11-14,KAT-B9,4.1
P00710,F0107,LR 2019,Maize,2019-03-27,LOCAL,0.7
P00711,F0107,2020 Short Rains,Maize,2020-10-28,PH4,0.5
P00712,F0107,LR 2021,Maize,07/04/2021,PH4,0.7
P00713,f0107,2021 SR,Maize,2021-10-10,PH4,0.4
P00714,F0107,2022-LR,Sorghum,13/03/2022,local,0.3
P00715,F0107,2024 Short Rains,Beans,2024-10-25,Local,0.5
P00716,F0108 ,2019 Short Rains,Beans,02/10/2019,,0.6
P00717,F0108,2020 Long Rains,Sorghum,2020-04-24,LOCAL,0.9
P00718,F0108,SR 2022,Beans,2022-11-15,local,0.6
P00719,F0108,2024 SR,maize,18/10/2024,PH4,1.0
P00720,F0109,2019 long rains,Maize,"Apr 08, 2019",local,0.7
P00721,f0109,2020 long rains,beans,2020-03-14,landrace,0.7
P00722,F0109,2020 short rains,Sorghum,2020-10-25,Gadam,0.4
P00723,F0109,SR2021,maize,"Oct 13, 2021",LOCAL,0.6
P00724,F0109,LR 2022,Maize,2022-03-25,PH4,0.4
P00725,F0109,2023-LR,Maize ,25/04/2023,LOCAL,0.7
P00726,f0109,SR 2023,Beans,2023-11-01,LOCAL,0.7
P00727,F0109,2024 long rains,Beans,2024-03-10,LOCAL,0.4
P00728,F0109,2024 Short Rains,maize,2024-10-01,local,0.4
P00729,F0110,2019 Long Rains,Sorghum,2019-03-25,local,1.1
P00730,F0110,2020 Short Rains,sorghum,03-Oct-20,local,1.4
P00731,F0110,2021-LR,SORGHUM,2021-04-12,Local,1.8
P00732,F0110,2022 Long Rains,Sorghum,2022-04-22,LOCAL,2.7
P00733,F0110,SR2022,Maize,"Oct 20, 2022",PH4,1.6
P00734,F0110,2023 SR,sorghum,2023-11-13,Local,1.4
P00735,F0111,2020 long rains,Maize,24-Apr-20,H614,0.9
P00736,F0111,2021 long rains,Beans ,2021-04-19,LOCAL,
P00737,F0111,2022 Short Rains,Maize,01/10/2022,,1.1
P00738,F0111,LR 2023,Maize,19/04/2023,PH4,1.0
P00739,F-0111,SR2023,MAIZE,19/11/2023,DK8031,1.8
P00740,F0111,LR 2024,Maize,2024-03-24,local,1.6
P00741,F0112,2019 Long Rains,WHEAT,2019-04-08,Eagle-10,2.6
P00742,F0112,2019 short rains,Maize,06/11/2019,DK8031,3.9
P00743,F0112,2020 Long Rains,MAIZE,2020-03-20,DK8031,3.5
P00744,F0112,2020 Short Rains,Maize,2020-10-11,PH4,2.4
P00745,F-0112,LR2021,Beans,25/04/2021,LOCAL,3.4
P00746,F0112,2022 Long Rains,Maize,01/04/2022,Local,4.1
P00747,F0112,2022-SR,Maize,2022-11-09,,2.7
P00748,F0113,2020 long rains,Beans,25/04/2020,,2.1
P00749,F0113,2020 short rains,beans,2020-10-02,Local,2.2
P00750,F0113,2021 Long Rains,Beans,2021-03-12,KAT-B9,3.3
P00751,F0113,2022 Long Rains,Beans,2022-03-16,Local,3.0
P00752,F0113,2022 Short Rains,Maize,28/10/2022,H513,2.7
P00753,F0113,2023-LR,Maize,2023-03-22,DK8031,1.7
P00754,F0113,2023 Short Rains,Maize,15/11/2023,local,2.0
P00755,F0114,2019-LR,Maize,2019-04-14,PH4,0.6
P00756,F0114,LR 2020,Beans,2020-03-06,landrace,0.4
P00757,F0114,2020 Short Rains,Beans,2020-10-08,,0.5
P00758,F0114,2022-LR,Beans,01/03/2022,,0.6
P00759,f0114,SR 2022,maize,16-Nov-22,H513,0.8
P00760,F0114,2024-LR,beans,2024-04-24,landrace,0.5
P00761,F0115,2019 LR,Beans,2019-03-24,LOCAL,2.3
P00762,F0115,2019 Short Rains,Maize,2019-10-17,DK8031,1.6
P00763,F0115,2021 Long Rains,wheat,2021-03-12,Eagle-10,2.0
P00764,F0115,2021-SR,Wheat grain,2021-10-20,Robin,1.9
P00765,F0115,SR2022,Maize,2022-11-02,PH4,3.2
P00766,F0115,2023 Long Rains,Wheat,23-Apr-23,Eagle-10,2.6
P00767,F0115,2024 SR,Maize,2024-11-16,H614,1.4
P00768,F0116,LR 2020,Maize,26/03/2020,,2.6
P00769,F0116,SR 2020,Maize,"Oct 10, 2020",local,4.1
P00770,F0116,2021 Long Rains,Beans,2021-03-05,landrace,2.4
P00771,F0116,2024 Long Rains,MAIZE,"Mar 25, 2024",DK8031,2.7
P00772,F0116,2024 Short Rains,Maize,2024-11-20,Local,4.3
P00773,F0117,2019 Short Rains,Maize,2019-10-11,H513,5.8
P00774,f0117,2020 Long Rains,wheat,2020-04-07,Eagle-10,3.1
P00775,F0117,2021 Short Rains,Wheat,2021-11-10,LOCAL,3.8
P00776,F0117,2024 Long Rains,Wheat,2024-04-07,landrace,3.5
P00777,F0117,2024-SR,WHEAT,"Oct 08, 2024",Eagle-10,9.9
P00778,F0118,SR 2019,Maize,2019-10-30,landrace,2.9
P00779,F0118,2020 SR,Maize,13/10/2020,H513,1.9
P00780,F0118,2021 Long Rains,Beans,2021-04-03,,4.5
P00781,F0118,2021 Short Rains,Beans,11/10/2021,local,1.3
P00782,f0118,2022 LR,Maize ,2022-03-01,LOCAL,3.0
P00783,F0118,LR 2023,maize,"Apr 09, 2023",H614,1.4
P00784,F0118,2023-SR,Beans,08/10/2023,LOCAL,2.7
P00785,F0118,2024 Long Rains,Beans,2024-04-06,,2.1
P00786,F0119,2019 Short Rains,Wheat,14-Oct-19,,
P00787,F0119,2020 Short Rains,Wheat ,2020-10-23,local,1.9
P00788,F0119,2022-LR,Bean,08-Apr-22,KAT-B9,1.5
P00789,F0119,2022 short rains,Wheat,21/10/2022,LOCAL,1.0
P00790,F0119,2023 short rains,Wheat,07-Nov-23,Robin,1.7
P00791,F0119,2024 Short Rains,Beans,05/11/2024,landrace,1.4
P00792,F0120,2019-LR,Maize,2019-04-02,DK8031,1.9
P00793,F0120,2019 SR,Beans,2019-10-20,KAT-B9,1.7
P00794,F0120,2020-LR,Maize,07/04/2020,PH4,0.8
P00795,F0120,2020 short rains,Maize,"Nov 06, 2020",LOCAL,1.5
P00796,F0120,2021 Long Rains,Sorghum,09-Apr-21,local,1.1
P00797,F0120,2022 LR,Maize,2022-03-19,Local,1.7
P00798,F0120,SR 2022,Sorghum,2022-10-01,LOCAL,1.2
P00799,F0120,2023 Long Rains,MAIZE,2023-03-09,local,1.2
P00800,F0120,2023 SR,SORGHUM,05/10/2023,LOCAL,1.2
P00801,F0120,2024 Long Rains,Beans,2024-04-11,landrace,1.2
P00802,F0120,SR 2024,Maize,2024-10-03,local,0.9
P00803,F0121,SR 2019,MAIZE,19/11/2019,landrace,1.8
P00804,F0121,LR 2021,Sorghum,2021-03-08,Gadam,1.4
P00805,F0121 ,2022 Short Rains,Maize,"Oct 18, 2022",PH4,1.8
P00806,F0121,LR 2023,Sorghum,2023-03-01,Local,1.8
P00807,F0121,2023 Short Rains,BEANS,03/11/2023,Local,2.2
P00808,F0121,2024 LR,Sorghum,12/03/2024,local,1.5
P00809,F0121,2024 SR,Sorghum,2024-10-02,local,1.5
P00810,F0122,2019 Long Rains,beans,2019-03-23,landrace,0.9
P00811,F0122,2020 Short Rains,Sorghum,12-Nov-20,landrace,1.7
P00812,F-0122,2021 LR,BEANS,2021-04-13,KAT-B9,1.3
P00813,F0122,2021 Short Rains,BEANS,09-Nov-21,KAT-B9,1.5
P00814,F0122,2022 Long Rains,Corn,22/04/2022,H513,0.9
P00815,F0122,2024-LR,Maize,"Apr 25, 2024",H513,1.8
P00816,F-0123,2019 LR,Sorghum,21-Apr-19,landrace,0.8
P00817,F0123,2019 Short Rains,Sorghum,2019-11-03,LOCAL,0.7
P00818,F0123,2020 Long Rains,Maize,2020-04-13,Local,0.6
P00819,F0123,SR 2020,Sorghum,12/10/2020,local,0.4
P00820,F0123,2021 Long Rains,Maize,2021-03-29,H614,0.8
P00821,F0123,2022 Short Rains,Maize,2022-10-28,landrace,0.6
P00822,f0123,2023 Short Rains,Beans ,2023-11-13,local,0.6
P00823,F0123,SR 2024,Maize,15-Oct-24,PH4,0.4
P00824,F0124,2019 long rains,Sorghum,2019-03-06,Local,1.0
P00825,F0124,2019 Short Rains,Corn,08/10/2019,Local,0.8
P00826,F0124,2021 Long Rains,Beans,2021-03-31,local,1.8
P00827,F0124,2021-SR,Maize,"Nov 09, 2021",local,1.6
P00828,F0124,2022 Long Rains,Sorghum,2022-03-19,Gadam,1.8
P00829,F0124,2022 Short Rains,Maize,26/10/2022,local,0.9
P00830,F0124,LR 2024,maize,10/04/2024,LOCAL,1.7
P00831,F0124,2024 SR,sorghum,2024-11-20,,1.7
P00832,F0125,2019 Short Rains,MAIZE,14/11/2019,Local,0.5
P00833,F0125,2020-SR,Beans,2020-10-07,landrace,0.5
P00834,F0125,2021 Short Rains,Sorghum,09/10/2021,Local,0.8
P00835,F0125,2022 Long Rains,beans,2022-03-12,KAT-B9,0.9
P00836,F0125,LR 2023,Beans,2023-03-09,Local,0.7
P00837,F0125,SR 2023,MAIZE,31/10/2023,local,0.6
P00838,F0125,SR 2024,Sorghum,31/10/2024,LOCAL,0.8
P00839,F0126,2019 SR,Beans,28-Oct-19,Local,0.6
P00840,F0126,2020 Short Rains,Maize,25/10/2020,LOCAL,1.3
P00841,F0126,LR 2021,Maize,13/04/2021,H513,1.2
P00842,F0126,2021 Short Rains,Maize,2021-11-01,H614,0.7
P00843,F0126,2022 Long Rains,Maize,2022-04-11,Local,0.6
P00844,F0126,2023 Long Rains,Beans,31/03/2023,,0.6
P00845,F0127,SR 2019,Maize,2019-10-24,DK8031,1.1
P00846,F0127,2020 Long Rains,Beans,2020-04-24,landrace,1.2
P00847,f0127,2022 Long Rains,Beans ,21/03/2022,KAT-B9,1.0
P00848,F0127 ,2022 Short Rains,Maize,2022-10-29,H513,0.7
P00849,F0127,2023-LR,Maize,20/04/2023,landrace,1.1
P00850,F0127,2024 SR,Maize,2024-10-07,DK8031,1.0
P00851,F0128,2020-SR,Beans,2020-10-30,local,2.4
P00852,F0128,LR 2021,Maize,2021-04-17,landrace,3.2
P00853,F0128,2021 Short Rains,Sorghum,"Oct 22, 2021",landrace,2.7
P00854,F0128,2022 long rains,Beans ,29-Mar-22,landrace,2.7
P00855,F0128,2023 Long Rains,Sorghum,2023-04-16,,2.6
P00856,F0128,2023 Short Rains,Beans,20/10/2023,landrace,2.1
P00857,F0128,2024 Long Rains,Beans,2024-04-04,KAT-B9,3.2
P00858,F0128,SR 2024,Beans,14/10/2024,local,3.1
P00859,F0129,2019 SR,beans,2019-10-27,Local,1.6
P00860,F0129,2020 Long Rains,Maize ,2020-04-03,landrace,1.4
P00861,F0129,2020-SR,Wheat,2020-11-17,landrace,2.4
P00862,F0129,2022 Long Rains,Beans,2022-04-20,Local,1.7
P00863,F0129,2022 Short Rains,Beans,2022-11-07,KAT-B9,2.6
P00864,F0129,SR2023,Maize,2023-10-18,Local,2.2
P00865,F0129,2024-SR,Maize,31/10/2024,local,2.2
P00866,F0130,2020 LR,maize,2020-04-19,H614,0.8
P00867,F0130,SR2020,Beans,07/10/2020,LOCAL,0.6
P00868,F0130,2021 Short Rains,Sorghum,17/11/2021,landrace,0.7
P00869,F0130,2022 long rains,Beans,27/03/2022,KAT-B9,0.7
P00870,F-0130,SR 2022,Maize,"Oct 19, 2022",PH4,0.6
P00871,F0130,2024 Short Rains,MAIZE,2024-11-20,DK8031,0.5
P00872,F0131,2019 long rains,wheat,26-Mar-19,Eagle-10,5.2
P00873,F-0131,SR2019,Maize ,"Nov 17, 2019",landrace,6.1
P00874,F0131,2022 SR,maize,25/10/2022,LOCAL,6.7
P00875,F0131,2023 Long Rains,Maize,11-Apr-23,PH4,7.5
P00876,F0131,LR2024,Beans,2024-03-12,local,5.4
P00877,F0131,2024 short rains,Maize,2024-10-24,H513,5.9
P00878,F-0132,2019 Short Rains,beans,16-Oct-19,local,2.9
P00879,F0132,2020 long rains,Beans,2020-04-17,KAT-B9,2.0
P00880,F0132,2020-SR,maize,2020-10-20,H513,2.7
P00881,F0132,2021 long rains,Maize,15-Mar-21,H614,1.3
P00882,F0132,2021 short rains,Beans,2021-10-31,landrace,2.8
P00883,F-0132,2024 Long Rains,maize,25-Mar-24,PH4,1.3
P00884,F0132,2024-SR,Maize,2024-11-09,landrace,1.2
P00885,F-0133,2019-LR,Maize,12/03/2019,,3.1
P00886,F0133,2019-SR,Maize,"Oct 18, 2019",landrace,3.8
P00887,F0133,2021-LR,Beans,21-Apr-21,KAT-B9,2.8
P00888,F-0133,2021 Short Rains,Maize,"Oct 13, 2021",Local,3.5
P00889,F0133,2022 Long Rains,Beans,2022-04-08,Local,2.3
P00890,F0133,LR 2023,Sorghum,2023-04-08,landrace,2.3
P00891,F0133,2024 Long Rains,Sorghum,2024-03-05,Seredo,1.9
P00892,F0134,2022 Long Rains,Maize,2022-03-09,DK8031,2.0
P00893,F0134 ,SR 2022,Beans,20-Oct-22,,2.9
P00894,F0135,2019 Long Rains,Beans,2019-03-22,LOCAL,5.5
P00895,F0135,2019 SR,Beans,2019-10-31,local,9.8
P00896,F0135,2020 short rains,maize,15-Nov-20,landrace,4.9
P00897,F0135,2021 Long Rains,Maize,2021-03-19,,3.6
P00898,F0135,SR 2021,Maize ,2021-10-10,DK8031,4.0
P00899,F0135,2022-SR,Maize,2022-10-25,PH4,4.3
P00900,F0135,LR 2024,Maize,2024-04-13,,6.1
P00901,F0135,SR 2024,Beans,08-Nov-24,Local,9.8
P00902,F0136 ,2019-SR,Beans,2019-10-08,local,0.5
P00903,F0136,2020-SR,Sorghum,30/10/2020,Seredo,0.7
P00904,F0136,2021-LR,Bean,2021-04-17,LOCAL,1.2
P00905,F0136,SR2021,Beans,2021-10-08,local,1.0
P00906,F0136,2022-LR,Maize,29-Mar-22,DK8031,0.7
P00907,F0136,2022 Short Rains,Maize,2022-11-04,H513,0.8
P00908,F0136,2023-LR,Sorghum,2023-03-02,local,0.9
P00909,F0136,2024 SR,Beans,20-Oct-24,LOCAL,0.8
P00910,F0137,2019 Long Rains,Maize ,01/04/2019,H614,1.5
P00911,F0137,2019 Short Rains,Wheat,13/10/2019,Local,2.0
P00912,F0137,2020 long rains,maize,2020-03-30,landrace,1.8
P00913,F0137,SR 2020,Wheat,2020-11-17,Eagle-10,2.2
P00914,F0137,2021 Long Rains,Wheat,"Mar 14, 2021",Eagle-10,1.9
P00915,F0137,SR 2021,Wheat,23/10/2021,Eagle-10,2.5
P00916,F0137,2023 Long Rains,Wheat,2023-03-17,LOCAL,1.8
P00917,F0137,2024 long rains,Beans,06/03/2024,LOCAL,2.4
P00918,F0137,2024 Short Rains,Maize,"Oct 11, 2024",DK8031,2.2
P00919,F0138,2020 Long Rains,Sorghum,2020-04-24,Seredo,0.3
P00920,F0138,2021 Long Rains,Maize,2021-04-16,LOCAL,0.3
P00921,F0138,2021 Short Rains,Maize,22/10/2021,H513,0.4
P00922,F0138,2022 Long Rains,Maize,20-Mar-22,landrace,0.3
P00923,F0138,2023-LR,Maize,22/03/2023,Local,0.3
P00924,F0138,2023 Short Rains,MAIZE,2023-11-07,H614,0.4
P00925,F0139,2021 Long Rains,Corn,2021-03-20,DK8031,1.4
P00926,F0139,LR2024,Maize,2024-03-13,landrace,1.6
P00927,F0140,2020 Short Rains,Beans,2020-10-08,LOCAL,16.0
P00928,F0140,SR 2021,Maize,11/11/2021,local,18.9
P00929,F0140,2022 long rains,Wheat,2022-04-16,Eagle-10,
P00930,F0140,2022 SR,Maize,2022-10-22,DK8031,17.1
P00931,F0140,2023 short rains,Wheat,"Nov 12, 2023",Eagle-10,8.6
P00932,F0140,LR 2024,Wheat,14/04/2024,LOCAL,15.5
P00933,F0141,2019 SR,MAIZE,2019-10-23,PH4,4.8
P00934,F0141,2020 Long Rains,Maize,2020-04-11,H614,8.9
P00935,F0141,2020 short rains,Bean,15/11/2020,landrace,3.8
P00936,F0141,2021 Long Rains,Maize,11/03/2021,PH4,4.1
P00937,F0141,2021 short rains,Maize ,2021-11-17,H513,3.9
P00938,F0141,2022 LR,BEANS,2022-04-11,KAT-B1,5.9
P00939,F0141,2022 Short Rains,Wheat,2022-10-26,Local,5.0
P00940,F0141,LR 2023,Maize,2023-03-05,DK8031,3.2
P00941,F0142,2019 Short Rains,Maize,04/11/2019,LOCAL,0.3
P00942,F0142,2020 Long Rains,Maize,2020-04-18,PH4,0.5
P00943,f0142,LR 2021,Beans,2021-03-30,landrace,0.3
P00944,F0142,SR 2021,Maize,2021-11-14,,0.3
P00945,F0142,2022 Long Rains,Maize,2022-04-10,landrace,0.5
P00946,F0142,2022-SR,Beans,2022-10-02,landrace,0.3
P00947,F0142,LR 2023,Beans ,2023-03-31,LOCAL,0.3
P00948,F0142,2024 Short Rains,Maize,2024-10-13,PH4,
P00949,F0143,2019 short rains,Maize,18/10/2019,H614,
P00950,F0143,2020 Long Rains,Maize,2020-04-12,Local,2.3
P00951,F0143,LR2021,Maize,18-Apr-21,DK8031,2.2
P00952,F0143,2021 Short Rains,beans,2021-10-23,local,1.5
P00953,F0143,2022 Long Rains,Sorghum,24/03/2022,Seredo,2.4
P00954,F0143,2023 Long Rains,Beans,2023-04-01,KAT-B1,2.1
P00955,F0143,2023 Short Rains,Beans,2023-11-19,KAT-B1,2.2
P00956,F0143,2024 LR,Sorghum,15/04/2024,Seredo,3.0
P00957,F0144,2019 Long Rains,Maize,2019-04-10,PH4,15.4
P00958,F0144,2019 Short Rains,Maize,2019-11-16,Local,14.4
P00959,F0144,2020-SR,Maize,15-Oct-20,Local,18.2
P00960,F0144,2021 Short Rains,Wheat,2021-11-06,Local,32.3
P00961,F0144,2022-SR,Bean,2022-10-18,landrace,24.1
P00962,F0144,LR2023,Beans,2023-03-19,Local,14.1
P00963,F0144,2023 Short Rains,Wheat,2023-10-25,LOCAL,27.8
P00964,F0144,2024 Long Rains,Wheat,2024-04-13,Eagle-10,28.6
P00965,F0144,SR 2024,beans,2024-11-06,,16.1
P00966,F0145,LR2019,Sorghum,23/04/2019,Local,0.6
P00967,F0145,2020 long rains,Beans,2020-03-21,LOCAL,0.4
P00968,F-0145,2020 SR,Maize,19/11/2020,local,0.5
P00969,F0145,2021 Short Rains,Sorghum,2021-10-12,LOCAL,0.6
P00970,F0145,2022-LR,Beans,2022-03-01,LOCAL,0.7
P00971,F0145,2022 Short Rains,Beans,09-Nov-22,KAT-B9,0.7
P00972,F0145,2024 Long Rains,Maize,24/03/2024,H614,0.4
P00973,F0145,2024 Short Rains,Sorghum,20/10/2024,landrace,0.7
P00974,F0146,2019 Long Rains,beans,2019-04-23,KAT-B1,1.6
P00975,F0146,LR 2020,beans,2020-03-11,LOCAL,1.2
P00976,F0146,2020 SR,Maize,2020-11-12,H513,1.3
P00977,F0146,2022 Long Rains,Beans,2022-03-16,local,2.1
P00978,F0146,SR 2023,Maize,2023-10-02,landrace,3.3
P00979,F0146,2024 long rains,Beans ,2024-04-13,Local,1.9
P00980,F0146,2024 Short Rains,Maize,24/10/2024,DK8031,2.1
P00981,F0147,LR2019,Beans,2019-03-03,KAT-B1,0.7
P00982,F0147,2020 Long Rains,Beans,04/03/2020,LOCAL,1.0
P00983,F0147,2021-LR,Maize,2021-03-10,DK8031,0.9
P00984,F0147,2022 SR,Maize,2022-11-08,H513,0.6
P00985,F0147,2023-LR,Maize,2023-03-16,LOCAL,0.7
P00986,F0147,2024 Long Rains,Maize,2024-03-07,H614,1.1
P00987,F0148,2019 Long Rains,Maize,2019-04-15,local,0.8
P00988,F0148,2020 Long Rains,Corn,16-Apr-20,local,0.8
P00989,F0148,2020-SR,Maize,2020-10-14,PH4,0.6
P00990,F0148,2021-LR,maize,27/03/2021,PH4,1.0
P00991,F0148,2022 Short Rains,Maize,13/11/2022,H513,1.2
P00992,F0148,SR2023,Maize,24-Oct-23,LOCAL,1.3
P00993,F0148,2024 Long Rains,Maize,2024-04-04,landrace,0.8
P00994,F0149,2019-LR,MAIZE,22/04/2019,H614,2.8
P00995,F0149,SR2019,Beans,2019-11-16,local,2.8
P00996,F0149,2020 Short Rains,Beans,2020-11-08,landrace,2.4
P00997,F0149,2021-LR,sorghum,28/03/2021,Local,1.4
P00998,F0149,2021-SR,sorghum,2021-10-31,Local,2.2
P00999,F0149,2023 Long Rains,Beans,2023-04-03,landrace,1.6
P01000,F0149,2023 Short Rains,Sorgum,"Nov 03, 2023",local,2.4
P01001,F0150,2019 Long Rains,Beans,2019-04-25,LOCAL,2.0
P01002,F0150,2019 SR,Beans,"Oct 26, 2019",landrace,2.0
P01003,F0150 ,LR2020,Maize,2020-03-25,DK8031,2.3
P01004,F0150,SR2020,Maize,2020-11-03,DK8031,2.3
P01005,F0150,2021 short rains,Maize,2021-10-07,LOCAL,1.5
P01006,F0150,2022 Short Rains,BEANS,28/10/2022,LOCAL,1.1
P01007,F0150,SR 2023,Maize,24/10/2023,LOCAL,2.5
P01008,F0151,2019 SR,Maize,2019-10-31,DK8031,0.4
P01009,F0151,2020 Long Rains,beans,2020-03-16,local,0.3
P01010,F0151,2022 Short Rains,Maize ,2022-10-15,DK8031,0.3
P01011,F0151,2023-SR,Maize ,2023-11-06,landrace,0.4
P01012,F0151,2024-SR,Maize,2024-10-10,H513,0.3
P01013,F0152,2019 Long Rains,Maize,2019-03-15,PH4,1.1
P01014,F0152,LR 2020,BEANS,2020-04-22,landrace,2.2
P01015,F0152,SR 2020,Maize,2020-11-05,Local,1.4
P01016,F0152,2021 Long Rains,Sorghum,2021-03-29,LOCAL,1.6
P01017,F0152,2021 Short Rains,Maize,2021-11-09,local,2.7
P01018,F0152,2022 long rains,Sorghum,20/04/2022,,1.8
P01019,F0152,SR 2022,Maize,2022-10-03,PH4,1.3
P01020,F0152,2024 Long Rains,Maize,2024-04-03,DK8031,2.5
P01021,F0153,2020 long rains,Beans ,18/04/2020,landrace,1.4
P01022,F0153,2020 short rains,Corn,20/10/2020,H614,2.2
P01023,F0153,2021-LR,Maize,"Mar 04, 2021",DK8031,3.1
P01024,F0153,LR 2022,Bean,10/03/2022,landrace,2.8
P01025,F0153,LR 2023,Beans,21/04/2023,LOCAL,2.1
P01026,F0153,SR 2023,Maize,2023-10-10,H513,2.0
P01027,F0153,2024 long rains,Maize,06/04/2024,Local,3.2
P01028,F0154,2019 Short Rains,Wheat,2019-11-20,Eagle-10,6.2
P01029,F0154,2020 long rains,Maize,24-Mar-20,LOCAL,4.8
P01030,F0154,2022 LR,Wheat,2022-03-06,Eagle-10,4.0
P01031,f0154,2022 short rains,Wheat,13/11/2022,,5.0
P01032,F0154,2023 Long Rains,Wheat ,2023-03-26,LOCAL,3.9
P01033,F0155,LR 2019,Beans,19/03/2019,landrace,4.0
P01034,F0155,SR 2020,Maize,17-Oct-20,,1.9
P01035,F0155,2022 Long Rains,Maize,2022-04-10,Local,4.3
P01036,F0155,SR 2022,maize,02/10/2022,Local,4.2
P01037,F0155,2023 Long Rains,Sorghum,2023-03-18,Local,2.8
P01038,F0155,2023 Short Rains,Maize,2023-11-13,H513,3.3
P01039,F0155,2024 Long Rains,maize,22/04/2024,H513,3.5
P01040,F0156,LR2019,Maize,2019-03-27,H614,0.4
P01041,F0156,2019 Short Rains,Maize,26/10/2019,local,0.6
P01042,F0156,2020 Long Rains,Beans,2020-04-01,KAT-B1,0.3
P01043,F0156,2021 Long Rains,Corn,2021-03-05,H614,0.4
P01044,F0156,2021 SR,Maize,2021-11-16,LOCAL,0.6
P01045,F0156,2022 Short Rains,Maize,19/11/2022,landrace,0.5
P01046,F0156,2023-LR,Beans,04/03/2023,landrace,0.4
P01047,F0156,2023 Short Rains,maize,03-Oct-23,Local,0.4
P01048,f0156,2024 Long Rains,MAIZE,2024-04-12,local,0.4
P01049,F0156,2024 short rains,Maize,2024-11-02,H614,0.4
P01050,F0157 ,2019 Long Rains,Beans,23/04/2019,local,1.4
P01051,F0157,LR 2020,Maize,23/04/2020,,2.0
P01052,F0157,2020 Short Rains,Bean,24/10/2020,local,1.4
P01053,F0157,2021-SR,maize,14-Oct-21,LOCAL,1.7
P01054,F0157,2022 Long Rains,Maize,2022-04-19,PH4,1.1
P01055,F0157,2023 long rains,Beans,2023-04-15,local,1.1
P01056,F0157,2024 Long Rains,Beans,2024-04-02,KAT-B1,2.1
P01057,F0158,2020 Long Rains,Beans,10/03/2020,LOCAL,1.4
P01058,F0158,2020 Short Rains,Beans,2020-10-09,LOCAL,1.8
P01059,F0158,2021 Long Rains,Maize,2021-03-23,H614,3.1
P01060,F0158,SR2021,Beans,09-Nov-21,Local,1.8
P01061,F0158,2022 SR,Maize,2022-10-14,PH4,1.6
P01062,F0158,2023 Long Rains,Maize ,11/03/2023,PH4,2.4
P01063,F0158,2024 LR,beans,2024-03-23,KAT-B1,2.5
P01064,F0158,2024 SR,Corn,04/10/2024,Local,1.3
P01065,F0159,2020 Long Rains,Corn,10/03/2020,PH4,0.8
P01066,F0159,2020 short rains,Beans,2020-10-03,KAT-B1,0.9
P01067,F0159,2021 long rains,Beans,10-Mar-21,KAT-B1,2.1
P01068,F0159,2022 Short Rains,Maize,"Oct 29, 2022",landrace,0.8
P01069,F0159,2023 Long Rains,Maize,2023-04-05,PH4,1.3
P01070,F0159,LR 2024,Maize,2024-03-24,DK8031,0.8
P01071,F0159,SR2024,Sorghum,18-Nov-24,Local,0.7
P01072,F0160,LR2019,maize,2019-04-14,H614,1.0
P01073,F0160,SR 2020,Maize,2020-10-19,LOCAL,
P01074,F0160,2021 Long Rains,Beans,2021-03-08,landrace,1.2
P01075,F0160,LR 2022,maize,2022-04-22,LOCAL,0.7
P01076,F0160,LR 2024,Maize,2024-04-22,,1.3
P01077,F0161,LR 2019,Wheat grain,2019-04-01,Eagle-10,0.9
P01078,F0161,2019 short rains,Wheat,2019-10-08,local,0.7
P01079,F0161,SR 2020,Maize,2020-10-31,Local,0.9
P01080,F0161,2021 long rains,Beans,2021-04-20,local,1.1
P01081,F0161,2023 LR,beans,2023-04-19,KAT-B1,1.1
P01082,F0161,2024 LR,maize,2024-04-01,H614,1.4
P01083,F0162,LR 2019,Beans,"Apr 03, 2019",LOCAL,
P01084,F0162,2019 SR,Maize,2019-11-17,local,1.5
P01085,F0162,2020 Long Rains,Maize,2020-03-30,Local,1.3
P01086,F0162,2021 short rains,Maize,04/10/2021,PH4,0.7
P01087,F0162,2022-LR,Maize,2022-04-08,H513,0.9
P01088,F0162,2022 Short Rains,maize,2022-11-06,Local,0.9
P01089,F0162,2023-LR,Corn,23/03/2023,,1.0
P01090,F0162,2023 Short Rains,beans,2023-10-13,,0.9
P01091,F0163,SR 2019,Wheat,2019-11-01,Eagle-10,7.9
P01092,F0163,2021 Long Rains,Beans,2021-03-21,local,12.3
P01093,F0163,2021 Short Rains,MAIZE,2021-11-14,H614,7.8
P01094,F0163,2022 short rains,Maize,2022-10-04,H614,8.1
P01095,F0163,2023 Long Rains,Maize,2023-03-14,local,12.1
P01096,F0163,SR2023,Wheat,"Nov 10, 2023",Eagle-10,5.8
P01097,F0164,2019 Long Rains,Beans ,03/04/2019,landrace,3.5
P01098,F0164,2020 long rains,sorghum,2020-04-11,Gadam,3.1
P01099,F0164,2020 Short Rains,Maize,2020-11-11,local,2.9
P01100,F0164,2021 Short Rains,Sorghum,16-Nov-21,landrace,2.4
P01101,F0164,LR2022,Beans,2022-04-16,Local,2.6
P01102,F0164,2022 Short Rains,Beans,2022-11-02,LOCAL,2.7
P01103,F0164,LR2023,Beans,2023-03-13,Local,2.8
P01104,F0164,2023 Short Rains,sorghum,18-Nov-23,Gadam,2.7
P01105,F0164,2024 Short Rains,Beans,16/11/2024,Local,3.2
P01106,F0165,SR 2020,Maize,09-Nov-20,Local,1.6
P01107,F0165,2022 long rains,Sorghum,06/03/2022,LOCAL,1.5
P01108,F0165,2022 SR,Maize,08/11/2022,local,1.1
P01109,F0165 ,2024 LR,sorghum,02-Apr-24,Gadam,1.8
P01110,F0165,2024 Short Rains,Maize,26/10/2024,H614,1.0
P01111,F0166,2019 Long Rains,Maize,2019-04-23,H614,1.8
P01112,F0166,2019 Short Rains,Beans,2019-10-06,local,2.8
P01113,f0166,2020 Short Rains,Wheat,2020-11-09,Robin,3.0
P01114,F0166,2021 long rains,Wheat,2021-03-15,Local,3.0
P01115,F0166,2021 Short Rains,Maize,01-Nov-21,local,2.1
P01116,F0166,2022-LR,Maize,2022-03-28,LOCAL,3.5
P01117,F0166,2023 short rains,Maize,13/11/2023,H513,2.0
P01118,F0167,2019 Short Rains,Sorghum,2019-10-20,,
P01119,F0167,2021 long rains,Maize,15/03/2021,PH4,2.5
P01120,F0167,2021 Short Rains,maize,31/10/2021,PH4,3.3
P01121,F0167,2022 long rains,Sorghum,2022-03-10,landrace,3.1
P01122,F0167,2023 Long Rains,Beans,2023-04-02,KAT-B9,1.6
P01123,F0167,2024 Long Rains,Sorghum,2024-03-22,LOCAL,2.9
P01124,F0167,SR 2024,Sorghum,2024-11-16,LOCAL,
P01125,F0168,2019 Short Rains,MAIZE,2019-10-15,LOCAL,0.7
P01126,F0168,2021 Long Rains,SORGHUM,05/04/2021,LOCAL,0.7
P01127,F0168,SR 2021,Maize,2021-11-04,DK8031,0.8
P01128,F0168,2023 Long Rains,maize,2023-04-11,H614,0.9
P01129,F0168,SR2023,beans,2023-10-27,KAT-B9,0.5
P01130,F0168,2024 short rains,Maize,2024-10-30,LOCAL,0.7
P01131,F0169,2019 Short Rains,MAIZE,2019-10-28,Local,0.8
P01132,F0169,2020 Long Rains,Maize,2020-04-18,landrace,0.5
P01133,F0169,LR 2022,Sorgum,2022-04-09,landrace,0.7
P01134,F0169,2023 LR,Maize,2023-03-25,Local,0.6
P01135,F0169,2023 Short Rains,Beans,2023-10-24,KAT-B1,
P01136,F0169,2024 long rains,Maize ,22-Apr-24,PH4,0.4
P01137,F0170,2020 long rains,maize,2020-03-28,PH4,2.0
P01138,F0170,2020 Short Rains,MAIZE,2020-10-07,H614,2.1
P01139,F0170,2021 Long Rains,Maize,2021-03-06,H614,1.4
P01140,F0170,2021 short rains,Beans,2021-11-16,KAT-B1,1.2
P01141,F0170,LR 2022,beans,2022-03-14,LOCAL,
P01142,F0170,LR2023,Beans,24/04/2023,LOCAL,0.8
P01143,F0170,SR2023,Maize,2023-11-02,LOCAL,1.6
P01144,F0170,SR 2024,Maize,2024-10-05,H513,1.4
P01145,F0171,SR 2019,Maize,2019-10-20,DK8031,0.6
P01146,F0171,LR2020,Maize,2020-04-19,LOCAL,0.9
P01147,F0171,2020-SR,Sorghum,02/10/2020,Gadam,0.7
P01148,f0171,2022 long rains,BEANS,11-Mar-22,,0.4
P01149,F0171,2022 short rains,Maize,13/10/2022,PH4,0.4
P01150,F0171,2023-LR,Sorghum,02-Apr-23,local,0.5
P01151,F0171,2023 SR,Sorghum ,17/10/2023,LOCAL,0.6
P01152,F0171,2024-LR,Maize,2024-03-31,LOCAL,0.9
P01153,F0171,2024 short rains,Maize,"Nov 17, 2024",,0.4
P01154,F0172,2019 SR,wheat,2019-10-09,Eagle-10,2.4
P01155,F0172,2020 Short Rains,Maize,2020-10-20,DK8031,4.8
P01156,F0172,2021 Short Rains,Maize,2021-10-11,H614,4.3
P01157,F0172,2023 long rains,maize,02/03/2023,Local,3.1
P01158,F0173,LR 2019,Beans,2019-03-16,KAT-B9,2.0
P01159,F0173,2019 SR,Sorghum,25/10/2019,landrace,3.2
P01160,F0173,2020 Long Rains,sorghum,2020-03-28,LOCAL,2.6
P01161,F0173,2020 short rains,Beans,2020-11-13,Local,2.9
P01162,F0173,2021 Long Rains,Maize,2021-03-28,H513,3.6
P01163,F0173,2022 Long Rains,Sorghum,19/03/2022,Local,3.1
P01164,F0173,2022-SR,Maize,2022-11-20,LOCAL,2.0
P01165,f0173,2023 LR,Beans,2023-04-17,KAT-B9,
P01166,F0173,SR 2023,Maize,2023-10-20,PH4,3.0
P01167,F0173,2024 Long Rains,Beans,2024-04-12,local,2.7
P01168,F0173,2024 Short Rains,Beans,2024-11-15,LOCAL,3.3
P01169,F0174,2020 Long Rains,Wheat,2020-03-16,Robin,3.7
P01170,F0174,2020 short rains,Maize,04-Nov-20,PH4,2.9
P01171,F0174,2021 long rains,Wheat,2021-03-08,Eagle-10,1.8
P01172,F0174,2021-SR,Wheat ,2021-11-06,,3.6
P01173,F0174,2022 LR,Maize,2022-03-19,H513,4.0
P01174,F0174,2022 Short Rains,Beans,2022-10-26,KAT-B9,3.3
P01175,F0174,2023 LR,Maize,2023-04-10,local,3.4
P01176,f0174,2023 Short Rains,Maize,2023-11-14,H614,3.8
P01177,F0175,LR 2019,beans,2019-04-04,LOCAL,1.6
P01178,F0175,LR 2021,beans,"Mar 23, 2021",local,1.4
P01179,F0175,2021 SR,Sorghum,15-Oct-21,LOCAL,2.1
P01180,F0175,LR2022,MAIZE,2022-03-01,local,2.3
P01181,F0175,2023 Long Rains,Maize,11-Mar-23,local,1.6
P01182,F0175,2023 short rains,maize,15/10/2023,,1.9
P01183,F0175,2024 Long Rains,Corn,2024-03-23,DK8031,
P01184,F0176,2019 LR,MAIZE,2019-03-02,PH4,14.2
P01185,F0176,2020 Long Rains,Maize,10/04/2020,landrace,11.2
P01186,F-0176,2020 Short Rains,Maize,17/11/2020,H513,13.6
P01187,f0176,2021 Short Rains,Wheat,28/10/2021,Eagle-10,7.5
P01188,F0176,SR 2022,Wheat,18/11/2022,Local,9.9
P01189,F0176,2023 Long Rains,Beans,2023-03-22,,6.8
P01190,F0176,2024 Long Rains,Maize,16/04/2024,LOCAL,10.1
P01191,F0177 ,2019 Long Rains,Sorghum,2019-03-11,Seredo,1.8
P01192,F0177,LR 2020,Beans,2020-04-02,landrace,2.8
P01193,F0177,LR2021,Maize,2021-04-08,landrace,2.5
P01194,F0177,2022 Long Rains,Maize,2022-03-13,LOCAL,1.4
P01195,F0177,2023 Long Rains,Maize,2023-03-27,H614,2.1
P01196,F0177,2024 Short Rains,Maize,2024-10-07,LOCAL,1.3
P01197,F0178,2019 long rains,Maize,14/03/2019,Local,1.6
P01198,F0178,SR 2020,Maize,15-Oct-20,H513,2.4
P01199,F0178,2021 short rains,Corn,20/10/2021,Local,2.6
P01200,F0178,2022 Short Rains,Maize,"Oct 15, 2022",landrace,1.3
P01201,F0178,2023 short rains,Maize,2023-11-18,H614,2.0
P01202,F0178,LR2024,Maize,23/03/2024,Local,1.7
P01203,F0179,LR 2019,maize,08/03/2019,LOCAL,3.3
P01204,F0179,2019 short rains,WHEAT,2019-10-27,Robin,3.2
P01205,F0179,2020-LR,Maize,22/04/2020,H614,4.3
P01206,F0179,2021 long rains,Corn,26/03/2021,LOCAL,2.7
P01207,F0179,2021 Short Rains,Wheat,2021-11-05,LOCAL,5.6
P01208,F0179,2022-LR,Wheat,2022-03-31,Eagle-10,10.2
P01209,F0179,2022 Short Rains,wheat,2022-10-21,Robin,5.4
P01210,F0179,2023 Long Rains,Maize,2023-04-22,DK8031,5.6
P01211,F0179,2023 short rains,WHEAT,2023-10-18,local,2.8
P01212,F0180,2019 LR,Beans,2019-04-20,landrace,0.9
P01213,F0180,2020 Long Rains,maize,12/04/2020,DK8031,0.9
P01214,F0180,2020 Short Rains,maize,2020-10-03,LOCAL,0.7
P01215,F0180,2021 Long Rains,Maize,2021-04-13,,1.0
P01216,F0180,2023-LR,Beans,12/03/2023,local,0.7
P01217,F0180,2023 short rains,Maize,28/10/2023,local,1.1
P01218,F0180,SR 2024,Beans,2024-10-31,Local,1.0
P01219,F0181,2019 Long Rains,Beans,10/04/2019,landrace,0.7
P01220,f0181,2019 Short Rains,Maize,2019-10-03,DK8031,0.7
P01221,F0181,2020 Long Rains,Beans,2020-03-06,local,0.8
P01222,F0181,SR2020,Sorgum,11/11/2020,LOCAL,1.0
P01223,F0181,2021 LR,Maize,24/04/2021,DK8031,0.5
P01224,F0181,2022 long rains,beans,13-Mar-22,Local,0.4
P01225,F0181,LR2023,Maize,2023-03-02,H513,0.8
P01226,F0181,2023 Short Rains,Sorghum,2023-11-12,Local,0.4
P01227,F0182,LR2019,Maize,2019-03-30,H513,7.4
P01228,F0182,2022 short rains,Beans,05/11/2022,Local,12.9
P01229,F0182,2023-LR,Maize,2023-03-22,PH4,14.3
P01230,F0182,SR 2023,Maize,2023-10-30,H513,6.7
P01231,F0182,2024 long rains,Wheat ,09/04/2024,Robin,9.5
P01232,F0183,2019 Long Rains,BEANS,2019-03-10,landrace,2.3
P01233,F0183,2020 SR,MAIZE,"Oct 19, 2020",,2.7
P01234,F0183,2021 Long Rains,maize,2021-03-26,,
P01235,F0183,2022 SR,Beans,2022-10-11,LOCAL,1.7
P01236,F0183,LR2024,Beans,2024-04-21,KAT-B9,3.6
P01237,F0184,2019 Short Rains,sorghum,19/10/2019,LOCAL,2.0
P01238,F0184,2020 short rains,Sorghum,13/11/2020,local,1.2
P01239,F0184,LR 2021,Sorghum,2021-04-04,local,1.7
P01240,F0184,LR 2022,MAIZE,"Mar 15, 2022",H513,2.5
P01241,F0184,SR 2022,Maize,2022-10-20,H513,1.5
P01242,F0184,2023 Long Rains,Sorghum,2023-04-11,Local,1.4
P01243,f0184,2024 SR,Bean,06/10/2024,Local,1.4
P01244,F0185,LR 2019,Maize,2019-03-30,H614,7.3
P01245,F0185,2020-LR,Maize,2020-03-05,local,9.1
P01246,F0185,2022 Short Rains,Maize,2022-10-30,local,9.0
P01247,F0185,2024 LR,Wheat,18/04/2024,Eagle-10,4.9
P01248,F0186,2019 long rains,Beans,19/03/2019,KAT-B1,2.1
P01249,F0186,SR2019,Maize,2019-10-17,local,2.4
P01250,F0186,2022 Short Rains,Beans,2022-11-18,,2.5
P01251,F0186,2023 Long Rains,Beans,2023-04-06,Local,3.6
P01252,F0186,2023 SR,Maize,2023-10-19,,1.6
P01253,F0186,2024 LR,maize,10/03/2024,DK8031,1.8
P01254,F0186,2024-SR,Corn,10/11/2024,,2.5
P01255,F0187,2019 SR,Beans,07/11/2019,landrace,0.8
P01256,F0187,2020 LR,Sorghum,2020-04-04,Seredo,1.1
P01257,F0187,2022 SR,Maize,20/11/2022,H513,1.1
P01258,F0187,2023 Short Rains,maize,12-Nov-23,H614,1.5
P01259,f0187,SR 2024,Sorghum,2024-10-16,local,1.0
P01260,F0188,2019-LR,Maize,2019-04-04,local,1.0
P01261,F0188,2022 long rains,Maize,2022-03-27,Local,
P01262,F0188,SR2022,MAIZE,2022-11-01,PH4,1.2
P01263,F0188,2023 Long Rains,Beans,2023-04-15,KAT-B9,1.8
P01264,F0188,LR 2024,SORGHUM,2024-04-08,Local,1.9
P01265,F0189,SR 2020,Beans,18/11/2020,LOCAL,
P01266,F0189,LR2022,Maize,2022-03-24,Local,2.3
P01267,F0189,2022 Short Rains,Bean,2022-11-09,LOCAL,2.3
P01268,F0189,2023 Short Rains,Sorghum,20/10/2023,Local,2.3
P01269,F0190,2019 long rains,Beans,2019-04-16,LOCAL,2.2
P01270,F0190,2020 LR,Sorghum,28/03/2020,LOCAL,2.1
P01271,F0190,2020-SR,sorghum,2020-10-15,Gadam,1.5
P01272,F0190,2021 long rains,Beans,2021-03-24,landrace,2.0
P01273,F0190,SR 2021,SORGHUM,2021-10-15,LOCAL,1.3
P01274,F0190,2022-SR,Maize,11/11/2022,H513,1.9
P01275,F0190,2023 Long Rains,Sorghum,2023-04-20,local,1.7
P01276,F-0190,2024 SR,Sorghum,11/11/2024,Local,1.7
P01277,F0191,2019 Short Rains,wheat,25/10/2019,Local,9.9
P01278,F0191,LR 2020,Maize,2020-04-23,,6.4
P01279,F0191,2021 long rains,Wheat,21/04/2021,Robin,7.7
P01280,F0191,SR 2021,Wheat,2021-11-14,Eagle-10,7.0
P01281,F0191,2022 Long Rains,Maize,2022-04-16,PH4,7.0
P01282,F0191,2023 LR,Corn,2023-04-10,DK8031,7.5
P01283,F0191,2023 SR,wheat,23-Oct-23,LOCAL,
P01284,F0191,2024 short rains,Wheat,2024-10-05,Eagle-10,4.9
P01285,F0192,2019-SR,Maize,2019-10-09,DK8031,0.4
P01286,F0192,SR 2020,beans,2020-10-31,Local,0.5
P01287,f0192,LR2021,Maize,16/04/2021,landrace,0.3
P01288,F0192,2021 Short Rains,Maize,18-Nov-21,PH4,0.3
P01289,F0192,2022-SR,Beans ,2022-10-13,KAT-B9,0.6
P01290,F0192,2024-SR,Beans,20-Oct-24,landrace,0.3
P01291,F0193,2019 long rains,Maize,04/03/2019,landrace,1.3
P01292,F0193,2021 Long Rains,Maize ,03/03/2021,local,0.9
P01293,F0193,2021-SR,maize,16/10/2021,LOCAL,1.6
P01294,F0193,2022 Long Rains,MAIZE,"Mar 20, 2022",Local,1.4
P01295,F0193,2022 Short Rains,Beans,01-Oct-22,LOCAL,1.6
P01296,F0193,2023 SR,Maize,2023-10-12,landrace,1.1
P01297,F0194,2019 SR,Beans,27/10/2019,landrace,4.2
P01298,F0194,LR 2020,Beans,2020-03-30,local,2.5
P01299,F0194,SR 2020,Corn,19/10/2020,local,2.5
P01300,F0194,LR2021,Beans,01-Apr-21,,2.9
P01301,F0194,2022 Long Rains,Maize,11/03/2022,DK8031,2.8
P01302,F0194,2023-SR,Maize,2023-10-31,PH4,3.6
P01303,f0194,SR 2024,Maize ,2024-10-28,DK8031,3.4
P01304,F0195,2019 long rains,Maize,2019-04-17,H614,2.7
P01305,F0195,2020 Long Rains,Sorghum,13/04/2020,Local,3.1
P01306,F0195,2020 Short Rains,Maize,07/11/2020,PH4,3.9
P01307,F0195,2021 Long Rains,Maize,2021-03-02,H614,4.5
P01308,F0195,2022 Long Rains,Corn,16/03/2022,local,4.2
P01309,F0195,2023 Long Rains,Maize,31/03/2023,DK8031,2.7
P01310,F0195,2024 long rains,sorghum,08/04/2024,landrace,2.7
P01311,F0195,2024 SR,Sorghum,15/11/2024,LOCAL,2.9
P01312,F0196,2019 Long Rains,Beans,2019-04-14,local,0.6
P01313,F-0196,SR 2019,maize,2019-10-07,landrace,1.3
P01314,F-0196,2020 long rains,Maize,01/04/2020,DK8031,0.8
P01315,F0196,2021 Long Rains,BEANS,2021-03-06,Local,1.1
P01316,F-0196,2021-SR,Beans ,2021-10-02,LOCAL,2.1
P01317,F0196,LR 2022,Maize ,20-Apr-22,H513,1.4
P01318,F0196,2022 Short Rains,Maize,2022-10-14,PH4,1.4
P01319,F0196,2024 Short Rains,Maize,"Oct 11, 2024",H513,0.8
P01320,F0197,2019 Long Rains,Wheat,02/04/2019,Eagle-10,3.9
P01321,f0197,SR 2020,Wheat,2020-11-02,Local,4.9
P01322,F0197,2021 LR,Wheat,2021-03-24,landrace,4.9
P01323,F0197,2021 short rains,Maize,2021-10-11,local,3.3
P01324,F0197,2022 Long Rains,Beans,22-Apr-22,LOCAL,2.7
P01325,F0197,2023 long rains,Wheat,2023-04-12,Robin,3.1
P01326,F0197,2023 short rains,Wheat,04-Oct-23,Robin,2.7
P01327,F0198,2020 long rains,BEANS,2020-03-15,Local,5.2
P01328,F-0198,SR2020,Sorghum,2020-10-21,Gadam,4.8
P01329,F0198,2022-SR,Sorghum,05/11/2022,local,
P01330,F0198,2023 Short Rains,Maize,18-Oct-23,H513,2.8
P01331,F0198,LR 2024,Beans,16/04/2024,Local,3.4
P01332,F0198,2024 short rains,Beans,2024-10-22,LOCAL,5.1
P01333,F0199,2019 Long Rains,Beans,2019-03-12,local,1.3
P01334,F0199,2019 SR,beans,2019-10-26,LOCAL,0.8
P01335,F0199,LR2020,Maize,2020-04-16,,1.5
P01336,F0199,2020 Short Rains,Maize,2020-10-07,H614,2.6
P01337,F0199,2021 Long Rains,Maize,29/03/2021,local,1.6
P01338,F-0199,LR 2022,Beans,18/04/2022,KAT-B1,1.1
P01339,F0199,SR2022,Beans,2022-11-13,LOCAL,0.9
P01340,F0199,2024 long rains,Maize,"Mar 17, 2024",DK8031,1.4
P01341,f0200,2019 Long Rains,Beans,09/04/2019,LOCAL,1.7
P01342,F0200,2020 LR,Maize,2020-03-07,H614,1.6
P01343,F0200,LR 2021,maize,14/04/2021,local,1.6
P01344,F0200,2021 Short Rains,Beans,2021-10-16,LOCAL,1.0
P01345,f0200,LR 2022,maize,03/04/2022,LOCAL,1.3
P01346,F0200,2022 Short Rains,Beans,2022-10-25,Local,1.3
P01347,F0200,2023 Short Rains,MAIZE,20/10/2023,PH4,1.4
P01348,F-0200,2024 Long Rains,Corn,11/03/2024,PH4,2.0
P01349,F0200,2024 short rains,Maize,2024-11-11,landrace,1.7
P01350,F0201,2019 SR,Maize,19/10/2019,PH4,19.1
P01351,F0201,LR2020,Maize,27/03/2020,PH4,18.3
P01352,F0201,2021 Long Rains,BEANS,14-Apr-21,KAT-B9,32.2
P01353,F0201,2022 short rains,Maize,"Nov 16, 2022",local,42.9
P01354,F0201,2023 Long Rains,Beans,29-Mar-23,landrace,40.1
P01355,F0201,2024 Short Rains,WHEAT,2024-10-10,Eagle-10,23.5
P01356,F0202,2019 long rains,Maize,2019-04-19,H513,4.6
P01357,F0202 ,SR2021,Beans,07/11/2021,,5.4
P01358,F0202,2022 long rains,maize,2022-04-10,local,2.7
P01359,F0202,2023 SR,Beans,2023-10-14,LOCAL,3.9
P01360,F0202,LR 2024,Beans,2024-03-08,KAT-B9,3.0
P01361,F0202,2024 Short Rains,Maize,2024-10-16,DK8031,3.1
P01362,F0203,2020 Long Rains,maize,2020-04-22,,13.3
P01363,F0203,2020 Short Rains,Wheat grain,2020-10-16,Eagle-10,15.8
P01364,F0203,2022 SR,Maize,2022-10-20,LOCAL,10.9
P01365,F0203,2023 Long Rains,Wheat,05/04/2023,LOCAL,18.1
P01366,F0203,2024 Long Rains,Beans ,2024-04-06,LOCAL,11.3
P01367,F0203,2024 Short Rains,Maize,2024-10-28,DK8031,14.0
P01368,F0204,2019 short rains,Maize,2019-10-26,DK8031,1.1
P01369,F0204,2021 long rains,Beans,"Mar 29, 2021",landrace,0.9
P01370,F0204,2022 long rains,BEANS,2022-03-04,landrace,1.2
P01371,F0204,2022 Short Rains,Maize ,"Oct 29, 2022",local,1.2
P01372,F0204,2023-LR,Maize ,24/03/2023,H614,1.5
P01373,F0204,2024 SR,Beans,2024-10-26,LOCAL,1.5
P01374,f0205,LR 2020,beans,11-Apr-20,LOCAL,1.6
P01375,F0205,2020 Short Rains,Maize,"Oct 23, 2020",DK8031,2.1
P01376,F0205 ,2021 short rains,SORGHUM,21-Oct-21,Gadam,2.4
P01377,F0205,2023 LR,Maize,2023-04-18,local,1.6
P01378,F0205,2023 SR,Sorghum,2023-10-13,local,1.8
P01379,F0206,2019 Long Rains,Beans,14-Mar-19,landrace,0.8
P01380,F0206,2019 Short Rains,Maize,2019-10-27,H513,0.7
P01381,F0206,2020 short rains,Sorghum,2020-10-31,landrace,0.8
P01382,F0206,LR 2021,Sorghum,2021-04-20,landrace,0.4
P01383,f0206,2022 Long Rains,Maize,30-Mar-22,Local,0.3
P01384,F0206,2024 Long Rains,Sorghum,12/04/2024,LOCAL,0.6
P01385,F0206,SR 2024,Sorghum,03/10/2024,,0.6
P01386,F0207,2019 long rains,Maize,22/04/2019,PH4,12.1
P01387,F-0207,2020 Long Rains,Maize,2020-04-24,H513,19.3
P01388,F0207,2021 LR,Beans,2021-04-09,landrace,11.2
P01389,F0207,2021 Short Rains,Maize,2021-11-16,H614,15.2
P01390,F0207,SR 2022,Wheat,2022-11-15,,
P01391,F0207,2024 Long Rains,BEANS,03/03/2024,KAT-B9,10.7
P01392,F0208,2019 long rains,Beans,23/03/2019,landrace,1.4
P01393,F0208,SR2019,Beans,2019-11-20,KAT-B1,1.7
P01394,F0208,2020 Short Rains,Sorghum,2020-11-12,Gadam,1.6
P01395,F0208,2021-SR,Maize,16/11/2021,H614,1.1
P01396,F0208,2022 Long Rains,Maize,2022-04-24,H513,0.9
P01397,F0208,2023 Short Rains,Beans,2023-10-29,LOCAL,1.6
P01398,F0208,2024 Long Rains,Maize,20/03/2024,,1.6
P01399,F0208,2024 SR,Sorghum,2024-10-17,,
P01400,F0209,2019 LR,Maize,2019-04-15,,0.5
P01401,F0209,2021 Short Rains,Sorghum,28/10/2021,landrace,0.4
P01402,F0209,LR 2024,Beans,17/04/2024,,0.3
P01403,F0210,SR 2019,Maize,15/11/2019,Local,2.0
P01404,F0210,LR2023,beans,2023-03-29,Local,1.2
P01405,F0210,2024 Long Rains,Sorghum,2024-03-03,local,1.0
P01406,F0211,LR2019,WHEAT,07/04/2019,local,2.7
P01407,F0211,2019 Short Rains,maize,2019-10-27,H513,1.2
P01408,F0211,2020 Long Rains,Maize,18/03/2020,DK8031,2.4
P01409,F0211,2020 Short Rains,maize,12/11/2020,,1.4
P01410,F0211,LR 2021,Maize,23-Mar-21,H614,
P01411,F0211,2022 long rains,Maize,2022-04-18,,1.8
P01412,F0211,2024 Long Rains,Beans,09/04/2024,LOCAL,2.1
P01413,F0211,2024 Short Rains,Beans,2024-10-01,LOCAL,1.9
P01414,F0212,2019 Long Rains,Beans,04/03/2019,local,1.2
P01415,F-0212,LR 2020,Maize ,14/03/2020,Local,1.1
P01416,F0212,2020 Short Rains,SORGHUM,2020-10-25,LOCAL,1.3
P01417,F0212,2021 short rains,Beans,2021-10-28,LOCAL,1.0
P01418,F0212,LR 2022,Maize,2022-03-21,Local,1.2
P01419,F0212,2024-LR,maize,02-Apr-24,PH4,0.8
P01420,F0213,LR 2019,Maize,21-Mar-19,H614,4.2
P01421,F0213,2019 SR,Maize,2019-11-08,LOCAL,4.1
P01422,F0213,2020 long rains,Maize,2020-03-06,landrace,2.3
P01423,F0213,2020 Short Rains,BEANS,07/11/2020,LOCAL,
P01424,F0213,2022-LR,Maize,08/04/2022,local,3.3
P01425,F0213,2023 Long Rains,Beans,2023-03-05,landrace,3.3
P01426,F0213,2024 LR,Wheat,27-Mar-24,Robin,3.4
P01427,F0213,2024 Short Rains,Beans,"Oct 09, 2024",landrace,3.2
P01428,F0214,SR2019,Beans,24/10/2019,KAT-B9,0.7
P01429,F0214,2020-LR,Beans,08-Apr-20,LOCAL,0.4
P01430,F0214,SR 2020,Maize,12/10/2020,H614,0.5
P01431,F0214,2022 long rains,Sorghum,2022-03-23,landrace,0.4
P01432,F0214,SR 2022,maize,2022-11-01,local,0.5
P01433,F0214,2023 Long Rains,Maize,2023-03-08,local,0.9
P01434,F0214,2024 SR,BEANS,15/11/2024,Local,1.5
P01435,F0215,2019-LR,Beans,2019-04-03,LOCAL,0.6
P01436,F0215,2019-SR,Maize ,2019-10-23,landrace,1.2
P01437,F0215,2021-SR,Maize,06-Oct-21,local,1.1
P01438,F0215,LR2023,Maize,15-Apr-23,landrace,1.3
P01439,F0215,2023 Short Rains,maize,2023-10-03,H614,0.6
P01440,F0216,2021 LR,Beans,2021-04-06,Local,0.9
P01441,F0216,2022 long rains,Sorghum,08/04/2022,Local,1.4
P01442,F0216,2022 Short Rains,Sorghum,2022-10-19,landrace,1.2
P01443,F0216,2023-SR,Beans,01/10/2023,KAT-B1,0.7
P01444,F0216,2024 long rains,Maize,2024-04-13,H513,1.5
P01445,F0216,2024 short rains,Corn,25-Oct-24,LOCAL,0.9
P01446,F0217,2019 Short Rains,Beans ,2019-11-02,local,5.5
P01447,F0217,SR 2022,Wheat,"Oct 20, 2022",Robin,5.1
P01448,f0218,2019-LR,Corn,2019-03-01,H614,0.5
P01449,F0218,2019 Short Rains,Maize,2019-11-15,H513,0.4
P01450,F0218,2020 Long Rains,Maize,02-Mar-20,,0.4
P01451,F0218,2020 SR,Beans,05-Oct-20,,0.6
P01452,F0218,LR 2021,Bean,2021-03-17,LOCAL,0.5
P01453,F0218,SR 2021,Beans,2021-10-27,LOCAL,
P01454,F0218,SR 2022,Beans,17/11/2022,landrace,0.3
P01455,F0218,SR 2023,Beans,10/11/2023,KAT-B1,0.4
P01456,F-0218,SR 2024,Beans,2024-11-12,Local,0.6
P01457,F0219,2020 Short Rains,Maize,2020-11-07,DK8031,1.3
P01458,F0219,2021 long rains,Maize,2021-03-26,DK8031,1.1
P01459,F0219,SR 2022,Maize,2022-10-08,H614,1.3
P01460,F0219,2023 Long Rains,Beans,07/04/2023,LOCAL,0.9
P01461,F0219,SR2023,Beans,17-Oct-23,KAT-B9,1.1
P01462,F0219,2024 Long Rains,maize,2024-03-30,LOCAL,1.1
P01463,F0219,2024 Short Rains,Sorghum,23-Oct-24,local,1.4
P01464,F0220,LR 2019,MAIZE,2019-03-24,,0.7
P01465,F0220,SR 2019,Maize,14/11/2019,DK8031,1.2
P01466,F0220,2021 LR,Maize,2021-03-05,Local,0.8
P01467,F0220,2021 Short Rains,Maize,27/10/2021,PH4,1.2
P01468,F0220,SR 2022,Maize,2022-11-01,,
P01469,F0220,2024 short rains,Beans,21-Oct-24,Local,1.1
P01470,F-0221,LR 2019,wheat,2019-03-29,Robin,1.6
P01471,f0221,2019 Short Rains,Wheat,2019-11-12,landrace,2.2
P01472,F0221,2020 Long Rains,Maize,2020-04-05,Local,2.3
P01473,F0221,2020 Short Rains,maize,2020-10-20,Local,1.9
P01474,F0221,2021-LR,Wheat,11/04/2021,Local,2.8
P01475,F0221,2021 Short Rains,Wheat,2021-10-03,Local,3.9
P01476,F0221,2022 LR,Maize ,2022-04-06,local,1.7
P01477,F0221,2022 Short Rains,Maize,01/10/2022,landrace,3.7
P01478,F0221,2023-LR,maize,04/03/2023,H513,3.6
P01479,F0221,SR 2023,Maize,2023-11-10,H513,2.1
P01480,F0221,2024 Long Rains,WHEAT,2024-04-03,Robin,2.9
P01481,F-0221,2024 Short Rains,Wheat,2024-10-19,LOCAL,3.7
P01482,F0222,2020-SR,Beans,2020-10-28,Local,1.5
P01483,F0222,LR2021,Maize,2021-03-13,LOCAL,1.8
P01484,F0222,2023 Long Rains,Sorghum,07/04/2023,Local,1.6
P01485,F0222,2024 Short Rains,Maize,01-Oct-24,DK8031,0.8
P01486,F0223,2019 Long Rains,MAIZE,09/04/2019,DK8031,1.2
P01487,F0223,2019 Short Rains,sorghum,19-Nov-19,Seredo,1.3
P01488,F0223,LR 2020,Sorgum,20-Apr-20,landrace,1.2
P01489,F0223,2020 Short Rains,Beans,2020-11-03,landrace,0.6
P01490,F0223,2021-LR,Sorghum,2021-03-08,Gadam,1.1
P01491,F0223,LR 2022,Maize ,19/03/2022,DK8031,1.1
P01492,F0223,2022 Short Rains,maize,2022-11-10,Local,0.8
P01493,F0223,2024 Short Rains,Maize,2024-10-19,H614,0.6
P01494,F0224,SR2019,Maize,08/11/2019,H513,0.5
P01495,F0224,2020-SR,Maize,2020-11-03,PH4,0.5
P01496,F0224,2021 Long Rains,Maize ,2021-03-02,,0.3
P01497,F0224,2021 Short Rains,Maize,2021-11-20,Local,0.4
P01498,F0224,2022 Long Rains,Beans,2022-03-14,LOCAL,0.3
P01499,F0224,LR 2023,Beans,23/03/2023,KAT-B9,0.3
P01500,F0225,2019-LR,Maize,04/03/2019,,6.3
P01501,F0225,2019-SR,Maize,24-Oct-19,H513,5.8
P01502,F-0225,2020 Long Rains,Corn,2020-04-21,H513,6.8
P01503,F0225,2020 short rains,Beans,02/11/2020,local,4.8
P01504,F0225,SR 2021,Maize,2021-10-28,Local,4.8
P01505,F0225,2024-LR,maize,2024-03-29,PH4,6.8
P01506,F0226,2019 Long Rains,Maize,2019-03-02,H614,1.8
P01507,F0226,SR 2019,Wheat,2019-10-03,,0.9
P01508,F0226,2020 Long Rains,beans,03/03/2020,local,1.2
P01509,F0226,SR2020,Maize,2020-11-03,H614,1.5
P01510,F0226,2021 Short Rains,Beans,2021-10-07,KAT-B9,1.3
P01511,F0226,2022 Long Rains,Beans,29/03/2022,landrace,
P01512,F0226,2022 Short Rains,Beans,16/11/2022,KAT-B9,1.6
P01513,F0226,LR 2023,Corn,2023-04-11,H513,1.2
P01514,F0226,2024 long rains,beans,2024-04-09,local,1.2
P01515,F0227,2019 Long Rains,Maize,2019-03-21,local,1.2
P01516,F0227,2020-SR,Sorghum,2020-10-29,local,1.6
P01517,F0227,2022 Short Rains,Beans,04-Nov-22,Local,1.1
P01518,F0227,LR2023,Beans ,14-Mar-23,Local,1.4
P01519,F0227,LR 2024,Sorghum,2024-03-19,Seredo,0.9
P01520,F0227,SR2024,Beans,2024-10-20,Local,1.4
P01521,F0228,SR 2019,Maize ,14-Nov-19,H614,2.2
P01522,F0228,LR 2020,Maize,"Apr 24, 2020",landrace,2.7
P01523,F0228,2021 Short Rains,Wheat,03/11/2021,landrace,4.0
P01524,F0228,2022 Long Rains,Maize,2022-03-08,Local,1.8
P01525,F0228,2023 Short Rains,Beans,01/11/2023,local,2.9
P01526,F0228,2024 short rains,Wheat,2024-10-06,,4.0
P01527,F-0229,2019 Short Rains,wheat,2019-11-12,Robin,5.9
P01528,F0229,2021-SR,wheat,2021-11-14,landrace,7.5
P01529,F0229,LR2022,Beans,2022-04-23,local,3.9
P01530,F0229,2023 Long Rains,Maize,2023-03-26,Local,5.3
P01531,F0229,2023 Short Rains,maize,2023-10-14,LOCAL,
P01532,F0229,2024 long rains,Wheat,2024-04-20,Robin,7.5
P01533,F0229,2024 Short Rains,Maize,11/11/2024,DK8031,3.9
P01534,F0230,LR 2019,Maize,2019-04-03,LOCAL,0.4
P01535,F0230,2020-SR,Maize,2020-11-01,DK8031,0.5
P01536,F0230,2021 Long Rains,Corn,2021-03-27,H614,0.4
P01537,F0230,2021 SR,Sorghum,05/10/2021,Seredo,0.5
P01538,F0230,2022 Long Rains,MAIZE,"Mar 29, 2022",LOCAL,0.3
P01539,F0230,2024-LR,beans,31/03/2024,LOCAL,0.5
P01540,F0231,2020 Long Rains,Maize,2020-03-20,Local,1.9
P01541,F0231,2020 Short Rains,Maize,2020-10-12,DK8031,2.0
P01542,F0231,2023 short rains,Wheat grain,08/10/2023,landrace,2.6
P01543,F0231,SR2024,Beans,2024-10-01,KAT-B1,1.7
P01544,F0232,2019 Long Rains,Maize,2019-03-28,DK8031,1.9
P01545,F0232,2020-LR,Sorghum,2020-03-28,local,2.9
P01546,f0232,2020-SR,Sorghum,17/10/2020,local,
P01547,F0232,2021 Long Rains,beans,2021-03-25,Local,2.9
P01548,F0232,SR 2022,Corn,04/10/2022,Local,3.5
P01549,F0232,LR 2024,Maize,2024-03-28,H513,4.1
P01550,F0233,2020 Long Rains,Maize,2020-03-14,H614,2.5
P01551,F0233,SR 2020,Sorghum,2020-10-09,,3.5
P01552,F-0233,2021 Long Rains,SORGHUM,2021-03-22,LOCAL,1.8
P01553,F0233,2021 short rains,Maize,17-Nov-21,Local,2.7
P01554,F0233,SR2022,beans,2022-11-06,Local,3.0
P01555,F0233,2023 Short Rains,Beans,2023-11-18,landrace,1.7
P01556,F0234,2020 Short Rains,maize,03-Nov-20,DK8031,4.2
P01557,F0234,2021 Short Rains,Maize,2021-10-30,PH4,7.4
P01558,F0234,2022 short rains,WHEAT,10/11/2022,landrace,7.4
P01559,F0234,2023 long rains,Maize,2023-03-12,PH4,7.0
P01560,F-0234,2024 long rains,Maize,2024-03-28,landrace,7.9
P01561,F0235 ,SR 2020,Maize,21/10/2020,LOCAL,1.2
P01562,F0235,2022 LR,Maize,2022-04-02,H513,1.0
P01563,F0235,2023 Short Rains,Sorghum,2023-11-06,Gadam,1.0
P01564,f0235,2024 Long Rains,maize,2024-04-01,H614,1.2
P01565,F0235,2024 Short Rains,Beans,2024-10-06,KAT-B9,1.1
P01566,F0236,LR 2019,Beans ,2019-03-16,KAT-B1,0.9
P01567,F0236,SR 2019,Beans,2019-10-07,LOCAL,1.1
P01568,F0236,SR 2021,MAIZE,2021-10-25,H513,1.0
P01569,F0236,2022 short rains,sorghum,2022-10-16,LOCAL,1.0
P01570,F0236,2023 Long Rains,Maize,09/03/2023,LOCAL,1.6
P01571,F0236,2023 Short Rains,Beans,2023-11-03,landrace,0.5
P01572,F0236,SR 2024,Maize,2024-10-11,Local,0.5
P01573,F0237,SR2020,Maize,2020-10-18,LOCAL,0.5
P01574,F0237,SR 2021,Bean,03-Oct-21,local,0.3
P01575,F0237,2022 Long Rains,Maize,2022-03-06,H614,0.7
P01576,f0237,2022 Short Rains,Beans,2022-10-09,,0.5
P01577,F0237,2023 Long Rains,Maize,"Mar 22, 2023",DK8031,0.5
P01578,F0237,SR 2023,BEANS,2023-10-20,LOCAL,0.4
P01579,F0237,SR 2024,Beans,2024-10-15,LOCAL,0.5
P01580,F0238,2019 long rains,Maize,2019-04-21,PH4,3.4
P01581,F0238,2020 Long Rains,Wheat grain,23/04/2020,Eagle-10,1.7
P01582,F0238,2022 Long Rains,Wheat,2022-03-09,local,3.0
P01583,F0238,2022-SR,WHEAT,2022-10-12,Eagle-10,2.3
P01584,F0238,2023-SR,Maize,2023-10-20,Local,3.6
P01585,F0238,2024 Long Rains,Maize,2024-04-13,PH4,2.6
P01586,F0238,2024 Short Rains,Wheat,02/10/2024,Robin,3.4
P01587,F0239,2019 Long Rains,beans,2019-03-12,local,1.5
P01588,F0239,2020-LR,Maize,12/04/2020,H614,0.8
P01589,F0239,SR 2020,Beans,2020-11-01,,1.5
P01590,f0239,2021 Long Rains,Maize,2021-03-16,DK8031,1.8
P01591,F0239,2023-LR,MAIZE,2023-04-15,H614,1.3
P01592,F0239,2024 long rains,Maize ,2024-03-04,H614,1.1
P01593,F0239,2024-SR,Maize,2024-10-31,H614,1.3
P01594,F0240,2019-LR,Beans,"Mar 31, 2019",landrace,0.9
P01595,F0240,2019 Short Rains,Maize,17-Nov-19,H513,1.1
P01596,F0240,2020 Short Rains,Maize,2020-11-13,Local,0.8
P01597,F0240,2021 short rains,Maize,2021-11-19,,0.8
P01598,F0240,2023 Long Rains,maize,25/04/2023,Local,1.3
P01599,F0240,LR 2024,Maize,13/04/2024,LOCAL,1.0
P01600,F0241,2019-LR,maize,2019-03-19,DK8031,2.5
P01601,F0241,2020 Long Rains,Wheat,2020-03-04,Eagle-10,2.4
P01602,F0241,2020 SR,Maize,2020-10-29,landrace,1.4
P01603,F0241,2021 short rains,Maize,08-Nov-21,local,2.2
P01604,F0241,LR 2023,Maize,05/03/2023,H513,2.4
P01605,F0242,2019 Long Rains,MAIZE,2019-04-18,,3.1
P01606,F0242,2019 short rains,Maize,30/10/2019,PH4,3.9
P01607,f0242,LR 2020,Beans,13/03/2020,landrace,3.8
P01608,F0242,2020 Short Rains,Maize,2020-10-06,Local,2.7
P01609,F0242,LR2021,Beans,14-Apr-21,Local,3.3
P01610,F0242,SR2021,BEANS,2021-10-15,LOCAL,2.4
P01611,F0242,SR 2022,Maize,2022-10-19,Local,2.7
P01612,F0242 ,2023 Long Rains,Maize,"Mar 07, 2023",PH4,3.2
P01613,F0242,2023-SR,Beans,2023-10-14,landrace,3.4
P01614,F0242,2024 Long Rains,Maize,22/04/2024,PH4,1.9
P01615,F0242,2024 SR,maize,19-Oct-24,landrace,3.3
P01616,F0243,2019 long rains,Beans,2019-03-09,local,2.4
P01617,F0243,2019-SR,Beans,09/11/2019,,3.7
P01618,F0243,LR 2020,Beans,"Mar 09, 2020",Local,2.5
P01619,F0243,SR 2021,Maize,19/10/2021,,3.3
P01620,F0243,2023-SR,Maize,"Oct 21, 2023",LOCAL,3.4
P01621,F0244,2019 long rains,Beans,24/03/2019,LOCAL,0.3
P01622,F0244,SR2019,Maize,2019-11-03,PH4,0.3
P01623,F0244,2020 Short Rains,maize,2020-10-02,DK8031,0.5
P01624,F0244,2021 Long Rains,maize,2021-03-01,H513,0.4
P01625,F0244,SR2022,Maize,09-Oct-22,PH4,0.3
P01626,F0244,2023 Long Rains,Sorghum,07/03/2023,Local,0.3
P01627,F0244,2024 Long Rains,Sorghum,2024-03-06,LOCAL,0.5
P01628,F0245,2021 Long Rains,BEANS,2021-04-08,Local,1.2
P01629,F0245,2021 Short Rains,Beans,2021-11-13,local,1.6
P01630,F0245,2022 SR,Beans,2022-11-01,Local,1.0
P01631,F0245,LR2023,beans,2023-04-04,local,0.7
P01632,F0245,2024-LR,BEANS,2024-04-12,local,1.1
P01633,F0245,SR 2024,BEANS,2024-10-16,LOCAL,1.5
P01634,F0246,2019-LR,Maize,02/04/2019,landrace,1.8
P01635,F0246,2020 Long Rains,Maize,2020-04-12,,1.1
P01636,F0246,2021 short rains,Sorghum ,2021-11-07,local,1.5
P01637,F0246,LR 2023,Beans,27/03/2023,LOCAL,1.9
P01638,F0246,2023 SR,Maize,2023-10-08,PH4,1.3
P01639,F0247,LR 2019,maize,2019-04-22,H513,1.4
P01640,f0247,SR 2019,Beans,2019-10-10,Local,2.4
P01641,F0247,2020 long rains,Maize,2020-04-19,LOCAL,3.0
P01642,F0247,SR 2020,beans,2020-10-20,local,1.6
P01643,F0247,LR 2021,Beans,27/03/2021,LOCAL,3.4
P01644,F0247,2022 Long Rains,Maize,2022-03-01,local,1.4
P01645,F0247,2022 short rains,Maize,2022-10-21,local,1.5
P01646,F0247,2023 LR,Maize,2023-03-24,landrace,2.0
P01647,F0247,SR 2023,beans,2023-10-20,,2.8
P01648,F0247,SR 2024,Beans,09/11/2024,Local,1.7
P01649,F0248,LR 2020,maize,2020-04-07,landrace,0.6
P01650,F0248,2021 long rains,Sorgum,2021-04-12,landrace,0.9
P01651,F0248,2021 short rains,Maize,2021-10-08,local,0.6
P01652,F0248,LR2022,Sorghum,2022-03-14,LOCAL,0.6
P01653,F0248,2022 Short Rains,SORGHUM,2022-11-12,,0.5
P01654,F0248,2023 Long Rains,Sorghum,13/03/2023,landrace,0.8
P01655,F0248,2023 short rains,Beans,2023-10-13,LOCAL,0.5
P01656,F0248,2024 Long Rains,SORGHUM,07-Apr-24,Local,0.5
P01657,F0248,2024 Short Rains,beans,02-Oct-24,Local,0.7
P01658,F0249,LR 2019,Beans,2019-03-14,local,1.4
P01659,F0249,SR 2021,Maize,2021-10-03,PH4,1.3
P01660,F0249,2022 Long Rains,Maize,2022-03-20,H614,2.1
P01661,F0249 ,2024 Long Rains,Sorghum,2024-03-03,landrace,2.1
P01662,F0249,2024 Short Rains,Beans,11/10/2024,LOCAL,1.6
P01663,F0250,2019-LR,Maize,2019-04-07,DK8031,1.0
P01664,F-0250,2020 Long Rains,Maize,2020-03-09,local,1.3
P01665,f0250,LR 2021,Maize,22/03/2021,H614,1.4
P01666,F0250,2021 Short Rains,Maize,04/11/2021,PH4,1.4
P01667,F0250,2023 LR,Beans ,2023-03-18,local,1.1
P01668,F0250,2023-SR,maize,03/10/2023,DK8031,0.9
P01669,F0250,2024 short rains,Beans,2024-10-04,LOCAL,0.9
P01670,F0251,2019 short rains,beans,06/10/2019,local,6.1
P01671,F0251,SR2020,Maize,2020-10-14,PH4,5.9
P01672,F0251,LR2021,Beans,2021-04-20,LOCAL,5.3
P01673,F0251,2021 Short Rains,Wheat,2021-10-01,Robin,5.7
P01674,F0251,2022 LR,MAIZE,2022-04-10,H513,4.1
P01675,F0251,SR2022,Beans,16/10/2022,local,5.0
P01676,F0251,LR 2023,Maize ,"Apr 01, 2023",local,4.4
P01677,F0251,SR 2023,Maize ,2023-10-14,,3.6
P01678,F0251,2024 Long Rains,Beans,2024-04-17,KAT-B9,3.8
P01679,F0251,SR 2024,wheat,13-Nov-24,LOCAL,6.2
P01680,F0252,SR 2020,Sorghum,2020-10-30,Local,1.2
P01681,F0252,2021 Long Rains,Beans,2021-04-04,,2.1
P01682,F0252,2021 Short Rains,Maize,2021-11-02,H614,1.4
P01683,F0252,2023 LR,Sorghum,10-Apr-23,Local,0.8
P01684,F0252,2023 Short Rains,Maize,2023-10-02,H513,1.3
P01685,F0252,2024-LR,Maize,2024-03-26,landrace,0.7
P01686,F0252,2024 SR,Maize,2024-10-08,Local,1.0
P01687,F0253,2019 SR,Maize,29/10/2019,PH4,0.8
P01688,F0253,LR 2020,Maize,2020-03-03,H614,1.0
P01689,F0253,2021 Long Rains,Beans,07/04/2021,LOCAL,1.2
P01690,F0253,2022 Long Rains,Maize,2022-03-10,PH4,1.1
P01691,F0253,2022 Short Rains,Maize,2022-10-30,,0.7
P01692,F0253,2023 long rains,Beans,2023-03-30,LOCAL,1.0
P01693,F0253,2024 short rains,Beans,06/11/2024,KAT-B9,1.2
P01694,F0254,2019 long rains,Maize,2019-04-18,PH4,1.1
P01695,F0254,2020 Long Rains,Maize,2020-04-13,Local,1.0
P01696,F0254,2021 Short Rains,Maize,2021-10-02,H614,1.0
P01697,F0254,2024 short rains,Maize,2024-10-02,Local,1.1
P01698,F0255,2019 Short Rains,beans,23/10/2019,landrace,1.4
P01699,F0255,SR 2020,Maize,15/10/2020,H614,1.6
P01700,F0255,2022 long rains,Maize,08/03/2022,PH4,1.6
P01701,F0255,2023 LR,Beans,2023-03-12,LOCAL,
P01702,F0255,SR 2023,BEANS,2023-11-03,LOCAL,1.5
P01703,F0255,2024 Long Rains,MAIZE,29/03/2024,,1.3
P01704,F0256,LR 2019,MAIZE,25/03/2019,PH4,4.8
P01705,F0256,2020 Long Rains,Beans,"Mar 30, 2020",LOCAL,3.1
P01706,F0256,LR 2021,Maize,2021-03-27,DK8031,5.3
P01707,F0256,SR 2021,Maize,10-Oct-21,H513,4.2
P01708,F0256,2022-LR,Beans,19/04/2022,Local,2.8
P01709,F0256,2023-SR,Wheat,2023-10-05,Local,4.7
P01710,F0256,2024 short rains,beans,2024-10-01,local,2.9
P01711,F0257,2021-SR,Beans ,14-Nov-21,KAT-B1,1.3
P01712,F0257,2022 Short Rains,beans,2022-10-26,local,0.9
P01713,F0257,2023 Short Rains,Beans ,2023-10-10,KAT-B1,1.3
P01714,F0257,LR 2024,Beans,05/03/2024,KAT-B1,0.9
P01715,F0258 ,2019 SR,Maize,"Oct 17, 2019",H513,4.5
P01716,F0258,2020 Long Rains,Wheat ,2020-04-18,landrace,7.7
P01717,F0258,2021 Short Rains,Maize,11-Nov-21,LOCAL,8.1
P01718,F0258,2022-LR,Maize,2022-04-03,DK8031,6.5
P01719,F0258,LR 2023,wheat,2023-03-28,LOCAL,4.5
P01720,F0259,2019 short rains,Maize,2019-10-31,PH4,0.6
P01721,F0259,SR 2020,Beans,2020-10-29,LOCAL,0.5
P01722,F0259,2021 SR,BEANS,2021-10-02,Local,0.4
P01723,F0259,2022 Long Rains,Maize,02-Mar-22,landrace,0.6
P01724,F0259,2022-SR,Beans,02/11/2022,Local,0.7
P01725,F0259,2023-LR,MAIZE,01/04/2023,PH4,0.4
P01726,F0259,2023 Short Rains,Beans,2023-11-17,LOCAL,0.6
P01727,F0260,2019 Long Rains,Bean,2019-03-10,KAT-B9,
P01728,F0260,LR 2021,Wheat,27/03/2021,Eagle-10,2.8
P01729,F0260,2022-LR,Wheat,2022-03-02,Eagle-10,1.6
P01730,F0260,2022 Short Rains,Maize ,2022-11-19,landrace,1.4
P01731,F0260,2023 short rains,Beans,2023-11-04,Local,1.8
P01732,F0260,2024 Long Rains,Maize,13/03/2024,,3.0
P01733,F0261,2019 Long Rains,Maize,2019-04-05,LOCAL,1.9
P01734,F0261,2019 Short Rains,Maize,08/10/2019,LOCAL,2.1
P01735,F0261,2021 LR,Maize,2021-03-13,PH4,1.7
P01736,F0261,2021-SR,beans,02/11/2021,landrace,2.8
P01737,F0261,LR 2022,Maize,2022-03-27,H614,2.3
P01738,F0262,SR 2019,Maize,2019-10-30,landrace,3.1
P01739,F0262,SR2020,Sorghum,31/10/2020,Gadam,1.6
P01740,F0262,LR 2021,Maize ,2021-03-30,PH4,1.7
P01741,F0262,2023 Long Rains,Maize,2023-04-15,PH4,2.1
P01742,F0263,2019 Long Rains,Beans,2019-04-25,Local,0.7
P01743,F0263,2020 Long Rains,Maize,"Mar 29, 2020",H614,0.6
P01744,f0263,2022 Long Rains,Beans,05/03/2022,,
P01745,F0263,2022 Short Rains,Sorghum,2022-11-09,Local,0.6
P01746,F0263,2023 Long Rains,Maize,2023-03-28,Local,0.4
P01747,F0263,2023 Short Rains,Beans,2023-10-31,KAT-B1,0.9
P01748,F0264,LR2019,Sorghum,2019-04-14,Gadam,4.0
P01749,F0264,2020 Long Rains,Maize,28-Mar-20,local,2.2
P01750,F0264,2021 Long Rains,Maize,2021-03-04,DK8031,4.5
P01751,F0264,2022 SR,Sorghum,2022-11-20,Seredo,2.9
P01752,F0264,LR 2024,Maize,2024-03-29,local,3.6
P01753,F0265,2019 SR,Maize,22/10/2019,,0.6
P01754,F0265,2021 long rains,Maize ,20/04/2021,local,0.8
P01755,f0265,2022 Long Rains,BEANS,2022-04-09,Local,1.0
P01756,F0265,2022 Short Rains,Beans,2022-10-31,Local,0.6
P01757,F0265,2023 Short Rains,MAIZE,19/10/2023,landrace,0.7
P01758,F0265,2024 Short Rains,Beans,2024-10-24,LOCAL,1.0
P01759,F0266,2020 Long Rains,Maize,2020-04-22,H614,1.2
P01760,F0266,2021 Long Rains,Sorghum,2021-04-06,landrace,1.3
P01761,F0266,2021 Short Rains,Maize,19-Nov-21,PH4,1.6
P01762,F0266,LR2023,Beans,22/04/2023,local,1.6
P01763,F0266,2024 Long Rains,beans,19/03/2024,Local,2.1
P01764,F0266,SR 2024,Beans,"Oct 09, 2024",Local,2.3
P01765,F0267,LR2019,Maize,22/03/2019,landrace,7.9
P01766,F0267,2019 Short Rains,Maize,2019-10-02,H513,3.3
P01767,F0267,LR 2020,Wheat,25/03/2020,Eagle-10,7.3
P01768,F0267,2022-LR,wheat,2022-04-12,Robin,3.4
P01769,F0267,SR 2024,Maize,12/10/2024,H614,3.8
P01770,F-0268,2020-LR,Beans,07/04/2020,landrace,1.4
P01771,F0268,2020-SR,Beans,18-Oct-20,local,1.2
P01772,F0268,2021 LR,Beans,2021-03-04,Local,1.2
P01773,F0268,2021-SR,Maize,2021-11-14,PH4,1.3
P01774,F0268,SR 2022,maize,2022-11-13,H614,2.0
P01775,F0268,2023 Long Rains,Maize,2023-03-13,H513,1.0
P01776,F0268,2023 Short Rains,Maize,13/10/2023,landrace,1.8
P01777,F0268,2024 Long Rains,Maize,29/03/2024,,1.8
P01778,F0268,SR2024,Beans,2024-10-10,landrace,1.6
P01779,F-0269,2019 short rains,Maize,"Nov 14, 2019",LOCAL,1.8
P01780,F0269,LR2020,Maize,2020-03-29,local,1.9
P01781,F0269,SR2020,Maize,2020-10-30,local,1.7
P01782,F0269,2021-SR,WHEAT,29/10/2021,Robin,1.0
P01783,F0269,LR 2022,Beans,25-Apr-22,local,2.3
P01784,F0269,2023 Short Rains,Wheat grain,19/10/2023,,2.2
P01785,F0269,2024 LR,WHEAT,12/03/2024,Eagle-10,2.4
P01786,F0270,2019 Long Rains,Maize,2019-04-06,landrace,3.4
P01787,F0270,2020 Long Rains,Maize,12/04/2020,,3.9
P01788,F0270,SR2021,Beans,04/11/2021,local,2.6
P01789,F0270,2022 Long Rains,Beans,2022-03-24,local,4.6
P01790,F0270,2022-SR,Maize,2022-11-08,H614,4.3
P01791,F0270,SR 2023,Beans,2023-10-03,KAT-B9,2.4
P01792,F0270,LR2024,Maize,2024-04-18,H513,4.1
P01793,F0270,2024 Short Rains,Beans,"Oct 07, 2024",Local,2.3
P01794,F0271,LR 2019,maize,2019-04-21,DK8031,0.5
P01795,F0271,LR 2021,beans,2021-03-29,KAT-B9,0.9
P01796,F0271,SR 2021,Maize,28/10/2021,DK8031,0.6
P01797,F0271,SR 2022,Beans,2022-10-09,landrace,0.5
P01798,F0271,LR 2023,Maize,2023-04-06,H513,0.7
P01799,F0271,SR2023,Corn,"Nov 20, 2023",DK8031,0.9
P01800,F0272,2021-SR,Maize,2021-10-30,H614,0.7
P01801,F0272,LR 2022,Maize,18/03/2022,PH4,1.2
P01802,F0272,2023 Long Rains,Beans ,04/04/2023,KAT-B9,0.8
P01803,F0272,2024-LR,beans,2024-03-26,landrace,0.8
P01804,F0272,2024 Short Rains,Beans,24-Oct-24,KAT-B1,0.8
P01805,F0273,LR2019,Maize,2019-03-23,local,15.7
P01806,F0273,2019-SR,Maize,2019-10-22,Local,8.3
P01807,F0273,LR 2020,Sorghum,19/04/2020,local,
P01808,F0273,2021 SR,MAIZE,2021-11-18,H513,15.6
P01809,F0273,LR 2022,Sorghum,2022-03-15,landrace,9.7
P01810,F0274,2020-LR,Beans,2020-03-20,local,1.8
P01811,f0274,2020 Short Rains,Bean,17/11/2020,,1.7
P01812,F0274,2021 LR,Maize,2021-03-04,landrace,1.7
P01813,F0274,2022 Long Rains,Beans,2022-04-03,KAT-B1,1.8
P01814,F0274,2022 Short Rains,Sorghum,09/10/2022,LOCAL,1.8
P01815,F0274,LR2023,sorghum,2023-04-03,Seredo,1.3
P01816,F0274,2023 SR,Beans,05-Nov-23,Local,1.2
P01817,F0275,2019 long rains,Maize,02/03/2019,H513,1.3
P01818,F0275,2019-SR,Wheat,2019-10-18,Robin,2.2
P01819,F0275,2020 LR,Wheat,2020-04-11,Eagle-10,2.4
P01820,F0275,2020 short rains,Wheat,2020-10-10,landrace,2.8
P01821,F0275,2021 Long Rains,Wheat,2021-04-12,Eagle-10,1.4
P01822,F-0275,2021 SR,Maize,2021-10-26,landrace,2.4
P01823,F0275,2022-LR,Maize,2022-03-02,Local,1.4
P01824,F0275,2024 long rains,Wheat,2024-03-01,LOCAL,1.3
P01825,F0275,2024 short rains,Wheat,17/11/2024,landrace,2.7
P01826,F-0276,2021 Long Rains,Maize,2021-03-08,local,1.3
P01827,F0276,2021 Short Rains,Sorghum,2021-10-02,Local,1.3
P01828,f0276,2023-SR,Sorghum,2023-11-02,Local,1.3
P01829,F0277,LR 2019,maize,2019-03-16,Local,2.9
P01830,F0277,LR2020,Maize,17/03/2020,LOCAL,2.9
P01831,F0277,2020 short rains,Maize,06/11/2020,LOCAL,4.5
P01832,F0277,2021 Short Rains,Wheat grain,2021-10-25,,2.6
P01833,F0277,2022-LR,MAIZE,"Apr 11, 2022",landrace,4.3
P01834,F0277,2023 LR,Wheat,25-Mar-23,Eagle-10,2.4
P01835,F0277,2024 Long Rains,Maize,15/04/2024,H513,
P01836,F0278,2019 LR,Beans,2019-03-06,Local,6.2
P01837,F0278,SR 2021,Maize,2021-10-11,landrace,3.1
P01838,F0278,LR 2022,maize,2022-03-01,PH4,
P01839,F0278,2022 Short Rains,Maize,"Oct 16, 2022",,6.1
P01840,F0278,2023 short rains,Wheat,2023-10-01,LOCAL,6.3
P01841,F0278,2024 short rains,Maize,2024-11-08,PH4,3.4
P01842,F0279,2019 Long Rains,Maize,"Mar 04, 2019",DK8031,0.6
P01843,F0279,SR2019,Maize ,2019-11-13,DK8031,0.5
P01844,F0279,LR2020,maize,04-Apr-20,DK8031,0.6
P01845,F0279,2020-SR,Sorghum,01-Oct-20,local,0.7
P01846,F0279 ,2021 SR,Beans,2021-11-04,landrace,0.6
P01847,F0279,LR2022,Maize,2022-04-07,H513,
P01848,F0279,2022 Short Rains,maize,2022-11-07,landrace,0.8
P01849,F0279,2024-LR,Corn,2024-03-01,landrace,0.4
P01850,F0279,2024 Short Rains,Beans,"Oct 11, 2024",Local,0.7
P01851,f0280,2019 Long Rains,Beans,28-Mar-19,LOCAL,1.1
P01852,F0280,2019 Short Rains,Maize,03-Nov-19,H614,1.4
P01853,F0280,2020-LR,Maize,2020-04-18,Local,1.3
P01854,F0280,2020 Short Rains,Maize,2020-11-03,PH4,1.1
P01855,F0280,LR 2021,Beans,28/03/2021,local,1.7
P01856,F0280,2021 SR,Sorgum,05-Oct-21,local,1.7
P01857,f0280,2022 Long Rains,Maize,06/04/2022,DK8031,0.9
P01858,F0280,2022 SR,Beans,18/11/2022,KAT-B9,1.6
P01859,F0280,2023-LR,Beans,"Mar 30, 2023",LOCAL,1.8
P01860,F0280,SR 2023,Maize,2023-11-15,H614,1.9
P01861,F0280,2024 long rains,Beans,05/03/2024,Local,1.7
P01862,f0280,SR 2024,Sorghum ,2024-10-18,landrace,1.1
P01863,F0281,2019-LR,Beans,2019-03-27,,2.8
P01864,F0281,2021-LR,Maize,2021-04-03,Local,2.2
P01865,F0281,2023 Long Rains,Maize ,2023-03-19,landrace,2.2
P01866,F0282,SR 2019,Beans,03/10/2019,local,3.4
P01867,F0282,2020 Short Rains,Beans,05/11/2020,LOCAL,2.9
P01868,F0282,2021 Long Rains,BEANS,17-Mar-21,Local,5.0
P01869,F0282,2022 Short Rains,Maize,2022-10-01,landrace,5.7
P01870,F0282,LR 2023,Beans,2023-04-07,landrace,3.2
P01871,F0282,2023 short rains,Beans,2023-11-14,LOCAL,3.8
P01872,F0283,2020-SR,MAIZE,03/11/2020,H513,0.7
P01873,F0283,2021 Long Rains,Maize,2021-03-04,Local,0.9
P01874,F0283,2021 Short Rains,Maize,2021-11-14,PH4,0.6
P01875,F0283,2023 long rains,Maize,14/03/2023,landrace,1.3
P01876,F0283,LR 2024,Maize,2024-04-13,H614,1.2
P01877,F0284,2019 Long Rains,Wheat ,08-Apr-19,LOCAL,6.4
P01878,F0284,2019 Short Rains,Wheat,2019-10-11,local,8.2
P01879,F0284,2020 Long Rains,Maize,2020-04-14,landrace,5.7
P01880,F0284,2021 Long Rains,Wheat,2021-03-13,Eagle-10,8.6
P01881,F0284,2021 Short Rains,Wheat,2021-10-23,landrace,6.1
P01882,F0284,2023 long rains,Maize,09/04/2023,landrace,4.6
P01883,F0284,SR 2023,Maize,2023-10-31,local,5.3
P01884,F0285,LR 2020,Maize,17-Apr-20,LOCAL,2.6
P01885,F0285,2022 Long Rains,wheat,15/03/2022,Robin,2.0
P01886,F0285,2022 short rains,Wheat,2022-10-04,Eagle-10,2.2
P01887,F0285,SR 2023,Maize,2023-11-08,LOCAL,2.4
P01888,F0285,2024 Long Rains,Wheat,2024-04-01,Eagle-10,2.2
P01889,F0285,2024 Short Rains,Beans ,2024-10-27,KAT-B9,1.5
P01890,F0286,2019 Long Rains,Maize,14/03/2019,local,5.5
P01891,F0286,2019 Short Rains,Maize ,2019-10-20,Local,3.6
P01892,F0286,2020 Long Rains,Maize,2020-03-05,Local,3.0
P01893,F0286,LR 2021,Maize,13/04/2021,,2.9
P01894,F0286,2021 Short Rains,wheat,2021-10-24,Local,5.0
P01895,F0286,2022-LR,beans,2022-03-14,LOCAL,4.3
P01896,F0286,2023 SR,Beans,2023-10-22,Local,4.8
P01897,F0287,2021 Long Rains,Beans,25-Apr-21,local,1.4
P01898,F0287,2022 LR,Corn,2022-03-11,H614,2.1
P01899,F0287,2023 Short Rains,Maize,2023-11-16,H614,1.1
P01900,F0287,SR 2024,Maize,07/10/2024,DK8031,1.4
P01901,F0288,LR 2019,Maize,"Apr 15, 2019",DK8031,17.2
P01902,F0288,2020 Short Rains,Maize,01/10/2020,H614,23.2
P01903,F0288,2021 short rains,Wheat,2021-11-10,local,26.3
P01904,F0288,2022 Long Rains,Maize,09-Apr-22,H614,21.1
P01905,F0288,LR 2023,Wheat,2023-04-01,Robin,15.7
P01906,F0288,LR 2024,Maize,2024-03-19,H513,22.1
P01907,F0289,2020 Short Rains,Maize,01/10/2020,Local,1.5
P01908,F0289,2021 long rains,Maize,2021-03-30,Local,1.9
P01909,F0289,2021 short rains,Maize,2021-10-23,LOCAL,2.4
P01910,F0289,2022 Long Rains,Bean,11/03/2022,LOCAL,1.7
P01911,F0289,2022 Short Rains,Sorghum,20/11/2022,landrace,1.3
P01912,F0289,LR 2024,Maize,01-Apr-24,DK8031,1.1
P01913,F0290,2019 SR,Beans,31/10/2019,Local,6.3
P01914,F0290,LR2020,Maize,2020-03-03,Local,10.9
P01915,F0290,2021 Long Rains,WHEAT,2021-03-07,Robin,6.0
P01916,F0290,SR 2021,Beans,26/10/2021,LOCAL,8.8
P01917,F0290,2022 Long Rains,Maize,2022-04-05,LOCAL,12.4
P01918,F0290,2023 Long Rains,Wheat,2023-04-16,landrace,9.0
P01919,F0290,2023 Short Rains,Maize,2023-10-04,local,8.0
P01920,F0291,2019 Long Rains,Beans,2019-04-14,local,1.3
P01921,F0291,2021-LR,Corn,01-Mar-21,Local,2.0
P01922,F-0291,SR 2021,Corn,2021-10-31,landrace,1.6
P01923,F0291,2022 Short Rains,Beans ,15-Oct-22,LOCAL,2.3
P01924,F0291,2023 Long Rains,Maize,2023-03-20,PH4,1.2
P01925,F0291,2023 short rains,Maize,31/10/2023,Local,1.1
P01926,F0291,2024 short rains,sorghum,13/11/2024,local,1.1
P01927,F-0292,2019 Long Rains,Maize,2019-03-30,landrace,4.2
P01928,F0292,2019-SR,Beans,2019-11-04,local,3.9
P01929,F0292,2020 Long Rains,Beans,2020-03-20,KAT-B1,4.5
P01930,F0292,2022-LR,Maize,16/04/2022,local,4.5
P01931,F0292,SR 2022,Beans ,01-Oct-22,LOCAL,4.5
P01932,F0292,LR 2023,Sorghum,2023-03-24,landrace,2.1
P01933,F0293,SR 2020,Maize,15/10/2020,DK8031,1.6
P01934,f0293,2021 Short Rains,sorghum,2021-11-13,landrace,1.7
P01935,F0293,2023 Long Rains,Sorghum ,2023-04-22,local,1.4
P01936,F0293,2024 LR,Maize,2024-04-03,DK8031,0.9
P01937,F0294,2019 Long Rains,Sorghum,2019-03-25,LOCAL,1.5
P01938,F0294,2019 Short Rains,sorghum,2019-10-17,Local,2.0
P01939,F0294,2020 Long Rains,Beans,2020-03-22,Local,2.4
P01940,F0294,2020-SR,Maize,"Oct 25, 2020",landrace,1.8
P01941,F0294,2022 Long Rains,Corn,23-Mar-22,local,2.2
P01942,F0294,2022 Short Rains,Beans,2022-10-11,local,1.0
P01943,F0294,2023-LR,Maize,15/04/2023,H513,1.1
P01944,F0294,2023-SR,Maize,19-Oct-23,H614,1.1
P01945,F0294,LR2024,Sorghum,06/03/2024,local,1.7
P01946,F0294,SR 2024,Sorgum,2024-11-18,Local,2.2
P01947,F0295,2019 long rains,beans,2019-03-22,Local,0.7
P01948,F0295 ,SR 2019,Maize,22-Oct-19,landrace,0.7
P01949,F0295,SR 2020,beans,04/10/2020,landrace,0.6
P01950,F0295,LR 2021,Maize,2021-04-05,,0.6
P01951,F0295,2021 SR,Beans,2021-11-03,KAT-B1,0.4
P01952,F0295,LR 2022,Maize,2022-03-10,H513,0.7
P01953,F0295,2023 long rains,Beans,2023-03-30,local,0.6
P01954,F0295,SR2024,Beans,04/10/2024,local,0.6
P01955,F0296,LR 2021,Beans,2021-04-01,local,1.7
P01956,F0296,LR 2023,Sorghum,2023-03-31,Gadam,1.3
P01957,F0296,2024 long rains,Beans,25/03/2024,local,1.8
P01958,F0297,LR 2020,Maize,2020-03-21,H614,1.2
P01959,F0297,2020 Short Rains,Sorghum,08/11/2020,landrace,1.3
P01960,F0297,2021 Long Rains,Beans,2021-04-20,KAT-B1,2.4
P01961,F0297,SR 2021,Maize,2021-10-11,local,2.3
P01962,F0297,2022 LR,Sorghum,2022-03-15,Local,1.6
P01963,F0297,2022-SR,Beans,29/10/2022,LOCAL,
P01964,F0297 ,2023-LR,Maize,2023-03-16,LOCAL,1.3
P01965,F0297,2023 Short Rains,Sorghum,02-Oct-23,Seredo,2.0
P01966,F0297,2024 Short Rains,Maize,2024-11-07,local,1.7
P01967,F0298,LR2019,Maize,2019-03-23,PH4,1.9
P01968,F0298,SR 2020,Maize,2020-11-17,PH4,1.1
P01969,F0298,2021 LR,Beans,19/04/2021,KAT-B9,1.1
P01970,F0298,2023 Long Rains,Beans,2023-04-04,local,1.5
P01971,F0298,SR 2023,Beans,"Nov 18, 2023",KAT-B1,2.2
P01972,F0298,2024 Long Rains,Bean,2024-03-26,Local,1.4
P01973,F-0299,2021-SR,Corn,2021-11-14,Local,0.4
P01974,F0299,LR 2022,MAIZE,2022-03-06,H614,0.6
P01975,F0299,2023 Short Rains,Maize ,2023-10-17,local,0.4
P01976,F0300,2019 Long Rains,Wheat,13-Mar-19,local,15.4
P01977,F0300,2019 SR,Wheat,28/10/2019,Eagle-10,15.2
P01978,F0300,2020-LR,Maize,07/04/2020,LOCAL,12.9
P01979,F0300,SR2020,Maize,2020-10-27,landrace,13.7
P01980,F0300,2021-LR,Maize,2021-03-23,local,8.1
P01981,F0300,2021 Short Rains,Wheat,2021-10-10,Local,8.1
P01982,F0300,2022-SR,Wheat ,2022-11-15,Robin,9.4
P01983,F0300,LR2023,Maize,"Mar 13, 2023",H614,12.1
P01984,F0300,2024 Long Rains,Wheat,2024-03-25,Eagle-10,12.7
P01985,F0300,2024 SR,Wheat,25/10/2024,Robin,14.9
P01986,F0301,2019 Long Rains,Maize,04-Apr-19,Local,1.7
P01987,F0301,2019 Short Rains,Maize ,2019-11-15,LOCAL,3.4
P01988,F0301,2020 Long Rains,maize,2020-04-12,PH4,3.3
P01989,F0301,2020 Short Rains,Beans,19-Oct-20,local,3.3
P01990,F0301,2022 Long Rains,Beans,2022-04-15,LOCAL,
P01991,F0301,2023-LR,Maize,2023-03-20,Local,2.7
P01992,F0301,2023-SR,MAIZE,31-Oct-23,H513,3.3
P01993,F0302,2019 LR,sorghum,2019-04-22,LOCAL,0.8
P01994,F0302,2019 Short Rains,Sorghum,11/10/2019,Local,0.6
P01995,F0302,2021 Long Rains,Sorghum,2021-03-19,local,0.6
P01996,F0302,2021 short rains,Sorghum,27/10/2021,landrace,0.7
P01997,F0302,2022 Long Rains,Beans,2022-03-04,local,0.6
P01998,F0302,2022 Short Rains,Sorghum,"Oct 17, 2022",Seredo,0.4
P01999,F0302,2023 Short Rains,Sorghum,23/10/2023,LOCAL,0.4
P02000,F0302,2024 Short Rains,Maize,2024-10-29,H513,0.4
P02001,F0303,SR2019,Beans,2019-10-11,LOCAL,1.0
P02002,F0303,2020-LR,Maize,23-Apr-20,local,1.0
P02003,F0303,2022 Short Rains,Bean,2022-11-02,LOCAL,
P02004,F0303,2023-SR,Maize,2023-10-15,local,1.0
P02005,F0303,2024 long rains,Beans,2024-03-24,local,1.3
P02006,F0304,LR2020,Maize,2020-03-24,DK8031,1.9
P02007,F0304,LR 2021,Beans,17/03/2021,Local,1.9
P02008,F0304,2022 LR,Beans,2022-04-04,Local,2.0
P02009,F0304,LR 2023,Corn,11-Mar-23,DK8031,3.1
P02010,F0305,2020 long rains,Beans,15-Mar-20,KAT-B9,1.4
P02011,F0305,2020-SR,Maize ,15-Nov-20,H614,1.1
P02012,F0305,LR2022,Corn,2022-04-22,H513,
P02013,F0305,2023 Short Rains,Maize,10/11/2023,local,0.8
P02014,F0306,2019-SR,Beans ,2019-10-25,KAT-B1,1.8
P02015,F0306,LR2021,beans,20-Apr-21,KAT-B1,1.5
P02016,F0306,2021 Short Rains,Maize,2021-10-09,LOCAL,1.0
P02017,F0306,SR 2022,beans,2022-11-11,LOCAL,1.2
P02018,F0306,SR 2023,Beans,2023-10-31,KAT-B1,1.3
P02019,F-0306,2024 Long Rains,Beans,2024-04-20,KAT-B1,1.5
P02020,F0306,SR 2024,Maize,16/11/2024,landrace,2.0
P02021,F0307,2019-SR,maize,2019-10-03,LOCAL,4.7
P02022,F0307,2024 short rains,Beans,16/10/2024,local,10.8
P02023,F0308,2021 Long Rains,Beans,27/03/2021,Local,6.5
P02024,F0308,2021 SR,Beans ,2021-10-21,landrace,6.6
P02025,f0308,LR2022,Maize,"Apr 14, 2022",landrace,8.0
P02026,F0308,2023 Long Rains,Beans,2023-03-08,landrace,7.0
P02027,F0308,2023 SR,Maize,2023-10-10,H513,4.4
P02028,F0309,2020 Long Rains,Beans,"Apr 21, 2020",landrace,1.0
P02029,F0309,2020 Short Rains,Sorghum,12/11/2020,local,1.8
P02030,F0309,LR 2021,Maize,23/03/2021,landrace,2.0
P02031,F0309,2021-SR,Bean,2021-11-08,Local,1.3
P02032,F0309,2022 Long Rains,Maize ,2022-04-10,H513,1.5
P02033,F0309,2023 Long Rains,Sorghum,19/03/2023,,1.1
P02034,F0309,2024 Long Rains,sorghum,2024-03-19,Seredo,2.2
P02035,F0309,2024 SR,Beans,10/10/2024,Local,1.7
P02036,F0310,2019 Long Rains,Beans ,2019-04-19,KAT-B1,9.3
P02037,F0310,SR 2019,wheat,25/10/2019,Eagle-10,5.3
P02038,F0310,SR 2020,Beans,09/11/2020,landrace,4.4
P02039,F0310,2021-LR,beans,2021-03-23,KAT-B9,5.3
P02040,F-0310,2022 long rains,Wheat,24/04/2022,Eagle-10,4.3
P02041,F0310,2022-SR,Beans,2022-11-13,Local,6.0
P02042,F0310,SR 2023,Beans,01/11/2023,LOCAL,3.8
P02043,f0310,2024 Short Rains,beans,21/10/2024,LOCAL,5.6
P02044,F0311,2020 Long Rains,maize,2020-04-01,landrace,1.4
P02045,F0311,2021 Long Rains,SORGHUM,2021-03-01,Gadam,1.1
P02046,F0311,2021 short rains,Maize,2021-10-15,PH4,1.0
P02047,F0311,2022-LR,Sorghum,2022-04-06,Local,1.3
P02048,F0311,SR2022,Maize,2022-10-18,H614,0.7
P02049,F0311,2023-LR,Maize,2023-03-25,local,1.3
P02050,F0311,SR 2024,Maize ,19-Oct-24,DK8031,0.7
P02051,F0312,LR2019,Maize,2019-03-17,DK8031,
P02052,F0312,2019 Short Rains,Beans,2019-10-22,LOCAL,3.0
P02053,F0312,SR2021,maize,2021-10-14,Local,1.6
P02054,F0312,2022 long rains,Beans,2022-03-18,LOCAL,3.3
P02055,F0312,2023 long rains,Beans,2023-03-27,Local,2.2
P02056,F0312,2024-LR,Maize,2024-04-24,landrace,2.4
P02057,F0312,2024 Short Rains,Beans,2024-10-04,Local,3.2
P02058,F0313,2019 Short Rains,Maize,2019-10-25,DK8031,1.1
P02059,F0313 ,2020 Long Rains,Maize,22/04/2020,PH4,1.0
P02060,F0313,2021 Short Rains,Beans,2021-11-01,Local,0.7
P02061,F0313,2022 Long Rains,Beans,2022-03-28,local,1.2
P02062,F0313,2022-SR,Maize,13/11/2022,Local,0.6
P02063,F0314,SR 2020,Maize ,2020-10-29,landrace,1.2
P02064,F0314,2023 long rains,Corn,2023-04-16,local,1.6
P02065,F0314,2024 Long Rains,Beans,2024-03-14,Local,1.7
P02066,f0315,2019 Long Rains,Maize,2019-03-09,Local,1.3
P02067,F0315,SR 2019,Maize,2019-11-09,LOCAL,2.2
P02068,F0315,2021-LR,Maize,2021-03-23,DK8031,1.3
P02069,F0315,2021 Short Rains,Maize,2021-10-07,local,1.5
P02070,F0315,2022 Short Rains,Beans,"Oct 29, 2022",LOCAL,1.2
P02071,F0315,2023 Long Rains,Corn,2023-04-18,local,2.3
P02072,F0315,2024-LR,maize,25-Apr-24,LOCAL,1.4
P02073,F0315,SR 2024,beans,"Oct 19, 2024",landrace,2.0
P02074,F0316,2019 Long Rains,Maize,30/03/2019,DK8031,4.4
P02075,F0316,2020 Long Rains,Beans,07-Mar-20,LOCAL,3.2
P02076,F0316,2021-LR,Maize,2021-04-24,Local,4.7
P02077,F0316,2022 Long Rains,BEANS,2022-03-11,Local,2.4
P02078,F0316,2023 long rains,Sorghum,2023-04-20,local,4.2
P02079,F0316,2024 Long Rains,maize,2024-04-16,H614,3.6
P02080,F0316,2024 Short Rains,Maize,12/11/2024,PH4,5.8
P02081,f0317,2019 short rains,Sorghum,2019-11-20,local,2.6
P02082,F0317,SR 2020,Corn,2020-10-27,H513,3.3
P02083,F0317,2022 Short Rains,Maize,2022-11-12,,2.6
P02084,F0317,2023 Long Rains,Sorghum,2023-04-10,Seredo,3.1
P02085,F0317,2023 Short Rains,Sorghum,02/10/2023,Local,3.0
P02086,F0317 ,2024-LR,Sorghum,2024-03-02,Gadam,4.1
P02087,F0318,2019 Short Rains,MAIZE,12/11/2019,PH4,1.9
P02088,F0318,2020-LR,Beans,2020-03-03,KAT-B1,1.6
P02089,F0318,SR2020,Beans,02/11/2020,,1.7
P02090,F0318,2021-LR,Beans,01-Apr-21,LOCAL,1.9
P02091,F0318,2022 Long Rains,Sorghum,12/04/2022,,1.7
P02092,F0318,SR 2023,Beans,2023-10-14,KAT-B1,1.1
P02093,F0318,LR 2024,Maize,2024-03-19,Local,1.7
P02094,F0318,2024 Short Rains,Maize,"Nov 15, 2024",H513,1.6
P02095,F0319,2019 Short Rains,Maize,2019-11-15,Local,1.2
P02096,F0319,2022-LR,BEANS,27-Mar-22,,2.8
P02097,F0319,2022 Short Rains,Beans,2022-11-06,LOCAL,4.5
P02098,F0319,2024 Short Rains,Wheat grain,05/10/2024,,2.2
P02099,F-0320,2019-LR,Maize,2019-04-10,DK8031,4.5
P02100,F-0320,2020 Long Rains,Maize,2020-04-18,local,9.2
P02101,F0320,SR2023,Maize,2023-10-21,H614,5.7
P02102,F0320,2024 Long Rains,Wheat,19/03/2024,Robin,6.0
P02103,F0320,2024 Short Rains,Maize,2024-11-20,,9.0
P02104,F0321,2019 Short Rains,Beans,2019-11-11,Local,3.5
P02105,F0321,2020-LR,Sorghum,2020-03-13,local,4.4
P02106,F0321,2020 Short Rains,Sorgum,2020-10-05,landrace,5.9
P02107,F0321,2022 Short Rains,Maize,2022-11-15,DK8031,4.4
P02108,F0321,2023 Long Rains,Maize,2023-04-09,Local,3.4
P02109,F0322,2019-LR,Maize,2019-04-02,LOCAL,19.5
P02110,F0322,SR2019,maize,2019-11-11,Local,19.0
P02111,F0322,2021 Long Rains,Maize,2021-03-13,landrace,18.9
P02112,F0322,2021 Short Rains,MAIZE,16-Oct-21,H614,10.0
P02113,F0322,2022 Long Rains,WHEAT,2022-03-21,,12.4
P02114,F0322,LR2023,Wheat ,2023-04-05,Eagle-10,10.0
P02115,F0322,2024 Long Rains,Wheat,12/04/2024,Eagle-10,18.2
P02116,F0322,2024-SR,Wheat,24/10/2024,Robin,16.6
P02117,F0323,2019 long rains,Wheat,21/03/2019,Eagle-10,
P02118,F0323,2019 Short Rains,WHEAT,"Nov 02, 2019",Robin,0.8
P02119,F0323,LR 2020,Maize,10/03/2020,Local,0.6
P02120,F0323,2021 long rains,Maize,2021-04-06,local,0.4
P02121,F0323,2022 SR,Wheat,07/10/2022,local,0.7
P02122,F0323,LR 2023,Beans,20-Mar-23,LOCAL,0.7
P02123,F0323,2023 short rains,Maize,18/11/2023,H614,0.7
P02124,F0323,LR 2024,Wheat,12/03/2024,Eagle-10,0.4
P02125,F0323,2024-SR,MAIZE,04-Oct-24,DK8031,0.6
P02126,F0324,2019-LR,Beans,19/03/2019,Local,1.4
P02127,f0324,SR 2021,Maize,2021-10-05,DK8031,1.3
P02128,F0324,SR2022,Beans,2022-10-22,landrace,0.9
P02129,F0324,2023 LR,Bean,2023-04-21,Local,1.0
P02130,F0324,SR 2023,Bean,2023-10-12,landrace,1.1
P02131,F0324,2024-LR,Beans,2024-03-16,LOCAL,1.2
P02132,F0325,2019-LR,beans,03/03/2019,KAT-B1,7.5
P02133,F0325,2019 Short Rains,Beans,17-Oct-19,KAT-B1,6.1
P02134,F0325,2020 Long Rains,Beans,2020-03-04,LOCAL,4.3
P02135,F0325,2021 Short Rains,beans,2021-11-18,Local,5.7
P02136,F0325,2023 Long Rains,Beans,2023-03-29,,5.9
P02137,F0325,LR2024,Sorghum ,"Mar 09, 2024",Local,4.6
P02138,F0326,2019 Short Rains,Maize,2019-10-20,H513,1.2
P02139,F0326,LR2020,Sorghum,2020-03-09,landrace,1.7
P02140,F0326,2020 Short Rains,Beans,11/11/2020,Local,1.0
P02141,F0326,2021 Short Rains,sorghum,2021-10-18,Local,2.0
P02142,F0326,2022 long rains,Sorghum,2022-04-15,Gadam,1.7
P02143,F0326,2022 Short Rains,Maize ,24/10/2022,H513,1.5
P02144,F0326,2024 Short Rains,Maize,28/10/2024,LOCAL,2.2
P02145,F0327,LR 2019,Beans,2019-04-02,landrace,3.3
P02146,f0327,2020 SR,MAIZE,2020-10-05,H513,1.9
P02147,F0327,2021 Long Rains,Beans,2021-03-14,Local,2.7
P02148,F0327,SR 2021,Maize,2021-11-09,H614,2.0
P02149,F0327,LR 2024,Beans,2024-04-02,KAT-B9,3.0
P02150,F0328,LR 2020,Maize,2020-04-16,local,2.3
P02151,F0328,LR 2021,Beans,24/03/2021,landrace,2.0
P02152,F0328,SR 2021,maize,2021-11-10,H614,1.2
P02153,F0328,2023 LR,Beans,2023-03-27,Local,1.5
P02154,F0328,2023 SR,Maize,2023-10-20,H614,2.2
P02155,F0328,2024 SR,Maize,12-Oct-24,DK8031,1.1
P02156,F0329,2019 short rains,Beans,2019-11-12,local,1.9
P02157,F0329,2020-LR,Maize,05/03/2020,LOCAL,1.5
P02158,F0329,2020-SR,Maize,03/11/2020,H614,2.4
P02159,F0329,2021 long rains,Beans,11/04/2021,LOCAL,1.9
P02160,F0329,2022 Long Rains,Beans,2022-03-13,,2.4
P02161,F0329,2024 Short Rains,Maize,2024-11-03,H513,1.6
P02162,F0330,2019 Long Rains,Sorghum ,2019-04-23,local,0.8
P02163,F0330,SR 2021,Beans,23/10/2021,LOCAL,0.5
P02164,F0330,2023 Long Rains,Maize,2023-03-23,Local,0.8
P02165,F0331,2019 Long Rains,WHEAT,2019-04-14,Robin,2.9
P02166,F0331,SR 2021,Beans,2021-11-04,LOCAL,1.5
P02167,F0331,2022 Short Rains,Maize ,04-Oct-22,DK8031,2.1
P02168,F0331,2023 short rains,Beans,2023-11-17,,1.8
P02169,F0331,LR2024,maize,2024-04-03,DK8031,2.5
P02170,F0331,2024 Short Rains,Maize,2024-10-24,H513,1.7
P02171,F0332,LR 2019,Beans,2019-03-31,,1.3
P02172,F0332,2020 LR,beans,"Mar 06, 2020",KAT-B9,1.0
P02173,F0332,2020-SR,Maize,11/10/2020,H614,1.0
P02174,F0332,2022 Long Rains,Maize,19/03/2022,landrace,1.0
P02175,F0332,SR2022,Maize,2022-11-04,DK8031,1.2
P02176,F0332,2023 Long Rains,Maize,2023-03-05,DK8031,0.6
P02177,F0332,2024 LR,Beans,23/03/2024,landrace,0.8
P02178,F0333,LR2019,MAIZE,2019-04-03,landrace,1.4
P02179,F0333,2020-SR,Maize,"Nov 06, 2020",H614,0.7
P02180,F0333,2021 LR,Maize,23/04/2021,H513,0.8
P02181,F0333,SR2021,Maize,2021-10-26,local,0.7
P02182,F0333,2022 Short Rains,Beans ,2022-11-06,KAT-B1,1.3
P02183,F0333,2023 short rains,Maize,16/11/2023,local,
P02184,F0334,2019 Long Rains,Maize,2019-03-29,H614,3.8
P02185,F0334,2020 short rains,Maize,2020-10-02,PH4,2.8
P02186,F0334,2021 long rains,wheat,12/03/2021,Local,5.8
P02187,F0334,2021 Short Rains,BEANS,2021-11-01,landrace,5.4
P02188,F0334,2023 Short Rains,Beans,21-Oct-23,Local,5.7
P02189,F0334,LR 2024,maize,2024-04-25,landrace,5.7
P02190,F0335,2019 Short Rains,Wheat,2019-11-17,LOCAL,3.8
P02191,F0335,2020 SR,wheat,2020-10-07,Robin,1.4
P02192,F0335,2021 Long Rains,Maize,06/03/2021,H513,2.1
P02193,F0335,SR 2021,Beans,2021-11-07,Local,1.4
P02194,F0335,2023 Short Rains,Beans,2023-10-14,landrace,2.0
P02195,F0335,2024 Short Rains,Maize,02/10/2024,Local,2.4
P02196,F0336,2019 short rains,Maize,04-Nov-19,H614,0.3
P02197,f0336,2020 Long Rains,Maize,"Mar 02, 2020",DK8031,0.6
P02198,F0336,2020 Short Rains,Beans,27/10/2020,KAT-B9,0.4
P02199,F0336,2021 Long Rains,Beans,21-Apr-21,local,0.4
P02200,F0336,SR 2021,Beans,2021-10-26,KAT-B9,0.6
P02201,F0336,2022 Long Rains,Maize,2022-03-30,DK8031,0.5
P02202,F0336,SR 2022,beans,12/11/2022,local,0.4
P02203,F0336,LR2023,Maize,23/04/2023,PH4,0.4
P02204,F0336,LR2024,Beans,2024-04-11,LOCAL,0.3
P02205,F0337,2019 long rains,Wheat,18-Mar-19,landrace,2.9
P02206,F0337,SR2019,Maize,07/11/2019,LOCAL,3.4
P02207,F0337,2020-LR,Maize,2020-03-04,local,3.5
P02208,F0337,2020 Short Rains,Beans,18/10/2020,KAT-B9,4.0
P02209,F0337,LR 2021,Wheat,2021-04-25,Local,2.7
P02210,F0337,2021 Short Rains,Wheat ,19/11/2021,Local,3.1
P02211,F0338,LR 2019,BEANS,2019-04-01,KAT-B9,2.5
P02212,F0338,2020 Long Rains,Corn,20-Apr-20,PH4,5.1
P02213,F0338,SR 2020,maize,2020-11-09,Local,5.5
P02214,F0338,2021 Long Rains,Maize,10-Mar-21,DK8031,3.9
P02215,F0338,2021 Short Rains,Wheat,05/11/2021,Robin,2.6
P02216,F0338,2022-LR,Wheat,2022-03-28,Robin,3.3
P02217,F0338,2023 long rains,Beans,2023-04-22,LOCAL,5.8
P02218,F0338,2023 Short Rains,Wheat,10-Nov-23,Robin,4.4
P02219,F0338,2024 Short Rains,Maize,11/10/2024,Local,4.1
P02220,F0339,LR 2019,wheat,23/04/2019,Eagle-10,12.5
P02221,F0339,2019 Short Rains,Maize ,07/10/2019,Local,9.5
P02222,F0339,LR 2020,Maize,09/04/2020,DK8031,7.3
P02223,F0339,2020 Short Rains,Beans,2020-10-13,local,12.3
P02224,F0339,LR 2022,Wheat,25/04/2022,landrace,8.1
P02225,F0339,2022 SR,Wheat,05/11/2022,Eagle-10,9.2
P02226,F0339,LR2023,Wheat,10/03/2023,Eagle-10,11.0
P02227,F0339,2023 Short Rains,Wheat,13/10/2023,Robin,9.6
P02228,F0340,2019 long rains,Bean,19/04/2019,Local,2.3
P02229,F0340,2019 Short Rains,Maize,04-Oct-19,H513,3.9
P02230,F0340,SR 2020,Maize,2020-10-26,H614,3.0
P02231,F0340,2021 Long Rains,beans,"Mar 10, 2021",KAT-B1,3.1
P02232,F0340,2022 Long Rains,Maize,2022-03-07,PH4,3.6
P02233,F0340,2023 Short Rains,Beans,01-Nov-23,KAT-B9,2.4
P02234,F0340,2024 LR,Maize,2024-03-25,LOCAL,3.8
P02235,F0340,SR2024,Maize,13-Nov-24,local,2.8
P02236,F0341,LR2019,Maize ,2019-03-11,H513,2.0
P02237,F0341,2020 Long Rains,Sorghum,2020-03-03,landrace,2.0
P02238,F0341,2020 Short Rains,Sorghum,2020-10-16,Gadam,1.4
P02239,F0341,SR 2021,Corn,2021-11-03,H513,1.1
P02240,F0341,2022 Short Rains,Beans ,2022-10-18,landrace,1.5
P02241,F0341,2023 SR,Maize,2023-10-07,PH4,2.4
P02242,F0342,2020 Long Rains,Beans,"Mar 05, 2020",landrace,0.9
P02243,F0342,2021 Long Rains,Maize ,2021-04-24,,1.3
P02244,F0342,2022 Long Rains,Maize,2022-03-28,local,0.7
P02245,F0342,2024 long rains,Beans,2024-03-20,Local,1.2
P02246,F0343,2019 short rains,Maize,2019-11-07,DK8031,1.4
P02247,F0343,2020 Long Rains,maize,2020-04-05,H614,1.0
P02248,F0343,2022-LR,wheat,13-Mar-22,Eagle-10,1.0
P02249,F0343,2022 Short Rains,Beans,2022-10-16,LOCAL,1.1
P02250,F0343,SR2023,beans,2023-11-17,landrace,0.9
P02251,F0343,2024-SR,Beans,2024-11-01,,1.1
P02252,F0344,2019 long rains,Beans,04/03/2019,LOCAL,0.8
P02253,F0344,2020 Long Rains,Maize,18-Mar-20,PH4,1.3
P02254,F0344,2020 short rains,maize,13/10/2020,H614,0.7
P02255,F0344,LR 2021,Maize,2021-04-05,Local,1.6
P02256,F0344,SR 2021,Maize,2021-11-01,LOCAL,1.3
P02257,F0344,2022 LR,Maize,2022-03-15,H513,0.8
P02258,F0344,2022 SR,Maize,04/10/2022,PH4,0.8
P02259,F0344,2023 SR,Beans,2023-11-02,local,1.1
P02260,F0344 ,SR 2024,Beans,2024-10-01,KAT-B9,
P02261,F0345,2020 SR,Maize,20-Oct-20,PH4,3.5
P02262,F0345,2021 LR,maize,31/03/2021,DK8031,3.5
P02263,F0345,2022 Long Rains,Maize,20/03/2022,PH4,1.8
P02264,F0345,2022 short rains,Maize,"Oct 24, 2022",H513,2.8
P02265,F0345,LR 2023,Beans,2023-03-07,landrace,2.8
P02266,F0345,2024 Long Rains,maize,2024-03-11,landrace,3.1
P02267,F0346,2020 long rains,Maize,"Mar 03, 2020",,0.8
P02268,F0346,2021 Short Rains,Beans,2021-10-22,local,0.6
P02269,f0346,LR2022,Maize,19/04/2022,H614,0.8
P02270,F0346,2023 short rains,Beans ,2023-10-13,,0.9
P02271,f0347,LR 2019,Sorghum,17-Apr-19,local,2.7
P02272,F0347,2020 Short Rains,Beans,06/10/2020,landrace,2.9
P02273,F0347,2021-SR,Maize,03-Nov-21,PH4,2.5
P02274,F0347,2022 Long Rains,Maize,2022-03-11,PH4,2.8
P02275,F0347,2022 Short Rains,Maize,2022-11-11,local,1.3
P02276,F0347,2023 Long Rains,Beans,2023-03-14,KAT-B1,2.8
P02277,F0347,2023 SR,Maize,24/10/2023,H513,3.0
P02278,F0347,SR 2024,Corn,2024-11-12,landrace,1.8
P02279,F0348,2019 Short Rains,Maize ,2019-11-01,local,4.4
P02280,F0348,2020 long rains,MAIZE,02/03/2020,H513,3.0
P02281,F0348,2021-LR,Beans,05/04/2021,,3.9
P02282,F0348,2021-SR,Maize,2021-11-10,DK8031,2.8
P02283,F0348,2022 Long Rains,Maize ,2022-04-23,local,5.1
P02284,F0348 ,2023 Long Rains,Beans,2023-04-16,local,2.9
P02285,F0348,SR 2024,BEANS,2024-10-07,KAT-B9,3.2
P02286,F0349,2020 Short Rains,Maize,21-Oct-20,DK8031,2.6
P02287,F0349,2021 Long Rains,Wheat,2021-03-04,Robin,3.6
P02288,F0349,2022 LR,Maize,18/03/2022,LOCAL,4.1
P02289,F0349,2022-SR,Wheat,2022-10-31,local,4.7
P02290,F0349,2023 Long Rains,Beans ,2023-03-21,LOCAL,3.8
P02291,F0349,LR2024,Maize,11/03/2024,Local,2.5
P02292,F0349,2024 Short Rains,MAIZE,2024-10-02,PH4,3.8
P02293,F0350,LR2020,Beans,2020-04-04,LOCAL,3.0
P02294,F0350,2021-LR,Beans,2021-04-10,local,2.4
P02295,F0350,2021 Short Rains,Maize,2021-11-08,,2.0
P02296,F0350,2023 LR,Maize,2023-03-13,PH4,1.9
P02297,F0350,2024 Long Rains,Beans,12/04/2024,local,1.3
P02298,F0350,2024 SR,Sorghum,"Oct 17, 2024",LOCAL,2.0
P02299,F0351,SR 2019,Beans,2019-11-19,KAT-B9,0.6
P02300,F0351,LR 2020,sorghum,2020-03-28,landrace,0.8
P02301,F0351,2021-SR,Bean,2021-10-10,LOCAL,0.6
P02302,F0351,2024 Long Rains,Beans,2024-03-15,Local,0.5
P02303,F0352,2020 LR,Beans,2020-04-14,LOCAL,2.1
P02304,F0352,2020 Short Rains,Maize,2020-10-15,local,1.1
P02305,F0352,2021-LR,Wheat,07/03/2021,Robin,1.5
P02306,F0352,2021 short rains,Wheat,01/10/2021,Robin,1.1
P02307,F0352,2022 Short Rains,Maize,2022-11-05,H513,2.2
P02308,F0352,2023 Long Rains,Maize ,2023-04-01,H614,1.2
P02309,F0352,2023 Short Rains,WHEAT,2023-10-21,landrace,1.4
P02310,F0352,LR 2024,Beans,2024-04-11,local,1.6
P02311,F0352,SR 2024,maize,2024-10-10,local,1.9
P02312,F0353,2019 long rains,Maize,05-Mar-19,DK8031,0.4
P02313,F0353,SR2019,Maize,08-Oct-19,local,0.7
P02314,F0353,2020 Long Rains,Maize,2020-04-20,H513,0.9
P02315,F-0353,SR 2021,Maize,2021-10-09,,0.9
P02316,F0353,2022 Short Rains,Maize,2022-10-22,Local,0.5
P02317,f0353,LR 2023,Maize,"Mar 24, 2023",Local,0.8
P02318,F0353,2023 Short Rains,Maize,2023-10-27,H513,0.9
P02319,F0354,LR 2019,Maize,2019-04-23,PH4,1.1
P02320,F0354,2020 LR,Maize,22-Mar-20,landrace,1.6
P02321,F0354,2020 Short Rains,Beans ,20/10/2020,LOCAL,1.6
P02322,F0354,2021 LR,Sorghum,2021-03-30,Local,1.2
P02323,F0354,2022-LR,Beans,15/03/2022,landrace,2.0
P02324,F0354,2023 long rains,Maize,13/03/2023,LOCAL,1.6
P02325,F0354,2024 Long Rains,Maize,20/04/2024,local,2.5
P02326,F0355,2020 LR,beans,2020-03-16,Local,2.2
P02327,F0355,2020 Short Rains,Maize,05/10/2020,DK8031,3.4
P02328,F0355 ,2022 Long Rains,beans,2022-03-14,landrace,2.3
P02329,F0355,2022 Short Rains,SORGHUM,2022-10-11,Local,2.0
P02330,F0355,2023-LR,maize,2023-03-28,local,2.7
P02331,F0355,2023 Short Rains,maize,16/10/2023,Local,2.0
P02332,F0355,2024 LR,Sorghum,2024-03-27,landrace,1.7
P02333,F0355,2024 short rains,Maize,2024-11-19,LOCAL,2.8
P02334,F0356,LR2019,Corn,"Mar 03, 2019",H513,8.0
P02335,F0356,2019-SR,Wheat,"Oct 09, 2019",Eagle-10,9.3
P02336,F0356,2020 long rains,maize,2020-03-19,PH4,8.4
P02337,F0356,2020 short rains,Maize,16-Nov-20,DK8031,4.6
P02338,F0356,2021-LR,Wheat,09-Mar-21,Robin,8.0
P02339,F0356,2021-SR,Wheat,12/10/2021,LOCAL,7.8
P02340,F0356,2022 Long Rains,Wheat,2022-03-17,Eagle-10,7.3
P02341,F0356,2022 short rains,Beans,2022-11-16,LOCAL,8.5
P02342,F0356,2023 Short Rains,Maize,2023-10-21,PH4,4.1
P02343,F0356,2024 Long Rains,Wheat,2024-04-10,,5.1
P02344,F0356,2024 Short Rains,Wheat,2024-11-07,Local,9.2
P02345,F0357,2019-LR,maize,24/03/2019,DK8031,1.6
P02346,F0357,2019-SR,Maize,"Oct 25, 2019",Local,1.5
P02347,F0357,2020 Long Rains,Beans,2020-03-22,Local,1.0
P02348,F0357,SR 2020,MAIZE,2020-11-08,Local,1.4
P02349,F0357,2023 Long Rains,Beans,11-Mar-23,KAT-B9,1.8
P02350,F0358,2019 Short Rains,Maize,09-Oct-19,,1.3
P02351,F0358,2020 Short Rains,maize,17-Nov-20,local,1.1
P02352,F0358,2021 Long Rains,maize,2021-03-19,LOCAL,1.3
P02353,F0358,2023 Long Rains,Maize,2023-03-03,H513,0.7
P02354,F0358,2023 short rains,Maize,2023-11-05,,1.0
P02355,F0358,LR2024,Maize,2024-03-29,H614,1.2
P02356,F0359,LR 2021,Maize,2021-03-29,H614,2.1
P02357,F0359,SR 2021,beans,2021-10-18,KAT-B9,2.3
P02358,F0359 ,2022 short rains,Maize,2022-11-13,PH4,1.6
P02359,F0359,2024 Long Rains,Beans,2024-04-05,KAT-B1,2.6
P02360,F0360,2019 Long Rains,Beans,2019-03-28,KAT-B1,11.5
P02361,f0360,2020 Short Rains,Beans,22-Oct-20,KAT-B1,7.2
P02362,F0360,2022-LR,Maize,22/03/2022,H513,7.8
P02363,F0360,SR2022,Maize,2022-11-08,H513,8.9
P02364,F0360,2023 Long Rains,maize,2023-03-17,Local,7.1
P02365,F0360,LR 2024,Maize,21/03/2024,PH4,10.7
P02366,F0360,2024 SR,Wheat,19/10/2024,Eagle-10,9.8
P02367,F0361,2019 Long Rains,maize,26-Mar-19,,3.6
P02368,F0361,LR 2020,maize,15/04/2020,landrace,4.8
P02369,F-0361,SR2021,Maize,2021-10-24,Local,3.8
P02370,F0361,2022 short rains,Maize,18-Oct-22,local,4.0
P02371,F0361,LR 2023,Maize,2023-03-31,Local,2.7
P02372,F0361,2023 Short Rains,Maize,2023-11-11,H614,3.1
P02373,F0361,2024 long rains,Sorgum,"Apr 06, 2024",Seredo,6.0
P02374,F0361,2024 Short Rains,Beans,2024-10-22,LOCAL,5.2
P02375,F0362,LR 2019,Sorghum,2019-04-22,local,4.9
P02376,F0362,2019-SR,Maize,2019-10-25,DK8031,5.1
P02377,F0362,LR 2020,maize,03/04/2020,Local,6.2
P02378,F0362,LR 2021,Maize,2021-04-04,PH4,4.7
P02379,F0362,2022 long rains,Sorghum ,2022-03-01,Local,5.7
P02380,F0363,2019 long rains,Maize,2019-04-21,,1.0
P02381,F0363,2019 short rains,Beans,2019-10-03,local,1.0
P02382,F0363,SR 2020,Beans,2020-10-08,local,0.9
P02383,F0363,2021 long rains,maize,2021-03-26,PH4,0.5
P02384,F0363,SR 2021,Maize,02-Nov-21,H614,0.9
P02385,F0363,2024-SR,Maize,22/10/2024,Local,0.6
P02386,F0364,SR2019,maize,2019-10-08,Local,5.0
P02387,F0364,2020-LR,maize,07/03/2020,H614,2.4
P02388,F0364,SR2020,Wheat,2020-10-05,,2.2
P02389,F0364,2021-LR,Maize,2021-04-12,H513,2.9
P02390,F0364,2021 Short Rains,Wheat,2021-10-16,Local,4.2
P02391,F0364,2022 Long Rains,Maize,02-Mar-22,Local,2.1
P02392,F0364,2023 SR,Maize,2023-10-02,H513,4.9
P02393,F0365,2020-SR,Maize,2020-11-10,DK8031,0.7
P02394,F0365,2023 Short Rains,Beans,2023-10-20,Local,1.1
P02395,F0365,SR2024,SORGHUM,10/10/2024,landrace,1.2
P02396,F0366,LR 2019,Maize,2019-04-10,PH4,1.6
P02397,F0366,2019 SR,Maize,2019-10-28,PH4,1.2
P02398,F0366,LR2020,Beans,2020-03-22,landrace,0.8
P02399,F0366,2021-LR,Sorghum,2021-03-27,Local,1.4
P02400,f0366,2022-LR,Maize,2022-04-08,Local,0.8
P02401,F0366,2023 Short Rains,Beans,09/11/2023,Local,1.1
P02402,F0366,2024 Short Rains,Sorgum,2024-10-15,local,0.8
P02403,F0367,2019 Short Rains,Maize,2019-10-02,LOCAL,0.4
P02404,F0367,2020 Long Rains,Maize,2020-03-13,PH4,0.5
P02405,F0367,2020 Short Rains,Beans,21/10/2020,KAT-B1,0.3
P02406,F0367,LR2021,Corn,31/03/2021,PH4,0.4
P02407,F0367,2022 Short Rains,maize,22/10/2022,Local,0.4
P02408,F0367,SR 2023,beans,17/11/2023,Local,0.3
P02409,F0368,2020-LR,WHEAT,2020-03-02,Eagle-10,2.3
P02410,F0368,SR 2020,Maize,2020-10-05,Local,2.4
P02411,F0368,2022 Short Rains,Wheat,2022-10-13,landrace,3.8
P02412,F0368,2023 long rains,wheat,"Apr 05, 2023",Eagle-10,3.3
P02413,F0368,2023-SR,Maize,04-Oct-23,PH4,3.6
P02414,F0368,LR2024,Beans,2024-03-12,Local,1.8
P02415,F0369,SR 2019,BEANS,2019-11-16,KAT-B1,0.8
P02416,F0369,LR 2020,Beans,2020-04-05,KAT-B1,1.3
P02417,F0369,2022-LR,Maize,2022-04-05,PH4,1.5
P02418,F0369,2022 Short Rains,Beans,2022-10-25,landrace,0.7
P02419,F0369,2023-SR,Corn,08-Nov-23,PH4,1.0
P02420,F0370,2019-SR,Corn,2019-11-14,Local,2.3
P02421,F0370,2020 long rains,Beans,07/04/2020,KAT-B1,1.8
P02422,F0370,2020 Short Rains,Maize,2020-10-08,Local,2.3
P02423,F0370,LR 2021,Maize,05-Apr-21,PH4,
P02424,F0370,2021-SR,Beans,20-Oct-21,landrace,1.4
P02425,F0370,2022 Long Rains,Wheat,2022-03-04,landrace,1.8
P02426,F0370,2022-SR,WHEAT,14/11/2022,Eagle-10,1.8
P02427,F0370,2023 Long Rains,Maize ,2023-03-31,H513,1.9
P02428,F0370,2024 Long Rains,Beans,2024-04-16,,
P02429,F0371,2019 Long Rains,Maize,2019-04-25,landrace,0.6
P02430,F0371,SR 2019,Maize,08/10/2019,DK8031,1.3
P02431,F0371,2020 Long Rains,Beans,06/03/2020,landrace,
P02432,F0371,2021 long rains,Beans,14/03/2021,,0.9
P02433,F0371,2021-SR,BEANS,2021-10-20,Local,1.1
P02434,F0371,2022 short rains,maize,06-Nov-22,LOCAL,1.1
P02435,F0371,2024 LR,Corn,2024-04-11,DK8031,1.1
P02436,F0372,2019 Short Rains,Beans,2019-10-03,Local,
P02437,F0372,LR 2021,WHEAT,2021-03-22,Robin,10.8
P02438,F0372,2022-SR,wheat,2022-11-05,local,5.6
P02439,F0372,SR 2023,Maize,2023-10-28,DK8031,5.5
P02440,F0372,2024-LR,MAIZE,11-Mar-24,LOCAL,6.8
P02441,F-0373,2019 Short Rains,Beans,16/10/2019,LOCAL,12.9
P02442,F0373,2020-SR,beans,11-Nov-20,Local,11.8
P02443,F0373,2021 LR,Maize,2021-03-29,PH4,9.0
P02444,F0373,2021 Short Rains,Wheat,16-Nov-21,Eagle-10,16.2
P02445,F0373,LR 2022,Maize,02/03/2022,LOCAL,
P02446,F0373,2022 Short Rains,Maize,19/10/2022,PH4,18.8
P02447,F0373,2024 Short Rains,Beans,2024-11-15,LOCAL,10.1
P02448,F0374,LR2019,Beans,2019-03-01,LOCAL,0.8
P02449,F0374,SR 2019,MAIZE,2019-10-25,PH4,0.8
P02450,F0374,2020 long rains,MAIZE,2020-04-24,DK8031,1.2
P02451,F0374,2020 Short Rains,Beans,07/11/2020,local,1.5
P02452,F0374,2021 short rains,Maize,2021-10-20,local,1.3
P02453,F0374,2022 LR,Maize,2022-04-17,Local,1.7
P02454,F0374,SR 2022,Wheat,07/10/2022,Local,1.6
P02455,F0374,SR2024,Maize,27-Oct-24,H614,1.4
P02456,F0375,2019 short rains,Maize,07-Nov-19,local,
P02457,f0375,2020-LR,Beans,"Apr 11, 2020",LOCAL,0.9
P02458,F0375,SR2020,Sorghum,2020-10-01,local,1.3
P02459,F0375,2021 Long Rains,Maize ,2021-03-31,landrace,1.0
P02460,F0375 ,2021 SR,Beans,2021-11-20,local,0.8
P02461,F0375,LR 2022,Sorghum,30-Mar-22,LOCAL,1.1
P02462,F0375,SR 2022,Sorghum,2022-11-12,Gadam,0.7
P02463,F0375,2023 Long Rains,Sorghum,15-Apr-23,local,0.9
P02464,F0375,2023-SR,Beans,2023-10-30,KAT-B1,0.8
P02465,F0376,2019 short rains,maize,28/10/2019,,0.7
P02466,F-0376,2022 Long Rains,Beans,2022-03-29,,0.4
P02467,F0376,SR 2022,Maize,2022-10-08,PH4,0.7
P02468,F0376,2024 SR,Maize,"Oct 19, 2024",landrace,0.5
P02469,F0377,2019 long rains,Maize,04/03/2019,PH4,1.4
P02470,F0377,2019 short rains,maize,2019-10-14,DK8031,2.3
P02471,F0377,2020 Long Rains,SORGHUM,2020-03-12,Seredo,1.8
P02472,F0377,2020 Short Rains,Beans,"Nov 20, 2020",KAT-B9,1.8
P02473,F0377,2023 Short Rains,Maize,2023-10-24,local,1.9
P02474,F0377,2024 LR,Sorghum,2024-03-22,landrace,1.8
P02475,F0377,2024 Short Rains,Beans,2024-11-17,KAT-B9,2.5
P02476,F0378,LR 2019,Sorghum,2019-04-19,Seredo,3.4
P02477,F0378,2020-LR,Beans,2020-04-12,landrace,4.3
P02478,F0378,2021 Long Rains,SORGHUM,11-Mar-21,Local,3.0
P02479,F0378,SR 2021,Bean,2021-10-25,local,2.0
P02480,F0378,LR2022,Maize,2022-03-22,landrace,2.5
P02481,F0378,LR 2023,Beans,24/04/2023,Local,2.3
P02482,F0378,2024 Long Rains,Maize,2024-04-11,PH4,3.4
P02483,F0378,2024 SR,sorghum,2024-10-18,landrace,3.2
P02484,F0379,SR 2022,Wheat,2022-11-02,LOCAL,2.8
P02485,F0380,2019 LR,beans,20/04/2019,Local,2.5
P02486,F0380,SR2019,Sorghum,2019-10-05,Seredo,2.0
P02487,F0380 ,2020 Long Rains,Maize,01/04/2020,,1.6
P02488,F-0380,2020 short rains,Beans,24/10/2020,landrace,2.8
P02489,F0380,LR2021,Beans,11-Apr-21,local,1.2
P02490,F0380,2022 Long Rains,Maize,01/03/2022,PH4,1.7
P02491,F0380,2023-LR,Sorgum,2023-03-25,Local,2.4
P02492,F0380,2024 LR,Maize,2024-04-03,H614,2.6
P02493,F0381,2019 Long Rains,beans,2019-04-16,LOCAL,0.5
P02494,F0381,2019 short rains,Beans,2019-10-07,Local,0.3
P02495,F0381 ,2020 Short Rains,Bean,2020-10-04,Local,0.3
P02496,F0381,2021 Short Rains,maize,02/10/2021,DK8031,0.3
P02497,F0381,2022 short rains,Maize,2022-10-06,DK8031,0.3
P02498,F0381,2023 Long Rains,Beans,2023-03-24,local,0.3
P02499,F0381,LR 2024,Beans,2024-04-17,local,0.3
P02500,F0381,2024 Short Rains,MAIZE,06/10/2024,PH4,0.4
P02501,F0382,2019 Short Rains,wheat,17/11/2019,Eagle-10,6.4
P02502,F0382,LR 2020,Maize,2020-03-28,H614,8.3
P02503,F0382,SR 2020,Maize,16/11/2020,landrace,8.7
P02504,F0382,2021 Short Rains,Maize,04-Nov-21,Local,8.9
P02505,F0382,2022 Short Rains,Maize,19/10/2022,H513,3.7
P02506,F0382,2024 Long Rains,Wheat grain,31-Mar-24,Eagle-10,7.3
P02507,F0383,2021 Short Rains,Maize,2021-11-11,H614,0.4
P02508,F0383,2022 SR,Maize,12-Nov-22,Local,0.5
P02509,F0383,2023 Long Rains,Sorghum,2023-03-02,Local,0.4
P02510,F0383,2023 short rains,Maize,11/11/2023,DK8031,0.3
P02511,F0383,LR 2024,Bean,2024-03-27,LOCAL,0.6
P02512,F0383,SR 2024,beans,2024-11-14,LOCAL,0.6
P02513,F0384,2019 Short Rains,SORGHUM,03/10/2019,LOCAL,1.2
P02514,F0384,2020-SR,Beans,10-Nov-20,local,0.9
P02515,F0384,2021 short rains,Maize,2021-10-26,H513,1.4
P02516,F0384,2022 Long Rains,Maize,2022-04-09,PH4,0.8
P02517,F0384,2023 Long Rains,sorghum,2023-03-01,Gadam,2.6
P02518,F0384,2023 Short Rains,Maize ,2023-10-13,local,0.7
P02519,F0384,2024 Long Rains,Maize,26/03/2024,H614,1.7
P02520,F0384,2024-SR,Sorghum,2024-10-26,local,0.9
P02521,F0385,2020 short rains,BEANS,2020-10-26,Local,1.7
P02522,F0385,2022 Long Rains,Maize,31-Mar-22,local,1.6
P02523,F0385,2023 Short Rains,Wheat,24/10/2023,landrace,3.2
P02524,F0385,2024 Long Rains,Corn,2024-03-11,DK8031,2.3
P02525,F0386,2019 LR,MAIZE,19/03/2019,landrace,3.0
P02526,F0386,2019 Short Rains,Maize,04/10/2019,DK8031,2.5
P02527,F0386,2020 Long Rains,maize,2020-03-18,H614,1.8
P02528,F0386,SR 2020,Wheat,2020-10-16,LOCAL,2.9
P02529,F0386,2021 Short Rains,Beans,04-Oct-21,KAT-B9,2.8
P02530,F0386,2022 Long Rains,Beans,07/04/2022,local,1.9
P02531,F0386,2023 Long Rains,Maize,23/04/2023,PH4,2.7
P02532,F0386,SR 2023,Corn,2023-11-18,H513,2.8
P02533,F0386,2024 Short Rains,Beans,2024-10-30,LOCAL,2.2
P02534,F0387,2019 SR,maize,2019-11-01,H614,3.3
P02535,F0387,2020 long rains,Maize,2020-03-20,local,3.0
P02536,F0387,2021 Long Rains,Maize,2021-04-20,landrace,2.7
P02537,F0387,2021 Short Rains,Maize,2021-10-26,landrace,1.8
P02538,F0387,2022 Long Rains,maize,25-Apr-22,landrace,3.7
P02539,F0387,SR 2022,MAIZE,2022-11-17,DK8031,2.2
P02540,F0387,SR2023,Maize,2023-11-08,,2.0
P02541,F0387,2024 Short Rains,Maize,2024-11-01,LOCAL,2.7
P02542,F0388,SR 2019,Beans,2019-10-04,KAT-B9,0.4
P02543,F0388,LR 2020,Bean,2020-03-29,Local,0.7
P02544,F0388,SR 2020,Sorghum,2020-10-13,Seredo,0.6
P02545,F0388,2021 Long Rains,Beans,26-Mar-21,landrace,0.5
P02546,F0388,2021 Short Rains,maize,15/10/2021,PH4,0.4
P02547,F0388,2023 Short Rains,Beans,2023-11-15,KAT-B1,0.5
P02548,F0388,2024 LR,Maize,12/04/2024,DK8031,0.6
P02549,F0389,2019 Long Rains,Corn,2019-03-01,landrace,
P02550,F0389,2021 long rains,Maize,2021-04-07,landrace,1.4
P02551,F0389,2021-SR,Beans ,04/10/2021,Local,2.3
P02552,F-0389,2022 short rains,Beans,2022-11-07,Local,2.5
P02553,F0389,LR 2023,Sorghum,04/04/2023,,1.8
P02554,f0389,2023 Short Rains,Maize,19/11/2023,landrace,2.3
P02555,F0389,2024 long rains,Maize ,24/03/2024,H614,2.4
P02556,F0390,2019 Long Rains,Maize,03/04/2019,H614,1.1
P02557,F0390,SR 2019,Sorgum,2019-11-12,local,1.1
P02558,F0390,2020 Long Rains,Beans,2020-03-26,KAT-B1,1.2
P02559,F0390,2020 Short Rains,Maize,14/11/2020,PH4,0.6
P02560,F0390,LR2021,Sorghum,2021-04-19,local,0.9
P02561,F0390,SR 2021,Maize,2021-11-14,H513,1.3
P02562,F0390,2022 Long Rains,Sorghum,2022-03-06,LOCAL,1.4
P02563,F0390,2022 Short Rains,Sorghum,09/10/2022,Local,0.8
P02564,F0390,2023 LR,Maize,2023-03-13,H614,1.0
P02565,F0390,2024-LR,Maize,26-Mar-24,H513,1.4
P02566,F0391,LR2019,Wheat,2019-04-17,Eagle-10,0.5
P02567,F0391,2020 Long Rains,Maize,09/03/2020,H513,0.8
P02568,F0391,2020 short rains,Maize,2020-10-30,local,0.8
P02569,F0391,2021 Long Rains,WHEAT,2021-04-02,LOCAL,0.7
P02570,F0391,SR 2021,wheat,2021-11-05,Eagle-10,0.8
P02571,F-0391,SR 2022,BEANS,2022-10-11,landrace,0.6
P02572,F0391,LR2023,maize,2023-03-29,local,0.7
P02573,F0391,2024 LR,Corn,25/03/2024,PH4,0.6
P02574,F0391,2024 short rains,Maize,18/11/2024,PH4,0.8
P02575,F0392,2020 SR,Maize,2020-11-10,LOCAL,2.8
P02576,F0392,SR 2021,Maize,22/10/2021,Local,2.1
P02577,F0392,2022 Short Rains,Maize,2022-10-27,Local,2.7
P02578,F0393,2019 Long Rains,sorghum,"Mar 19, 2019",LOCAL,2.5
P02579,F0393,2019 SR,Beans,18/10/2019,LOCAL,3.4
P02580,f0393,LR 2021,Beans,2021-03-06,landrace,3.3
P02581,F0393,SR2021,maize,2021-10-09,DK8031,1.6
P02582,f0393,LR 2022,beans,2022-04-15,LOCAL,2.1
P02583,F0393,2022-SR,Beans,20-Nov-22,KAT-B9,3.1
P02584,F0393,2023 LR,Maize,2023-03-16,DK8031,2.8
P02585,F0394,2019 Short Rains,Beans,2019-10-30,local,11.2
P02586,F0394,2020 long rains,Maize,03/04/2020,local,12.2
P02587,F0394,SR 2020,Wheat,2020-11-12,Robin,12.1
P02588,F0394,SR2021,Maize,2021-10-31,PH4,11.9
P02589,F0394,2022 LR,Maize ,2022-03-03,local,13.0
P02590,F0395,2019 SR,Maize,2019-10-24,H513,5.8
P02591,F0395,2021 Long Rains,Wheat,2021-03-18,Eagle-10,5.0
P02592,F0395,SR2021,Maize,18-Nov-21,LOCAL,7.7
P02593,F0395,2022 Long Rains,Maize,2022-03-06,DK8031,6.6
P02594,F0395,2024 Short Rains,Wheat,2024-11-14,Local,5.7
P02595,F0396,2019 Long Rains,Sorghum,2019-03-22,Seredo,1.6
P02596,F0396,2023-SR,Sorghum ,14/10/2023,Gadam,3.0
P02597,F0396,2024 Long Rains,Beans,2024-03-11,local,2.0
P02598,F0397,2019 LR,Wheat,2019-03-22,Eagle-10,1.1
P02599,F0397,SR 2019,Maize,2019-10-22,Local,1.1
P02600,F0397,2020 Long Rains,Maize,2020-03-06,PH4,1.1
P02601,F0397,2020 Short Rains,Maize,17/10/2020,local,1.1
P02602,F0397,2021 LR,Maize,2021-03-01,PH4,
P02603,F0397,2022-LR,maize,2022-03-20,H614,1.4
P02604,F0397,SR 2023,Maize,13-Oct-23,H614,1.1
P02605,F0397 ,2024 long rains,Beans,12/03/2024,KAT-B9,1.5
P02606,F0397,2024 Short Rains,Maize,20/11/2024,PH4,1.0
P02607,F0398,2019 short rains,MAIZE,"Nov 20, 2019",landrace,1.2
P02608,F0398,SR 2020,Wheat,2020-10-31,Robin,2.1
P02609,F-0398,2022 Long Rains,Corn,2022-04-05,local,2.2
P02610,F0398,SR 2022,Wheat,"Oct 25, 2022",landrace,2.3
P02611,F0398,2023 Short Rains,Wheat,2023-11-09,LOCAL,1.5
P02612,F0399,2019 LR,Beans,2019-03-14,LOCAL,3.2
P02613,F0399,2019-SR,wheat,18-Oct-19,LOCAL,3.0
P02614,F0399 ,LR 2020,Maize,09/04/2020,local,5.8
P02615,F0399,2020 Short Rains,Maize ,17/10/2020,Local,3.5
P02616,F0399,2021 SR,Corn,31/10/2021,DK8031,5.3
P02617,F0399,2023 Long Rains,Wheat,2023-03-22,local,5.5
P02618,F0399,2024-LR,Maize,20/03/2024,,6.9
P02619,F0399,2024 Short Rains,Maize ,01/11/2024,landrace,
P02620,F0400,2019 LR,Maize,2019-04-14,LOCAL,2.0
P02621,F0400,SR2019,SORGHUM,2019-11-08,Gadam,2.2
P02622,F0400,LR 2021,Beans,01/04/2021,LOCAL,1.1
P02623,F0400,2022-LR,Maize,2022-03-19,Local,1.8
P02624,F0400,2022 SR,Sorghum,31/10/2022,Local,2.7
P02625,F0400,2023 Short Rains,Beans ,06-Nov-23,landrace,1.8
P02626,F0400,2024 Long Rains,Sorghum,2024-03-20,LOCAL,2.6
P02627,F0400,SR 2024,Maize,15/11/2024,landrace,1.4
P02628,F0401,2019 Long Rains,Wheat ,2019-03-21,Robin,14.1
P02629,F0401,LR2020,Wheat,03-Apr-20,,18.6
P02630,F0401,2020 Short Rains,Wheat,02/11/2020,,11.2
P02631,F0401,2021 Short Rains,Beans,16/11/2021,landrace,9.4
P02632,F0401,2022 Long Rains,Maize,2022-04-08,LOCAL,14.2
P02633,F0401,2022 SR,Maize,2022-11-17,local,16.4
P02634,F0401,2023 Long Rains,Maize ,19/03/2023,H513,14.4
P02635,F0401,2023 Short Rains,Wheat,2023-10-06,Local,14.6
P02636,F0401,2024 Short Rains,Maize,04-Oct-24,PH4,14.0
P02637,F0402,2019 LR,Maize,2019-03-22,PH4,9.9
P02638,F0402,2019 Short Rains,Maize,05-Nov-19,PH4,19.0
P02639,F0402,2020 Short Rains,Maize,10/11/2020,PH4,11.1
P02640,F0402,2023-LR,maize,2023-04-04,landrace,17.0
P02641,F0403,2019 LR,Sorghum,2019-04-11,Local,2.4
P02642,F0403,2019 Short Rains,MAIZE,2019-11-09,Local,1.5
P02643,F0403,2020 Short Rains,Maize,"Nov 09, 2020",PH4,0.9
P02644,F0403,LR 2021,maize,"Apr 18, 2021",landrace,1.2
P02645,F0403,2021 Short Rains,maize,19-Nov-21,H513,1.6
P02646,F0403,2022 Long Rains,Maize,2022-03-15,Local,1.5
P02647,F0403,2022 SR,Beans,25/10/2022,KAT-B9,1.1
P02648,F0403,2023 Long Rains,Beans,2023-03-28,LOCAL,1.5
P02649,F0403,2024 Long Rains,Beans,2024-03-30,KAT-B1,2.4
P02650,F0404,2019 short rains,Maize,04/11/2019,Local,2.8
P02651,F0404,2020 Long Rains,Wheat,2020-03-31,landrace,3.6
P02652,F0404,2020 SR,maize,14-Oct-20,H513,4.6
P02653,F0404,LR2021,wheat,2021-04-14,local,4.1
P02654,F0404,2022 LR,Maize ,"Mar 12, 2022",H614,4.3
P02655,F0404,2023-SR,wheat,2023-11-09,Eagle-10,2.5
P02656,F0404,2024-LR,Wheat,2024-04-21,Robin,4.0
P02657,F0405,2019 Long Rains,Maize ,2019-04-16,landrace,1.0
P02658,F0405,2021-SR,Maize,"Oct 31, 2021",PH4,2.3
P02659,F0405,LR 2023,Maize,2023-03-07,H614,1.2
P02660,F0405,2023 Short Rains,Wheat,17/11/2023,Robin,1.8
P02661,F0405,2024 Long Rains,Wheat,19/03/2024,Local,1.0
P02662,F0406,2021 long rains,Maize,"Mar 27, 2021",,2.7
P02663,F0406,SR2021,Maize,05/11/2021,LOCAL,3.7
P02664,F0406,2022 Short Rains,Maize,2022-10-24,PH4,2.8
P02665,F0406,SR 2023,Maize,2023-10-07,PH4,3.5
P02666,F0406,2024 Long Rains,Beans,2024-03-24,KAT-B9,2.4
P02667,F0406,2024 Short Rains,Maize,2024-11-14,,2.7
P02668,F0407,2019 Long Rains,Beans,2019-03-31,,3.4
P02669,F0407,SR 2019,Sorghum,2019-10-08,local,3.4
P02670,F0407,2020 Short Rains,Beans,2020-11-11,LOCAL,3.6
P02671,F0407,LR 2021,Maize,01/04/2021,local,2.1
P02672,F0407,SR 2021,Sorghum,06-Nov-21,LOCAL,1.9
P02673,F0407,SR 2022,MAIZE,01/11/2022,LOCAL,1.8
P02674,F-0407,2023 Long Rains,Maize,2023-04-24,,2.4
P02675,F0407,2024 Long Rains,Maize,2024-03-04,H513,3.6
P02676,F0408,LR 2019,beans,2019-04-12,LOCAL,1.6
P02677,F0408,2019 short rains,Maize,2019-11-17,H614,1.1
P02678,F0408,SR 2020,Beans,10/11/2020,local,1.8
P02679,F0408,2021 long rains,Beans,03/04/2021,landrace,1.9
P02680,F0408,LR2022,Maize,2022-04-11,local,1.6
P02681,F0408,2022 short rains,Maize,2022-10-05,LOCAL,1.6
P02682,F0408,SR 2024,Sorghum,20/10/2024,local,
P02683,F0409,2021 Long Rains,Wheat,08/03/2021,Eagle-10,1.2
P02684,F0409,2023 Long Rains,MAIZE,14/03/2023,PH4,1.0
P02685,F0410,LR2019,beans,19/03/2019,,1.2
P02686,F0410,2020 Long Rains,Maize ,2020-03-05,LOCAL,1.1
P02687,F0410,2020 SR,maize,2020-10-17,Local,1.1
P02688,F0410,LR2021,Beans,2021-04-02,Local,0.9
P02689,F0410,2021 Short Rains,Sorghum,2021-10-20,landrace,1.4
P02690,F0410,LR 2022,Sorghum,23/03/2022,LOCAL,1.3
P02691,F0410,2022-SR,sorghum,2022-10-25,landrace,1.3
P02692,F0410,SR2023,Beans,"Nov 01, 2023",LOCAL,1.3
P02693,F0410,2024-LR,beans,13/04/2024,KAT-B9,1.3
P02694,f0410,2024 Short Rains,Beans,04-Nov-24,KAT-B9,1.6
P02695,F0411,2020 Short Rains,Maize,2020-10-01,landrace,1.8
P02696,F0411,2021 Long Rains,maize,05/04/2021,PH4,1.6
P02697,F0411,SR 2023,MAIZE,2023-11-10,Local,2.1
P02698,F0411,2024 Long Rains,Beans,2024-03-21,KAT-B9,2.3
P02699,F0411,2024 SR,Maize,01/10/2024,landrace,2.3
P02700,F0412,LR2021,Wheat,08-Mar-21,Eagle-10,1.8
P02701,F0412,2021 SR,WHEAT,05/11/2021,Robin,2.0
P02702,F0412,LR 2022,Maize ,30/03/2022,H614,2.1
P02703,F0412,2022 SR,MAIZE,27/10/2022,LOCAL,1.8
P02704,F0412,2023-SR,wheat,18/11/2023,LOCAL,1.3
P02705,F0412,2024 Long Rains,Wheat,2024-04-09,,1.8
P02706,F0412,2024 Short Rains,Maize,08/11/2024,LOCAL,2.5
P02707,F0413,SR2019,Maize,02/11/2019,LOCAL,0.6
P02708,F0413,2020-LR,Beans,2020-03-17,Local,0.4
P02709,F0413,LR 2021,Maize,2021-04-15,H614,0.5
P02710,F0413,LR 2022,Maize,07/04/2022,landrace,0.5
P02711,F0413,2024 Long Rains,Beans,2024-03-19,local,0.3
P02712,F-0413,2024 Short Rains,Maize,11/11/2024,H513,0.4
P02713,F0414,2019 Short Rains,Beans,2019-10-23,landrace,1.0
P02714,F0414,LR 2020,Maize,08/03/2020,H513,1.0
P02715,F0414,2020 Short Rains,Sorghum,2020-10-18,Gadam,1.1
P02716,F0414,2021 Long Rains,maize,10-Mar-21,DK8031,0.9
P02717,F0414,2022 long rains,maize,2022-04-19,landrace,0.9
P02718,F0414,2022 Short Rains,Maize ,2022-11-14,LOCAL,1.3
P02719,F0414,2024-LR,maize,2024-03-04,,0.6
P02720,F0415,2019 LR,Sorghum,2019-03-18,landrace,0.8
P02721,F0415,SR2020,Maize,11-Nov-20,H513,1.2
P02722,F0415,2023 Short Rains,Maize,2023-10-15,Local,1.6
P02723,F0416,2019-SR,Beans,2019-11-12,local,0.6
P02724,F0416,2020-LR,Beans,18/04/2020,LOCAL,0.6
P02725,F0416,2021-LR,Maize,2021-03-24,DK8031,0.3
P02726,F0416,2021 Short Rains,sorghum,2021-10-09,local,0.5
P02727,F0416,2022-SR,Sorghum,2022-10-02,landrace,0.6
P02728,F0416,LR2023,beans,30/03/2023,local,0.3
P02729,F0416,2024 Long Rains,Sorghum,18/04/2024,Local,0.6
P02730,F0417,2019 Short Rains,Sorghum,2019-11-03,LOCAL,1.8
P02731,F0417,2020 short rains,Sorghum,09/10/2020,landrace,
P02732,F0417,SR2021,Sorghum,2021-11-15,landrace,1.5
P02733,F0417,2022-LR,MAIZE,2022-03-14,LOCAL,1.6
P02734,F0417,2023 Long Rains,Beans,"Mar 02, 2023",Local,1.0
P02735,F0417,2024 short rains,Maize,"Oct 18, 2024",landrace,1.4
P02736,F0418,2019 Long Rains,Wheat,19/03/2019,local,2.7
P02737,F0418,2019 Short Rains,Beans,19-Nov-19,KAT-B9,2.7
P02738,F0418,SR 2020,Wheat,16-Nov-20,Robin,3.5
P02739,F0418,2021-LR,Beans,31/03/2021,LOCAL,5.6
P02740,F0418,SR 2021,Maize,2021-10-24,local,4.1
P02741,F0418,LR 2022,Wheat,02/04/2022,Local,4.9
P02742,F0418,2022 Short Rains,Wheat,2022-10-30,Robin,
P02743,F0418,2023 Short Rains,Corn,2023-10-11,local,5.4
P02744,F0418,2024 Long Rains,Maize ,2024-03-02,,5.2
P02745,F0419,2019 Long Rains,Sorgum,2019-03-10,Local,1.4
P02746,F0419,2020-LR,Beans,09/04/2020,KAT-B1,2.4
P02747,F0419,2021 Long Rains,Maize,2021-04-07,H513,2.4
P02748,F0419,SR 2023,Sorghum,2023-11-07,LOCAL,2.0
P02749,F0419,2024 Long Rains,Sorghum,20-Apr-24,local,1.5
P02750,F0420,2019 SR,Beans,2019-11-13,,1.4
P02751,F0420,2020 Long Rains,Beans ,10/04/2020,KAT-B9,1.6
P02752,F0420,2021 Long Rains,Maize,2021-03-17,DK8031,0.9
P02753,F0420,SR2021,sorghum,2021-10-23,LOCAL,0.8
P02754,f0420,LR 2022,Corn,2022-04-07,H513,0.9
P02755,F0420,2022 Short Rains,Sorgum,2022-11-06,Local,0.7
P02756,F0420,2023 Short Rains,Maize,2023-11-19,PH4,0.7
P02757,F0420,2024 Long Rains,Beans,2024-03-07,Local,1.7
P02758,F0421,2019 long rains,Maize,2019-03-26,DK8031,15.6
P02759,f0421,2021 Short Rains,Maize,16/10/2021,DK8031,13.8
P02760,F0421,2022 long rains,Wheat,2022-03-07,,19.4
P02761,F0421,2022 short rains,Maize,08/10/2022,local,16.0
P02762,F0421,2024 Long Rains,Maize,2024-04-12,H513,18.3
P02763,F0421,2024 Short Rains,WHEAT,2024-10-16,Robin,9.6
P02764,F0422,2019 Long Rains,Maize,2019-03-23,H513,1.4
P02765,F0422,2020 Short Rains,Maize,2020-10-17,LOCAL,2.0
P02766,F0422,2021 Long Rains,MAIZE,18/03/2021,Local,2.3
P02767,F0423,2019 Long Rains,Maize,15/04/2019,H614,25.2
P02768,F0423,LR 2023,Beans,2023-04-05,LOCAL,
P02769,F0423,2023 Short Rains,Wheat,2023-11-15,Eagle-10,14.3
P02770,F0423,SR 2024,Wheat,2024-10-07,Robin,19.5
P02771,F0424,2021 LR,Maize,2021-03-25,H614,1.1
P02772,F0424,2021 short rains,Maize,2021-11-17,H513,
P02773,F0424,2023 Short Rains,Corn,2023-10-13,Local,0.7
P02774,F0424,2024-LR,Maize,2024-03-21,H513,1.2
P02775,F0424,2024 Short Rains,Beans,14-Oct-24,local,1.0
P02776,F0425,2019 Short Rains,Wheat,2019-10-18,Eagle-10,4.8
P02777,F0425,2020 Long Rains,Beans,2020-03-30,landrace,2.6
P02778,F0425,2021 Long Rains,Beans,2021-03-12,LOCAL,3.0
P02779,F0425,2022 LR,MAIZE,2022-04-14,PH4,2.7
P02780,F0425,SR 2024,maize,28-Oct-24,Local,4.4
P02781,F-0426,2020 Short Rains,Maize,24/10/2020,LOCAL,2.9
P02782,F0426,LR 2021,Wheat,2021-04-11,local,3.1
P02783,F0426,2021 Short Rains,MAIZE,2021-11-20,PH4,2.4
P02784,F0426,2023 Long Rains,Maize,2023-04-20,Local,2.3
P02785,F0426,2024 Short Rains,Maize,2024-10-17,,3.1
P02786,F0427,2021-LR,Maize,2021-03-10,H614,1.6
P02787,F0427,2021-SR,maize,2021-10-15,H614,
P02788,F0427,2022-LR,beans,2022-04-15,LOCAL,0.8
P02789,F0427,2022 Short Rains,Beans,11/10/2022,KAT-B9,0.8
P02790,F0427,2023 Long Rains,Maize,12/03/2023,Local,1.7
P02791,F0427,LR 2024,beans,2024-03-27,local,1.0
P02792,F0427,2024 Short Rains,Maize,2024-11-20,PH4,0.8
P02793,F0428,2019 LR,Bean,24/04/2019,landrace,0.4
P02794,F0428,LR 2020,Maize,2020-03-06,landrace,0.5
P02795,F0428,SR 2020,Beans,23/10/2020,,0.8
P02796,F0428,2021 Short Rains,Sorghum,2021-10-24,landrace,0.8
P02797,F0428,LR 2022,Beans,19/04/2022,local,0.3
P02798,F0428,2022 Short Rains,Beans ,25/10/2022,Local,0.4
P02799,F0428,2023 long rains,beans,21/04/2023,LOCAL,0.3
P02800,F0428,2023 short rains,Beans,2023-10-03,LOCAL,0.3
P02801,F0429,2019 Long Rains,Maize,14-Mar-19,DK8031,1.6
P02802,F0429,2019-SR,Maize,08/11/2019,local,2.0
P02803,F0429,2021 Long Rains,Maize,2021-03-17,landrace,1.6
P02804,F0429,SR 2022,Maize,17/10/2022,Local,2.7
P02805,F0429,2023 Long Rains,Maize,22/03/2023,DK8031,
P02806,F0429,2024 SR,Maize,2024-11-14,Local,3.2
P02807,F0430,2019 Long Rains,beans,06-Mar-19,landrace,2.7
P02808,F0430,2019 short rains,Sorghum,14/11/2019,Seredo,3.9
P02809,F0430,2020-LR,Sorghum,2020-03-16,LOCAL,3.2
P02810,F0430,2021-LR,Sorghum,2021-03-30,Local,4.8
P02811,F0430,2021 Short Rains,Maize,2021-11-04,H513,4.5
P02812,F0430,2022-LR,Maize,07/03/2022,,5.1
P02813,F0430,SR 2022,beans,2022-10-09,landrace,3.8
P02814,f0430,2023-LR,Corn,2023-04-24,local,3.3
P02815,f0430,2024 Long Rains,Maize,2024-04-10,landrace,5.0
P02816,F0431,2019 Long Rains,Maize,05/04/2019,Local,1.2
P02817,F0431,2019 Short Rains,Maize,02-Oct-19,local,0.9
P02818,F0431,2021 long rains,Beans,2021-04-02,Local,0.7
P02819,F0431,2021 Short Rains,Maize,2021-10-16,H513,0.8
P02820,F0431,2022 short rains,BEANS,2022-11-09,local,0.6
P02821,F0431,LR 2023,BEANS,25/04/2023,,0.9
P02822,F0431,2023 Short Rains,Beans,18/11/2023,Local,1.1
P02823,F0431,SR2024,Beans,2024-11-02,LOCAL,0.9
P02824,F0432,2020 short rains,maize,12/10/2020,local,5.2
P02825,F0432,2021-LR,Wheat,25-Mar-21,Robin,7.0
P02826,F0432,LR 2022,Wheat,2022-04-15,LOCAL,5.0
P02827,F0432,SR 2022,Wheat,2022-10-18,Robin,5.5
P02828,F0432,2023-SR,Maize,2023-10-04,H513,3.1
P02829,F0432,2024 Long Rains,Wheat,19-Mar-24,Robin,3.4
P02830,F0432,SR 2024,Maize ,09-Oct-24,H614,5.3
P02831,F0433,2020-LR,Sorghum,2020-04-23,local,1.1
P02832,F0433,2021 Long Rains,Beans,2021-04-20,landrace,0.9
P02833,F0433,2021 Short Rains,Maize,2021-10-02,Local,0.7
P02834,F0433,2023 Long Rains,Beans,25/04/2023,local,0.7
P02835,F0433,2024 Long Rains,Corn,2024-03-23,landrace,0.7
P02836,F0433 ,2024 Short Rains,Beans,30/10/2024,local,0.7
P02837,F0434,2019 Short Rains,maize,12/11/2019,LOCAL,2.0
P02838,F0434,2020-LR,Maize,2020-03-27,PH4,2.5
P02839,F0434,2020 short rains,Maize,"Nov 13, 2020",local,3.1
P02840,F0434,2021 short rains,Maize,"Nov 03, 2021",H614,6.0
P02841,F0434,2022 Long Rains,Maize,2022-03-28,landrace,4.0
P02842,F0434,2022 Short Rains,Beans,2022-11-18,KAT-B9,2.9
P02843,F0434,2023-LR,Bean,27/03/2023,local,3.8
P02844,F0434,SR 2023,Beans,15-Oct-23,Local,4.0
P02845,F0434,2024-SR,Maize,22/10/2024,H614,3.2
P02846,F0435,2019 Long Rains,BEANS,2019-03-06,local,1.7
P02847,F0435,SR 2019,Wheat,2019-10-02,Eagle-10,2.7
P02848,F0435,2021 Long Rains,MAIZE,24/03/2021,DK8031,2.3
P02849,F0435,2022 Long Rains,Maize,2022-03-06,,1.4
P02850,F0435,2022 Short Rains,Wheat,10/11/2022,Eagle-10,2.3
P02851,F0435,2023 Short Rains,Wheat,03-Oct-23,Eagle-10,1.8
P02852,F0436,LR2019,Wheat,2019-04-01,landrace,14.9
P02853,F0436,2019-SR,Wheat,02/10/2019,Robin,10.7
P02854,F0436,2020-SR,Maize,2020-10-18,local,14.8
P02855,F0436,2021 Long Rains,Wheat,05/03/2021,Robin,13.9
P02856,F0436,2022 Long Rains,BEANS,22/03/2022,landrace,15.5
P02857,F0436,2022 Short Rains,Maize,"Oct 23, 2022",PH4,14.7
P02858,F0436,LR 2023,Maize,01/03/2023,,9.2
P02859,F0436,2024 Long Rains,Wheat,2024-04-19,Robin,12.4
P02860,F0436,2024 short rains,Wheat,2024-10-01,Eagle-10,10.8
P02861,F0437,LR 2019,Maize,"Apr 09, 2019",H513,1.6
P02862,F0437,2020 Short Rains,Maize,2020-10-19,DK8031,2.5
P02863,F0437,LR2022,MAIZE,08-Mar-22,PH4,1.4
P02864,F0437,2022 short rains,Maize,30/10/2022,PH4,1.4
P02865,F0437,2023 long rains,Maize,16/04/2023,LOCAL,1.4
P02866,F0437,2024 Short Rains,maize,29/10/2024,PH4,1.2
P02867,F0438,2020 Short Rains,Beans,2020-11-07,Local,0.5
P02868,F0438,2021 Long Rains,Maize,02/03/2021,LOCAL,0.3
P02869,F0438,SR 2021,Maize,07/11/2021,local,0.6
P02870,F0438,2022 Long Rains,maize,"Apr 15, 2022",LOCAL,0.6
P02871,F0438,2022 Short Rains,Maize,2022-10-09,LOCAL,0.6
P02872,F0438,2023 Long Rains,Sorghum,2023-04-13,local,0.7
P02873,F0438,2024 LR,Maize,14/04/2024,H614,0.4
P02874,F0438,SR 2024,Sorghum,03/10/2024,LOCAL,0.4
P02875,F0439,LR2019,Maize,2019-04-06,landrace,3.0
P02876,F0439,SR2020,Maize,2020-11-20,LOCAL,2.5
P02877,F0439,SR 2022,Maize,11/11/2022,DK8031,3.9
P02878,F0439,2023 Short Rains,Maize,11/11/2023,DK8031,4.0
P02879,F0439,2024 Long Rains,Maize,2024-03-09,PH4,4.7
P02880,F0439,SR 2024,Beans,2024-10-12,,4.9
P02881,F0440,2019-LR,Maize,2019-04-16,PH4,1.2
P02882,F0440,2019 Short Rains,Wheat,2019-10-12,Robin,1.1
P02883,F0440,SR 2021,Maize ,2021-11-02,H513,1.3
P02884,F0440,2023 Short Rains,Wheat,2023-10-22,Robin,1.1
P02885,F0440,2024-SR,MAIZE,"Nov 20, 2024",Local,1.2
P02886,F0441,2019 Short Rains,Maize,2019-10-15,Local,0.5
P02887,F0441,2020 Long Rains,beans,19/03/2020,LOCAL,0.8
P02888,F0441,2021 Long Rains,Maize,2021-03-29,local,0.6
P02889,F0441,2021 short rains,Sorghum,"Oct 14, 2021",Gadam,0.9
P02890,F0441,2023 long rains,Maize,2023-03-20,landrace,0.8
P02891,F0441,2023 Short Rains,Maize ,15-Nov-23,local,0.6
P02892,F0441,LR 2024,Beans ,17-Apr-24,landrace,1.0
P02893,F0442,2019 Long Rains,wheat,2019-03-26,Eagle-10,3.3
P02894,F0442,SR 2019,Maize,09-Oct-19,LOCAL,1.8
P02895,F0442,2020 Long Rains,Maize,10/03/2020,LOCAL,
P02896,F0442,2020 SR,Maize,2020-10-23,PH4,3.3
P02897,F0442,2022 long rains,Wheat ,"Mar 26, 2022",LOCAL,2.2
P02898,F0442,2022 Short Rains,Maize ,2022-10-29,Local,2.3
P02899,F0442,2023 Short Rains,Maize,2023-10-08,Local,3.1
P02900,F0443,2019 Short Rains,SORGHUM,2019-10-06,landrace,1.8
P02901,F0443,2020 long rains,Sorghum,2020-03-22,landrace,1.4
P02902,F0443,2020 Short Rains,Sorghum,11-Nov-20,Local,1.8
P02903,F0443,2021 Short Rains,Sorghum,2021-11-10,landrace,2.2
P02904,F0443,2023 Long Rains,Beans,2023-04-07,KAT-B9,2.3
P02905,F0443,2024 long rains,Beans,2024-04-12,local,1.9
P02906,F0444,2019 Long Rains,Beans,04/03/2019,LOCAL,1.1
P02907,F0444,SR 2020,Sorghum,25/10/2020,landrace,
P02908,F0444,LR2021,Maize,2021-03-02,H513,0.5
P02909,F0444,2022 long rains,Maize,2022-03-30,landrace,0.8
P02910,F0444,2022-SR,SORGHUM,11/11/2022,LOCAL,0.6
P02911,F0444,2023 LR,SORGHUM,2023-03-24,landrace,1.2
P02912,F0444,2024 long rains,MAIZE,05/04/2024,PH4,0.9
P02913,F0445,2020 LR,maize,2020-03-18,H513,
P02914,F0445,2020-SR,Wheat,13-Oct-20,Local,3.5
P02915,F0445,2021 LR,Wheat,13/03/2021,Robin,
P02916,F0445,2021 short rains,Maize,2021-11-15,landrace,2.3
P02917,F0445,2022 short rains,Maize,2022-10-06,H614,3.2
P02918,F0445,2023 Long Rains,Maize,08/04/2023,local,3.4
P02919,F0445,2023 short rains,Maize,31-Oct-23,DK8031,2.0
P02920,F0445,2024 Short Rains,Beans,11/11/2024,Local,2.3
P02921,F0446,LR 2019,Maize,18/04/2019,PH4,1.8
P02922,F0446,2019 SR,Beans ,2019-10-18,LOCAL,2.6
P02923,F0446,2020 long rains,Maize,11/04/2020,H513,1.7
P02924,F0446,2020 short rains,beans,"Oct 19, 2020",LOCAL,1.4
P02925,F0446,LR 2021,Corn,2021-04-01,local,2.3
P02926,F0446,2024 Short Rains,Maize,09/10/2024,H614,1.7
P02927,F0447,2019 Long Rains,wheat,"Apr 17, 2019",Eagle-10,1.7
P02928,F0447,2019-SR,Wheat,04-Nov-19,Robin,3.1
P02929,F0447,2020 LR,Maize,2020-04-08,Local,1.8
P02930,F0447,2021 LR,WHEAT,"Mar 25, 2021",,1.8
P02931,F0447,2022 Short Rains,Beans,02/10/2022,local,1.8
P02932,F0447,LR 2023,maize,2023-03-22,PH4,1.8
P02933,F0447,2023 SR,Maize,2023-11-04,DK8031,2.4
P02934,F0447,2024 Long Rains,Wheat,2024-03-26,Robin,1.8
P02935,F0448,2019 Long Rains,Sorghum,22/03/2019,,0.5
P02936,F0448,2019-SR,MAIZE,10/10/2019,H614,0.9
P02937,F0448,2020 LR,Maize ,2020-04-21,DK8031,0.4
P02938,F0448,2021 SR,Maize,2021-10-07,landrace,0.8
P02939,F0448,2022 short rains,Corn,27/10/2022,DK8031,0.5
P02940,F0448,2023 LR,Beans,2023-04-16,KAT-B9,0.7
P02941,F0448,2023 Short Rains,Maize,2023-10-16,H614,0.5
P02942,F0448,2024 SR,Maize,04-Nov-24,PH4,0.5
P02943,F0449,2019 Long Rains,Maize,"Apr 23, 2019",landrace,3.4
P02944,F0449,SR 2019,Wheat,2019-10-29,,2.4
P02945,f0449,2020 Long Rains,beans,2020-04-02,LOCAL,2.4
P02946,F0449,SR 2020,Maize,2020-10-03,H614,4.7
P02947,F0449,2022-LR,Maize,19-Apr-22,H513,2.2
P02948,F0449,2023 LR,Wheat,27/03/2023,landrace,2.3
P02949,F0449,2023 short rains,Maize,15-Nov-23,DK8031,4.6
P02950,F0449,2024 short rains,Maize,2024-11-15,H513,4.3
P02951,F0450,SR 2019,MAIZE,2019-10-31,PH4,3.5
P02952,F0450,2020 LR,Beans,09/04/2020,LOCAL,6.2
P02953,F0450,2021 Long Rains,Beans,11/03/2021,Local,4.7
P02954,F0450,SR2021,Beans,2021-10-19,Local,6.5
P02955,F0450,2022-LR,maize,19-Apr-22,H513,5.4
P02956,F0450,2022 Short Rains,Beans,2022-11-03,LOCAL,4.3
P02957,F0450,2024-SR,Beans,18/10/2024,KAT-B9,7.3
P02958,F0451,LR 2019,Maize,2019-04-11,local,1.0
P02959,F0451,2019-SR,Sorghum,2019-11-19,Seredo,0.8
P02960,F0451,2020 long rains,Beans,2020-03-18,LOCAL,0.5
P02961,F0451,2020 Short Rains,Sorghum,2020-10-18,local,0.8
P02962,F0451,2023 Long Rains,Maize,02/04/2023,H614,0.9
P02963,F0452,2019 Long Rains,Maize,2019-03-31,local,1.5
P02964,F0452,2019 short rains,Maize,2019-11-09,H513,2.4
P02965,F0452,2020-LR,Maize,2020-03-05,PH4,1.4
P02966,F0452,SR2020,Maize,2020-10-18,PH4,1.9
P02967,F0452,LR 2021,Maize,19/04/2021,PH4,2.4
P02968,F0452,LR 2022,Maize,2022-03-18,Local,2.5
P02969,F0452,2022-SR,Sorghum ,23-Oct-22,LOCAL,2.3
P02970,F0452,2023 Long Rains,Maize ,03/03/2023,DK8031,2.3
P02971,F0452,2024 short rains,Sorghum,2024-10-16,local,1.5
P02972,F0453,2019-LR,Beans,14/03/2019,KAT-B9,2.1
P02973,F0453,2019 short rains,Maize,25/10/2019,landrace,1.5
P02974,F0453,SR 2021,Maize,2021-10-28,H614,1.2
P02975,F0453,2022 Long Rains,Maize,2022-04-08,landrace,1.4
P02976,F0453,2022 Short Rains,Maize,2022-11-08,Local,1.6
P02977,F0453,LR2023,Beans,"Apr 15, 2023",landrace,2.1
P02978,F0453,2023 Short Rains,Bean,2023-10-01,landrace,1.2
P02979,F0454,2019-LR,Wheat,2019-03-05,Local,
P02980,F0454,SR 2019,Maize,18/11/2019,local,1.6
P02981,F0454,LR2020,wheat,2020-04-08,LOCAL,1.4
P02982,f0454,2021 Long Rains,WHEAT,2021-03-13,local,1.7
P02983,F0454,2021-SR,Maize,2021-11-20,H513,2.1
P02984,F0454,2022 LR,Wheat,02/03/2022,Eagle-10,1.6
P02985,F0454,LR 2023,Corn,2023-03-25,local,2.6
P02986,F0455,2019 Long Rains,maize,2019-03-01,LOCAL,2.7
P02987,F0455,SR 2019,Maize,2019-10-30,landrace,0.8
P02988,F-0455,LR 2020,beans,2020-03-05,KAT-B9,1.5
P02989,F0455,2020 Short Rains,Maize,12/10/2020,PH4,1.5
P02990,F0455,LR2021,BEANS,2021-04-08,LOCAL,0.7
P02991,F0455,LR2022,Beans,2022-04-13,KAT-B1,0.8
P02992,F0455,2023 long rains,Maize ,15/04/2023,PH4,1.0
P02993,F0456,2019-SR,Wheat,03-Oct-19,Robin,9.8
P02994,F0456,LR 2020,Corn,2020-04-10,DK8031,5.5
P02995,F0456,2020 Short Rains,Maize,2020-10-23,Local,8.9
P02996,F-0456,2021 long rains,Wheat,2021-03-10,Local,10.7
P02997,F0456,2021 Short Rains,Beans,2021-10-26,,9.4
P02998,F0456,2024-SR,BEANS,13-Oct-24,,5.9
P02999,F0457,2019 Long Rains,Maize,2019-04-19,H513,3.9
P03000,F0457,LR 2021,Maize,2021-04-22,Local,2.6
P03001,F0457,2021 Short Rains,Maize,2021-11-02,H614,3.7
P03002,F0457,2022 long rains,maize,02/04/2022,LOCAL,2.4
P03003,F0457,LR 2023,Maize,2023-03-23,PH4,3.1
P03004,F0457,2023 short rains,maize,2023-10-12,,4.2
P03005,F0458,2019 Long Rains,Wheat,04/04/2019,Eagle-10,0.4
P03006,F0458,LR2020,Maize,20/03/2020,landrace,0.5
P03007,F0458,2020 SR,Maize,2020-10-25,LOCAL,0.4
P03008,F0458,2021 Long Rains,Maize,08/03/2021,DK8031,0.4
P03009,F0458,2021 Short Rains,Wheat,2021-10-23,,
P03010,F0458,2023 Long Rains,Maize,2023-03-08,H614,0.6
P03011,F0458,2023 Short Rains,Wheat,2023-11-19,Robin,0.8
P03012,F0459,2019 LR,Maize,2019-04-19,PH4,3.6
P03013,F0459,2020 Long Rains,Wheat,23/04/2020,Eagle-10,4.9
P03014,F0459,2021-LR,maize,2021-03-08,H513,5.0
P03015,F0459,2021 short rains,Maize,"Oct 07, 2021",Local,2.4
P03016,F0459,2023 Short Rains,Maize,2023-10-08,LOCAL,4.1
P03017,F0460 ,2019-LR,maize,2019-04-06,LOCAL,4.6
P03018,F0460,2019 Short Rains,Sorghum,"Oct 03, 2019",local,5.8
P03019,F0460,2021 Long Rains,sorghum,11/04/2021,Local,
P03020,F0460,2022 Short Rains,Maize,2022-11-16,H513,2.4
P03021,F0460,2023 Short Rains,Maize,11-Oct-23,PH4,4.8
P03022,F0460,LR2024,Bean,2024-04-04,Local,9.0
P03023,F0461,SR2019,Maize,2019-10-10,landrace,0.9
P03024,F0461,2020 Long Rains,beans,2020-04-15,Local,1.0
P03025,F0461,SR 2020,maize,05/11/2020,,1.5
P03026,F0461,2022 long rains,Maize,2022-04-17,H513,1.3
P03027,F0461,2023 short rains,Beans,07-Nov-23,Local,1.1
P03028,F0461,SR2024,beans,01-Nov-24,local,1.4
P03029,F0462,2019-LR,sorghum,2019-03-19,LOCAL,5.1
P03030,F0462,2020 Long Rains,Sorghum,15/03/2020,Seredo,2.2
P03031,F-0462,2021 long rains,beans,2021-03-22,landrace,2.5
P03032,F0462,2022-SR,Sorghum,2022-10-12,Seredo,2.8
P03033,F0462,2023 Long Rains,Maize,12-Apr-23,LOCAL,3.3
P03034,F0462,LR 2024,Beans,2024-04-07,landrace,5.3
P03035,F0463,2019-SR,Maize,2019-10-05,local,0.6
P03036,F0463,2020 SR,BEANS,2020-10-28,Local,0.4
P03037,F-0463,2022 long rains,Sorghum,2022-04-18,LOCAL,0.8
P03038,F0463,2022-SR,Maize,2022-10-15,DK8031,0.6
P03039,F0463,SR 2023,beans,24-Oct-23,LOCAL,0.5
P03040,F0463,2024 long rains,Beans ,2024-03-05,LOCAL,1.0
P03041,F0463,2024 SR,Maize,2024-11-03,DK8031,0.6
P03042,F0464,2019 Long Rains,Beans,2019-04-19,landrace,2.4
P03043,F0464,2019-SR,Corn,"Oct 25, 2019",H614,1.9
P03044,F0464,LR 2021,Beans,03-Mar-21,KAT-B9,2.5
P03045,F0464,2021 Short Rains,maize,2021-11-02,PH4,1.9
P03046,F0464,LR 2022,maize,2022-03-22,DK8031,2.1
P03047,F0464,2022 short rains,Maize,2022-11-18,,2.2
P03048,F0464,2023 Long Rains,Maize,2023-04-10,LOCAL,2.5
P03049,F0464,2023-SR,Beans,2023-10-05,local,2.5
P03050,F0464,2024 Long Rains,Maize,2024-04-25,PH4,1.1
P03051,F0464,2024 Short Rains,Beans,2024-10-07,KAT-B1,2.2
P03052,F0465,2019-LR,Maize,16-Apr-19,landrace,18.4
P03053,F0465,SR 2020,Wheat,2020-10-05,landrace,20.4
P03054,F0465,2021 short rains,Wheat,19/11/2021,LOCAL,16.4
P03055,F0465,2022 SR,Maize,2022-11-01,landrace,18.6
P03056,F0465,2023 Long Rains,Maize,2023-03-28,PH4,10.2
P03057,F0465,SR 2023,Maize,2023-10-16,DK8031,20.0
P03058,F0465,LR 2024,Maize,2024-04-05,Local,14.4
P03059,F0465,2024-SR,Maize,16-Nov-24,local,
P03060,F0466,2019 Long Rains,Maize ,2019-03-04,PH4,2.8
P03061,F0466,2020 Long Rains,maize,18-Apr-20,H513,1.2
P03062,F0466,2022 Long Rains,Maize,27/03/2022,landrace,1.9
P03063,F0466,LR 2023,Maize,02/03/2023,H614,1.5
P03064,F0466,SR 2024,Bean,"Oct 29, 2024",KAT-B9,0.8
P03065,F0467,2020 Long Rains,Sorghum ,2020-03-15,Gadam,0.8
P03066,F0467,2021 Long Rains,Maize,27/03/2021,LOCAL,0.7
P03067,F0467,LR 2022,Maize,2022-04-10,Local,0.7
P03068,F0467,2023-LR,Sorghum,2023-04-04,landrace,0.4
P03069,F0467,2024 Long Rains,Beans,10/04/2024,landrace,0.5
P03070,F0468,2019 Short Rains,Beans,11/10/2019,landrace,1.1
P03071,F0468,LR 2022,Sorghum,2022-04-14,Gadam,1.2
P03072,F0468,2022 Short Rains,Maize,16-Oct-22,H614,1.2
P03073,F0468,2024 LR,Beans ,14/04/2024,LOCAL,0.6
P03074,F0469,2019 LR,MAIZE,25/03/2019,local,4.1
P03075,f0469,2022-SR,maize,2022-10-13,H513,2.3
P03076,F0469,2023 Short Rains,Maize,2023-10-16,local,2.4
P03077,F0469,LR 2024,Wheat,08-Apr-24,Eagle-10,2.8
P03078,F0469,2024 Short Rains,Maize,30-Oct-24,H513,3.2
P03079,F0470,2019 Short Rains,Beans,2019-10-31,local,1.9
P03080,F0470,2020 Long Rains,SORGHUM,2020-04-05,LOCAL,2.6
P03081,F0470,SR 2020,beans,"Nov 14, 2020",KAT-B9,2.1
P03082,F0470,2021 Long Rains,Sorgum,2021-03-20,Gadam,2.3
P03083,F0470,2021-SR,Sorghum,14-Oct-21,local,1.5
P03084,F0470,LR 2022,Maize,2022-03-14,Local,1.8
P03085,F0471,2019 long rains,BEANS,2019-04-17,KAT-B1,0.6
P03086,F0471,SR 2020,MAIZE,2020-11-19,local,0.5
P03087,F0471,2022 Long Rains,sorghum,2022-04-01,local,0.6
P03088,F0471,2022 Short Rains,beans,30/10/2022,LOCAL,0.4
P03089,F0471,2023 LR,Maize,01/04/2023,H513,0.4
P03090,F0471,2024 Long Rains,maize,03-Mar-24,H513,0.6
P03091,F0471,2024 Short Rains,Maize,2024-11-04,H513,
P03092,F0472,2019 Long Rains,Beans,"Mar 07, 2019",KAT-B1,3.2
P03093,F0472,2019 Short Rains,Maize,05/11/2019,Local,1.6
P03094,F0472,LR2020,Beans,2020-03-14,LOCAL,1.5
P03095,f0472,2022 LR,Maize,2022-04-16,landrace,
P03096,F0472,2024 Short Rains,Maize,12/10/2024,,2.0
P03097,F0473,2019 Long Rains,MAIZE,09/04/2019,landrace,0.7
P03098,F-0473,2019 Short Rains,Maize,"Nov 04, 2019",H614,1.5
P03099,F0473,2020 Long Rains,beans,2020-03-19,LOCAL,1.2
P03100,F0473,SR 2020,Sorghum,2020-10-10,local,1.6
P03101,F0473,2021 long rains,beans,2021-03-26,Local,1.6
P03102,F0473,2022 Long Rains,Maize,2022-04-03,Local,0.9
P03103,F0473,2023-SR,Beans,06-Oct-23,Local,
P03104,F0473,2024 Short Rains,Beans ,2024-10-14,LOCAL,1.4
P03105,F0474,2019 Short Rains,Beans,2019-10-05,KAT-B1,6.4
P03106,F0474,2020 LR,Wheat,2020-03-30,LOCAL,7.2
P03107,F0474,2020 Short Rains,Beans,07/10/2020,Local,4.7
P03108,F0474,2021 Long Rains,Wheat,07-Mar-21,Robin,5.9
P03109,F0474,2022-LR,maize,2022-04-10,LOCAL,5.9
P03110,F0474,2023 long rains,Wheat,2023-04-08,landrace,3.4
P03111,F0475,2019 LR,Beans ,2019-03-20,Local,1.2
P03112,F0475,LR2020,Sorghum,2020-04-02,Seredo,1.8
P03113,F0475,2020 Short Rains,Sorghum,13-Oct-20,Local,2.3
P03114,F0475,LR 2021,Maize,2021-04-08,DK8031,1.7
P03115,F0475,SR2021,Maize,17/11/2021,DK8031,1.4
P03116,F0475,SR 2022,Maize,2022-10-11,landrace,1.3
P03117,F0475,2024 Long Rains,BEANS,01/03/2024,LOCAL,1.8
P03118,F0475,2024 Short Rains,Maize,28/10/2024,local,1.5
P03119,F0476,2019-SR,Beans,2019-11-06,local,1.6
P03120,F0476,2020 Short Rains,Maize,2020-11-04,,3.0
P03121,F0476,2021 Long Rains,Beans,2021-03-13,KAT-B9,1.8
P03122,F0476,2021 Short Rains,maize,12/10/2021,landrace,2.2
P03123,F0476,2022 long rains,Beans,20/03/2022,local,1.4
P03124,F0476,SR 2022,Sorghum,2022-10-29,Local,2.4
P03125,F0476,SR2024,Maize,"Oct 11, 2024",PH4,2.2
P03126,F0477,2019-SR,Beans,25-Oct-19,,4.5
P03127,F0477,2021 LR,beans,01/04/2021,local,3.8
P03128,F0477,2021 short rains,maize,09/10/2021,DK8031,3.8
P03129,F0477,2022 Long Rains,Maize ,08/04/2022,LOCAL,5.6
P03130,F0477,2023 long rains,Sorghum,03/03/2023,landrace,3.1
P03131,F0477,2023 Short Rains,Sorghum,2023-10-07,landrace,5.2
P03132,F0477,2024-LR,Sorghum,2024-03-31,Seredo,4.7
P03133,F0477,SR 2024,Sorghum,07-Oct-24,landrace,2.5
P03134,F0478,LR 2019,beans,2019-03-29,landrace,2.2
P03135,F0478,LR2021,Maize,2021-04-17,H614,3.9
P03136,F0478,LR2023,Beans,"Apr 13, 2023",local,2.6
P03137,F0478,2024 short rains,Maize,2024-10-11,landrace,3.0
P03138,F0479,2019 LR,Maize,2019-04-17,H513,0.4
P03139,F0479,2019 Short Rains,Sorghum,04-Oct-19,LOCAL,0.5
P03140,F0479,2020 Short Rains,Maize,2020-10-28,Local,0.3
P03141,F0479,2022 long rains,Maize,2022-03-11,PH4,0.3
P03142,F0479,2023 Long Rains,Maize,07/04/2023,LOCAL,0.3
P03143,F0479,2024 Long Rains,Sorghum,2024-04-13,landrace,0.4
P03144,F0479,2024 Short Rains,Maize,2024-11-09,LOCAL,0.3
P03145,F0480,2019 Long Rains,Maize,"Mar 21, 2019",local,0.6
P03146,F0480,2019 Short Rains,Maize ,2019-11-20,LOCAL,0.5
P03147,F0480,2020 Short Rains,Maize,2020-10-18,PH4,0.4
P03148,F0480,2021 Short Rains,Maize,01/10/2021,local,0.3
P03149,F0480,2022 Long Rains,Maize,19/03/2022,PH4,0.4
P03150,F0480,SR 2022,maize,2022-10-14,DK8031,0.5
P03151,F0480 ,2023 Long Rains,Beans,"Mar 05, 2023",local,0.5
P03152,F0480,2024 long rains,Beans,2024-03-24,local,0.3
P03153,F0480,2024 Short Rains,Maize,27-Oct-24,LOCAL,0.5
P03154,F0481,2020 Long Rains,Maize,2020-04-23,Local,4.3
P03155,F0481,SR 2020,wheat,10-Nov-20,Eagle-10,9.3
P03156,F0481,2021 long rains,Maize,01/03/2021,PH4,7.4
P03157,F0481,2021 SR,Wheat,2021-10-23,Eagle-10,4.7
P03158,F0481,2022 Long Rains,Wheat ,21/03/2022,Eagle-10,7.2
P03159,F0481,2022 Short Rains,Wheat,2022-10-06,Eagle-10,8.9
P03160,F0481,2023 Long Rains,Maize,25/03/2023,LOCAL,10.0
P03161,F0482,2019 LR,Maize,"Mar 13, 2019",H614,0.7
P03162,F0482,2019 short rains,Maize,2019-10-18,LOCAL,1.3
P03163,F0482,2021 SR,Maize,12/10/2021,local,0.8
P03164,F0482,2022 LR,Maize,2022-04-16,H614,1.5
P03165,F0482,2022-SR,Maize,09/11/2022,DK8031,1.5
P03166,F0482,2023 Long Rains,Maize,2023-04-14,Local,1.6
P03167,F0482,2023 Short Rains,Sorghum,2023-11-02,LOCAL,0.9
P03168,F0482,2024 Long Rains,BEANS,"Apr 25, 2024",KAT-B9,1.3
P03169,F0483,2019 Long Rains,BEANS,2019-03-24,LOCAL,3.9
P03170,F0483,2019 Short Rains,maize,15-Nov-19,LOCAL,6.9
P03171,F0483,2020-LR,Maize,28/03/2020,DK8031,5.5
P03172,F-0483,2020 SR,beans,01/10/2020,Local,4.2
P03173,F0483,2021 Long Rains,Wheat grain,2021-03-06,,6.9
P03174,F0483,2022 Long Rains,Wheat,2022-03-20,local,7.2
P03175,F0483,LR2023,WHEAT,2023-03-03,Robin,3.5
P03176,F0483,2023 Short Rains,Beans,2023-10-21,,5.4
P03177,F0483,2024 Long Rains,Wheat,2024-03-01,LOCAL,5.8
P03178,F0484,2019 Short Rains,Maize,2019-10-07,DK8031,1.4
P03179,F0484,LR 2020,Beans,2020-03-20,landrace,2.0
P03180,F0484,2020-SR,Maize,2020-10-11,landrace,1.9
P03181,F0484,2022 Short Rains,Bean,28/10/2022,LOCAL,1.6
P03182,F0484,2023 long rains,Corn,2023-03-26,PH4,2.6
P03183,F0484,SR 2023,Maize,2023-10-08,H614,2.0
P03184,F0484,2024 short rains,beans,2024-11-14,local,1.9
P03185,F0485,2019-LR,MAIZE,2019-03-06,LOCAL,1.6
P03186,F0485,2020-LR,Beans,2020-04-23,LOCAL,2.1
P03187,F0485,SR 2022,Beans,2022-11-04,local,1.0
P03188,F0485,2023 long rains,Maize,2023-03-29,H614,1.9
P03189,F0485,SR2023,Maize,07/11/2023,H614,1.7
P03190,f0485,2024 Long Rains,Sorghum,2024-04-05,local,1.7
P03191,F0485,2024 Short Rains,Corn,2024-10-16,PH4,1.7
P03192,F0486,2019 long rains,Maize,13/03/2019,H513,0.8
P03193,F0486,2019 short rains,wheat,22/10/2019,Robin,1.6
P03194,F0486,2021 Long Rains,maize,2021-03-11,H513,1.0
P03195,F0486,SR 2021,Beans,02/11/2021,Local,0.6
P03196,F0486,2022 Long Rains,Beans,2022-03-18,landrace,0.7
P03197,F0486,2024 Long Rains,beans,2024-04-23,LOCAL,0.4
P03198,F0487,2020 Long Rains,Maize,2020-03-01,local,10.2
P03199,F0487,2020 Short Rains,Maize,20/10/2020,H614,9.6
P03200,F0487,2021 Long Rains,BEANS,13-Mar-21,KAT-B9,6.5
P03201,F0487,SR 2022,Maize,2022-10-17,LOCAL,11.1
P03202,F0487,2023 Long Rains,Wheat,2023-03-23,LOCAL,12.8
P03203,F0487,2023 Short Rains,Wheat,26/10/2023,Robin,13.1
P03204,F0488,2020 Long Rains,Maize,2020-04-15,H513,3.1
P03205,F0488,2020 SR,Maize,2020-10-23,,2.9
P03206,F0488,2022 SR,maize,2022-10-25,H614,3.6
P03207,F0488,2023-SR,Wheat,2023-11-16,Robin,3.0
P03208,F0489,LR 2019,Maize,"Apr 09, 2019",H614,0.5
P03209,F0489,2019 Short Rains,Beans,16/11/2019,local,0.4
P03210,F0489 ,2020 Long Rains,Maize ,2020-03-08,LOCAL,0.6
P03211,F0489,2021 long rains,Maize,2021-04-20,PH4,0.9
P03212,F0489,2022 Long Rains,MAIZE,12-Mar-22,H513,0.7
P03213,F0489,2023 Long Rains,MAIZE,16/03/2023,LOCAL,0.6
P03214,F0489,2023 short rains,Maize,2023-11-07,landrace,0.7
P03215,F0489,2024-LR,maize,03-Apr-24,Local,0.8
P03216,F0490,LR 2019,Beans,2019-04-21,LOCAL,3.3
P03217,F0490,2019 Short Rains,Maize,2019-11-19,H513,2.5
P03218,F0490,2020 Long Rains,MAIZE,23/04/2020,DK8031,2.5
P03219,F0490,SR 2020,Maize,19/10/2020,Local,3.4
P03220,F0490,2021 Short Rains,Maize,2021-11-10,DK8031,2.0
P03221,F0490,2022 long rains,Maize,2022-03-14,H614,3.6
P03222,F0490,2023 long rains,Maize,16/04/2023,H513,2.1
P03223,F0490,SR2024,MAIZE,03/10/2024,LOCAL,3.0
P03224,F0491,2019-SR,Maize,2019-10-17,Local,0.5
P03225,F0491,2020 LR,Maize,2020-03-15,LOCAL,0.6
P03226,F0491,SR 2020,Sorghum,"Nov 06, 2020",landrace,0.3
P03227,F0491,2022 Short Rains,Maize,2022-10-21,Local,0.5
P03228,F0491,2023 LR,Maize,2023-03-10,,0.5
P03229,F0491 ,2024 LR,Beans,21-Mar-24,KAT-B9,0.6
P03230,F0491,2024 SR,Maize,19/11/2024,H513,0.6
P03231,F0492,2019 long rains,Beans,2019-03-27,local,1.2
P03232,f0492,2019 Short Rains,Maize,"Nov 06, 2019",H513,2.1
P03233,F0492,2020 Long Rains,Maize,27-Mar-20,H513,0.9
P03234,F0492,2020 SR,Sorghum,03-Oct-20,local,1.4
P03235,F0492,2021 Short Rains,Beans ,03/10/2021,LOCAL,1.5
P03236,F0492,2022 long rains,Beans,2022-03-25,KAT-B1,3.2
P03237,F0492,2022-SR,Sorghum,20/10/2022,landrace,1.9
P03238,F0492,2023 long rains,Sorghum ,2023-04-09,local,0.9
P03239,F0492,2024 LR,Maize,31/03/2024,LOCAL,0.9
P03240,f0493,SR2019,Sorghum,13-Nov-19,Local,1.1
P03241,F0493,2020 LR,Maize,"Mar 13, 2020",Local,0.8
P03242,F0493,SR 2021,Sorghum,11-Oct-21,Local,0.9
P03243,F0493,LR 2022,Sorghum,2022-03-24,landrace,0.9
P03244,F0493,2023 short rains,Beans,2023-11-10,landrace,1.2
P03245,F0493,2024-LR,Beans,2024-03-19,LOCAL,1.1
P03246,F0494,2022 long rains,Maize,2022-04-20,landrace,0.6
P03247,F0494,SR2022,Maize,22-Oct-22,landrace,0.6
P03248,F0494,2023 Long Rains,Maize ,2023-03-18,DK8031,0.5
P03249,F-0494,2023 SR,Beans,2023-10-03,landrace,0.8
P03250,F0494,2024-LR,Sorghum ,2024-03-08,Seredo,0.4
P03251,F0495,2019 Long Rains,Beans,"Mar 20, 2019",Local,
P03252,F0495,2019 short rains,Maize,17/10/2019,Local,0.6
P03253,F0495,LR 2020,maize,03/03/2020,PH4,0.6
P03254,F0495,SR 2020,Maize,2020-11-13,,0.4
P03255,F0495 ,2021 Long Rains,Beans,11-Mar-21,LOCAL,0.4
P03256,F0495,2022-SR,Beans,2022-10-27,LOCAL,0.3
P03257,F0495,2023 SR,Sorghum ,17-Nov-23,LOCAL,0.4
P03258,f0495,2024 Short Rains,BEANS,2024-11-05,,0.5
P03259,F0496,2020 SR,beans,2020-11-07,LOCAL,2.0
P03260,F0496,LR 2021,Maize,2021-04-04,local,2.6
P03261,F0496,2022 Long Rains,Sorghum,2022-04-11,LOCAL,3.0
P03262,F0496,2023 Long Rains,Sorghum ,2023-03-20,landrace,3.3
P03263,F-0497,LR2019,beans,2019-03-26,LOCAL,0.8
P03264,F0497,2020 Short Rains,Maize ,23/10/2020,H614,1.0
P03265,F0497,LR 2021,Maize,2021-03-26,landrace,0.4
P03266,F0497,SR 2021,Maize,2021-10-21,PH4,0.4
P03267,F0497,2022 Short Rains,Beans,31/10/2022,landrace,0.4
P03268,F0497,2023 Long Rains,Sorghum,2023-04-16,LOCAL,0.7
P03269,F0497,SR 2023,Beans,2023-10-29,LOCAL,1.0
P03270,F0497,2024-SR,Sorghum,2024-11-06,Gadam,0.4
P03271,F0498,LR 2019,Beans,2019-04-17,LOCAL,4.9
P03272,F0498,LR2021,Beans,2021-04-01,LOCAL,4.9
P03273,F0498,2021 short rains,Beans,2021-11-16,Local,4.7
P03274,F0498,2023-LR,MAIZE,30/03/2023,PH4,5.5
P03275,F0498,2023 SR,Wheat,2023-11-04,Eagle-10,4.7
P03276,F0499,2019 Long Rains,Sorghum,"Mar 08, 2019",Gadam,
P03277,F0499,SR2022,Maize,2022-11-05,LOCAL,1.6
P03278,F0500 ,2020 SR,Maize,2020-10-13,LOCAL,4.9
P03279,F0500,2021 Long Rains,Maize,05/04/2021,landrace,4.0
P03280,F0500,2023 Short Rains,Maize,2023-10-15,Local,2.2
P03281,F0500,2024 long rains,Maize,15-Apr-24,PH4,3.6
P03282,f0500,2024-SR,Wheat,"Oct 29, 2024",Eagle-10,4.8
P03283,F0501,2020 short rains,Beans ,19/11/2020,KAT-B1,2.7
P03284,F0501,2021 Long Rains,Beans,"Apr 18, 2021",LOCAL,3.1
P03285,F0501,2021 short rains,Beans,2021-10-20,LOCAL,5.1
P03286,F0501,LR 2022,Sorghum,2022-03-05,local,3.8
P03287,F0501,2022-SR,Beans,17/11/2022,landrace,3.3
P03288,F-0501,2024 Long Rains,sorghum,2024-04-03,Seredo,2.7
P03289,F0502,2019 Long Rains,Maize,2019-03-17,PH4,2.4
P03290,F0502,2021-LR,maize,22-Apr-21,H614,3.6
P03291,F0502,2021 Short Rains,Maize,2021-10-29,landrace,2.1
P03292,F0502,2023 long rains,SORGHUM,16/03/2023,Gadam,2.0
P03293,F0502,2023-SR,Maize,2023-11-18,LOCAL,2.4
P03294,F0502,2024 Short Rains,Beans,2024-10-05,Local,3.0
P03295,F0503,2019 Long Rains,Wheat,29/03/2019,Robin,3.0
P03296,F0503,SR2022,MAIZE,2022-11-01,LOCAL,
P03297,F0503,2024 long rains,wheat,07-Apr-24,Eagle-10,7.1
P03298,F0504,2019 Short Rains,Maize,2019-11-17,DK8031,0.4
P03299,F0504,SR2020,MAIZE,2020-11-12,,0.4
P03300,F0504,LR2021,Maize,22/04/2021,PH4,0.4
P03301,F0504,2022-LR,Beans,2022-03-02,LOCAL,0.5
P03302,F0504,2022 Short Rains,Beans,2022-11-11,local,0.8
P03303,F0504,LR 2024,Maize,2024-03-29,PH4,0.5
P03304,F0505,2020 Long Rains,maize,2020-03-19,LOCAL,0.7
P03305,F0505,2020 Short Rains,Beans,2020-10-09,KAT-B9,0.8
P03306,F0505,2021 Long Rains,maize,2021-04-04,PH4,1.3
P03307,F0505,SR2022,Maize,02/10/2022,PH4,1.2
P03308,F0505,2023 short rains,Maize,2023-11-12,DK8031,0.9
P03309,F0505,LR 2024,Maize,2024-03-15,LOCAL,0.6
P03310,F0506,2019 Long Rains,Beans,2019-03-18,KAT-B1,2.2
P03311,F0506,2019 short rains,Sorghum,2019-11-17,landrace,1.7
P03312,F0506,LR 2021,Maize,2021-03-19,local,2.3
P03313,F0506,2021 SR,Sorghum,2021-11-06,Local,2.2
P03314,F0506,2022 short rains,Maize,"Oct 13, 2022",DK8031,1.5
P03315,F-0506,2023 LR,BEANS,2023-04-21,local,1.3
P03316,F0506,2023 Short Rains,Beans ,18/10/2023,landrace,1.3
P03317,F0507,2019 Long Rains,Wheat ,2019-03-24,Eagle-10,1.8
P03318,F0507,LR2020,wheat,2020-04-21,LOCAL,1.6
P03319,F0507,2020 Short Rains,maize,18/10/2020,,2.3
P03320,F0507,LR2021,Maize ,"Mar 13, 2021",H513,1.0
P03321,F0507,2023-SR,Beans,2023-11-07,KAT-B1,1.4
P03322,F0507,2024 Short Rains,Wheat,2024-11-08,Robin,2.3
P03323,F0508,LR 2019,Maize,2019-04-10,LOCAL,1.7
P03324,F0508,2019 Short Rains,Wheat,2019-10-13,Robin,1.1
P03325,F0508,LR2021,Maize,02/03/2021,DK8031,1.7
P03326,F0508,LR2022,Maize,2022-04-13,local,2.4
P03327,F0508,SR2022,Maize,2022-11-02,H614,1.2
P03328,F0508,2023 Long Rains,Maize,07/03/2023,PH4,1.5
P03329,F0508,2023 Short Rains,Maize,2023-10-21,landrace,1.2
P03330,F0508,2024 Long Rains,Wheat,2024-03-11,,
P03331,F0509,LR 2019,Beans,2019-04-13,landrace,2.4
P03332,F0509,SR 2019,Maize,2019-10-12,H614,
P03333,F0509,2020 Long Rains,Beans,2020-03-07,landrace,2.0
P03334,F0509,SR 2020,Beans,2020-10-22,landrace,2.9
P03335,F0509,SR2022,Maize,03/10/2022,LOCAL,2.8
P03336,F0509,2023 Long Rains,BEANS,2023-03-06,KAT-B1,2.9
P03337,F0509,2023-SR,Maize,2023-10-22,Local,2.9
P03338,F0509,2024 LR,MAIZE,2024-04-21,,1.8
P03339,F0509,2024 short rains,Sorghum,2024-11-02,local,2.0
P03340,F0510,2020 Short Rains,Sorghum,2020-11-16,landrace,0.7
P03341,F0510 ,2021 LR,maize,08/03/2021,landrace,0.9
P03342,F0510,2022 long rains,Maize ,22-Apr-22,PH4,1.0
P03343,F0510,2023 long rains,Maize,2023-03-29,H614,0.8
P03344,F-0510,SR 2023,beans,2023-10-29,KAT-B1,0.9
P03345,F0510,LR 2024,Sorghum,2024-03-09,Gadam,0.7
P03346,F0511,2020-LR,Beans,2020-03-03,landrace,0.9
P03347,F0511,2020 Short Rains,Beans,11/10/2020,landrace,1.0
P03348,F0511,2021 long rains,beans,03-Apr-21,,0.7
P03349,F0511,LR 2023,Maize,2023-03-09,PH4,1.0
P03350,F0511,LR 2024,Beans,2024-04-08,landrace,1.4
P03351,F-0512,2019 Short Rains,Maize,"Nov 06, 2019",H614,4.3
P03352,F0512,2020 long rains,Maize,06/03/2020,landrace,8.4
P03353,F0512,2021 Short Rains,Maize,16/11/2021,H614,6.6
P03354,F0512,2023 Long Rains,Wheat,2023-03-07,LOCAL,9.1
P03355,F0512,SR2023,Wheat,20/10/2023,Robin,9.0
P03356,F0512,2024-LR,maize,18/03/2024,PH4,13.8
P03357,F0512,SR 2024,Wheat,"Oct 07, 2024",Eagle-10,9.1
P03358,F0513,SR 2019,Maize ,2019-10-03,Local,5.2
P03359,F0513,2020 Short Rains,Beans,2020-11-17,landrace,2.3
P03360,f0513,2021 Short Rains,Beans,09/10/2021,Local,2.9
P03361,F0513,2024 Long Rains,Beans,2024-03-04,KAT-B9,1.8
P03362,F0513,2024-SR,Wheat,02/11/2024,Robin,3.1
P03363,F0514,LR 2019,Maize,2019-04-09,local,2.7
P03364,F0514,2019 Short Rains,Wheat grain,24/10/2019,Robin,1.7
P03365,F0514,2022 Long Rains,Maize,2022-03-04,landrace,2.3
P03366,F0514,2023 long rains,Maize,2023-03-13,local,2.9
P03367,F0514,2024 Long Rains,maize,2024-04-14,H513,1.8
P03368,F0515,LR 2020,Beans,2020-04-22,KAT-B9,3.3
P03369,F0515,2020 SR,Wheat,2020-11-01,local,4.7
P03370,F0515,2021-SR,MAIZE,2021-10-31,H513,4.3
P03371,F0515,2022 Long Rains,Maize,23/04/2022,DK8031,2.3
P03372,F0515,2022 Short Rains,Maize,2022-10-26,H614,2.1
P03373,F0515,SR 2023,Wheat grain,04/11/2023,,4.2
P03374,F0515,2024-SR,Maize,07/10/2024,PH4,4.2
P03375,F0516,2019-SR,Maize,2019-10-16,landrace,0.7
P03376,F0516,2020 Short Rains,Beans,04-Oct-20,,
P03377,F0516,LR 2021,Corn,2021-03-22,H513,0.8
P03378,F0516,2021-SR,maize,08/10/2021,H513,0.7
P03379,F0516,SR 2022,Beans ,2022-11-10,Local,0.7
P03380,F0516,2024 Short Rains,Beans,2024-11-16,LOCAL,0.8
P03381,F0517,2019 long rains,Maize,24-Apr-19,LOCAL,10.7
P03382,F0517,2020 Long Rains,Wheat,2020-04-25,Local,13.3
P03383,F0517,2020 Short Rains,Maize ,2020-10-06,H614,8.6
P03384,F0517,LR2021,Wheat,20/03/2021,Robin,11.1
P03385,F0517,2022 Long Rains,wheat,10/04/2022,landrace,11.3
P03386,F0517,2023 LR,maize,2023-04-15,H513,10.8
P03387,f0517,2023-SR,Maize,2023-11-14,local,6.8
P03388,F0517,SR 2024,Maize,2024-10-14,H614,10.9
P03389,F0518,2019 long rains,Beans,09/04/2019,landrace,0.5
P03390,f0518,2020 Long Rains,Maize,10/04/2020,PH4,0.3
P03391,F0518,2020 Short Rains,Beans,2020-11-16,landrace,0.3
P03392,F0518,2021 Long Rains,Beans,2021-03-11,LOCAL,0.5
P03393,F0518,SR 2021,Beans,04-Oct-21,landrace,0.4
P03394,F0518,2022 Long Rains,Maize,29-Mar-22,Local,0.3
P03395,F0518,SR2022,maize,2022-10-02,DK8031,0.5
P03396,F0518,2023 long rains,Maize ,08/03/2023,DK8031,0.4
P03397,F0518,2023 Short Rains,Maize,2023-11-11,landrace,0.5
P03398,F0518,2024 Short Rains,Maize,11/11/2024,LOCAL,0.4
P03399,F0519,2019 short rains,Maize,2019-11-05,Local,3.0
P03400,f0519,2020 long rains,Wheat,"Mar 27, 2020",local,1.5
P03401,F0519,LR 2021,Maize,11/03/2021,local,3.3
P03402,F0519,2022 Long Rains,Maize,05-Apr-22,H614,3.5
P03403,F0519,2022 short rains,Beans,"Oct 16, 2022",LOCAL,2.6
P03404,F0519,LR 2023,Wheat ,2023-04-05,Eagle-10,2.4
P03405,F0519,2024 long rains,WHEAT,2024-03-17,LOCAL,
P03406,F0519,2024 Short Rains,Maize,05/10/2024,Local,1.6
P03407,F0520,2020 Long Rains,Beans,2020-04-08,LOCAL,1.1
P03408,F0520 ,2021 Short Rains,Beans,2021-10-30,Local,1.5
P03409,F0520,2022 Short Rains,MAIZE,08/11/2022,local,1.2
P03410,F0520,2023 Long Rains,Maize,2023-04-01,H614,1.1
P03411,F0520,2023-SR,Beans,2023-10-12,local,1.2
P03412,F0521,2019 short rains,Maize,2019-10-11,H614,0.7
P03413,F0521,LR 2020,maize,01/03/2020,landrace,0.7
P03414,F0521,2020-SR,Beans,15/10/2020,Local,0.4
P03415,F0521,2021 LR,Maize,24/03/2021,Local,0.6
P03416,F0521,2021 Short Rains,Bean,2021-11-13,Local,0.5
P03417,F0521,SR 2022,Beans,2022-11-13,LOCAL,0.6
P03418,F0521,SR 2023,Maize,2023-10-27,Local,0.7
P03419,F0521,2024 SR,Maize,2024-11-13,Local,
P03420,F0522,2019 LR,beans,2019-03-20,Local,1.3
P03421,F0522,2019 short rains,beans,11/11/2019,KAT-B9,1.1
P03422,F0522,2020 Long Rains,Maize,11/03/2020,Local,1.2
P03423,F0522,SR2021,Beans,2021-11-11,local,0.8
P03424,F0522,2023 Short Rains,Maize,2023-10-28,DK8031,1.2
P03425,F0522,2024 long rains,Maize ,24/04/2024,landrace,1.7
P03426,F0523,2020 Long Rains,Maize,18-Apr-20,H614,0.3
P03427,F0523,2021 Short Rains,Beans ,13-Oct-21,local,0.3
P03428,F0523,SR 2022,Maize,30/10/2022,landrace,0.5
P03429,F0523,2023 Short Rains,Maize,09-Nov-23,local,0.3
P03430,F0523,2024 long rains,Beans,2024-04-11,LOCAL,0.3
P03431,F0524,SR 2020,Maize,"Nov 09, 2020",LOCAL,0.4
P03432,F0524,2021 Long Rains,maize,2021-03-17,H513,0.6
P03433,F0524,2021 Short Rains,Maize,2021-11-13,local,0.4
P03434,F0524,2022 short rains,Sorghum,2022-10-23,Local,0.3
P03435,F0524,2024 LR,Maize,2024-03-11,H513,0.3
P03436,F0525,2019 short rains,Beans ,2019-10-22,landrace,5.1
P03437,F0525,2020 Short Rains,Beans,20/10/2020,KAT-B9,3.5
P03438,F0525,2021 SR,Sorghum,2021-10-12,Local,3.1
P03439,F0525,2022 Long Rains,Sorgum,2022-03-05,local,3.1
P03440,F0525,2022-SR,MAIZE,2022-11-02,local,5.4
P03441,F0525,2023 Short Rains,Sorghum,2023-10-29,local,4.9
P03442,F0526,2019 Short Rains,Wheat,26/10/2019,Robin,6.9
P03443,F0526,2020-LR,maize,2020-04-05,Local,6.8
P03444,F0526,2021 long rains,Wheat,2021-03-29,local,4.3
P03445,F0526,SR 2021,Maize,12/10/2021,DK8031,8.1
P03446,F0526,2022-LR,maize,2022-03-04,LOCAL,6.5
P03447,F0526,SR 2022,maize,12/11/2022,local,5.0
P03448,F0526,2024 Long Rains,Maize,2024-04-04,Local,5.6
P03449,F0527,2019 Short Rains,Wheat,2019-10-14,LOCAL,1.9
P03450,F0527,2020 Long Rains,Maize,01-Mar-20,H614,1.4
P03451,F0527,2021 LR,Maize,2021-03-02,LOCAL,2.0
P03452,F0527,SR 2021,Beans,2021-11-19,,1.4
P03453,F0527,2022 SR,Beans,24/10/2022,landrace,2.4
P03454,F0527,2023 Long Rains,Maize,2023-03-09,DK8031,2.4
P03455,F0527,2023 Short Rains,Beans,"Oct 12, 2023",landrace,1.9
P03456,F0528,2019-LR,Maize,11-Mar-19,LOCAL,0.9
P03457,F0528,2019 Short Rains,BEANS,2019-10-18,local,1.0
P03458,F0528,2020 Long Rains,maize,17-Mar-20,Local,0.5
P03459,F0528,2022 Long Rains,Maize,20/04/2022,LOCAL,1.0
P03460,F0528,SR 2022,Maize,"Nov 06, 2022",H513,0.9
P03461,F0528,2023 Short Rains,Bean,09/10/2023,landrace,0.5
P03462,F0528,LR2024,Maize,2024-03-19,,0.5
P03463,F0528,2024 SR,Maize,2024-10-01,DK8031,0.6
P03464,F0529,2020 Long Rains,beans,2020-04-03,Local,2.0
P03465,F0529,2020 Short Rains,Beans,13/10/2020,landrace,1.3
P03466,F0529,2021 Short Rains,Beans,2021-10-30,LOCAL,1.1
P03467,F0529,2023 Long Rains,Maize,08-Apr-23,,1.0
P03468,F0529,2023 short rains,maize,2023-10-01,landrace,1.6
P03469,F0529,2024 Short Rains,Sorghum,"Oct 18, 2024",landrace,1.5
P03470,F0530,LR2019,Beans,13/03/2019,LOCAL,7.3
P03471,F0530,2019-SR,maize,2019-11-19,PH4,7.2
P03472,F0530,2020-LR,Maize,02/03/2020,DK8031,7.9
P03473,F0530,SR 2020,Maize,27/10/2020,DK8031,5.7
P03474,F0530,2021 short rains,Maize,2021-10-08,,3.8
P03475,F0530,2022 Short Rains,Maize,08/11/2022,LOCAL,5.1
P03476,F0530,2023 Long Rains,Maize,2023-03-09,,7.3
P03477,F0530,2023-SR,Maize,22/10/2023,H513,4.9
P03478,F0530,2024 Long Rains,Bean,12-Apr-24,,6.7
P03479,F0530,2024 Short Rains,Beans,10-Nov-24,Local,3.7
P03480,F0531,2019 Long Rains,Sorghum ,2019-03-18,Local,1.0
P03481,F0531,2021 Long Rains,beans,2021-03-19,Local,1.8
P03482,F0531,2021 Short Rains,Beans,20-Nov-21,LOCAL,0.9
P03483,F0531,2022 Short Rains,Sorghum,03-Oct-22,local,1.7
P03484,F0531,2023 long rains,maize,05-Mar-23,H614,1.1
P03485,F0532,LR2019,Wheat ,2019-03-30,,6.8
P03486,F0532,2019 short rains,Wheat,2019-11-14,Eagle-10,4.8
P03487,F0532,2020 Long Rains,Wheat,26/03/2020,Eagle-10,4.4
P03488,F0532,2020 Short Rains,Wheat,2020-11-15,Robin,4.0
P03489,F0532,2021 Short Rains,WHEAT,2021-10-05,landrace,5.3
P03490,F0532,2022 Long Rains,Maize,2022-04-19,local,4.1
P03491,f0532,2022 Short Rains,Wheat,2022-10-23,Eagle-10,6.7
P03492,F0532,2023 Long Rains,Maize,2023-03-07,,3.1
P03493,F0532,2023-SR,Wheat,2023-10-13,landrace,
P03494,F0532,2024 LR,Wheat,02/04/2024,Eagle-10,6.1
P03495,F0532,SR 2024,maize,2024-10-17,LOCAL,6.5
P03496,F0533,LR 2020,maize,2020-03-07,local,1.5
P03497,F0533,2021 Short Rains,Beans,2021-11-05,LOCAL,0.9
P03498,F0533,2022 Long Rains,Corn,2022-04-12,PH4,1.8
P03499,F0533,2023 long rains,Beans,10/03/2023,KAT-B9,0.8
P03500,F0533,2023 SR,Maize,18/10/2023,H513,1.1
P03501,F0533,SR2024,Sorghum,2024-11-02,,1.3
P03502,F0534,2019 LR,Maize,2019-03-28,landrace,4.8
P03503,F0534,2020 Long Rains,Maize,05/04/2020,H614,3.1
P03504,F0534,2021 Long Rains,Maize,25/04/2021,Local,
P03505,F0534,SR 2022,Wheat ,2022-11-20,LOCAL,5.7
P03506,F0534,LR 2024,Maize,14/04/2024,H513,6.8
P03507,F0534,2024 Short Rains,Maize,"Nov 04, 2024",local,7.4
P03508,F0535,2021 Long Rains,Beans,2021-03-24,local,2.7
P03509,F0535,SR 2021,SORGHUM,2021-11-02,Seredo,1.7
P03510,F0535,2022 Long Rains,Maize,2022-03-27,local,1.5
P03511,F0535,2022 Short Rains,Maize,"Oct 11, 2022",H614,1.4
P03512,F-0535,2023-LR,Sorghum,2023-03-24,landrace,4.1
P03513,F0535,2023 Short Rains,Beans,2023-10-23,local,1.4
P03514,F0535,2024 Short Rains,Maize ,18/10/2024,DK8031,
P03515,F0536,2019 long rains,Beans,2019-04-12,KAT-B1,0.3
P03516,F0536,SR2019,Beans,2019-11-11,,
P03517,F0536,2020 Long Rains,Maize,2020-04-15,DK8031,0.3
P03518,F0536,2020 Short Rains,Beans,10/11/2020,LOCAL,0.3
P03519,F0536,2021 LR,Beans,31-Mar-21,KAT-B9,0.3
P03520,F0536,2022 SR,Maize,23-Oct-22,DK8031,0.6
P03521,F0536,2023 Long Rains,Beans,24-Apr-23,KAT-B1,0.3
P03522,F0536,2023 Short Rains,Maize,24/10/2023,Local,0.6
P03523,F0536,2024 Long Rains,Beans,28/03/2024,KAT-B1,0.3
P03524,F0537,2019-SR,Maize,2019-10-22,H614,11.6
P03525,F0537,2020 Long Rains,Wheat ,2020-04-14,LOCAL,12.2
P03526,F0537,2020 Short Rains,maize,2020-10-09,H614,
P03527,F0537,2021 Long Rains,Wheat ,30-Mar-21,Robin,14.4
P03528,F0537,SR 2021,Wheat,2021-11-08,Robin,12.7
P03529,F0537,2022 LR,Maize,2022-03-11,H513,20.7
P03530,F0537,2023 Long Rains,Wheat,2023-04-24,local,35.0
P03531,F0537,SR 2023,Maize,2023-10-05,Local,19.8
P03532,F0537,LR2024,Maize,01/04/2024,Local,19.1
P03533,F0537,SR2024,Maize,2024-11-14,H614,20.2
P03534,F0538,LR 2019,MAIZE,2019-03-21,Local,3.8
P03535,F0538,2019 Short Rains,Maize,2019-10-30,PH4,3.0
P03536,F0538,2020-LR,Maize,2020-03-26,PH4,3.5
P03537,F0538,2021 Short Rains,Maize,2021-10-21,PH4,2.8
P03538,F0538,2022 Long Rains,maize,2022-03-27,DK8031,2.7
P03539,F0538,LR2023,Beans,2023-03-01,landrace,4.1
P03540,F0538,2023 SR,maize,2023-11-16,Local,3.7
P03541,F0538,2024 long rains,Maize,13/04/2024,landrace,2.3
P03542,F0539,LR2020,Bean,2020-04-25,Local,1.1
P03543,F0539,2020 Short Rains,Wheat grain,06-Nov-20,Eagle-10,1.4
P03544,f0539,SR 2021,Maize,2021-10-31,local,1.3
P03545,F0539,2022 Long Rains,Beans,2022-03-25,local,1.1
P03546,F0539,2022 short rains,Maize,21/10/2022,Local,1.2
P03547,F0539,2023 Long Rains,Maize,2023-03-10,DK8031,1.3
P03548,F0539,SR 2023,Maize,2023-10-13,LOCAL,1.0
P03549,F0539,2024 Long Rains,Beans,16/03/2024,landrace,1.1
P03550,F0539,SR 2024,Beans,2024-10-22,LOCAL,1.4
P03551,F0540,LR 2019,Sorghum,2019-04-14,Gadam,2.7
P03552,F0540,2020 Short Rains,Beans,08/11/2020,local,2.3
P03553,F0540,2022 Long Rains,Sorghum,25/04/2022,,2.7
P03554,F0540,SR 2022,Maize,"Oct 26, 2022",Local,2.1
P03555,F0540,LR2023,beans,15-Mar-23,local,2.0
P03556,F0540,SR 2023,sorghum,2023-11-19,local,2.8
P03557,F0540,2024 long rains,Maize ,22-Mar-24,local,2.6
P03558,F0541,2019 Short Rains,Maize,2019-10-25,DK8031,3.5
P03559,F0541,2020 Short Rains,Maize,03/11/2020,PH4,5.4
P03560,F0541,2021 long rains,MAIZE,2021-03-28,H614,3.3
P03561,F0541,SR 2021,Maize,"Nov 15, 2021",local,3.4
P03562,F0541,2022 Long Rains,Maize ,2022-04-14,landrace,
P03563,F0541,LR 2023,maize,04/03/2023,H614,4.6
P03564,F0541,2023 short rains,Maize,2023-10-03,H614,3.9
P03565,F0541,2024 Short Rains,Corn,2024-11-02,PH4,2.8
P03566,F0542,2019 long rains,Maize,2019-03-17,Local,1.1
P03567,F0542,LR 2021,Maize,23/03/2021,local,2.2
P03568,F0542,2021 Short Rains,Maize,18/11/2021,H513,0.9
P03569,F0542,2022 LR,Beans,2022-04-02,,1.8
P03570,F0542,2022 Short Rains,Corn,06-Nov-22,LOCAL,1.2
P03571,F0542,LR 2023,Maize,2023-03-24,DK8031,1.8
P03572,F-0542,2024 SR,maize,21/10/2024,Local,1.6
P03573,F0543,2019 Long Rains,Beans,2019-03-29,landrace,0.5
P03574,F0543,SR 2019,Maize,2019-10-20,H513,
P03575,F0543,2020 LR,Sorghum,2020-04-21,landrace,0.8
P03576,F0543,SR 2020,maize,2020-11-10,landrace,0.7
P03577,F0543,2021-SR,Sorghum,2021-11-07,landrace,0.9
P03578,F0543,LR 2022,Beans,2022-03-20,KAT-B9,0.5
P03579,F0543,2022 Short Rains,Maize ,2022-11-07,landrace,0.5
P03580,F0544,2019 Short Rains,Maize,2019-11-04,local,1.9
P03581,F0544,2020 Long Rains,maize,"Mar 11, 2020",H513,1.8
P03582,F0544,2021 Short Rains,BEANS,2021-10-16,landrace,1.7
P03583,F0544,2022 Short Rains,Sorgum,2022-11-10,,1.4
P03584,F0544,2023 Short Rains,sorghum,2023-10-11,landrace,1.4
P03585,F0545,2019 Long Rains,Sorghum,2019-03-29,Seredo,1.3
P03586,F0545,SR 2019,Maize,27-Oct-19,PH4,1.3
P03587,F0545,LR2020,Maize,2020-03-27,H614,1.3
P03588,F0545,LR 2022,Sorghum,2022-03-02,local,1.4
P03589,F0545,2023 Long Rains,Beans,2023-03-24,landrace,0.8
P03590,F0545,SR 2023,Sorghum,2023-11-09,,0.9
P03591,F0545,2024 Long Rains,Sorghum,2024-03-08,landrace,1.3
P03592,F0546,2020 Short Rains,Maize ,16/11/2020,DK8031,6.8
P03593,F0546,2021 Short Rains,BEANS,13-Oct-21,local,5.7
P03594,F0546,2023 LR,Maize,15/04/2023,local,6.7
P03595,F0546,2024 LR,Maize,2024-04-19,DK8031,3.1
P03596,F0546,2024 Short Rains,Beans,2024-11-18,,7.1
P03597,F0547,2019-LR,Sorghum,2019-04-06,local,3.9
P03598,F0547,2021 long rains,Maize,2021-04-03,landrace,3.9
P03599,F0547,2021 Short Rains,Beans,2021-10-05,local,3.0
P03600,F0547,2022 long rains,Maize,2022-03-12,Local,4.8
P03601,F0547,SR2023,Sorghum,2023-10-29,landrace,3.4
P03602,F0547,SR 2024,Maize,2024-10-20,DK8031,2.8
P03603,F0548,2020 Long Rains,Maize ,13/04/2020,LOCAL,0.9
P03604,F0548,SR2020,Maize,15/11/2020,DK8031,0.7
P03605,F0548,LR 2021,maize,25-Apr-21,DK8031,1.1
P03606,F0548,2021-SR,Maize,01/11/2021,local,0.7
P03607,F0548,2022 Long Rains,Wheat,2022-04-13,Local,1.3
P03608,F0548,2022 short rains,Beans,01/10/2022,,1.5
P03609,F0548,2024 Short Rains,maize,20/11/2024,Local,1.3
P03610,F0549,LR 2019,Wheat,07/03/2019,Robin,4.0
P03611,F0549,2020-LR,Corn,2020-03-30,DK8031,9.1
P03612,F0549,SR 2021,Wheat,2021-11-19,landrace,4.7
P03613,F0549,2022 Long Rains,Wheat ,08/04/2022,,5.8
P03614,F0549,2023 Long Rains,Wheat,16/03/2023,landrace,4.2
P03615,F0550,2019 Long Rains,Maize,03/03/2019,PH4,9.4
P03616,F0550,2020 long rains,Maize,2020-03-21,PH4,6.7
P03617,F0550,2021 Long Rains,maize,"Apr 13, 2021",landrace,6.9
P03618,F0550,2022 LR,Maize,2022-03-30,LOCAL,4.6
P03619,F0550,2022 Short Rains,Maize,2022-11-19,PH4,7.4
P03620,F0550,LR2023,Wheat,10/03/2023,Eagle-10,8.4
P03621,F0550,2024 Long Rains,Wheat,02/03/2024,Robin,9.6
P03622,F0550,SR 2024,Wheat,2024-10-06,landrace,7.1
P03623,F0551,LR 2019,Maize,2019-04-07,Local,2.1
P03624,F0551,2019 SR,Beans,2019-10-30,local,3.6
P03625,F0551,2020 Long Rains,Wheat ,"Apr 20, 2020",Robin,1.5
P03626,F0551,LR 2021,Beans,2021-03-28,local,2.1
P03627,F0551,2021-SR,Maize,29-Oct-21,landrace,3.1
P03628,F0551,2022 Long Rains,Corn,09/04/2022,landrace,2.3
P03629,F0551,2023 long rains,Beans,2023-04-07,KAT-B9,2.4
P03630,F0551,2024 Long Rains,Beans,2024-03-08,Local,1.9
P03631,F0551,2024 Short Rains,Wheat,2024-10-13,LOCAL,3.2
P03632,F0552,2019 long rains,Sorghum ,2019-04-09,LOCAL,0.4
P03633,F0552,2020 Long Rains,Sorghum,2020-04-15,landrace,0.3
P03634,F0552,2021-LR,Bean,2021-03-17,local,0.3
P03635,F0552,2021 Short Rains,maize,2021-10-25,LOCAL,0.3
P03636,F0552,2022 Short Rains,Maize,"Oct 05, 2022",Local,0.3
P03637,F0552,2023 Short Rains,Beans,09/10/2023,KAT-B9,0.4
P03638,F0552,2024 Long Rains,beans,2024-03-15,KAT-B9,0.5
P03639,F0553,2019-SR,Beans,07/11/2019,KAT-B1,4.2
P03640,F0553,2020-LR,Beans,2020-03-22,local,4.1
P03641,F0553,SR2020,Maize,03-Oct-20,,4.6
P03642,F0553,2021-LR,Maize,2021-04-02,PH4,2.1
P03643,F0553,2021 Short Rains,Beans,2021-10-28,Local,3.1
P03644,F0553,LR 2022,maize,2022-04-22,LOCAL,2.4
P03645,F0553,LR 2023,Maize,03/04/2023,PH4,3.5
P03646,F0553,2024 Long Rains,Maize ,13/03/2024,LOCAL,3.3
P03647,f0553,2024 Short Rains,Corn,18-Oct-24,DK8031,2.7
P03648,f0554,2019 LR,Beans,2019-03-09,,0.6
P03649,F0554,2021 LR,BEANS,29/03/2021,landrace,0.4
P03650,F0554,SR 2021,Maize,2021-10-24,PH4,0.5
P03651,F0554,LR 2022,Maize,07/03/2022,H513,0.3
P03652,F0554,2022 Short Rains,Maize,2022-10-27,Local,0.4
P03653,F0554,2023-SR,sorghum,2023-11-08,landrace,0.5
P03654,F0554,LR 2024,Maize ,20/03/2024,DK8031,0.4
P03655,F0554,SR2024,maize,2024-10-05,H614,0.3
P03656,F0555,2019 Long Rains,maize,17/04/2019,,0.4
P03657,F0555,SR 2019,Sorghum,05/10/2019,local,0.3
P03658,F0555,2020 Short Rains,Beans,2020-11-17,LOCAL,0.4
P03659,F0555,2021 LR,Beans,2021-04-10,landrace,
P03660,F0555,2021 Short Rains,Maize,27/10/2021,Local,
P03661,F0555,LR 2022,Beans,2022-04-20,LOCAL,0.4
P03662,F0555,2023 LR,Beans,"Apr 21, 2023",landrace,0.5
P03663,F0555,SR 2023,Maize,11-Oct-23,LOCAL,0.3
P03664,F0555,2024 Long Rains,maize,08/04/2024,DK8031,0.5
P03665,F0556,2019 long rains,maize,2019-03-13,PH4,0.6
P03666,F0556,LR2020,Beans,2020-03-25,landrace,0.5
P03667,F0556,SR2020,Maize,2020-11-07,Local,0.4
P03668,F0556,SR2021,Beans,2021-10-07,local,0.4
P03669,F0556,2023 Long Rains,Maize,2023-03-14,H614,0.7
P03670,F0556,2023-SR,Maize,2023-11-17,H614,0.4
P03671,F0556,2024-LR,Maize,2024-04-21,H513,0.4
P03672,F0557,2019-SR,maize,01/11/2019,,1.2
P03673,F0557,2021 LR,Maize,2021-03-18,PH4,0.8
P03674,F0557,2021 Short Rains,Sorghum,2021-11-14,LOCAL,1.3
P03675,F0557,2022 long rains,Sorghum,09/04/2022,Gadam,1.1
P03676,F0557,2023-LR,Maize,19-Mar-23,landrace,0.6
P03677,F0557,LR 2024,Beans,2024-03-25,KAT-B9,1.3
P03678,F0558,SR 2019,Beans,16/10/2019,Local,11.8
P03679,f0558,2020 long rains,Beans,2020-04-16,LOCAL,5.3
P03680,F0558,2020 Short Rains,Wheat,2020-11-19,Eagle-10,6.3
P03681,F0558,2021 LR,maize,"Mar 14, 2021",H513,7.9
P03682,F0558,LR2023,Maize,2023-03-07,local,9.7
P03683,F0558,SR 2023,Maize,05/10/2023,LOCAL,6.3
P03684,F0559,2019 Long Rains,Beans,2019-03-07,KAT-B1,0.7
P03685,F0559,2019 Short Rains,Maize,2019-10-27,PH4,1.7
P03686,F0559,SR 2020,Maize,2020-10-25,H614,1.5
P03687,F0559,2021 Long Rains,Wheat,08/04/2021,Eagle-10,1.3
P03688,F0559,2024 SR,Wheat,2024-10-20,Eagle-10,1.8
P03689,F0560,2020 Long Rains,Maize,2020-03-26,local,2.1
P03690,F0560,2022 Short Rains,Beans,"Nov 15, 2022",local,2.4
P03691,F0560,2024 Long Rains,Maize,2024-04-01,DK8031,2.9
P03692,f0560,2024 short rains,SORGHUM,2024-10-29,local,2.5
P03693,F0561,LR2019,Wheat,09/03/2019,Robin,4.3
P03694,F0561,2019 SR,Wheat,03-Nov-19,Eagle-10,1.9
P03695,F0561,LR2020,Maize,2020-03-14,landrace,3.2
P03696,F0561,2020 Short Rains,Maize,22-Oct-20,DK8031,2.2
P03697,F0561,2021 Long Rains,Maize,2021-04-14,DK8031,4.4
P03698,F0561,2021 short rains,Beans,2021-10-25,LOCAL,4.5
P03699,F0561,LR 2022,Wheat,2022-04-07,Robin,3.7
P03700,F0561,2022 SR,BEANS,2022-11-12,,3.8
P03701,F0561,2023 Short Rains,Beans,2023-10-30,LOCAL,3.1
P03702,F0561,2024 Long Rains,Corn,2024-03-30,DK8031,2.6
P03703,F0562,2019 Short Rains,Sorghum,20/11/2019,LOCAL,2.8
P03704,F0562,2020-LR,Beans,13-Mar-20,LOCAL,3.2
P03705,F0562,2020 Short Rains,Beans,2020-10-12,landrace,3.8
P03706,F0562,2021-SR,Maize,2021-10-23,landrace,3.6
P03707,F0562,2023-LR,Sorghum,27/03/2023,Local,2.2
P03708,F0562,2024 Short Rains,Beans,11-Nov-24,landrace,
P03709,F0563,2019 Long Rains,BEANS,2019-04-24,local,7.3
P03710,F0563,2019 Short Rains,Wheat,27-Oct-19,LOCAL,6.2
P03711,F0563,2020 Long Rains,Maize,2020-03-09,local,4.0
P03712,F0563,2020 Short Rains,maize,07/10/2020,Local,4.7
P03713,F0563,LR2021,maize,2021-03-04,landrace,6.9
P03714,F0563,2021 Short Rains,Wheat,14-Nov-21,Robin,8.3
P03715,F0563,2022 LR,Wheat grain,2022-03-13,,4.7
P03716,F0563,2022 Short Rains,Wheat,2022-10-07,landrace,9.6
P03717,F0563,LR 2024,Wheat,2024-03-12,Local,6.6
P03718,F0563,SR 2024,Maize,05/11/2024,PH4,7.0
P03719,F0564,2019 Long Rains,Maize,2019-03-02,LOCAL,3.2
P03720,F0564,2020 Long Rains,Bean,09-Mar-20,LOCAL,3.4
P03721,F0564,SR 2020,Maize,14-Oct-20,PH4,5.0
P03722,F-0564,2023 LR,wheat,2023-04-15,LOCAL,2.6
P03723,F0564,2023 short rains,Maize,22/10/2023,H513,4.8
P03724,F0564,2024 long rains,Maize,2024-04-07,landrace,4.0
P03725,F0564,2024 short rains,Beans,2024-10-23,local,4.5
P03726,F0565,2020 long rains,Maize,2020-03-06,DK8031,0.6
P03727,F0565,2021 long rains,Beans,2021-04-07,local,0.6
P03728,F0565,SR2022,MAIZE,2022-11-09,LOCAL,0.6
P03729,F0565,2023 Long Rains,Beans ,2023-03-21,Local,0.6
P03730,f0565,2023 short rains,Maize,"Oct 20, 2023",Local,0.9
P03731,F0565,LR2024,Maize,2024-04-07,LOCAL,0.8
P03732,f0565,2024 short rains,Maize,14/10/2024,landrace,0.5
P03733,F0566,2019 long rains,Beans,19/04/2019,Local,1.1
P03734,F0566,2019 Short Rains,Beans ,2019-10-05,,1.8
P03735,F0566,2020 Long Rains,MAIZE,2020-04-15,PH4,1.6
P03736,F0566,SR 2020,Beans,07/11/2020,local,2.0
P03737,F0566,SR2021,Beans,2021-10-03,local,1.3
P03738,F0566,2022 Long Rains,Maize,2022-04-20,H614,2.0
P03739,F0566,2023 Long Rains,Sorghum,07-Apr-23,landrace,2.1
P03740,F0566,2023 Short Rains,Sorghum,01-Oct-23,landrace,2.1
P03741,F0567,LR 2019,Maize,2019-03-06,landrace,1.4
P03742,F0567,2020-LR,Sorghum,2020-03-15,local,1.4
P03743,F0567,2021 long rains,Maize,17/03/2021,Local,2.8
P03744,F0567,2022 Long Rains,Beans,09-Mar-22,KAT-B9,2.3
P03745,F0567,LR2024,Maize,02/04/2024,H614,1.7
P03746,F0567,2024 Short Rains,Beans,2024-10-04,LOCAL,2.8
P03747,F0568,LR 2019,Maize,2019-03-17,PH4,0.3
P03748,F0568,2019 Short Rains,beans,2019-11-04,LOCAL,0.4
P03749,F0568,2020 Long Rains,Bean,2020-04-15,KAT-B1,0.4
P03750,F0568,2020 short rains,Maize,2020-11-17,LOCAL,0.3
P03751,F0568,LR 2023,maize,2023-04-14,local,0.3
P03752,F0568,2024 Long Rains,Maize,2024-03-09,PH4,0.3
P03753,F0568,2024-SR,Maize,12-Oct-24,landrace,0.5
P03754,F0569,2019-SR,Maize,05/10/2019,,8.6
P03755,F0569,2020 short rains,Maize,2020-10-25,Local,9.0
P03756,F0569,2021-LR,Wheat,"Mar 16, 2021",,9.1
P03757,F0569,2021 Short Rains,Wheat grain,09/11/2021,Eagle-10,7.3
P03758,F0569,2022 LR,Maize,02/04/2022,PH4,6.9
P03759,F0569,2023 LR,Wheat,2023-04-20,Eagle-10,11.2
P03760,F0569,2023-SR,Wheat,2023-10-26,landrace,5.0
P03761,F0569,2024 SR,Maize,2024-11-04,H614,10.6
P03762,F0570,2019 SR,wheat,2019-11-06,Robin,5.7
P03763,F0570,SR 2020,Wheat ,2020-10-14,,3.7
P03764,F0570,2021 Long Rains,Wheat,01/04/2021,Robin,5.4
P03765,F0570,2022 long rains,Maize,"Apr 05, 2022",DK8031,5.6
P03766,F0570,2022-SR,wheat,02-Oct-22,Eagle-10,4.7
P03767,F0570,2023 long rains,Beans ,06/03/2023,KAT-B9,5.0
P03768,F0571,2020 long rains,Maize,23/03/2020,DK8031,0.6
P03769,F0571,2021 LR,Beans,2021-03-03,Local,0.4
P03770,F0571,2021 Short Rains,Maize,"Nov 07, 2021",LOCAL,0.5
P03771,F0571,2022 Long Rains,Maize,2022-03-07,Local,0.5
P03772,F0571,2022 Short Rains,Maize,2022-11-08,PH4,0.5
P03773,F0571,SR2023,Corn,2023-11-06,DK8031,0.6
P03774,F0572,2019 Long Rains,Maize,2019-03-30,DK8031,0.6
P03775,F0572,2019 Short Rains,Beans,2019-10-24,local,0.3
P03776,F0572,LR2020,Maize,2020-03-04,H513,0.4
P03777,F0572,SR 2020,Beans,13/11/2020,local,0.5
P03778,F0572,2021 Long Rains,Maize,2021-04-13,H513,0.6
P03779,F0572 ,2021 Short Rains,Maize,2021-10-15,DK8031,0.5
P03780,F0572,LR 2022,Beans,2022-04-07,Local,0.7
P03781,F0572,2022-SR,Maize,01/10/2022,DK8031,0.5
P03782,F0572,LR2024,Maize,2024-03-07,DK8031,0.6
P03783,F0573,2020 LR,Corn,2020-04-05,H614,1.1
P03784,F0573,2021 LR,Maize,2021-04-01,LOCAL,0.7
P03785,F0573,SR 2021,Beans,2021-11-20,local,1.0
P03786,F0573,2022 Short Rains,Maize,29/10/2022,H614,1.1
P03787,F0573,2023 Long Rains,Maize,2023-03-05,H614,0.8
P03788,F0573,SR 2023,Maize,2023-11-12,LOCAL,0.5
P03789,F0573,2024 Long Rains,Maize,20/04/2024,landrace,1.0
P03790,F0573,2024 Short Rains,Maize,2024-10-16,landrace,1.1
P03791,F0574,2019-SR,Maize,2019-11-01,landrace,4.1
P03792,F0574,2020 Long Rains,Maize,22/04/2020,H513,4.4
P03793,F0574,2020 Short Rains,Maize,2020-10-13,,4.9
P03794,F0574,2021 Long Rains,Maize,2021-04-11,LOCAL,4.4
P03795,F0574,LR 2022,Wheat,27/03/2022,LOCAL,5.2
P03796,F0574,2024 Long Rains,Maize ,2024-03-24,DK8031,8.0
P03797,f0575,2019 Long Rains,Maize,09/03/2019,DK8031,0.5
P03798,F0575,2021 Short Rains,Maize,2021-10-24,H513,0.7
P03799,F0575,2022 Long Rains,Maize,12/03/2022,LOCAL,
P03800,F0575,2022 short rains,maize,2022-11-15,Local,0.9
P03801,F0575,2023 Long Rains,sorghum,2023-03-04,,0.8
P03802,F-0575,2023 short rains,Beans,2023-10-10,local,0.8
P03803,F0575,SR 2024,Corn,2024-10-21,LOCAL,0.8
P03804,F0576,2020 Long Rains,Maize,2020-03-20,landrace,1.6
P03805,F0576,2020 Short Rains,Maize,2020-10-14,Local,1.2
P03806,F0576,2021 Short Rains,Maize,2021-10-17,landrace,1.4
P03807,F0576,2022 Long Rains,Maize ,2022-03-30,local,1.4
P03808,F0576,2022-SR,maize,17/11/2022,H513,1.4
P03809,F0577,2019-LR,WHEAT,16/03/2019,LOCAL,10.4
P03810,F0577,LR2020,Maize,11/03/2020,,8.8
P03811,F0577,2021 Long Rains,Maize,08/04/2021,landrace,8.9
P03812,F0577,2021 SR,Maize,2021-10-27,PH4,9.8
P03813,F0577,2022 Short Rains,Beans,2022-11-07,KAT-B9,7.0
P03814,F0577,2023 Long Rains,Maize,2023-04-12,local,9.5
P03815,F0577,2023 Short Rains,Wheat grain,09-Oct-23,Eagle-10,5.5
P03816,F0577,2024 short rains,Maize,2024-11-09,landrace,7.9
P03817,F0578,SR2019,MAIZE,"Oct 02, 2019",H614,0.4
P03818,F0578,2020 Short Rains,Maize,22/10/2020,Local,0.7
P03819,F0578,2021 LR,Maize,03/03/2021,DK8031,0.7
P03820,F0578,SR2021,Maize,01/10/2021,H614,0.5
P03821,F0578,2022 Long Rains,Beans,11-Mar-22,local,0.7
P03822,F0578,2023 Long Rains,Maize,16/03/2023,H614,0.6
P03823,F0578,2023 Short Rains,maize,2023-10-17,PH4,0.7
P03824,F0578,2024 short rains,Maize,2024-11-19,H513,0.3
P03825,F0579,2019 Long Rains,Maize,07/04/2019,H513,1.3
P03826,F0579,2020 long rains,Corn,2020-03-23,H614,1.3
P03827,F0579,2020 short rains,Wheat,2020-11-11,Local,0.8
P03828,F0579,2021 Short Rains,maize,2021-11-07,landrace,1.4
P03829,F0579,2022 Long Rains,Maize,2022-04-03,Local,1.8
P03830,F0579,2022 short rains,Wheat,2022-10-21,Robin,0.8
P03831,F0579,2023 Long Rains,Beans,"Mar 21, 2023",,1.1
P03832,F0579 ,SR 2024,Beans ,"Oct 10, 2024",Local,0.9
P03833,F0580,2019 Long Rains,Wheat,"Mar 30, 2019",LOCAL,3.1
P03834,F0580,LR 2020,Maize,03/04/2020,,3.7
P03835,F0580,2020 short rains,Wheat,07/11/2020,Local,2.4
P03836,F0580,2021 long rains,Maize,2021-03-27,DK8031,2.1
P03837,F0580,2022 Long Rains,Maize,25/04/2022,H513,3.2
P03838,F0580,LR 2023,wheat,2023-03-07,landrace,4.3
P03839,F0580,2023 Short Rains,Wheat,2023-11-10,Eagle-10,4.0
P03840,F0580,2024 Long Rains,Wheat grain,2024-04-08,Robin,1.8
P03841,F0580,SR2024,wheat,2024-10-23,,3.3
P03842,F0581,2019-SR,Maize,03/11/2019,,0.5
P03843,F0581,2020 Short Rains,Maize,2020-11-18,landrace,0.3
P03844,F0581,2021-LR,Maize,2021-03-23,H614,
P03845,F0581,LR 2022,Maize ,2022-04-13,H614,0.6
P03846,F0581,SR2022,Beans,15/11/2022,Local,0.5
P03847,F0582,LR 2019,Beans,08/03/2019,local,1.0
P03848,F0582,2020 Long Rains,Maize,08/03/2020,,1.0
P03849,F-0582,SR 2020,SORGHUM,2020-11-11,LOCAL,0.7
P03850,F0582,2022 Long Rains,Maize,2022-04-12,local,1.1
P03851,F0582,2022-SR,Sorghum,18/11/2022,local,0.6
P03852,F-0582,2023-LR,Sorghum,2023-03-17,local,1.1
P03853,F0583,2019 Long Rains,Beans,2019-04-15,landrace,
P03854,F0583,2020 Long Rains,Sorghum,02/04/2020,Gadam,1.8
P03855,F0583,SR 2020,Beans,2020-11-16,KAT-B9,1.5
P03856,F0583,LR 2021,Beans,"Apr 16, 2021",Local,1.4
P03857,F0583,2021 Short Rains,Maize,2021-10-09,Local,1.8
P03858,F0583,2022 Short Rains,Maize,04/10/2022,H614,1.3
P03859,F0583,2023 Long Rains,Sorghum,2023-03-17,local,2.0
P03860,F0583,2024 LR,sorghum,09/04/2024,Local,1.6
P03861,F0583,2024 short rains,Maize,2024-10-21,LOCAL,1.5
P03862,F0584,2019 short rains,Maize,22/10/2019,,10.9
P03863,F0584,2020-LR,Wheat,2020-04-03,LOCAL,11.3
P03864,F0584,2020 Short Rains,Wheat,05-Oct-20,Robin,10.2
P03865,F0584,2021 Long Rains,beans,06/03/2021,landrace,10.6
P03866,F0584,2021-SR,WHEAT,2021-11-03,landrace,10.7
P03867,F0584,2022-LR,wheat,2022-04-05,,7.2
P03868,F0585,2019 LR,Corn,2019-04-23,DK8031,0.7
P03869,F0585,LR 2020,Maize,07-Apr-20,local,0.4
P03870,F0585,2020 Short Rains,Sorghum,05-Oct-20,landrace,
P03871,F0585,2021 LR,Beans,2021-04-06,Local,0.4
P03872,F0585,SR 2021,Beans,2021-10-13,Local,0.4
P03873,F0585,SR2022,Beans,2022-11-02,LOCAL,0.7
P03874,F0585,2023 Long Rains,beans,06/03/2023,KAT-B9,0.5
P03875,F0585,LR2024,Maize,15-Mar-24,H513,0.5
P03876,f0585,2024 Short Rains,Beans,2024-11-05,Local,0.4
P03877,F0586,2019 Short Rains,Maize,"Nov 19, 2019",PH4,1.9
P03878,f0586,2020 long rains,Beans,03/04/2020,,2.8
P03879,F0586,LR 2021,Maize,28/03/2021,local,2.5
P03880,F0586,2021 Short Rains,Maize,2021-11-05,,4.5
P03881,F0586,2022 Short Rains,Maize,2022-10-12,Local,1.3
P03882,F0587,2019-LR,Beans,08/03/2019,LOCAL,3.3
P03883,F0587,2019 short rains,beans,2019-11-15,Local,3.1
P03884,F0587,2020 LR,Corn,2020-03-10,H513,
P03885,F0587,LR 2021,Maize,2021-04-12,DK8031,3.4
P03886,F0587,2021-SR,Maize,2021-10-30,H513,2.8
P03887,F0587,2023 Long Rains,beans,02-Apr-23,local,2.4
P03888,F0587,SR2023,maize,2023-11-18,DK8031,2.3
P03889,F0587,2024 Long Rains,Beans,2024-04-10,landrace,3.6
P03890,F0587,SR 2024,Maize,22-Oct-24,Local,3.2
P03891,F0588,2019 Short Rains,Beans,2019-10-10,landrace,2.4
P03892,F0588,LR 2020,maize,2020-03-29,LOCAL,3.6
P03893,F0588,SR 2020,Maize,27/10/2020,PH4,4.4
P03894,F0588,LR2021,Maize,17/03/2021,Local,4.7
P03895,F0588,2021 Short Rains,wheat,2021-11-06,,2.1
P03896,F0588,SR 2022,Beans,16/11/2022,Local,3.3
P03897,F0588,LR2023,beans,12/03/2023,LOCAL,3.2
P03898,F0588,2023 short rains,WHEAT,2023-11-15,Eagle-10,4.4
P03899,F0588,2024 LR,Maize,11-Mar-24,local,5.0
P03900,F0588,2024 Short Rains,Maize,2024-10-07,local,4.9
P03901,F0589,2019 SR,Sorghum,24/10/2019,LOCAL,0.7
P03902,F0589,LR 2020,Beans,2020-04-18,,1.2
P03903,F0589,SR 2020,Beans,2020-11-17,local,1.5
P03904,F0589,2021-SR,Maize,25-Oct-21,Local,0.7
P03905,F0589,2022-LR,MAIZE,2022-04-13,H513,1.4
P03906,F0589,2022 SR,Beans,"Oct 05, 2022",Local,0.7
P03907,F0589,SR 2023,Maize,2023-10-19,landrace,1.3
P03908,F0589,2024 Long Rains,Maize ,2024-04-18,H513,1.4
P03909,F0589,2024 Short Rains,Beans,2024-11-13,landrace,1.1
P03910,F0590,2019-LR,Maize,2019-03-22,H614,1.7
P03911,F0590,2019 Short Rains,Maize,2019-10-09,LOCAL,2.3
P03912,F0590,2020 Long Rains,Maize,2020-03-25,DK8031,1.6
P03913,F0590,2021 Long Rains,MAIZE,2021-03-10,H614,2.0
P03914,F0590,2021-SR,Maize,2021-10-08,PH4,1.1
P03915,F0590,LR2022,Maize,2022-03-07,Local,1.9
P03916,F0590,2023 long rains,maize,2023-04-12,local,2.2
P03917,F0590,2023 Short Rains,Maize,2023-10-22,DK8031,
P03918,F0591,2019 Long Rains,WHEAT,2019-03-27,Local,6.6
P03919,F0591,2020 Long Rains,Maize ,2020-03-11,PH4,5.9
P03920,F0591,SR2020,wheat,2020-11-09,landrace,6.4
P03921,F0591,LR 2021,Wheat,2021-04-15,Local,2.8
P03922,F0591,SR2021,Maize,2021-10-10,landrace,4.7
P03923,F0591,LR2023,Maize,2023-03-31,H614,6.4
P03924,F0591,2023 Short Rains,Maize,2023-11-20,PH4,5.8
P03925,F0591,2024 short rains,Maize,2024-10-07,H614,4.8
P03926,F0592,SR 2019,SORGHUM,2019-11-11,Local,4.9
P03927,F0592,LR 2020,sorghum,2020-03-13,Local,6.8
P03928,F0592,2020 Short Rains,Beans,01/11/2020,local,6.9
P03929,F0592,2021 Long Rains,Maize,07-Apr-21,PH4,7.0
P03930,F-0592,2023-LR,Maize,2023-03-04,landrace,6.9
P03931,F0592,2024-SR,Maize,2024-11-02,PH4,6.7
P03932,F0593,LR 2019,MAIZE,30-Mar-19,H513,1.3
P03933,F0593,2020-LR,Maize,2020-04-19,landrace,1.4
P03934,F0593,2020 Short Rains,BEANS,16/10/2020,LOCAL,1.1
P03935,F0593,2022 LR,Sorghum,2022-03-09,Gadam,1.5
P03936,F0593,2023-SR,Beans,2023-10-17,Local,1.3
P03937,F0593,2024 LR,Beans,2024-04-20,landrace,1.2
P03938,F0594,2020 Long Rains,maize,2020-04-19,Local,2.1
P03939,F0594,2021 Long Rains,Maize,2021-04-24,H614,2.1
P03940,F-0594,2022 Long Rains,Sorghum,21-Apr-22,landrace,1.7
P03941,F0594,2023 Short Rains,beans,2023-11-03,KAT-B1,1.9
P03942,F0594,2024 LR,Beans,2024-03-20,local,2.0
P03943,F0595,2019 Short Rains,Wheat,2019-10-21,Eagle-10,2.8
P03944,F0595,2020-LR,Wheat grain,2020-04-10,Eagle-10,3.7
P03945,f0595,2020 SR,WHEAT,18-Oct-20,LOCAL,2.2
P03946,F0595,2021 Long Rains,Maize,2021-03-10,LOCAL,2.1
P03947,F0595,2021 SR,Beans,2021-10-31,local,3.0
P03948,F0595,SR2022,Wheat,2022-10-11,Local,2.3
P03949,F0595,LR 2023,Maize,17/03/2023,Local,2.0
P03950,F0595,2023 Short Rains,Wheat,2023-11-13,landrace,4.0
P03951,F0596,2019 LR,MAIZE,2019-03-01,H513,1.5
P03952,F0596,2021 Long Rains,Maize,2021-03-24,,2.5
P03953,F0596,2022 Long Rains,Maize,27/03/2022,,1.6
P03954,F0596,2022-SR,Bean,2022-10-23,local,2.4
P03955,F0596,2024 Long Rains,Maize,06-Apr-24,Local,2.4
P03956,F0597,2019 Short Rains,Maize,14/11/2019,H614,0.4
P03957,F0597,2024 SR,Beans,2024-11-19,local,0.3
P03958,F0598,2019 SR,Maize,"Nov 06, 2019",LOCAL,3.0
P03959,F0598,LR 2020,Sorghum,2020-03-12,Gadam,6.0
P03960,F0598,SR2020,Maize,23/10/2020,LOCAL,3.5
P03961,F0598,LR 2021,Sorghum,2021-04-10,local,2.8
P03962,F0598,2021 Short Rains,beans,2021-10-01,landrace,3.1
P03963,F0598,2022 short rains,Maize,2022-11-18,DK8031,4.7
P03964,F0598,2023 Short Rains,Maize,"Oct 23, 2023",DK8031,6.2
P03965,F0598,SR 2024,Beans,2024-10-21,KAT-B1,3.9
P03966,F0599,2019 Long Rains,Maize,2019-03-05,LOCAL,2.7
P03967,F0599,2020 LR,Sorghum,2020-03-17,Gadam,3.2
P03968,F0599,2020 short rains,sorghum,2020-10-11,Seredo,1.7
P03969,F0599,2021-SR,Sorghum,2021-10-20,landrace,2.2
P03970,F0599,2022 Short Rains,Beans,30/10/2022,landrace,2.3
P03971,F0599 ,2023 Long Rains,Maize,2023-04-23,PH4,2.7
P03972,F0599,2023 short rains,Sorghum,05-Oct-23,Local,1.9
P03973,F0599,LR 2024,Maize,2024-03-14,DK8031,2.1
P03974,F0600,2019 Long Rains,Maize,2019-03-11,H513,2.5
P03975,F0600,2019 Short Rains,MAIZE,01-Oct-19,H513,2.2
P03976,F0600,2020 Long Rains,Beans,2020-03-11,local,2.5
P03977,f0600,2020-SR,Corn,16-Nov-20,PH4,2.1
P03978,F0600,2021 LR,Wheat grain,2021-03-27,Robin,3.9
P03979,F0600,SR 2021,Wheat,08/11/2021,Robin,1.2
P03980,F0600,LR 2022,Wheat,11/03/2022,Local,1.8
P03981,F0600,2024 LR,Wheat grain,03/04/2024,landrace,1.7
P03982,F0601,2019 Long Rains,Sorghum,2019-03-24,landrace,0.7
P03983,F0601,2020 Short Rains,Maize,2020-11-08,LOCAL,1.3
P03984,F0601 ,LR 2021,Sorghum,2021-03-21,LOCAL,0.8
P03985,F0601,SR2021,Sorghum,2021-10-22,LOCAL,1.1
P03986,F0601,2022 short rains,Beans,2022-10-16,landrace,1.0
P03987,F0601,2023 Short Rains,Sorghum,23/10/2023,,1.1
P03988,F0601,LR 2024,Beans,26/03/2024,local,0.9
P03989,F0601,2024 SR,Sorghum,2024-10-29,Local,2.1
P03990,f0602,2020 LR,Maize,2020-03-01,Local,2.8
P03991,F0602,2020 Short Rains,Maize,2020-10-04,PH4,3.2
P03992,F0602,2022 LR,WHEAT,"Apr 17, 2022",Robin,
P03993,F-0602,2022 short rains,WHEAT,17/10/2022,landrace,2.7
P03994,F0602,2023 Long Rains,Beans,01-Mar-23,LOCAL,3.0
P03995,F0602,SR 2023,Wheat,15/11/2023,landrace,3.4
P03996,F0602,2024-LR,Maize,2024-04-15,H614,2.8
P03997,F0603,SR 2019,Maize,2019-11-20,,2.4
P03998,F0603,2020 Long Rains,Beans,2020-04-25,,1.2
P03999,f0603,2021 Short Rains,Wheat,2021-10-25,,1.7
P04000,F0603,2022 LR,Maize,04/03/2022,H614,2.5
P04001,F0603,SR2022,Maize,02/11/2022,H513,1.0
P04002,f0603,2024 Long Rains,Maize,2024-04-05,Local,2.4
P04003,F0604,2019-LR,Maize,2019-04-25,LOCAL,2.0
P04004,F0604,2020 Long Rains,maize,06/04/2020,DK8031,1.1
P04005,F0604,2020 Short Rains,Maize,2020-10-25,H513,2.3
P04006,F0604,LR2021,Maize,23/04/2021,H513,
P04007,f0604,2024-SR,Beans,2024-10-16,LOCAL,3.8
P04008,F0605,2019 Long Rains,Maize,2019-04-03,PH4,4.1
P04009,F0605,2019 Short Rains,Wheat,2019-10-02,Robin,3.7
P04010,F0605,2020 Long Rains,Maize,2020-04-21,H614,3.3
P04011,F0605,2021 SR,Maize,2021-11-02,landrace,4.0
P04012,F0605,2022 Short Rains,Maize,10/11/2022,,3.5
P04013,F0605,2024 Long Rains,Beans,11/04/2024,local,2.7
P04014,F0605,2024 Short Rains,Beans,2024-10-26,LOCAL,3.0
P04015,F0606,2019 Long Rains,Beans,2019-04-20,LOCAL,0.4
P04016,F0606,SR2019,Beans,2019-10-07,LOCAL,0.8
P04017,F0606,2020 Long Rains,Maize,2020-04-05,landrace,0.4
P04018,F0606,SR 2020,Maize,26/10/2020,PH4,0.4
P04019,F0606,2021-SR,Beans,2021-11-12,local,0.8
P04020,F0606,2022 Long Rains,Beans,2022-03-14,LOCAL,0.7
P04021,F0606,2022 Short Rains,Beans,2022-11-11,KAT-B1,0.5
P04022,F0606,LR 2024,Maize,25-Mar-24,LOCAL,0.7
P04023,F0606,2024 Short Rains,maize,2024-11-18,DK8031,0.5
P04024,F0607,2019 Long Rains,Beans,2019-03-01,local,2.0
P04025,F0607,2019 Short Rains,Maize,2019-10-21,LOCAL,3.9
P04026,F0607,2020 Long Rains,Maize,"Apr 08, 2020",H513,1.7
P04027,F0607,SR2020,Maize,2020-10-29,H513,1.9
P04028,F0607,2021 Long Rains,Maize,05/04/2021,Local,1.7
P04029,F0607,2021-SR,Maize,07-Oct-21,local,2.6
P04030,F0607,LR 2022,Maize,2022-04-16,local,3.5
P04031,F0607,2023 Short Rains,Beans,2023-10-23,LOCAL,3.4
P04032,F-0607,2024 Short Rains,Maize,2024-10-09,Local,2.8
P04033,F0608,LR 2019,Maize,2019-03-17,DK8031,2.0
P04034,F0608,2019 short rains,beans,"Oct 18, 2019",LOCAL,
P04035,F0608,SR2021,maize,2021-10-17,DK8031,1.3
P04036,F0608,2022 Short Rains,Maize,04-Oct-22,LOCAL,1.1
P04037,F0608,2024 Short Rains,Maize,2024-11-03,H513,2.4
P04038,F0609,2019 long rains,Maize,23/04/2019,LOCAL,4.3
P04039,F0609,2020 Short Rains,Wheat,2020-10-02,landrace,1.9
P04040,F0609,LR2021,Maize,2021-03-31,DK8031,2.2
P04041,F0609,2021 Short Rains,Wheat,2021-11-20,local,3.9
P04042,F0609,2022 Long Rains,Maize,09/04/2022,DK8031,3.5
P04043,F0609,SR 2022,Maize,27/10/2022,H614,3.7
P04044,F0609,LR2024,Wheat,2024-03-08,local,3.3
P04045,F0609,2024 short rains,Wheat,24/10/2024,Eagle-10,1.9
P04046,F0610,2020 Long Rains,Maize,18/04/2020,LOCAL,0.6
P04047,F0610,2020-SR,Beans,2020-11-10,local,0.4
P04048,F0610,2021 Short Rains,Maize,2021-10-28,DK8031,0.9
P04049,F0610,2022 Long Rains,Beans,15/04/2022,Local,0.7
P04050,F0610,2022-SR,Maize,2022-11-13,H614,0.8
P04051,F0610,2023 Long Rains,Maize,2023-04-05,landrace,0.8
P04052,F0610,2023 Short Rains,Maize,2023-10-12,H614,
P04053,F0610,2024 Long Rains,Maize,2024-04-04,landrace,0.8
P04054,F0611,2019 Short Rains,Sorghum,2019-10-25,Seredo,1.8
P04055,F0611,2020-LR,Beans,2020-03-19,,1.6
P04056,F0611,SR2020,Beans,08/10/2020,,2.0
P04057,F0611,SR 2021,maize,2021-10-24,DK8031,1.4
P04058,F0611,2022-SR,Sorghum,"Nov 16, 2022",landrace,
P04059,F0611,2023-SR,Beans ,2023-11-15,LOCAL,2.1
P04060,F0611,2024-LR,Sorghum,2024-03-18,LOCAL,1.1
P04061,F0612,2019 LR,Maize,26-Mar-19,LOCAL,3.7
P04062,F0612,2019 short rains,Corn,2019-11-10,DK8031,2.7
P04063,F0612,2020 Long Rains,Maize,20/04/2020,local,3.0
P04064,F0612,SR 2020,Beans,"Oct 16, 2020",local,3.7
P04065,F0612,2022 Long Rains,Wheat,2022-03-29,Local,2.4
P04066,F0612,2022-SR,Maize,2022-10-28,PH4,1.7
P04067,F0612,2023 Short Rains,Beans,05-Nov-23,LOCAL,1.6
P04068,F0612,2024 Short Rains,Maize,2024-10-18,H614,2.2
P04069,F0613 ,2019 Long Rains,Beans,02/04/2019,local,3.9
P04070,F0613,2020 Long Rains,Beans,17/03/2020,landrace,3.0
P04071,F0613,2021 Long Rains,Beans,05/04/2021,KAT-B1,3.3
P04072,F0613,2021-SR,Sorghum,"Nov 16, 2021",LOCAL,2.3
P04073,F0613,2023 Long Rains,Maize,2023-03-20,Local,3.2
P04074,F0613,2024 Long Rains,Beans,2024-03-12,local,2.4
P04075,F0614,2019 Long Rains,Maize,2019-04-04,LOCAL,1.9
P04076,F0614,2020 Long Rains,Beans,2020-03-27,local,3.1
P04077,F0614,2021 LR,Maize,22/04/2021,DK8031,1.3
P04078,F0614,2021 Short Rains,MAIZE,2021-11-11,H614,2.2
P04079,F0614,SR 2022,Wheat,2022-10-14,Robin,1.3
P04080,F0614,2023 Short Rains,Beans,2023-10-29,landrace,
P04081,F0614,2024 short rains,Maize,21/10/2024,H614,1.3
P04082,F0615,2019-LR,Maize,2019-04-23,PH4,1.8
P04083,F0615,SR2019,Corn,14/11/2019,PH4,3.3
P04084,F0615,2020-LR,Bean,"Apr 25, 2020",local,2.4
P04085,F0615,2021 Long Rains,Maize,17/04/2021,H614,2.5
P04086,F0615,2021 Short Rains,Sorghum,2021-10-28,landrace,3.8
P04087,F0615,2022 LR,Maize,2022-03-24,local,2.9
P04088,F0615,SR 2022,Maize,2022-11-10,landrace,3.4
P04089,F0615,2023-SR,maize,2023-10-11,DK8031,3.7
P04090,F0616,2019-LR,Maize,2019-04-03,H614,0.4
P04091,F0616,2020-LR,Wheat,03-Mar-20,,0.6
P04092,F0616,2020 Short Rains,Wheat,09/11/2020,local,0.6
P04093,F0616,2021 short rains,Maize,13/11/2021,H513,
P04094,F0616,2024 LR,maize,03/04/2024,H513,0.4
P04095,F0617,2019 Short Rains,maize,13/10/2019,Local,1.2
P04096,F0617,SR2020,Maize,07/11/2020,landrace,0.4
P04097,F-0617,2021 Long Rains,beans,2021-04-17,LOCAL,0.6
P04098,F0617,2022 Long Rains,beans,12/04/2022,landrace,0.7
P04099,F0617,2022 SR,Maize,2022-10-09,LOCAL,0.6
P04100,F0617,LR 2023,Beans,2023-04-09,,0.4
P04101,F0617,2023-SR,maize,2023-11-15,LOCAL,0.4
P04102,f0617,2024 Long Rains,Maize,23-Apr-24,Local,0.4
P04103,F0617,2024 Short Rains,Maize,2024-10-09,landrace,0.6
P04104,F0618,SR2019,Maize,09/11/2019,landrace,3.2
P04105,F0619,2019 long rains,Maize,"Mar 12, 2019",,5.4
P04106,F0619,2020 Long Rains,wheat,27-Mar-20,Eagle-10,3.8
P04107,F0619,2021 Long Rains,BEANS,2021-03-17,landrace,3.1
P04108,F0619,2024 LR,Corn,09-Apr-24,PH4,3.4
P04109,F0620,2019 Short Rains,Beans,2019-11-15,Local,1.5
P04110,F0620,2020 Long Rains,Maize,11/04/2020,DK8031,1.1
P04111,F0620,SR 2020,Maize,2020-11-10,,0.8
P04112,F0620,2021 LR,beans,27/03/2021,,1.1
P04113,F0620,2022 Long Rains,Maize,2022-04-03,H614,1.4
P04114,F0620,SR 2022,BEANS,2022-11-07,local,1.9
P04115,F0620,2023 long rains,Beans,2023-03-24,KAT-B1,1.9
P04116,F0621,LR2019,Maize,2019-04-20,landrace,0.7
P04117,F0621,LR 2020,Beans,2020-03-18,LOCAL,0.5
P04118,F0621,SR 2020,Maize,2020-10-17,,0.8
P04119,F0621,LR 2021,Maize,02/03/2021,H614,0.3
P04120,F0621,2021 Short Rains,Maize,2021-11-12,local,0.4
P04121,F0621,2022 Long Rains,Maize,2022-04-14,Local,0.7
P04122,F0621,2022 SR,Maize,2022-10-08,landrace,0.8
P04123,F0622,2019-LR,Beans,27-Mar-19,Local,4.1
P04124,F0622,2019 short rains,Wheat,2019-11-01,local,3.9
P04125,F0622,2020 Long Rains,Wheat,2020-03-24,Robin,2.2
P04126,F0622,2020-SR,BEANS,2020-10-31,LOCAL,2.4
P04127,F0622,2021 Long Rains,Wheat,2021-04-08,Eagle-10,3.9
P04128,F0622,LR 2022,Maize,30/03/2022,Local,5.1
P04129,F0622,2022 short rains,MAIZE,14/10/2022,Local,2.3
P04130,F0622,2023 Short Rains,Maize,2023-10-26,Local,3.6
P04131,F0622,2024 Long Rains,Maize,18/04/2024,H513,3.8
P04132,F0622,2024 Short Rains,Maize,2024-11-01,DK8031,3.2
P04133,F0623,2019 Long Rains,Maize ,"Mar 02, 2019",DK8031,2.2
P04134,F0623,2019 short rains,Maize,04/11/2019,H614,2.8
P04135,F0623,2020 Short Rains,Maize,2020-11-04,local,2.5
P04136,F0623,2022-SR,beans,09/10/2022,Local,3.3
P04137,F0624,2019 short rains,Maize ,10/10/2019,H614,2.0
P04138,F0624,2020 Long Rains,Maize,2020-04-02,H614,1.4
P04139,F0624,2020 short rains,Maize,2020-10-30,Local,1.6
P04140,F0624,LR2021,Maize,2021-03-16,LOCAL,1.6
P04141,F0624,2021 Short Rains,Sorghum,2021-10-20,LOCAL,3.6
P04142,F-0624,2022 LR,Sorghum,12/04/2022,Local,
P04143,F0624,2022 Short Rains,Maize,01-Nov-22,,1.8
P04144,f0624,LR2023,Sorghum ,22/03/2023,landrace,1.3
P04145,F0624,2024 Long Rains,Maize,2024-03-14,Local,1.8
P04146,F0624,2024 Short Rains,Sorghum,2024-11-17,Local,2.0
P04147,F0625,2019 long rains,Maize,11/04/2019,local,0.9
P04148,F0625,2022 Long Rains,Wheat,09/04/2022,Eagle-10,1.1
P04149,f0625,SR 2022,Maize,13/10/2022,Local,1.1
P04150,F0625,2024 short rains,Maize,2024-11-02,local,0.7
P04151,F0626,SR 2019,Beans,2019-10-29,local,0.9
P04152,F0626,2020 LR,Maize,09/04/2020,local,0.5
P04153,F0626,2021 Short Rains,Maize,19-Nov-21,H614,0.5
P04154,F0626,2022-LR,Maize,2022-04-23,landrace,0.9
P04155,F0626,2024-LR,maize,2024-03-09,PH4,0.5
P04156,F0627,SR 2019,Beans,2019-10-18,LOCAL,2.7
P04157,F0627,2020 Long Rains,maize,2020-03-11,PH4,1.6
P04158,F0627,SR 2021,beans,2021-10-22,KAT-B9,2.9
P04159,F0627,2022-LR,Maize,2022-04-23,DK8031,2.8
P04160,F0627,2023 Long Rains,Maize,2023-03-26,H513,2.0
P04161,F0627,2023 SR,Maize,2023-11-18,,1.4
P04162,F0627,2024-LR,maize,21-Mar-24,DK8031,1.8
P04163,F0627,2024 Short Rains,Beans,10-Nov-24,local,1.5
P04164,F0628,2020 Short Rains,Maize,2020-10-28,DK8031,3.0
P04165,F0628,2021 Long Rains,Maize,31/03/2021,H614,3.6
P04166,F0628,2021 Short Rains,maize,"Oct 13, 2021",DK8031,3.4
P04167,F0628,LR 2022,Maize,"Mar 06, 2022",H513,4.7
P04168,F0628,2023 Long Rains,BEANS,2023-03-11,local,2.8
P04169,F0628,2024 Short Rains,MAIZE,2024-11-17,,5.3
P04170,F0629,2020 Short Rains,maize,2020-11-12,LOCAL,1.5
P04171,F0629,SR 2021,beans,02/10/2021,LOCAL,1.1
P04172,F0629,SR 2022,Beans,2022-10-10,LOCAL,1.4
P04173,F0629,2023 SR,Beans,2023-11-09,LOCAL,1.2
P04174,F0630,2019-SR,Maize,2019-10-24,DK8031,0.9
P04175,F0630,SR2020,Maize,2020-10-18,DK8031,0.6
P04176,F0630,2023 Long Rains,Wheat,01/04/2023,Robin,1.0
P04177,F0630,2024 Long Rains,Beans,2024-03-23,landrace,0.9
P04178,F0630,2024 Short Rains,Wheat,2024-10-06,landrace,1.0
P04179,F0631,SR2019,Wheat grain,2019-10-15,Eagle-10,3.3
P04180,F0631,SR2020,Beans,2020-10-21,KAT-B9,3.7
P04181,F0631,LR 2021,Maize,2021-03-23,DK8031,3.4
P04182,F0631,2021 short rains,maize,18/10/2021,Local,2.6
P04183,F0631,2022 Short Rains,Beans,2022-10-23,LOCAL,3.2
P04184,F0631,2023 long rains,Beans,2023-03-24,LOCAL,2.3
P04185,F-0631,2023 Short Rains,Beans,2023-10-03,LOCAL,4.1
P04186,F0631,2024-LR,Maize,2024-03-26,DK8031,3.9
P04187,F0632,2020 Short Rains,Beans,2020-10-01,LOCAL,4.1
P04188,F-0632,2021 LR,beans,2021-04-08,KAT-B9,3.2
P04189,F0632,2022 Long Rains,Beans,25/04/2022,LOCAL,
P04190,F0632,2023-LR,beans,2023-04-14,local,6.0
P04191,F-0632,SR 2023,maize,"Oct 01, 2023",DK8031,3.9
P04192,F0632,2024 Long Rains,MAIZE,2024-03-06,PH4,3.7
P04193,F0632,2024 Short Rains,Maize,10-Nov-24,landrace,4.8
P04194,F0633,2019 short rains,Maize ,2019-11-10,PH4,0.4
P04195,F0633,2020 long rains,Sorghum,28-Mar-20,,0.5
P04196,F0633,2020 Short Rains,maize,2020-10-17,landrace,0.5
P04197,F0633,2021 long rains,Bean,2021-03-11,LOCAL,0.3
P04198,F0633,2021 Short Rains,Maize,2021-11-10,H513,
P04199,F0633,2022 Long Rains,beans,2022-04-10,KAT-B1,0.3
P04200,F0633,2022 Short Rains,Maize,12-Oct-22,H614,0.4
P04201,F0633,2024 Long Rains,Maize,2024-04-17,local,0.3
P04202,F0634,2019-SR,Wheat,2019-11-08,LOCAL,0.7
P04203,F0634,2020-LR,Wheat,02/03/2020,Eagle-10,1.2
P04204,F0634,2021-LR,maize,19-Mar-21,landrace,0.9
P04205,F0634,2022 LR,Maize,02-Mar-22,LOCAL,0.7
P04206,F0634,SR2022,Maize,20-Nov-22,landrace,0.8
P04207,F0634,2023 long rains,maize,2023-04-13,Local,1.5
P04208,F0634,2024 Long Rains,Beans,14-Apr-24,landrace,1.0
P04209,F0634,2024-SR,Beans,11/11/2024,KAT-B9,1.2
P04210,F0635,2019-LR,MAIZE,2019-04-08,PH4,0.3
P04211,F0635,2020 long rains,Beans,2020-04-24,Local,0.4
P04212,F0635,SR 2020,Maize,2020-10-27,PH4,0.4
P04213,F0635,2021 Short Rains,Maize,2021-10-25,LOCAL,0.4
P04214,F0635,2022 Short Rains,Maize,2022-10-06,H513,0.4
P04215,F0635,LR 2024,Maize,2024-03-05,H513,0.6
P04216,F0635,2024 short rains,Maize,2024-11-17,LOCAL,0.3
P04217,F0636,2019 long rains,Maize ,"Apr 01, 2019",DK8031,1.7
P04218,F0636,2020 Short Rains,MAIZE,2020-10-24,Local,2.5
P04219,F-0636,LR 2021,MAIZE,24-Apr-21,landrace,1.5
P04220,F0636,2022 long rains,Maize,2022-03-17,H513,1.2
P04221,F0636,2023 Long Rains,maize,2023-04-09,Local,2.1
P04222,F0636,2024 short rains,Beans,24-Oct-24,,2.1
P04223,F0637,LR2019,Beans,2019-04-17,,1.8
P04224,F0637 ,2019 SR,Sorghum,27/10/2019,Seredo,1.5
P04225,F0637,2022 Long Rains,Maize,2022-03-23,DK8031,2.9
P04226,F0637,2024 Long Rains,MAIZE,2024-03-19,landrace,3.6
P04227,F0637,2024 Short Rains,Maize,20-Oct-24,Local,2.7
P04228,f0638,LR 2019,Maize,2019-04-04,Local,0.6
P04229,F0638,2019 short rains,Sorghum,2019-11-04,Local,0.4
P04230,F0638,2020 Long Rains,beans,03-Mar-20,KAT-B9,0.3
P04231,F0638,2021-SR,Sorghum,06/11/2021,local,1.0
P04232,F0638,2022 Short Rains,Maize,2022-11-07,PH4,0.3
P04233,F0639,LR 2019,Beans,2019-04-14,landrace,0.9
P04234,F0639,2019 SR,beans,09/10/2019,LOCAL,1.3
P04235,F0639,2020-LR,Sorghum,2020-03-22,Local,1.2
P04236,F0639,2020 Short Rains,Maize,2020-10-12,DK8031,0.6
P04237,F0639,2021 Long Rains,Maize,24/04/2021,PH4,0.6
P04238,F0639,2022 Long Rains,Sorghum,2022-04-19,Local,1.4
P04239,F0639,2023 LR,Sorghum,01-Apr-23,Local,0.7
P04240,F0639,2024 Long Rains,Sorghum,08/03/2024,local,1.0
P04241,F0639,2024 short rains,Sorghum,09/11/2024,,0.9
P04242,F0640,2019 LR,wheat,18/04/2019,Robin,
P04243,F0640,LR 2020,Maize,"Apr 22, 2020",local,11.3
P04244,F0640,2021 Long Rains,Wheat,2021-04-13,Robin,7.2
P04245,F0640,SR 2021,Beans,2021-11-11,LOCAL,7.1
P04246,F0640,2022 Short Rains,Wheat,07/11/2022,Robin,9.7
P04247,F0640,LR 2024,Maize,2024-03-08,H614,
P04248,F0641,2019 Long Rains,Maize,2019-03-22,H614,1.1
P04249,F0641,2020-LR,maize,2020-03-15,DK8031,1.2
P04250,F0641,2020 short rains,Beans,2020-10-08,landrace,1.0
P04251,F0641,2021 LR,Beans,2021-04-20,LOCAL,0.7
P04252,F0641,2021 Short Rains,BEANS,2021-11-04,LOCAL,1.1
P04253,F0641,LR 2022,Bean,2022-03-18,LOCAL,0.7
P04254,F0641,SR2022,Maize,2022-10-11,PH4,0.8
P04255,F0641,2024 Short Rains,Maize,2024-10-09,H614,0.7
P04256,F0642,SR 2019,Sorghum,15/11/2019,local,0.6
P04257,F0642,LR 2022,Beans,17/04/2022,landrace,0.4
P04258,F0642,LR 2023,Maize,2023-04-24,H614,0.4
P04259,F0642,LR 2024,Corn,2024-04-05,DK8031,0.7
P04260,F0642,2024 Short Rains,Maize,2024-11-03,landrace,0.5
P04261,F0643,LR2019,Maize,20-Mar-19,PH4,4.3
P04262,F0643,2020 LR,Maize,2020-03-02,Local,3.1
P04263,F0643,2020 Short Rains,Sorghum,2020-11-03,Local,2.9
P04264,F0643,2022-SR,Beans,2022-10-23,LOCAL,2.4
P04265,F0644,LR2019,maize,07/04/2019,,0.7
P04266,F0644,2019 Short Rains,Maize,2019-10-29,local,0.9
P04267,F0644,2020 Short Rains,Beans,18-Nov-20,landrace,1.0
P04268,F0644,2021 LR,Beans,2021-04-08,landrace,0.9
P04269,F0644,2021 Short Rains,Maize,2021-11-12,PH4,0.7
P04270,F0644,2023 Short Rains,Sorgum,2023-10-31,Gadam,0.9
P04271,F0644,2024 Long Rains,Sorghum,12/03/2024,LOCAL,1.1
P04272,F0645,2020-LR,MAIZE,2020-04-21,H513,2.5
P04273,F0645,LR 2022,Corn,27/03/2022,LOCAL,1.2
P04274,F0645,SR2022,Maize,08/11/2022,,1.3
P04275,F0645,2023 Long Rains,Beans,2023-04-10,landrace,2.5
P04276,F0645,SR 2024,Beans,2024-10-16,landrace,2.3
P04277,F0646,LR2019,Maize,2019-03-08,landrace,5.0
P04278,F0646,2019 Short Rains,wheat,2019-11-01,Local,4.3
P04279,F0646,LR 2020,Maize,24/03/2020,PH4,5.8
P04280,F0646,SR 2020,Beans,2020-11-20,LOCAL,13.5
P04281,F0646,2021 Long Rains,Wheat,19/03/2021,Robin,8.1
P04282,F0646,2021 Short Rains,Maize,2021-11-11,H614,4.3
P04283,F0646,SR 2022,maize,2022-10-23,DK8031,7.3
P04284,F0646,LR 2023,MAIZE,2023-03-17,LOCAL,6.2
P04285,F0646,2024 Long Rains,WHEAT,2024-03-20,Eagle-10,6.2
P04286,F0646,2024-SR,Maize,02-Oct-24,H614,4.2
P04287,f0647,2019 Long Rains,Maize,2019-03-27,DK8031,1.2
P04288,F0647,2019 SR,Maize,"Oct 31, 2019",,1.1
P04289,F0647,2020 long rains,Maize,2020-03-26,landrace,1.0
P04290,F0647,LR2021,Maize,"Apr 06, 2021",Local,0.8
P04291,F0647,SR2021,maize,16-Nov-21,local,0.7
P04292,F0647,LR 2023,sorghum,"Apr 11, 2023",landrace,0.8
P04293,F0647,SR 2023,Maize,27/10/2023,local,1.3
P04294,F0648,2019 Long Rains,Maize,10-Mar-19,Local,2.9
P04295,f0648,2019 Short Rains,Maize,2019-11-03,PH4,1.7
P04296,F0648,2020 LR,Maize,2020-04-09,,3.1
P04297,F0648,2021 Short Rains,Wheat,2021-10-30,Eagle-10,1.7
P04298,F0648,2022 Long Rains,Beans,25/04/2022,Local,1.7
P04299,F0648,2022 Short Rains,Beans,19/11/2022,LOCAL,1.9
P04300,F0648,SR 2023,Maize,06-Oct-23,H513,1.8
P04301,F0648,2024 SR,Maize,2024-10-19,landrace,2.7
P04302,F0649,2019 Long Rains,Maize,16/03/2019,Local,3.2
P04303,F0649,SR 2019,Maize,2019-10-01,DK8031,1.7
P04304,f0649,2020 Long Rains,Maize,01-Mar-20,local,2.9
P04305,F0649,2020-SR,Beans,2020-10-07,landrace,2.4
P04306,F0649,2021 Long Rains,Maize,28/03/2021,DK8031,1.8
P04307,F0649,2021 SR,Bean,03/10/2021,Local,5.1
P04308,F0649,2022 Long Rains,Maize,28-Mar-22,H614,2.2
P04309,F0649,2023-SR,WHEAT,11-Oct-23,Robin,1.6
P04310,F0650,LR 2019,Maize,2019-03-12,LOCAL,2.4
P04311,F0650,2020 Long Rains,Maize,2020-03-18,DK8031,2.3
P04312,F0650,SR2020,Beans,2020-10-22,LOCAL,2.3
P04313,F0650,2024 Short Rains,maize,2024-10-03,PH4,2.6
P04314,F0651,2020-SR,Maize,2020-11-07,H513,1.6
P04315,F0651,2021-LR,maize,27-Mar-21,Local,1.6
P04316,F0651,2022 Long Rains,Wheat,2022-04-19,Eagle-10,1.4
P04317,F0651,2022-SR,Maize,05/10/2022,H614,0.8
P04318,F0651,2023 Long Rains,Corn,31/03/2023,landrace,1.0
P04319,F0651,2024 long rains,Bean,2024-03-07,,1.8
P04320,F0651,2024 SR,MAIZE,14/11/2024,landrace,1.9
P04321,F0652,2019 Short Rains,Beans,2019-11-15,Local,3.9
P04322,F0652,2020 long rains,Wheat,2020-04-21,Eagle-10,3.3
P04323,F0652,2021 Long Rains,Maize,10/03/2021,PH4,1.8
P04324,F0652,SR 2021,Beans,27/10/2021,LOCAL,3.1
P04325,F0652,2022 Short Rains,Maize,01/11/2022,local,3.7
P04326,F0652,2023 Short Rains,Maize,03/11/2023,H513,2.4
P04327,F0652,2024 short rains,Maize,2024-10-18,local,3.2
P04328,F0653,2019 Long Rains,Maize,2019-04-24,local,1.2
P04329,F0653,2019 Short Rains,maize,2019-11-04,PH4,1.1
P04330,F0653,2020 SR,beans,2020-10-16,KAT-B9,
P04331,F0653,2021 Short Rains,maize,2021-11-15,,1.0
P04332,F0653,2022 Short Rains,Maize,2022-10-29,DK8031,1.3
P04333,F0653,2023-LR,Beans,2023-03-15,landrace,1.0
P04334,F0653,2024-SR,Maize,16/10/2024,DK8031,0.6
P04335,F0654 ,2019-SR,Sorghum,13/11/2019,Local,3.1
P04336,F0654,2020-LR,sorghum,23/04/2020,Seredo,2.2
P04337,F0654,2021 LR,Corn,14/04/2021,landrace,
P04338,F0654,2021 Short Rains,Maize,02/11/2021,DK8031,2.2
P04339,F0654,LR 2023,Maize,"Mar 17, 2023",H513,1.8
P04340,F0654,2023 short rains,Maize,2023-11-12,local,4.0
P04341,F0654,2024 LR,Maize,2024-03-30,DK8031,4.0
P04342,F0655,2020 long rains,Maize,14/04/2020,local,1.9
P04343,F0655,LR 2022,BEANS,2022-04-13,local,3.2
P04344,F0655,2022 Short Rains,beans,10-Nov-22,landrace,2.1
P04345,F0655,SR 2023,Sorghum,2023-11-02,landrace,2.3
P04346,F0656,2020 Long Rains,Beans,2020-03-27,Local,0.4
P04347,F0656,2020 SR,Maize,2020-10-18,,0.5
P04348,F0656,SR2023,Beans,22/10/2023,Local,0.5
P04349,F0657,2019 Short Rains,Beans,08-Oct-19,Local,3.4
P04350,F0657,2020 SR,Maize,"Nov 20, 2020",H513,2.5
P04351,F0657,2021 Long Rains,Wheat,01/04/2021,Eagle-10,3.7
P04352,F0657,2021 SR,Maize ,2021-10-12,landrace,3.9
P04353,F0657,LR 2023,Wheat,2023-03-08,local,2.2
P04354,F0658,2019 long rains,Sorghum,2019-03-12,landrace,
P04355,F0658,2019 SR,Sorghum,2019-10-18,LOCAL,0.6
P04356,F0658,2020 Short Rains,maize,16/10/2020,LOCAL,0.7
P04357,F0658,2021 long rains,SORGHUM,01/04/2021,Seredo,0.7
P04358,F0658,2021 Short Rains,Maize,"Oct 03, 2021",landrace,0.5
P04359,F0658,LR2023,Maize,2023-03-01,H614,0.7
P04360,F0658,2024 LR,Beans,29/03/2024,Local,0.5
P04361,F0658 ,SR 2024,Maize,16-Nov-24,landrace,0.5
P04362,F0659,LR 2019,Maize,17/03/2019,landrace,0.5
P04363,F0659,2020 Long Rains,Maize,15/03/2020,landrace,0.8
P04364,F0659,2020 short rains,Beans,2020-10-11,local,0.7
P04365,F0659,2021 LR,Beans,2021-03-05,KAT-B1,1.5
P04366,F0659,2022-SR,Beans,2022-10-10,landrace,0.9
P04367,F0659,LR 2024,Maize,18/04/2024,H614,0.6
P04368,F0660,SR 2020,wheat,2020-10-17,Local,1.0
P04369,F0660,2021 Long Rains,Beans,2021-04-01,LOCAL,1.4
P04370,F0660,2021 SR,Beans,2021-10-17,Local,2.3
P04371,F0660,2022 LR,BEANS,2022-03-20,Local,1.4
P04372,F0660,LR 2023,Beans,2023-03-09,local,1.4
P04373,F0660,SR 2023,wheat,2023-11-06,Robin,
P04374,F0660,SR2024,Wheat,"Oct 14, 2024",landrace,1.3
P04375,F0661,2019 long rains,Beans,2019-03-20,Local,1.6
P04376,F0661,2020 LR,Sorghum ,2020-04-18,LOCAL,3.8
P04377,F0661,2021 Short Rains,Maize,07/10/2021,H513,1.9
P04378,F0661,2022-LR,Beans,2022-04-08,KAT-B9,4.0
P04379,F0661,2022 Short Rains,maize,2022-10-27,landrace,3.5
P04380,F0661,2023 Short Rains,Maize,2023-10-12,landrace,2.0
P04381,F0661,LR 2024,BEANS,2024-03-19,landrace,3.0
P04382,F0661,2024 SR,Beans,"Oct 23, 2024",Local,2.5
P04383,F0662,2019 Long Rains,Beans,2019-03-21,local,0.6
P04384,F0662,2021 short rains,Maize,06/10/2021,Local,0.6
P04385,F0662,2023-LR,Maize,2023-04-13,LOCAL,0.3
P04386,F0662,2023 Short Rains,Maize ,"Oct 29, 2023",landrace,0.7
P04387,F0663 ,2019-LR,MAIZE,03/03/2019,H513,1.0
P04388,F0663,2019 Short Rains,Beans,2019-10-23,Local,2.2
P04389,F0663,2020 LR,Maize,11/03/2020,local,1.5
P04390,F0663,2020 short rains,Beans ,28/10/2020,landrace,1.4
P04391,F0663,2021-LR,Sorghum,2021-03-07,,1.0
P04392,F0663,2021 Short Rains,Maize,2021-11-15,DK8031,2.3
P04393,F0663,LR2022,Maize,07/04/2022,DK8031,1.0
P04394,F0663,2024 Long Rains,BEANS,2024-03-29,landrace,1.5
P04395,F0663,SR 2024,Sorghum,2024-11-01,LOCAL,1.1
P04396,F0664,2019 Long Rains,Maize,"Apr 20, 2019",DK8031,1.0
P04397,F0664,2020 LR,Beans ,13/04/2020,landrace,1.6
P04398,F-0664,2020 SR,Maize,30/10/2020,H513,1.6
P04399,F0664,2021 long rains,Maize,2021-03-03,LOCAL,1.1
P04400,F0664,2022 LR,Beans,04/03/2022,landrace,0.6
P04401,F0664,2023-SR,Maize ,2023-11-05,landrace,0.6
P04402,F0664,2024-LR,Corn,2024-03-15,DK8031,0.8
P04403,F0664,2024 Short Rains,beans,2024-11-03,Local,0.7
P04404,f0665,2019 Long Rains,Maize,2019-04-13,DK8031,1.3
P04405,F0665,2019 SR,Maize,20/10/2019,local,1.5
P04406,f0665,LR 2020,Maize,2020-03-05,,1.2
P04407,F0665,2020 Short Rains,Maize,11/10/2020,Local,1.4
P04408,F0665,2021 long rains,Maize,2021-03-01,landrace,1.5
P04409,F0665,2021 short rains,Maize,09/10/2021,,1.3
P04410,F0665,2022 Long Rains,Maize,2022-03-16,landrace,2.1
P04411,F0665,2023 Long Rains,Beans,05/04/2023,landrace,1.5
P04412,F0666,2019-SR,Maize,23/10/2019,H513,2.1
P04413,F0666,LR 2020,maize,2020-03-12,landrace,1.8
P04414,F0666,SR 2020,Maize,26/10/2020,,2.9
P04415,F0666,SR2022,Wheat,23/10/2022,Robin,2.1
P04416,F0666,SR2023,MAIZE,2023-10-31,PH4,4.0
P04417,F0667,LR 2019,Maize,2019-03-15,Local,5.0
P04418,F0667,2020-LR,Maize,04/04/2020,H614,3.7
P04419,F0667,2020 Short Rains,beans,2020-11-17,LOCAL,7.0
P04420,F0667,LR 2021,maize,2021-03-18,H614,8.2
P04421,F0667,2022 Long Rains,Sorghum,"Mar 06, 2022",Seredo,4.5
P04422,F0667,2022 Short Rains,Sorghum,2022-10-03,landrace,8.1
P04423,F0667,SR 2024,Bean,17/10/2024,landrace,7.1
P04424,F0668,2020-LR,Sorghum,2020-03-16,local,1.8
P04425,F0668,2020-SR,Sorghum,2020-10-02,Seredo,
P04426,F0668,2021 Long Rains,Maize,2021-03-19,Local,1.4
P04427,F0668,2021 SR,Beans,07/11/2021,,1.3
P04428,F0668,2022 Short Rains,maize,17-Oct-22,local,1.5
P04429,F0668,2023 Short Rains,Beans,2023-10-05,landrace,2.3
P04430,F0668,LR 2024,maize,17/03/2024,LOCAL,1.4
P04431,F0668,2024-SR,BEANS,2024-10-23,local,2.2
P04432,F0669,2019 Long Rains,MAIZE,2019-03-15,PH4,2.2
P04433,F0669,2020 Long Rains,MAIZE,2020-03-14,DK8031,1.6
P04434,F0669,2020-SR,Sorghum,2020-11-05,LOCAL,1.1
P04435,F0669,2021 Long Rains,beans,2021-04-07,LOCAL,1.8
P04436,F0669,LR 2022,Maize,01/03/2022,PH4,2.0
P04437,F0669,2022 Short Rains,Maize,14/10/2022,DK8031,1.8
P04438,F0669,2024 Long Rains,Sorghum,08/03/2024,Gadam,2.5
P04439,F0669,2024 short rains,Beans,2024-10-19,KAT-B1,1.9
P04440,F0670,2019 long rains,Sorghum,2019-04-09,Local,1.6
P04441,F0670,SR 2019,MAIZE,2019-10-07,Local,1.4
P04442,F0670,2021 Long Rains,Maize,2021-03-06,PH4,1.2
P04443,F0670,SR2021,Beans,2021-11-20,landrace,0.7
P04444,F0670,LR 2023,Beans,2023-04-02,KAT-B9,1.7
P04445,F0670,2024 LR,Maize,"Mar 06, 2024",H614,1.7
P04446,F0670,2024 Short Rains,Beans,2024-11-02,local,1.8
P04447,F0671,2019 Long Rains,Beans,2019-03-01,KAT-B9,3.7
P04448,F0671,2020 long rains,Maize,2020-03-04,PH4,5.5
P04449,F0671,SR 2020,maize,2020-10-17,local,5.4
P04450,F0671,2022 Short Rains,Beans,18-Nov-22,local,3.9
P04451,F0671,2023-LR,Beans,26/03/2023,local,3.6
P04452,F0672,2019-LR,Beans,28/03/2019,local,2.7
P04453,F0672,SR2019,Maize,14-Oct-19,H614,2.6
P04454,F0672,2021 Long Rains,Maize,11/04/2021,Local,1.9
P04455,F0672,2021 Short Rains,Wheat,2021-11-13,LOCAL,2.4
P04456,F0672,2022 SR,Maize,2022-11-13,LOCAL,
P04457,F0672,2024-LR,Beans,2024-04-19,Local,3.0
P04458,F0672,2024 Short Rains,Bean,2024-10-04,Local,1.9
P04459,F0673,2019 long rains,Wheat,2019-04-13,Eagle-10,3.3
P04460,f0673,2019 SR,Maize,2019-10-12,H513,5.5
P04461,F0673,LR 2020,MAIZE,"Mar 16, 2020",LOCAL,3.1
P04462,F0673,2021-LR,Wheat,21/04/2021,LOCAL,5.1
P04463,F0673,SR 2021,Wheat,2021-11-19,,3.8
P04464,F0673,2023 Long Rains,Maize,01/04/2023,H614,5.4
P04465,F0673,2023 short rains,Maize,2023-11-12,local,6.6
P04466,F0673 ,2024-LR,Beans,10/03/2024,KAT-B9,4.5
P04467,F0673,2024 short rains,Wheat,20/11/2024,Eagle-10,4.3
P04468,F0674,2019 Short Rains,Sorghum,2019-10-09,Seredo,1.8
P04469,F0674,2020-LR,Bean,06-Mar-20,landrace,1.9
P04470,F0674,SR2020,sorghum,10/11/2020,local,2.0
P04471,F0674,2021 Long Rains,Sorghum,10/04/2021,,1.3
P04472,f0674,2021 SR,Sorgum,2021-10-10,Gadam,1.2
P04473,F0674,2022 Long Rains,Maize,12-Apr-22,H513,2.2
P04474,F0674,2022 Short Rains,maize,"Nov 15, 2022",H513,2.4
P04475,F0674,2023 SR,sorghum,09-Nov-23,Local,1.4
P04476,F0675,2021 Long Rains,Maize,2021-03-12,H513,2.3
P04477,F0675,LR 2023,Beans,2023-04-05,landrace,1.2
P04478,F0675,2023 Short Rains,Maize,2023-10-09,landrace,1.9
P04479,F0675,LR 2024,Bean,16/03/2024,KAT-B1,1.3
P04480,F0676,2019 Short Rains,Bean,2019-10-14,local,1.0
P04481,F0676,2022 Long Rains,Beans ,2022-03-30,local,0.6
P04482,F0676,2022 Short Rains,Beans,15/10/2022,Local,0.8
P04483,F0676,2023 Short Rains,beans,2023-10-16,LOCAL,0.7
P04484,F0676,2024 short rains,Beans,"Oct 03, 2024",local,0.5
P04485,F0677,SR2019,Maize,2019-11-14,LOCAL,3.0
P04486,F0677,2020 Long Rains,Beans,2020-03-25,landrace,7.2
P04487,F0677,2020 Short Rains,Maize,11/11/2020,landrace,4.3
P04488,F0677,2021-LR,wheat,2021-03-18,landrace,6.3
P04489,F0677,2021 short rains,wheat,2021-10-11,Local,3.8
P04490,F0677,SR2024,Wheat,2024-10-31,Robin,3.7
P04491,F0678,2019 Long Rains,Maize,2019-03-16,PH4,1.3
P04492,F0678,2019 Short Rains,Beans,2019-10-17,KAT-B9,1.3
P04493,F0678,2020 Long Rains,Beans,2020-03-07,Local,0.6
P04494,F0678,2022 Long Rains,Sorghum ,2022-04-06,local,1.4
P04495,F0678,2022-SR,Maize,2022-10-14,H614,1.3
P04496,F0678,2024 Long Rains,Maize,2024-04-13,local,1.2
P04497,F0678,2024 Short Rains,Maize,"Nov 06, 2024",Local,1.2
P04498,F0679,2019 Short Rains,Beans,2019-11-17,,1.5
P04499,F0679,LR 2020,sorghum,14/03/2020,landrace,1.4
P04500,F0679,2020-SR,Sorghum,02-Nov-20,landrace,3.0
P04501,F0679,2021 LR,Maize,2021-03-04,landrace,1.3
P04502,F0679,LR2023,Maize,2023-04-20,H513,2.1
P04503,F0679,2023 SR,Sorghum ,2023-11-01,landrace,2.3
P04504,F0680,2019 LR,Beans,2019-03-07,Local,0.4
P04505,F0680,2019-SR,Beans,2019-10-11,Local,0.4
P04506,F0680,2021 Long Rains,Beans,2021-04-10,LOCAL,
P04507,f0680,2022 LR,Maize,23-Apr-22,H614,0.6
P04508,F0680,2024 SR,MAIZE,11/11/2024,LOCAL,0.3
P04509,F0681,2019 Long Rains,maize,2019-04-17,PH4,1.0
P04510,F0681,SR 2019,Maize,2019-10-18,H513,1.6
P04511,F0681,2021-LR,Beans,06/04/2021,LOCAL,1.1
P04512,F0681,LR 2022,Bean,2022-03-11,LOCAL,0.9
P04513,F0681,2022 short rains,MAIZE,12/10/2022,DK8031,1.0
P04514,F0681,LR 2023,wheat,23/03/2023,Eagle-10,1.1
P04515,F0681,2023 Short Rains,Beans ,2023-10-12,KAT-B9,0.8
P04516,F0681,2024 LR,Maize ,31/03/2024,H513,1.5
P04517,F0682,LR 2020,Beans,2020-04-07,landrace,1.4
P04518,F0682,2020 short rains,maize,08-Oct-20,,1.7
P04519,F0682,2021 long rains,Maize,2021-04-09,H513,2.1
P04520,F0682,2022 short rains,Corn,2022-10-01,PH4,2.5
P04521,F0682,LR2023,beans,03/04/2023,landrace,1.7
P04522,F-0682,2023 short rains,Beans,21/10/2023,KAT-B9,2.4
P04523,F0682,2024 long rains,Beans,2024-03-22,Local,2.6
P04524,F0682,2024-SR,BEANS,2024-10-17,LOCAL,1.2
P04525,F0683,2019 long rains,Beans,17-Mar-19,landrace,2.4
P04526,F0683,2019 Short Rains,Maize,20/10/2019,landrace,2.6
P04527,F0683,2020 Short Rains,Wheat,2020-10-29,local,3.9
P04528,F0683,2021 long rains,maize,2021-04-13,local,5.8
P04529,F0683,2022 LR,Maize,2022-03-05,landrace,3.2
P04530,F0683,2022-SR,Corn,2022-11-12,H513,2.6
P04531,F0683,2024 Short Rains,Beans,"Nov 20, 2024",LOCAL,2.1
P04532,F0684,2019-SR,Maize ,2019-11-03,local,2.8
P04533,F0684 ,2020 SR,Maize,2020-10-21,landrace,5.4
P04534,F0684,2021 SR,Wheat,2021-10-18,Robin,3.3
P04535,F0684,2022 Short Rains,Wheat,2022-10-28,Eagle-10,3.5
P04536,F0684,2023 Short Rains,Beans,"Oct 22, 2023",landrace,3.9
P04537,F0684,LR 2024,Corn,2024-04-01,LOCAL,2.2
P04538,F0684,2024-SR,Corn,13/10/2024,Local,3.3
P04539,F0685,LR 2019,Sorghum,24/04/2019,landrace,0.6
P04540,F0685,2021-SR,Sorghum,23/10/2021,landrace,0.7
P04541,F0685,2022 Short Rains,Sorghum,2022-10-02,Local,0.8
P04542,F0685,2023 Short Rains,Maize,07/10/2023,DK8031,0.6
P04543,F0686,2019-LR,MAIZE,2019-03-05,LOCAL,0.9
P04544,F0686,2020 Short Rains,maize,12/10/2020,landrace,1.5
P04545,F0686,2021 long rains,Beans,13/04/2021,KAT-B9,1.1
P04546,F0686,2023 LR,Sorghum,2023-03-24,LOCAL,0.9
P04547,F0686,2023 Short Rains,Beans,2023-10-13,local,1.8
P04548,F0687,LR2019,Beans,2019-03-06,KAT-B9,4.9
P04549,F0687,2019 Short Rains,Beans,2019-11-16,local,5.9
P04550,F0687,2021 Long Rains,Beans,2021-04-20,KAT-B1,3.5
P04551,F0687,2022-LR,Beans,2022-04-14,LOCAL,3.8
P04552,F0687,2022-SR,Maize,2022-10-29,landrace,6.0
P04553,F0687,2023 Long Rains,Maize,29/03/2023,local,4.0
P04554,F0687,2023 Short Rains,Beans,2023-10-08,local,3.3
P04555,F0687,LR2024,Wheat,"Mar 19, 2024",Eagle-10,6.3
P04556,F-0688,2019 SR,Maize,2019-10-30,Local,11.4
P04557,F0688,2020 Long Rains,Maize,2020-03-19,PH4,17.9
P04558,F0688,2020 short rains,Wheat,2020-11-07,Robin,12.1
P04559,F0688,2021 Long Rains,Wheat,2021-04-13,landrace,12.9
P04560,F0688,2022 Short Rains,Maize,2022-10-23,H513,8.3
P04561,F0688,SR 2023,wheat,2023-10-12,LOCAL,8.0
P04562,F0688,2024 short rains,maize,2024-11-11,,11.0
P04563,F0689,2019 Long Rains,maize,2019-03-09,Local,2.4
P04564,F0689,SR 2019,Maize,29/10/2019,PH4,
P04565,F0689,LR 2021,Sorghum,03-Mar-21,landrace,1.0
P04566,F0689,LR 2022,Sorghum,2022-03-10,landrace,1.1
P04567,F0689,SR 2022,Maize,18/10/2022,PH4,1.3
P04568,f0689,2023 Long Rains,SORGHUM,2023-03-11,LOCAL,2.1
P04569,F0689,SR 2023,beans,16-Oct-23,LOCAL,1.5
P04570,F0689,2024-LR,Sorghum,2024-04-02,LOCAL,1.1
P04571,F0689,SR 2024,Beans,2024-11-03,landrace,1.8
P04572,F0690,2019 Long Rains,maize,2019-04-21,H614,1.8
P04573,F0690,SR 2019,Beans ,2019-11-09,local,2.5
P04574,F0690,2020-LR,maize,2020-04-01,Local,2.8
P04575,F0690,LR2022,maize,19/03/2022,Local,1.6
P04576,F0690,2022 SR,Maize,"Oct 18, 2022",PH4,3.5
P04577,F0690,2023 Long Rains,maize,05/03/2023,landrace,2.0
P04578,F0690,2023 Short Rains,maize,2023-10-28,PH4,2.1
P04579,F0690,2024 Short Rains,Maize,2024-10-13,Local,3.1
P04580,F0691,2019 long rains,Beans,"Apr 16, 2019",landrace,1.0
P04581,F0691,2020 Long Rains,Maize,2020-03-20,Local,1.0
P04582,F0691,2020 Short Rains,MAIZE,2020-11-09,H513,1.2
P04583,F0691,SR2021,Wheat,2021-10-07,Eagle-10,1.2
P04584,F0691,2022 long rains,Maize,"Mar 16, 2022",H614,2.1
P04585,F0691,2022-SR,beans,2022-10-16,KAT-B9,1.7
P04586,F0691,LR 2024,Beans,2024-04-13,local,1.4
P04587,F0691,2024 SR,Beans ,"Nov 02, 2024",landrace,
P04588,F0692,2019 Long Rains,Wheat,05/03/2019,local,6.5
P04589,F0692,2019-SR,Maize,30/10/2019,LOCAL,4.3
P04590,F0692,2020-LR,Maize,2020-03-30,local,4.6
P04591,F0692,2020 SR,MAIZE,15/11/2020,local,4.0
P04592,f0692,2022 Long Rains,Maize,23/03/2022,landrace,7.8
P04593,F0692,2022-SR,Wheat,22-Oct-22,Robin,8.0
P04594,F-0692,2023 Long Rains,Wheat,2023-04-18,Robin,5.9
P04595,F0692,SR2023,Beans,2023-11-14,landrace,4.4
P04596,F0692,2024-LR,maize,2024-03-24,local,5.7
P04597,F0693,2019-SR,Wheat ,2019-11-03,landrace,4.0
P04598,f0693,2020 Long Rains,Beans,2020-03-09,landrace,2.7
P04599,F0693,SR2020,maize,2020-10-09,landrace,2.2
P04600,F0693,2023 LR,Maize,09-Mar-23,local,4.3
P04601,F0693,2023 Short Rains,Maize,28/10/2023,LOCAL,2.9
P04602,F0694,LR 2020,Corn,16-Apr-20,H614,3.8
P04603,F0694,2020 Short Rains,Maize,19/10/2020,PH4,4.0
P04604,F0694,SR2021,wheat,2021-11-16,Local,2.6
P04605,F0694,2022-SR,Beans,26/10/2022,local,2.5
P04606,F0694,2023-LR,Maize,2023-04-06,DK8031,4.1
P04607,F0694,2023 short rains,Wheat,2023-10-27,Robin,
P04608,F0695,LR 2019,SORGHUM,25-Apr-19,LOCAL,1.5
P04609,F0695,2019 short rains,Sorghum,2019-11-07,,1.6
P04610,F0695,2020 Short Rains,Sorghum,2020-10-11,Local,1.6
P04611,F0695,SR2021,Maize,17-Nov-21,Local,1.5
P04612,F0695,LR 2022,Beans ,01/04/2022,LOCAL,1.9
P04613,F0695,2024 Long Rains,Beans,11/03/2024,Local,1.7
P04614,F0695,SR 2024,Beans,14/10/2024,local,2.3
P04615,F0696,2019 Long Rains,Beans,2019-04-22,Local,1.6
P04616,F0696,LR 2020,Maize,"Mar 12, 2020",local,2.1
P04617,F0696,2021 short rains,maize,09/10/2021,local,1.4
P04618,F0696,2022 Long Rains,Maize,2022-03-14,Local,1.2
P04619,F-0696,2022 Short Rains,Maize,2022-10-08,landrace,1.8
P04620,F0696,2023-LR,Maize,2023-03-18,local,1.8
P04621,F0696,SR 2023,Maize,07-Oct-23,H513,2.2
P04622,F0696,2024 long rains,Wheat,27/03/2024,Robin,1.6
P04623,F0697,2020 Short Rains,Maize ,2020-10-16,landrace,0.4
P04624,F0697,2021 Long Rains,Beans,2021-03-28,landrace,0.4
P04625,F0697,2022 Long Rains,sorghum,07-Apr-22,LOCAL,0.3
P04626,F0697,2022 short rains,maize,2022-10-17,DK8031,0.3
P04627,F0697,2023 Long Rains,Beans,2023-04-06,LOCAL,0.4
P04628,F0697,2024 Long Rains,Sorghum,2024-04-22,LOCAL,0.4
P04629,F0698,LR 2019,maize,21-Apr-19,PH4,1.1
P04630,F0698,2019 Short Rains,Maize ,2019-10-15,Local,0.8
P04631,F0698,LR 2020,Maize ,2020-04-20,local,1.0
P04632,F0698,2020 Short Rains,Wheat,15/10/2020,Robin,1.2
P04633,F-0698,2023 LR,Maize,2023-04-20,landrace,1.3
P04634,F0698,SR 2023,Beans,09/11/2023,,0.9
P04635,F0698,LR 2024,Beans,2024-03-14,KAT-B1,1.2
P04636,F0698,2024 Short Rains,WHEAT,2024-11-04,landrace,1.3
P04637,F0699,2019 Long Rains,Maize,2019-04-10,H614,7.7
P04638,F0699,2021 Long Rains,WHEAT,2021-04-05,local,7.7
P04639,F0699,2021 short rains,Wheat,11/10/2021,LOCAL,6.9
P04640,F0699,SR2022,Maize,2022-10-17,H513,7.1
P04641,F0699,2023 Long Rains,Wheat,2023-04-17,Robin,5.9
P04642,F0699,2024 Long Rains,maize,02/03/2024,LOCAL,5.8
P04643,F0699,2024-SR,Wheat ,2024-10-17,Robin,5.7
P04644,F0700,2020 Short Rains,Corn,02/10/2020,Local,2.3
P04645,F0700,2022 long rains,beans,11/03/2022,local,1.4
P04646,F0700,LR 2024,Beans,2024-03-02,landrace,1.6
P04647,F0701,2020 Long Rains,Beans,2020-03-22,local,3.4
P04648,f0701,2020 Short Rains,maize,2020-10-06,DK8031,2.8
P04649,F0701,2021 Long Rains,Maize ,17/03/2021,H614,1.8
P04650,F0701,SR 2021,Beans ,10/11/2021,local,2.8
P04651,F0701,2022 Short Rains,beans,12-Nov-22,local,1.4
P04652,F0701,SR 2024,Sorghum,2024-11-02,local,3.3
P04653,F0702,2019 Short Rains,Maize,01-Oct-19,H513,1.0
P04654,F0702,2020 LR,Beans,2020-04-01,KAT-B9,1.6
P04655,F0702,2020 Short Rains,MAIZE,07/11/2020,local,1.9
P04656,f0702,2021 short rains,Maize,2021-10-13,H513,2.0
P04657,F0702,2022 long rains,Maize,2022-03-27,landrace,1.6
P04658,F0702,2022 SR,Maize,29/10/2022,H513,1.6
P04659,F0702,LR2023,Maize,03/04/2023,landrace,1.8
P04660,F0702,SR 2024,Sorghum,06/11/2024,Local,0.9
P04661,F0703,LR 2021,Maize,06/04/2021,DK8031,1.1
P04662,F0703,2021 short rains,Maize,10/10/2021,,1.2
P04663,F-0703,SR 2022,Maize,27/10/2022,H614,1.0
P04664,F0703,2024 Long Rains,Maize,16/04/2024,Local,1.3
P04665,F0704,2019 SR,Beans,03/10/2019,LOCAL,0.4
P04666,F0704,2022 Long Rains,Beans,2022-03-03,local,0.5
P04667,F0704,2022 Short Rains,Beans,06-Nov-22,local,0.3
P04668,F0704,LR 2023,Beans,2023-03-18,LOCAL,0.5
P04669,F0704,SR 2023,Corn,2023-11-08,landrace,0.5
P04670,F0704,2024 Long Rains,Maize,2024-03-16,landrace,0.3
P04671,F0705,2020 Long Rains,Corn,2020-03-26,H513,15.2
P04672,F0705,2020 short rains,Maize,2020-11-02,PH4,15.1
P04673,F0705,2021 Long Rains,Wheat,2021-03-24,,9.9
P04674,F0705,SR2021,Maize,2021-11-07,local,9.1
P04675,F0705,LR2022,Maize,2022-03-28,H614,18.1
P04676,F0705,SR 2023,maize,2023-10-21,DK8031,14.2
P04677,F0705,SR 2024,Wheat,2024-11-14,Eagle-10,10.6
P04678,F0706,LR 2019,Maize ,2019-03-21,LOCAL,0.9
P04679,F0706,SR2019,Maize,04/11/2019,landrace,0.8
P04680,F0706,2020 Long Rains,Maize,16/04/2020,H614,1.2
P04681,f0706,SR2020,MAIZE,2020-10-14,landrace,0.9
P04682,F0706,SR 2021,beans,2021-11-10,Local,1.2
P04683,F0706,2022 SR,Beans,2022-10-06,local,1.3
P04684,F0706,2023 long rains,Beans,2023-04-21,Local,0.7
P04685,F0706,2023 Short Rains,maize,2023-10-01,H614,1.0
P04686,F0706,2024 Long Rains,Maize,01/03/2024,Local,0.8
P04687,F0707,2020 Long Rains,MAIZE,2020-03-19,DK8031,3.9
P04688,F0707,2021 LR,Beans,2021-04-22,Local,2.9
P04689,F0707,2021 short rains,Sorghum,02-Nov-21,LOCAL,2.1
P04690,F0707,SR 2022,Corn,03/10/2022,H513,4.4
P04691,F0707,LR 2023,Maize,2023-03-05,PH4,3.8
P04692,F0707,2024 Short Rains,Sorghum,2024-11-17,Seredo,2.3
P04693,F0708,2020 Short Rains,Wheat,12/11/2020,Eagle-10,4.7
P04694,F0708,2021 short rains,Maize,2021-11-13,H614,4.8
P04695,F0708,2022 Short Rains,Maize,2022-10-27,Local,6.0
P04696,F0708 ,2023 Long Rains,Maize,2023-04-01,H513,
P04697,F0708,2023 short rains,Beans,10-Nov-23,LOCAL,5.7
P04698,F0709,2019-LR,Wheat,2019-04-01,Eagle-10,1.5
P04699,F0709,SR2019,Beans,13/11/2019,LOCAL,2.1
P04700,F0709 ,2020 Long Rains,Maize,2020-03-29,H513,3.4
P04701,F0709,2021 Short Rains,Maize ,2021-11-13,PH4,2.6
P04702,F0709,2022 LR,Wheat,06/04/2022,Robin,2.4
P04703,F0709,2022 SR,maize,05-Oct-22,H614,2.2
P04704,F0709,2024-LR,MAIZE,2024-03-10,LOCAL,1.5
P04705,F0709,2024 short rains,Maize,2024-11-04,H513,3.4
P04706,F0710,2019 long rains,Maize,27/03/2019,H614,0.6
P04707,F0710,2020 Long Rains,Maize,"Mar 25, 2020",,0.4
P04708,F0710,2020-SR,Beans,2020-10-25,LOCAL,0.5
P04709,F0710,2021-LR,Maize,2021-03-13,LOCAL,0.5
P04710,F0710,2021 Short Rains,Corn,2021-11-11,H513,0.5
P04711,F0710,2022 LR,Maize,2022-03-05,LOCAL,0.9
P04712,F0710,LR 2023,MAIZE,29/03/2023,,0.3
P04713,F0710,2024 Long Rains,Maize,05/03/2024,LOCAL,0.3
P04714,F0711,2019 Long Rains,Wheat,2019-03-16,Robin,4.6
P04715,F0711,LR 2020,Wheat,11/03/2020,Eagle-10,8.2
P04716,F0711,2020-SR,Beans,2020-11-15,KAT-B9,3.8
P04717,F0711,LR2021,Wheat,2021-03-22,Eagle-10,4.2
P04718,F0711,2022 SR,BEANS,14/10/2022,KAT-B1,6.3
P04719,F0711,LR2023,Wheat,2023-03-23,Eagle-10,7.7
P04720,F0711,2023 Short Rains,Wheat,2023-11-11,local,6.0
P04721,F0711,2024 Long Rains,Maize,21-Apr-24,H614,4.1
P04722,F0712,2019 Short Rains,Maize,2019-11-05,LOCAL,3.5
P04723,F0712,LR2022,Maize,2022-04-14,local,2.2
P04724,F0712,LR2023,Maize,2023-04-09,landrace,2.1
P04725,F0712,2024-LR,Sorghum,17-Mar-24,local,3.1
P04726,F0712,2024 Short Rains,Sorghum,2024-10-03,Gadam,2.5
P04727,F0713,2019-LR,Maize,05/04/2019,H614,0.6
P04728,F0713,LR 2020,Beans,2020-04-17,local,0.8
P04729,F0713,2020 Short Rains,Sorghum,12/10/2020,local,0.5
P04730,F0713,2021-SR,beans,2021-11-08,landrace,0.6
P04731,F0713,2022 Long Rains,Beans,2022-04-23,landrace,0.7
P04732,F0713,2022 short rains,Maize,2022-10-18,landrace,0.7
P04733,F0713,2023 Long Rains,Maize,"Mar 27, 2023",local,0.9
P04734,F0713,2024 Long Rains,maize,16/04/2024,DK8031,1.0
P04735,F0714,2019 Long Rains,Maize,2019-03-31,landrace,3.9
P04736,F0714,SR2019,Maize,2019-11-18,Local,4.0
P04737,F0714,2020 LR,Beans,2020-03-10,local,6.1
P04738,F0714,2023-SR,Maize,16-Nov-23,Local,4.1
P04739,F0715,2019 Short Rains,Beans,31-Oct-19,local,0.9
P04740,F0715,2020 long rains,Maize,21/04/2020,H513,0.9
P04741,F0715,2021-LR,Beans,2021-03-17,Local,2.0
P04742,f0715,2022 Long Rains,Wheat,2022-03-17,Eagle-10,1.9
P04743,F0715,2022 Short Rains,MAIZE,2022-11-18,H614,0.9
P04744,F0715,2023 Short Rains,beans,2023-11-20,landrace,0.8
P04745,F0715,LR 2024,Maize,2024-04-23,H614,2.0
P04746,F0715,2024 short rains,Maize,05-Oct-24,H513,1.5
P04747,F0716,2019 SR,Wheat,2019-10-05,Eagle-10,0.8
P04748,F0716,2020 Short Rains,Maize,25/10/2020,,1.0
P04749,F0716,2021 short rains,MAIZE,09/11/2021,H513,1.2
P04750,F0716,2022 Short Rains,beans,2022-10-15,landrace,1.1
P04751,F0716,LR2024,wheat,2024-04-23,Eagle-10,0.8
P04752,F0717,2019 long rains,Beans,23/04/2019,landrace,6.4
P04753,F0717,2023 long rains,Maize,2023-03-16,Local,14.1
P04754,F0717,2023 Short Rains,maize,"Oct 15, 2023",landrace,4.0
P04755,F0717,LR2024,Beans,"Apr 03, 2024",LOCAL,4.4
P04756,F0718,2019 Long Rains,Beans,2019-04-19,landrace,0.4
P04757,F0718,SR2019,Maize,2019-11-18,PH4,0.4
P04758,F0718,2021 Long Rains,Maize,2021-04-06,landrace,0.5
P04759,F0718,2022 Long Rains,Maize,11-Mar-22,PH4,0.3
P04760,F0718,2022 short rains,Maize,2022-10-22,,0.7
P04761,F0718,2024 Short Rains,maize,2024-10-29,DK8031,0.6
P04762,F0719,2019 Long Rains,Maize,2019-03-07,,1.6
P04763,F0719,2020 Long Rains,Maize,2020-03-25,landrace,2.2
P04764,F0719,2021 Long Rains,Beans,2021-04-13,LOCAL,2.2
P04765,F0719,2021 short rains,Maize,2021-10-02,landrace,2.5
P04766,F0719,2022 Short Rains,maize,2022-10-23,landrace,1.7
P04767,F0719,2023 Long Rains,Wheat ,"Apr 01, 2023",Robin,2.2
P04768,F0719,2024 Long Rains,Maize,2024-04-01,H614,1.4
P04769,F0719,2024 SR,Maize,2024-11-13,Local,1.1
P04770,F0720,2020-LR,MAIZE,03/04/2020,H513,2.2
P04771,F0720,2020 Short Rains,beans,09/10/2020,Local,2.7
P04772,F0720,LR 2021,Maize,2021-04-10,PH4,2.9
P04773,F0720,2023 Long Rains,Bean,2023-03-11,Local,1.9
P04774,F0720,2023 Short Rains,Wheat,2023-10-31,Local,3.1
P04775,F0721,2019 Long Rains,Beans,2019-03-19,Local,4.8
P04776,F0721,2019 short rains,Wheat,2019-10-29,Robin,3.3
P04777,F0721,2020 Long Rains,Beans,08/04/2020,landrace,4.4
P04778,F0721,SR 2020,MAIZE,2020-11-18,DK8031,3.1
P04779,F0721,2021 Long Rains,beans,19/04/2021,landrace,3.0
P04780,F0721,2022 Short Rains,Wheat,2022-11-09,landrace,4.4
P04781,F-0721,2023 Long Rains,Beans,2023-03-03,LOCAL,
P04782,f0721,SR2023,Beans,"Oct 27, 2023",local,3.7
P04783,F0721,2024 Short Rains,Beans,11/10/2024,landrace,3.2
P04784,F0722,LR 2019,maize,2019-04-01,Local,1.6
P04785,F0722,LR 2020,Maize,2020-04-08,LOCAL,1.6
P04786,F0722,2020 Short Rains,Beans,2020-10-12,Local,1.5
P04787,F0722,SR2021,Beans,05/11/2021,KAT-B9,1.6
P04788,F0722,2022 Long Rains,Beans,2022-03-27,Local,1.0
P04789,F0722,SR 2022,MAIZE,2022-11-07,local,1.6
P04790,F0722,2023 Short Rains,Maize,2023-10-27,H614,1.6
P04791,F0722,SR 2024,Beans,2024-11-14,LOCAL,1.7
P04792,F0723,2019 long rains,Beans,2019-04-12,Local,1.7
P04793,F0723,2021 Long Rains,Maize,2021-04-09,Local,2.0
P04794,F0723,LR2022,Beans,2022-04-07,landrace,2.1
P04795,F0723,2023 Short Rains,Maize,2023-10-03,PH4,1.6
P04796,F0723,2024 Long Rains,Maize ,2024-03-17,LOCAL,3.1
P04797,F0723,SR 2024,Maize,2024-11-20,landrace,2.3
P04798,F0724,2019 long rains,Maize,2019-04-05,local,4.9
P04799,F0724,SR2019,Bean,01/10/2019,local,4.9
P04800,F0724,2020 Long Rains,Wheat,2020-03-04,local,4.7
P04801,F0724,2020 Short Rains,Maize,2020-10-03,local,4.2
P04802,F0724,2022 Long Rains,Maize,2022-03-23,Local,3.8
P04803,F0724,SR2023,Wheat,2023-10-27,local,3.4
P04804,F0724,2024 LR,Corn,"Mar 05, 2024",,4.2
P04805,F0724,2024-SR,Maize,23-Oct-24,H614,6.0
P04806,F0725,2019 Short Rains,Sorghum,11/10/2019,landrace,1.2
P04807,F0725,2021 Long Rains,Sorghum,2021-04-10,LOCAL,0.8
P04808,F0725,2021 SR,Maize,2021-10-21,landrace,0.8
P04809,F0725,2022 Long Rains,Sorghum,2022-04-20,Local,1.5
P04810,F0725,2022 Short Rains,Sorgum,2022-10-26,Local,1.4
P04811,F0725,LR 2023,Beans,2023-04-16,Local,0.8
P04812,F0725,2023 Short Rains,Sorghum,2023-10-05,local,1.3
P04813,F0725,2024 Long Rains,Sorghum,05-Apr-24,LOCAL,0.8
P04814,F0725,2024 Short Rains,Maize,2024-10-19,PH4,0.8
P04815,F0726,2020 Short Rains,Wheat,2020-10-24,Eagle-10,5.4
P04816,f0726,2021-LR,Wheat,2021-03-13,Robin,6.7
P04817,F0726,SR 2022,maize,27-Oct-22,landrace,5.7
P04818,F0726,SR 2023,Wheat,2023-10-09,landrace,7.6
P04819,F0726,2024 Long Rains,maize,21/04/2024,local,4.4
P04820,F0726,2024 short rains,Wheat,21-Oct-24,Robin,7.2
P04821,F0727,2019 LR,Maize,2019-04-17,Local,0.4
P04822,F0727,2021 Short Rains,Beans,2021-11-15,KAT-B9,
P04823,F0727,LR 2022,Maize ,2022-03-28,H513,0.5
P04824,F0727,2023-LR,Maize,2023-04-12,local,0.6
P04825,F0727,2024 short rains,Maize,2024-10-25,H614,0.5
P04826,F0728,SR 2019,Maize,18/11/2019,H614,1.8
P04827,F0728,2020 Long Rains,Maize,05/04/2020,DK8031,0.9
P04828,F0728,LR 2022,Beans ,09/04/2022,KAT-B1,1.2
P04829,F0728,SR 2023,Maize,2023-11-17,PH4,1.2
P04830,F0728,2024 LR,Maize,2024-03-01,LOCAL,1.9
P04831,F0729,LR 2019,Wheat,"Mar 29, 2019",Eagle-10,4.1
P04832,F0729,2020 Short Rains,Corn,16-Nov-20,landrace,2.8
P04833,F-0729,LR2022,Corn,20-Mar-22,PH4,2.6
P04834,F0729,2024 short rains,Corn,13/10/2024,,
P04835,F0730,2019-SR,Maize,2019-10-14,DK8031,1.4
P04836,F0730,SR2020,beans,12-Oct-20,landrace,1.3
P04837,F0730,2021 short rains,Maize,2021-11-01,LOCAL,1.2
P04838,F0730,LR 2024,Maize,23/03/2024,Local,1.6
P04839,F0730,2024 Short Rains,Maize,08/11/2024,local,1.3
P04840,F0731,2020-LR,Maize,19/03/2020,PH4,2.2
P04841,F0731,LR 2021,Beans,2021-03-06,local,1.7
P04842,F0731,2022 Long Rains,Sorghum,2022-03-20,landrace,2.2
P04843,F0731,2023 long rains,Maize,06/03/2023,PH4,2.8
P04844,F0732,2019 LR,Wheat,2019-03-29,Eagle-10,5.3
P04845,F0732,2020 Short Rains,Wheat,27/10/2020,local,3.2
P04846,F0732,2022-LR,Wheat,2022-03-05,Eagle-10,3.6
P04847,F0732,2024 Long Rains,Maize,2024-04-14,H513,5.4
P04848,F0732,2024 Short Rains,Wheat,2024-11-18,Local,4.9
P04849,F0733,SR2019,Beans,16/11/2019,Local,0.8
P04850,F0733,2020-SR,Maize ,2020-10-05,Local,0.4
P04851,F0733,2021 long rains,Maize,25/03/2021,local,0.4
P04852,F0733,2023 LR,Sorgum,2023-03-10,Seredo,0.3
P04853,F0733,2024 Long Rains,Maize,2024-03-09,local,0.7
P04854,F0734,LR 2019,Maize,2019-03-23,local,0.6
P04855,F0734,2022 LR,Beans,"Apr 12, 2022",landrace,0.7
P04856,F0734,2022 short rains,Beans,2022-11-14,local,0.6
P04857,F0734,LR 2023,Beans ,15/04/2023,local,0.8
P04858,F0735,2019 Long Rains,Beans,2019-03-21,landrace,1.3
P04859,F0735,SR 2019,Bean,2019-10-09,Local,2.1
P04860,F0735,2020 short rains,Maize,2020-11-20,landrace,1.3
P04861,F0735,2021-SR,Maize,2021-10-14,H614,1.9
P04862,F0735,2022 Short Rains,Beans ,2022-10-25,KAT-B9,1.7
P04863,F0735,2023 Long Rains,beans,07/03/2023,local,1.8
P04864,F0735,2023-SR,Beans,15/10/2023,local,1.4
P04865,F0736,2020-LR,MAIZE,2020-04-17,LOCAL,5.1
P04866,F0736,2020 Short Rains,Maize,07/11/2020,H614,6.4
P04867,F0736,2021 Short Rains,Beans,2021-10-02,landrace,6.5
P04868,F0736,LR 2022,maize,18-Apr-22,landrace,3.8
P04869,F0736,2023 Long Rains,Wheat,2023-04-10,Robin,7.9
P04870,F0736,SR2023,Wheat,2023-10-22,Robin,8.7
P04871,F0737,2020 Long Rains,Maize,2020-04-13,landrace,0.9
P04872,F0737,2020 Short Rains,Beans,04/11/2020,landrace,0.8
P04873,F0737,LR 2021,Wheat,02/04/2021,,0.7
P04874,F0737,2022 SR,Beans,2022-10-18,local,0.8
P04875,F0737,2023 Long Rains,Maize ,2023-03-18,Local,0.5
P04876,F0737,2023 Short Rains,Maize,2023-10-22,DK8031,0.8
P04877,F0737,2024 Long Rains,Maize,2024-04-13,H614,0.8
P04878,F0738,LR 2020,Beans,2020-03-16,Local,3.3
P04879,F0738,2021 Short Rains,Beans,2021-10-04,KAT-B9,
P04880,F0738,2023 LR,MAIZE,2023-04-07,landrace,4.2
P04881,F0738,2023 Short Rains,Beans,11-Oct-23,KAT-B1,
P04882,F0738,LR2024,Beans,22/03/2024,Local,3.4
P04883,F0739,2020 Long Rains,Maize ,"Mar 12, 2020",DK8031,1.1
P04884,F0739,2021 Long Rains,MAIZE,2021-04-20,PH4,1.2
P04885,F0739,2022 short rains,Beans,2022-11-11,local,2.3
P04886,F0739,2024 Long Rains,Maize,18/03/2024,,2.4
P04887,F0740,2019 Long Rains,MAIZE,2019-03-01,H614,2.4
P04888,F0740,2019 Short Rains,Wheat,"Nov 16, 2019",Robin,2.8
P04889,F0740,LR 2020,Maize,01/03/2020,local,3.9
P04890,F0740,SR 2020,Maize,"Nov 07, 2020",H614,4.3
P04891,F0740,2022 Short Rains,Maize,15/10/2022,local,4.8
P04892,F0740,2023 Short Rains,Beans,10-Oct-23,,4.3
P04893,F0741,2020 Short Rains,Maize,27/10/2020,landrace,1.6
P04894,F0741,2021 long rains,Maize,11/03/2021,LOCAL,1.7
P04895,F0741,2022 Short Rains,Beans,2022-10-30,local,1.4
P04896,F0741,2023 Short Rains,Beans,2023-11-04,LOCAL,2.8
P04897,F0741,LR 2024,Maize,2024-04-22,PH4,1.2
P04898,F0742,2019 Long Rains,Beans,16/03/2019,Local,2.0
P04899,F0742,2019 short rains,Beans,2019-11-01,LOCAL,2.0
P04900,F0742,2022-LR,Wheat,2022-04-08,landrace,1.1
P04901,F0742,2023 Long Rains,Beans,"Mar 06, 2023",,1.9
P04902,F0742,2024 short rains,Maize,04/11/2024,H614,1.8
P04903,F0743,2019 long rains,Sorghum,2019-03-24,local,4.1
P04904,F0743,2020 SR,SORGHUM,2020-10-09,,2.1
P04905,F0743,2022 LR,Maize,2022-03-24,landrace,2.7
P04906,F0743,2022 Short Rains,Maize,2022-10-14,PH4,2.2
P04907,F0743,2024 Long Rains,beans,09/03/2024,,2.5
P04908,F0743,2024-SR,Sorgum,2024-10-21,LOCAL,2.5
P04909,F0744,2019 Long Rains,Maize,29/03/2019,LOCAL,1.9
P04910,F0744,SR 2019,Beans,2019-10-04,Local,1.3
P04911,F0744,LR2020,Maize,02/03/2020,PH4,1.9
P04912,F0744,2020 Short Rains,Maize,2020-10-15,PH4,1.3
P04913,F0744,LR 2021,Maize,28/03/2021,DK8031,0.9
P04914,F0744,2022 Long Rains,MAIZE,2022-04-21,landrace,0.9
P04915,F0744,2023 Long Rains,maize,14/04/2023,LOCAL,1.1
P04916,F0744,SR 2023,Beans,"Oct 19, 2023",,2.1
P04917,F-0745,2019 LR,Wheat,2019-03-12,local,2.1
P04918,F0745,2019 Short Rains,Maize,2019-10-18,DK8031,3.9
P04919,F0745,SR 2020,Wheat,2020-11-17,Local,2.0
P04920,F0745,2021 Short Rains,Beans,10/11/2021,KAT-B1,2.3
P04921,F0745,LR 2022,Wheat,2022-03-16,landrace,3.5
P04922,F0745,2022 Short Rains,Beans,17/10/2022,landrace,4.2
P04923,F0745,2024 Long Rains,Wheat,23-Apr-24,Local,1.8
P04924,F0746,2019 Long Rains,Maize,04/04/2019,H614,3.9
P04925,F0746,2019 SR,Maize,2019-11-03,LOCAL,7.4
P04926,F0746,2020-LR,Maize,25/03/2020,H614,
P04927,F0746,SR 2020,beans,14/10/2020,local,7.4
P04928,F0746,2021 LR,Maize,13-Apr-21,LOCAL,5.6
P04929,F0746,2023 Long Rains,Beans,2023-04-03,Local,4.5
P04930,F0746,2023 Short Rains,Maize,2023-10-07,LOCAL,4.8
P04931,F0746,2024 short rains,Maize,2024-11-04,local,3.8
P04932,F0747,SR 2019,maize,2019-10-12,H614,1.5
P04933,F0747,SR 2020,Maize,30/10/2020,LOCAL,1.5
P04934,F0747,2021 Short Rains,Beans ,2021-11-19,,1.1
P04935,F0747,2022 Short Rains,Maize,"Oct 21, 2022",landrace,1.2
P04936,F0747,2023 Long Rains,Sorghum,"Apr 16, 2023",LOCAL,1.5
P04937,f0747,SR 2023,maize,2023-11-02,landrace,1.9
P04938,F0747,2024-LR,Maize,2024-04-01,local,1.1
P04939,F0747,2024 short rains,Maize,29/10/2024,DK8031,
P04940,F0748,2020 long rains,Maize,2020-04-04,DK8031,0.3
P04941,F0748,2020 SR,Maize,2020-11-03,,0.5
P04942,F0748,2022 long rains,Beans,19/03/2022,local,0.5
P04943,F0748,2022 Short Rains,Corn,2022-11-04,H513,0.4
P04944,F0748,2023 Long Rains,Maize,2023-03-01,local,0.5
P04945,F0748,2023-SR,Maize,2023-10-14,DK8031,0.3
P04946,F0748,2024 Short Rains,Wheat,2024-10-07,Robin,0.4
P04947,F0749,2020 Long Rains,Sorghum,2020-03-16,local,0.9
P04948,F0749,2021 Long Rains,Maize,2021-03-06,H614,0.4
P04949,F0749,SR 2022,Sorghum,10/10/2022,Gadam,0.9
P04950,F0749,2023-LR,Sorghum,24/03/2023,LOCAL,0.5
P04951,F0749,2023 Short Rains,Maize,2023-10-27,DK8031,0.6
P04952,F0749,2024 LR,MAIZE,2024-03-04,,0.7
P04953,F0749,2024 SR,Sorghum,2024-11-13,Gadam,0.6
P04954,F0750,LR 2019,Sorghum,2019-03-03,Seredo,1.2
P04955,F0750,2019 short rains,Beans,06-Nov-19,LOCAL,2.4
P04956,F0750,LR2021,Sorghum,06-Apr-21,Gadam,1.7
P04957,F0750,2021 short rains,Beans,"Oct 20, 2021",local,1.3
P04958,F0750,SR 2022,Maize,2022-10-30,PH4,1.7
P04959,F0750,2023 Long Rains,Maize,03-Apr-23,H513,2.4
P04960,F0750,2023 Short Rains,Sorghum,2023-10-25,,1.3
P04961,F0750,2024 Long Rains,SORGHUM,23/03/2024,Seredo,1.4
P04962,F0750,2024 Short Rains,Sorghum,19/11/2024,LOCAL,2.1
P04963,F0751,2019 Long Rains,WHEAT,18-Apr-19,,2.5
P04964,F0751,2019-SR,Wheat,20/10/2019,Robin,4.1
P04965,F0751,2020 SR,MAIZE,2020-11-11,PH4,2.5
P04966,F0751,LR 2022,Beans,24/03/2022,local,3.3
P04967,F0751,2022 Short Rains,BEANS,2022-10-05,KAT-B9,3.4
P04968,F0751,2023 Long Rains,Wheat,15-Apr-23,Robin,3.5
P04969,F0751,2024 Long Rains,wheat,"Mar 20, 2024",Local,2.3
P04970,F0751,2024 Short Rains,Beans,2024-10-28,Local,2.3
P04971,F0752,2019 Short Rains,SORGHUM,2019-10-30,landrace,2.9
P04972,F0752,LR 2020,Beans ,2020-04-23,KAT-B1,2.8
P04973,F0752,2020 SR,beans,2020-10-27,KAT-B9,2.1
P04974,F0752,2021-LR,SORGHUM,2021-03-20,LOCAL,1.6
P04975,F0752,2021 Short Rains,Maize,2021-10-05,Local,1.7
P04976,F0752,2022 Long Rains,Maize,20/03/2022,H614,2.6
P04977,F0752,2023 short rains,MAIZE,"Nov 09, 2023",PH4,2.8
P04978,F0752,2024 Long Rains,MAIZE,2024-03-07,,2.1
P04979,F0753,2019 Short Rains,Beans ,2019-11-11,local,2.4
P04980,F0753,2021 SR,Beans,2021-10-16,LOCAL,2.9
P04981,F0753,LR 2022,Wheat ,2022-03-08,LOCAL,2.7
P04982,F0753,2022 Short Rains,Beans,2022-10-22,local,
P04983,F0753,2024 Long Rains,Maize,2024-03-02,H513,3.4
P04984,F0753,2024 Short Rains,Maize,2024-11-20,PH4,2.4
P04985,F0754,2019 Long Rains,BEANS,25-Mar-19,Local,1.4
P04986,F0754,2019 Short Rains,maize,2019-10-18,H614,0.7
P04987,F0754,LR 2020,Beans,2020-03-08,local,1.4
P04988,F0754,2020 Short Rains,MAIZE,2020-11-04,DK8031,0.6
P04989,F0754,SR2022,Beans,2022-10-30,KAT-B9,0.8
P04990,F0754,2024-SR,MAIZE,2024-10-09,DK8031,0.6
P04991,F0755,2019 long rains,Corn,2019-03-30,H513,3.5
P04992,F0755,2021 Long Rains,Maize,01-Mar-21,,3.7
P04993,F0755,2022 Short Rains,Maize,2022-10-08,Local,4.0
P04994,F0755,2023 Short Rains,Maize,2023-10-16,LOCAL,2.0
P04995,F0755,2024-SR,Beans,2024-10-20,landrace,3.6
P04996,f0756,LR 2019,Wheat,2019-04-19,Robin,1.9
P04997,F0756,2020-SR,Maize,2020-11-16,DK8031,3.7
P04998,F0756,2021 LR,Beans,2021-03-08,local,1.9
P04999,F0756,2021 Short Rains,beans,01-Oct-21,KAT-B9,3.5
P05000,F0756,2024 Long Rains,Beans,2024-03-03,LOCAL,4.1
P05001,F0757,2020 long rains,Wheat grain,23/03/2020,landrace,1.2
P05002,F0757 ,2020-SR,Corn,02/11/2020,DK8031,1.0
P05003,F0757,2021-LR,Maize,2021-03-14,H614,1.9
P05004,F0757,SR2021,Beans,2021-10-13,landrace,1.6
P05005,F0757,2023 Long Rains,Maize,2023-03-10,H513,1.9
P05006,F0757,SR 2023,Maize,13/10/2023,local,1.4
P05007,F0757,LR 2024,Maize,2024-03-17,landrace,1.2
P05008,F0757,2024 Short Rains,Beans,03/10/2024,local,1.1
P05009,F0758,2019 LR,Corn,2019-03-11,H614,1.3
P05010,F0758,2020 LR,Maize,03-Apr-20,Local,1.8
P05011,F0758,2020 short rains,beans,2020-10-30,local,2.1
P05012,F0758,2022-LR,Maize,"Apr 16, 2022",LOCAL,2.0
P05013,F0758,2022 SR,Maize,06/11/2022,landrace,0.9
P05014,F0758,2023 Long Rains,Maize,2023-04-03,PH4,1.9
P05015,F0758,2023-SR,Corn,2023-10-14,LOCAL,1.1
P05016,F0759,2019 Long Rains,Sorghum,2019-03-25,Local,1.0
P05017,F0759 ,SR2020,Beans ,2020-11-15,landrace,0.9
P05018,F0759,SR 2021,Sorgum,2021-11-01,Local,1.2
P05019,F0759,2022 long rains,Beans,"Apr 19, 2022",landrace,1.7
P05020,F0759,2023 Long Rains,Sorghum,19/03/2023,Local,1.8
P05021,F0759,2024 short rains,Sorghum,"Oct 10, 2024",landrace,1.8
P05022,F0760,LR 2019,sorghum,2019-04-05,,0.3
P05023,F0760,2020 Short Rains,Maize,2020-11-05,PH4,0.5
P05024,F0760,2021 long rains,Sorghum,05/04/2021,local,0.3
P05025,F0760,2022 Long Rains,Sorghum,22-Apr-22,LOCAL,0.4
P05026,F0760,2022 SR,Sorghum,2022-10-03,landrace,0.4
P05027,F0760,2023 Short Rains,Sorghum,"Oct 26, 2023",landrace,0.3
P05028,F0760,2024 SR,Corn,07/11/2024,H513,0.5
P05029,F0761,2019-LR,BEANS,02-Mar-19,local,1.7
P05030,F-0761,2022-SR,Maize,10/10/2022,landrace,2.1
P05031,F0761,2023-LR,beans,"Mar 30, 2023",,1.8
P05032,F0761,SR2023,WHEAT,13/10/2023,landrace,2.0
P05033,F0762,2019 LR,Maize,2019-03-27,landrace,
P05034,F0762,2019 Short Rains,Beans,2019-10-18,Local,1.1
P05035,F0762,2020 Long Rains,Maize,10/03/2020,H513,0.7
P05036,F0762,2021 Long Rains,maize,2021-04-24,,1.0
P05037,F0762,2021 Short Rains,Beans,2021-10-08,KAT-B1,1.1
P05038,F0762,2022-SR,Maize,12/10/2022,,0.9
P05039,F0762,2023 Short Rains,Maize,19/10/2023,H513,1.0
P05040,f0762,LR 2024,beans,2024-04-14,KAT-B9,1.0
P05041,F0762,2024 short rains,Maize,"Nov 03, 2024",landrace,0.9
P05042,F0763,2019-LR,Maize,24/03/2019,PH4,17.1
P05043,F0763,2019 Short Rains,Maize,"Nov 14, 2019",landrace,12.7
P05044,F0763,2020-SR,Wheat,2020-10-27,Robin,11.0
P05045,F0763,SR2021,Maize,2021-11-03,H513,17.6
P05046,F0763,SR 2022,WHEAT,"Oct 15, 2022",local,11.9
P05047,F-0763,2023 Long Rains,Wheat grain,2023-03-18,Robin,9.5
P05048,F0763,2023 Short Rains,Wheat grain,20-Nov-23,Robin,19.9
P05049,F0764,SR2019,Maize,2019-11-16,local,2.0
P05050,F0764,LR 2020,Beans,2020-03-07,local,2.4
P05051,F0764,SR2020,Beans,2020-10-24,,1.4
P05052,F0764,LR 2021,Maize,"Apr 25, 2021",H513,1.2
P05053,F0764,2021-SR,Beans,"Oct 13, 2021",local,1.7
P05054,F0764,2022 Short Rains,Corn,22-Oct-22,local,1.8
P05055,F0764,2024 Long Rains,Beans,2024-04-12,landrace,1.1
P05056,F0764,2024 short rains,Beans,2024-11-13,LOCAL,2.1
P05057,F0765,2019 Long Rains,Maize,2019-03-14,H614,1.7
P05058,F0765,2019 Short Rains,Maize,10-Nov-19,PH4,1.4
P05059,F0765,2020 long rains,Beans,11-Mar-20,landrace,1.3
P05060,F0765,2021 LR,Corn,2021-04-02,local,1.3
P05061,F0765,2022 SR,Maize,2022-11-08,LOCAL,1.0
P05062,F0765,SR 2024,Maize,2024-11-10,H614,1.0
P05063,f0766,2019 Long Rains,Wheat,2019-03-29,local,2.0
P05064,F0766,2019 short rains,Maize,12/11/2019,PH4,1.3
P05065,F0766,SR 2020,Maize,2020-10-06,Local,2.4
P05066,F0766,2021 Long Rains,Corn,2021-04-02,LOCAL,2.6
P05067,F0766,2022 LR,Beans,22-Apr-22,LOCAL,2.0
P05068,F0766,LR 2023,Beans,17/04/2023,KAT-B1,2.3
P05069,F0766,2023 Short Rains,Corn,02/10/2023,PH4,3.0
P05070,F0766,2024 Short Rains,BEANS,2024-10-08,KAT-B9,2.3
P05071,f0767,2020 Short Rains,Maize,2020-10-24,PH4,0.7
P05072,F0767,2021-LR,Beans,22/03/2021,KAT-B9,0.8
P05073,F0767,2022 LR,MAIZE,2022-03-25,Local,1.1
P05074,F0767,2023-SR,Beans,2023-11-12,LOCAL,1.1
P05075,F0768,2019 Long Rains,maize,2019-03-06,DK8031,2.1
P05076,f0768,SR 2019,Maize,13-Oct-19,Local,2.6
P05077,F0768,2020 Long Rains,wheat,2020-03-12,landrace,1.5
P05078,F0768,2020-SR,Wheat,03/10/2020,Eagle-10,3.1
P05079,F0768,2021-LR,Wheat,2021-04-01,Eagle-10,2.9
P05080,F0768,2022 LR,wheat,2022-04-14,Eagle-10,2.9
P05081,F0768,2022-SR,Wheat,25-Oct-22,LOCAL,1.3
P05082,F0768 ,SR2023,maize,2023-10-07,local,2.8
P05083,F0768,2024 Short Rains,Maize,2024-10-13,landrace,1.6
P05084,F0769,2019-LR,Maize,31/03/2019,landrace,1.0
P05085,F0769,2022 LR,Wheat,2022-03-16,landrace,0.9
P05086,F0769,LR 2023,Maize,2023-03-15,H614,1.0
P05087,F0769,2024 Long Rains,Maize,2024-04-02,DK8031,1.3
P05088,F0769,2024 short rains,Beans,2024-10-13,KAT-B9,0.8
P05089,F0770,2019 Long Rains,Maize,09/04/2019,H513,4.9
P05090,F0770,2019 Short Rains,Sorgum,14/11/2019,Local,8.2
P05091,F0770,2020-LR,Beans,2020-04-11,local,7.4
P05092,F0770,SR 2020,Maize,2020-10-29,LOCAL,6.2
P05093,F0770,2021-LR,Maize,13/04/2021,H513,6.2
P05094,F0770,2022 Long Rains,Beans ,16/04/2022,Local,7.1
P05095,F0770,2023 Short Rains,Maize,2023-10-07,H614,
P05096,F0770,2024 Short Rains,Maize,01-Oct-24,H614,7.2
P05097,F0771,SR 2019,Maize,14/11/2019,H614,3.5
P05098,F0771,2021 Long Rains,beans,06-Apr-21,landrace,3.3
P05099,F0771,2021 SR,beans,20/11/2021,KAT-B1,3.4
P05100,F0771,2022 Short Rains,Maize,2022-10-02,Local,2.7
P05101,F0771,2023 Long Rains,Maize,2023-04-06,,2.0
P05102,F0771,2024 Long Rains,Maize,23/03/2024,local,1.6
P05103,F0771,SR 2024,Maize,2024-10-07,PH4,1.8
P05104,F0772,2020 Short Rains,MAIZE,2020-11-13,H513,0.3
P05105,F0772,LR2022,Maize,2022-03-21,Local,0.7
P05106,F0772,2022 Short Rains,Maize,2022-10-18,Local,0.4
P05107,f0772,2023 Short Rains,Beans,10/11/2023,KAT-B1,
P05108,F0773,2019 Short Rains,Bean,"Oct 01, 2019",Local,1.2
P05109,F0773,2020 Short Rains,MAIZE,13/11/2020,LOCAL,1.0
P05110,F0773,2021 Short Rains,Sorgum,22/10/2021,local,0.8
P05111,F0773,2022 long rains,Maize ,2022-03-13,landrace,1.2
P05112,F0773,2022 SR,Sorghum,18/11/2022,Seredo,1.1
P05113,F0773,2023 Short Rains,Corn,2023-11-04,landrace,0.6
P05114,F0773,2024 short rains,Maize,11/11/2024,local,1.0
P05115,F0774,SR 2019,Maize,"Oct 15, 2019",PH4,0.3
P05116,F0774,2021 LR,maize,2021-03-25,Local,0.6
P05117,F0774,2021-SR,MAIZE,2021-10-07,H513,0.6
P05118,F0774,2022 Long Rains,Maize,"Apr 24, 2022",LOCAL,0.6
P05119,F0774,2023 long rains,Maize,2023-03-26,landrace,0.5
P05120,F0774,SR 2024,Maize,2024-10-09,,0.3
P05121,F0775,2019 Short Rains,Maize,2019-11-05,Local,1.6
P05122,F0775,2020 LR,Wheat,2020-04-13,local,2.6
P05123,F0775,2020 short rains,Maize,2020-10-13,,1.8
P05124,F0775,2021 Short Rains,Maize,2021-11-17,Local,1.4
P05125,F0775,2022-LR,maize,21/04/2022,,1.5
P05126,F0775,2022 SR,Maize,2022-10-15,H614,2.5
P05127,F0775,SR2023,Maize,2023-10-02,landrace,1.7
P05128,F0775,2024 Long Rains,Wheat,2024-04-02,landrace,2.4
P05129,F0775,2024-SR,Wheat,2024-10-19,local,1.9
P05130,F0776,2019-LR,Beans,2019-04-25,KAT-B1,6.5
P05131,F0776,2019 Short Rains,Wheat,"Oct 19, 2019",Robin,8.2
P05132,F-0776,2020 Long Rains,Maize,2020-03-11,Local,4.0
P05133,F0776,2020 Short Rains,WHEAT,2020-11-14,LOCAL,6.3
P05134,F0776,LR 2021,Wheat,12/04/2021,local,8.7
P05135,F0776,2022 Long Rains,Maize,2022-03-16,landrace,3.9
P05136,F0776,2022-SR,Wheat,"Nov 04, 2022",LOCAL,7.2
P05137,F0776,LR 2023,Corn,"Apr 15, 2023",H513,3.6
P05138,F0776,LR2024,Wheat,2024-04-05,landrace,5.5
P05139,F0776,SR 2024,Wheat,2024-10-14,Robin,4.3
P05140,F0777,2019 Long Rains,Wheat,2019-03-23,local,3.7
P05141,F0777,2019-SR,Maize,2019-11-13,DK8031,4.5
P05142,F0777,2020 Long Rains,Wheat ,26-Mar-20,Eagle-10,4.4
P05143,F0777,2021 SR,Maize,26-Oct-21,landrace,5.2
P05144,F0777,SR2022,Wheat,2022-11-06,Eagle-10,5.8
P05145,F0777,2023 Short Rains,Wheat ,2023-11-16,,2.8
P05146,F0777 ,2024 short rains,Maize,2024-10-05,DK8031,3.4
P05147,F0778,2020 Short Rains,Maize,2020-10-23,PH4,2.4
P05148,F0778,2021-LR,Maize ,08/03/2021,local,3.3
P05149,F0778,2022 long rains,Wheat,09/03/2022,Local,2.6
P05150,F0778 ,2024 LR,WHEAT,2024-04-03,Eagle-10,3.2
P05151,F0778,2024 SR,Maize,17/11/2024,landrace,1.8
P05152,F0779,SR 2020,Beans,2020-11-18,local,2.7
P05153,F0779,LR 2021,Beans,24/04/2021,Local,2.5
P05154,F0779,2022 Short Rains,Maize,2022-10-22,DK8031,2.0
P05155,F0779,LR 2023,Maize,11/03/2023,H614,2.6
P05156,F0779 ,2023 Short Rains,Beans,31/10/2023,LOCAL,2.7
P05157,F0779,2024 short rains,WHEAT,02/10/2024,landrace,2.1
P05158,F0780,2019 LR,Wheat,25/04/2019,landrace,3.2
P05159,F0780,2020 Short Rains,Wheat,06/11/2020,,6.6
P05160,F0780,LR 2021,Beans,2021-04-10,,6.0
P05161,F0780,2021-SR,Corn,2021-11-17,H614,4.3
P05162,F0780,2022 Long Rains,Beans,2022-03-10,local,4.8
P05163,F0780,SR 2022,Maize,2022-11-08,local,4.2
P05164,F0780,2023 long rains,Maize,2023-03-19,DK8031,4.0
P05165,F0780,2024-LR,Beans,2024-04-11,landrace,4.5
P05166,F0781,2020 short rains,Beans,"Oct 16, 2020",KAT-B1,1.9
P05167,F0781,LR 2021,Maize ,03/04/2021,landrace,2.3
P05168,F0781,2021-SR,Beans,2021-10-11,local,2.0
P05169,F0781,2022 Short Rains,Beans,2022-10-05,LOCAL,1.5
P05170,F0781,SR2024,beans,2024-10-23,KAT-B1,1.9
P05171,F0782,LR 2019,Wheat,18/04/2019,Robin,5.2
P05172,F-0782,2020-LR,Wheat,22/03/2020,Eagle-10,4.7
P05173,F0782,2021-LR,Wheat,2021-03-25,Robin,3.7
P05174,F0782,2021 Short Rains,Wheat,2021-11-08,local,2.7
P05175,F0782,SR 2023,Maize,2023-10-12,H513,5.9
P05176,F0782 ,2024 Long Rains,Wheat ,2024-04-01,Robin,5.1
P05177,F0783,2019 short rains,Beans,15/11/2019,landrace,1.0
P05178,F0783,2020 Long Rains,maize,"Mar 03, 2020",PH4,1.5
P05179,F0783,SR 2020,Sorgum,06/11/2020,Seredo,1.0
P05180,F0783,2021 Long Rains,Sorghum,"Apr 02, 2021",,1.1
P05181,F0783,SR2021,Sorghum,2021-11-14,LOCAL,1.4
P05182,F0783,2022 Long Rains,maize,2022-03-06,landrace,1.6
P05183,F0783,2022 Short Rains,Sorghum,2022-10-11,landrace,1.4
P05184,F0783,2023 LR,Bean,2023-03-09,landrace,1.5
P05185,F0783,SR 2023,Sorghum,2023-11-12,local,0.8
P05186,F0783,SR2024,Sorghum,2024-10-22,local,1.6
P05187,F0784,2019 Short Rains,Maize,20-Nov-19,local,2.9
P05188,F0784,2020 Long Rains,Beans,22-Apr-20,LOCAL,1.6
P05189,F0784,2020 Short Rains,Beans,2020-10-13,local,1.7
P05190,F0784,2021 Short Rains,BEANS,2021-11-07,KAT-B9,1.9
P05191,F0784,2022 long rains,maize,2022-03-06,H513,3.3
P05192,F0784,2022 SR,Maize,03/11/2022,landrace,2.7
P05193,F-0784,LR2024,Maize,18/03/2024,landrace,1.6
P05194,F0784,SR 2024,Maize,2024-11-13,PH4,2.3
P05195,F0785,SR 2019,Beans,09/11/2019,KAT-B9,1.1
P05196,F0785,2020 Short Rains,Beans ,2020-10-28,LOCAL,1.5
P05197,F0785,LR 2021,Maize,14/04/2021,LOCAL,0.9
P05198,F0785,LR 2023,Corn,18-Apr-23,Local,1.0
P05199,F0785,2023-SR,Maize,"Oct 30, 2023",,1.0
P05200,F0785,LR 2024,maize,2024-03-01,H614,1.6
P05201,F0786,2019 LR,Sorghum,20/04/2019,landrace,2.9
P05202,F0786,2019 SR,Maize,2019-11-11,DK8031,1.2
P05203,F0786,LR 2021,Maize,12/04/2021,Local,2.6
P05204,F0786,2021 Short Rains,maize,2021-10-17,H513,1.4
P05205,F0786,2023 Long Rains,BEANS,04/03/2023,KAT-B1,1.9
P05206,F0786,SR 2023,Maize,19/10/2023,Local,2.2
P05207,F0786,2024-LR,Maize,2024-03-25,PH4,
P05208,F0787 ,2019-LR,Beans,21-Mar-19,KAT-B1,0.5
P05209,F0787,SR 2020,Maize,2020-10-03,,0.8
P05210,F0787,2021 Short Rains,Maize ,14-Nov-21,Local,0.4
P05211,F0787 ,2023 Short Rains,Maize,2023-10-26,H513,0.8
P05212,F0788,SR 2019,Beans,2019-11-03,LOCAL,1.0
P05213,F0788,2020 Short Rains,MAIZE,30/10/2020,local,1.0
P05214,F0788,LR 2021,Maize,2021-04-21,DK8031,0.7
P05215,F0788,2021 Short Rains,Maize,2021-10-07,Local,0.8
P05216,F0788,SR2022,Maize,2022-10-20,H614,0.7
P05217,F0788,2023 long rains,Maize,2023-04-05,landrace,0.9
P05218,F0788,2024 Long Rains,Maize ,2024-04-03,Local,0.6
P05219,F0788,2024 Short Rains,Maize,2024-11-03,local,0.8
P05220,F0789,2019 Short Rains,Bean,2019-11-07,LOCAL,0.5
P05221,F0789,2020 LR,Beans,2020-04-03,KAT-B9,0.3
P05222,F0789,2021 Long Rains,Beans,2021-04-08,KAT-B9,0.7
P05223,F0789,2021 Short Rains,Beans ,2021-10-10,local,0.4
P05224,F0789,2022 LR,Beans,2022-04-25,Local,0.5
P05225,F0789,2023 Long Rains,Beans,2023-03-21,Local,0.8
P05226,F0789,2023 Short Rains,BEANS,2023-10-21,landrace,0.4
P05227,F0789,2024 Long Rains,Beans,06-Apr-24,Local,0.4
P05228,F0789,2024 Short Rains,maize,2024-10-11,LOCAL,0.6
P05229,F0790,LR 2019,Maize,15/03/2019,LOCAL,3.3
P05230,F0790,2020 Long Rains,Maize,"Apr 21, 2020",LOCAL,1.5
P05231,F0790,2020 short rains,Sorghum,2020-10-13,local,1.6
P05232,F0790,2021 short rains,Sorghum,05-Nov-21,local,1.3
P05233,F0790,2022 Short Rains,MAIZE,2022-10-08,local,1.9
P05234,F0790,2023 LR,Beans,20-Apr-23,KAT-B1,1.8
P05235,F0790,2023 SR,Beans,"Oct 03, 2023",LOCAL,1.0
P05236,F0791,2019-SR,Beans,17/11/2019,local,0.5
P05237,F0791,2020 LR,Maize,2020-04-05,DK8031,0.3
P05238,F0791,2020 Short Rains,beans,18/11/2020,local,0.4
P05239,F0791,SR 2022,Beans,12/10/2022,KAT-B1,0.3
P05240,F0791,LR 2023,Sorghum,24/03/2023,,0.6
P05241,F0792,2019-SR,Maize,2019-10-30,landrace,1.3
P05242,F0792,2020 Long Rains,Maize,2020-03-30,H513,
P05243,F0792,2021 Long Rains,beans,2021-04-08,landrace,1.5
P05244,F-0792,2021 SR,beans,2021-10-15,LOCAL,1.6
P05245,F0792,2022 long rains,Maize,01/03/2022,DK8031,2.2
P05246,F0792,SR2023,Wheat,15/10/2023,LOCAL,2.5
P05247,F0792,LR 2024,Beans,05/03/2024,local,2.2
P05248,F0793,2019 Long Rains,Sorghum,"Apr 04, 2019",Local,1.6
P05249,F0793,2019 Short Rains,Beans,2019-10-09,Local,1.5
P05250,F0793,2020-LR,Beans,2020-03-26,,1.2
P05251,F0793,2020 short rains,Beans,2020-11-11,KAT-B1,2.3
P05252,F0793,2022 Long Rains,Beans,2022-04-02,local,0.9
P05253,F0793,2023 Long Rains,Maize,31/03/2023,local,2.1
P05254,F0793,2024 Long Rains,Sorghum,2024-03-23,Local,1.1
P05255,F0794,2019 Long Rains,Wheat,2019-04-12,Robin,
P05256,F0794,SR 2019,Beans,2019-10-19,LOCAL,2.7
P05257,F0794,2020 long rains,Maize ,01/03/2020,DK8031,5.5
P05258,F0794,2021 Long Rains,beans,2021-04-02,KAT-B9,3.8
P05259,F0794,LR2022,Maize,05/04/2022,H614,4.3
P05260,F0794,2022 Short Rains,Maize ,2022-10-06,PH4,5.9
P05261,F0794,LR 2023,Wheat,2023-03-26,Robin,5.5
P05262,F0794,2024 Long Rains,Wheat,2024-03-02,local,3.6
P05263,F0794,2024 short rains,Maize,2024-11-19,H614,2.8
P05264,f0795,2019 Long Rains,Maize,2019-04-22,H513,0.7
P05265,F0795,2019 Short Rains,Beans,2019-10-31,Local,0.6
P05266,F0795,2020 Long Rains,Beans,31/03/2020,Local,0.8
P05267,F0795,SR 2020,Corn,2020-11-04,Local,1.1
P05268,F0795,2021 Long Rains,Beans,05/03/2021,landrace,1.0
P05269,F0795,2021 short rains,Maize,2021-11-18,H513,1.0
P05270,F0795,2022 Long Rains,Maize,2022-03-09,local,0.9
P05271,f0795,2022-SR,Maize,2022-10-05,H513,0.6
P05272,F0795,2023 Long Rains,Maize,2023-03-14,LOCAL,0.7
P05273,F0795,2024 Long Rains,Beans,2024-03-29,KAT-B9,0.9
P05274,F0796,LR 2019,Maize,26-Mar-19,H513,1.9
P05275,F0796,2019 Short Rains,sorghum,2019-11-05,Seredo,2.2
P05276,F0796,2022 Long Rains,Maize,17/03/2022,PH4,2.8
P05277,F0796,2023 Long Rains,Maize,07/04/2023,PH4,3.3
P05278,F0796,2023 Short Rains,Maize,01/10/2023,PH4,3.8
P05279,F0797,2019 Short Rains,Wheat,04/11/2019,Robin,
P05280,F0797,2020 Long Rains,MAIZE,2020-03-16,DK8031,1.3
P05281,F0797,2020 SR,Beans,2020-11-01,KAT-B1,2.3
P05282,F0797,2021 long rains,Wheat,2021-04-20,,1.3
P05283,F0797 ,2022 short rains,Maize,25/10/2022,Local,2.1
P05284,F0797,2023 Long Rains,Maize,2023-03-19,H513,1.7
P05285,F0797,2024 Long Rains,Maize,2024-04-23,H513,1.0
P05286,F0798,2020 Short Rains,Beans,05-Nov-20,KAT-B9,2.4
P05287,F0798,2022-SR,sorghum,19/11/2022,landrace,3.4
P05288,F0798,LR 2023,Beans,2023-03-13,KAT-B9,2.5
P05289,F0798,2024 Long Rains,Sorghum ,2024-03-18,Gadam,1.9
P05290,F0798,2024 Short Rains,Maize,2024-10-14,,4.0
P05291,F0799,2019 Short Rains,Maize,2019-10-23,LOCAL,0.7
P05292,F0799,SR 2021,Beans,2021-10-16,KAT-B1,0.7
P05293,F0799,2024-SR,Bean,2024-11-13,LOCAL,0.7
P05294,F0800,SR 2019,Beans,2019-10-21,LOCAL,1.5
P05295,F0800,2020 Long Rains,Maize,2020-04-03,H513,1.4
P05296,F0800,2022 short rains,Beans,08/11/2022,Local,1.1
P05297,F0800,SR 2023,Maize,2023-10-18,local,1.0
P05298,F0800,2024 Short Rains,Maize,08/10/2024,Local,1.2
P04986,F0754,SR 2019,maize,18/10/2019,H614,0.7
P04326,F0652,SR 2023,Maize,2023-11-03,H513,
P04714,F0711,2019 Long Rains,wheat,2019-03-16,Robin,4.6
P00138,F0021,2022 Long Rains,Maize,2022-04-20,LOCAL,4.1
P00982,F0147,2020-LR,Beans,04-Mar-20,local,1.0
P01639,F0247,2019 Long Rains,Maize,2019-04-22,H513,1.4
P04938,F0747,2024 long rains,Maize,2024-04-01,Local,1.1
P05194,F0784,2024 short rains,Maize,13/11/2024,PH4,2.3
P03633,F0552,2020 Long Rains,Sorghum,2020-04-15,LOCAL,0.3
P00685,F0103,2024 Long Rains,maize,07/03/2024,,0.4
P00620,F0094,2019-LR,Beans,02/04/2019,KAT-B1,1.9
P00258,F0041,LR 2022,Maize,"Mar 02, 2022",H614,0.4
P00274,F0043,LR2023,Beans,2023-03-17,Local,3.1
P01191,F0177,2019 Long Rains,Sorghum,2019-03-11,Seredo,1.8
P02990,F0455,2021 Long Rains,Beans,08-Apr-21,Local,0.7
P03046,F0464,2022 Long Rains,maize,2022-03-22,DK8031,2.1
P04918,F0745,2019-SR,maize,2019-10-18,DK8031,3.9
P01462,F0219,2024 Long Rains,maize,2024-03-30,LOCAL,1.1
P04925,F0746,SR 2019,Maize,2019-11-03,,7.4
P01593,F0239,2024 short rains,Corn,31/10/2024,H614,1.3
P02837,F0434,2019 Short Rains,Maize,12/11/2019,LOCAL,2.0
P00004,F0002,LR2019,Maize,2019-03-14,DK8031,8.2
P00251,F0040,2022-SR,Sorghum,07-Oct-22,landrace,1.7
P02074,F0316,2019 LR,Maize,30/03/2019,DK8031,4.4
P02152,F0328,SR2021,Maize,10-Nov-21,H614,
P04147,F0625,LR2019,Maize,11/04/2019,local,0.9
P02855,F0436,LR2021,Wheat,2021-03-05,Robin,13.9
P04208,F0634,LR 2024,Beans,2024-04-14,landrace,1.0
P04144,f0624,2023 long rains,Sorghum,2023-03-22,LOCAL,1.3
P04559,F0688,2021 Long Rains,Wheat,13-Apr-21,local,12.9
P03676,F0557,LR 2023,Maize,19/03/2023,LOCAL,0.6
P02383,F0363,2021 long rains,Maize,2021-03-26,PH4,0.5
P03183,F0484,SR 2023,MAIZE,2023-10-08,H614,2.0
P01394,F0208,2020 SR,Sorghum,2020-11-12,Gadam,1.6
P04087,F0615,2022 Long Rains,Maize,2022-03-24,Local,2.9
P01173,F0174,2022-LR,Maize,2022-03-19,H513,4.0
P01243,F0184,2024 Short Rains,Beans,06/10/2024,LOCAL,1.4
P02050,F0311,2024-SR,maize,2024-10-19,DK8031,0.7
P02437,F0372,2021-LR,Wheat,22-Mar-21,Robin,10.8
P00684,F0103,2023 Short Rains,Beans,2023-10-11,local,0.3
P00329,F0051,2019 Long Rains,Sorghum,16/04/2019,landrace,0.6
P03937,F0593,2024 LR,Beans ,2024-04-20,local,1.2
P03160,F0481 ,LR 2023,MAIZE,2023-03-25,,10.0
P04865,F0736,2020 Long Rains,maize,2020-04-17,Local,14.4
P00596,F0089,2024 Long Rains,Maize,2024-03-19,H513,4.6
P03617,F0550,2021-LR,Maize,2021-04-13,local,6.9
P04164,F0628,SR 2020,Maize,2020-10-28,DK8031,3.0
P04226,F0637,2024 LR,Maize,19/03/2024,local,
P01776,F0268,2023 short rains,Maize,2023-10-13,Local,
P02772,F0424,2021 Short Rains,Maize ,2021-11-17,H513,0.9
P04546,F0686,2023 Long Rains,Sorgum,24/03/2023,landrace,0.9
P02788,F0427,LR 2022,Beans,2022-04-15,LOCAL,0.8
P00605,F0090,2024 Long Rains,Maize,17/03/2024,local,2.1
P00437,F0066,2022 Short Rains,Maize,2022-11-14,local,1.0
P00698,F0105,2022 long rains,Beans,"Apr 19, 2022",landrace,
P01154,F0172,SR 2019,Wheat,09/10/2019,Eagle-10,2.4
P05027,F0760,SR 2023,sorghum,2023-10-26,LOCAL,0.3
P00578,F0086,LR 2024,Maize,2024-03-09,LOCAL,0.9
P01368,F0204,SR2019,maize,2019-10-26,DK8031,1.1
P01282,F0191,2023 Long Rains,MAIZE,2023-04-10,DK8031,7.5
P03075,F0469,2022 short rains,Maize,2022-10-13,H513,2.3
P01268,F0189,2023 SR,Sorghum,2023-10-20,LOCAL,2.3
P00799,F0120,2023 Long Rains,Maize,2023-03-09,Local,1.2
P02742,F0418 ,2022 short rains,wheat,2022-10-30,Robin,3.3
P03352,F0512,2020-LR,Corn,2020-03-06,Local,8.4
P01795,F0271 ,2021 Long Rains,beans,29-Mar-21,,0.9
P03425,F0522,2024 Long Rains,Maize,24/04/2024,landrace,1.7
P05083,F0768,2024 SR,Maize,13/10/2024,LOCAL,1.6
P02751,F0420,2020 Long Rains,Beans,2020-04-10,,1.6
P02246,F0343,SR2019,Maize,2019-11-07,DK8031,1.4
P00342,F0052,2022 Short Rains,Maize ,2022-11-19,H513,13.7
P00208,F0033,2020 Short Rains,Maize,20/11/2020,local,0.9
P04058,f0611,2022 short rains,SORGHUM,16/11/2022,landrace,1.0
P01694,F0254,2019 Long Rains,Maize,2019-04-18,PH4,1.1
P01393,F0208,2019 SR,beans,2019-11-20,KAT-B1,
P00214,F0034,2020 Long Rains,Maize,2020-03-18,landrace,1.6
P01136,F0169,2024-LR,Maize ,"Apr 22, 2024",PH4,0.4
P01596,F0240,SR2020,MAIZE,2020-11-13,LOCAL,0.8
P03096,F0472,2024 Short Rains,Corn,"Oct 12, 2024",local,2.0
