date,county,rainfall_mm,temp_max_c,temp_min_c
2019-01-01,Kisumu,0.0,28.2,16.4
2019-01-02,Kisumu,0.0,27.7,15.5
2019-01-03,Kisumu,0.0,29.4,15.5
2019-01-04,Kisumu,0.0,29.9,16.6
2019-01-05,Kisumu,0.0,28.4,15.9
2019-01-06,Kisumu,0.0,29.1,17.9
2019-01-07,kisumu,0.0,27.5,15.3
2019-01-08,Kisumu,0.0,31.0,16.4
2019-01-09,Kisumu,0.0,27.3,15.3
2019-01-10,Kisumu,0.0,31.9,17.4
2019-01-11,KISUMU,0.0,26.2,17.8
2019-01-12,Kisumu,0.0,27.8,17.3
2019-01-13,Kisumu,0.0,28.7,17.5
2019-01-14,Kisumu,0.0,28.1,17.3
2019-01-15,Kisumu,0.0,24.6,16.7
2019-01-16,Kisumu,0.0,,17.2
2019-01-17,Kisumu,0.0,27.8,17.0
2019-01-18,Kisumu,0.0,30.4,16.9
2019-01-19,Kisumu,0.0,27.8,16.6
2019-01-20,kisumu,0.0,29.3,18.1
2019-01-21,Kisumu,0.0,30.1,16.1
2019-01-22,Kisumu,0.0,27.3,17.4
2019-01-23,Kisumu,0.0,30.1,19.3
2019-01-24,Kisumu,0.0,29.0,14.7
2019-01-25,Kisumu,0.0,28.3,18.0
2019-01-26,Kisumu,0.0,31.5,15.9
2019-01-27,Kisumu,0.0,31.5,18.0
2019-01-28,Kisumu,0.0,32.1,14.6
2019-01-29,Kisumu,0.0,29.0,17.6
2019-01-30,Kisumu,0.0,26.6,15.8
2019-01-31,Kisumu,0.2,26.3,16.6
2019-02-01,Kisumu,0.0,29.3,17.9
2019-02-02,Kisumu,0.0,27.9,17.8
2019-02-03,Kisumu,0.0,29.5,18.0
2019-02-04,KISUMU,0.0,28.3,17.3
2019-02-05,Kisumu,14.9,24.5,16.3
2019-02-06,Kisumu,0.0,29.1,17.3
2019-02-07,Kisumu,0.0,31.0,16.9
2019-02-08,Kisumu,11.3,26.5,18.3
2019-02-09,Kisumu ,0.0,28.1,18.6
2019-02-10,Kisumu,0.0,27.1,16.4
2019-02-11,Kisumu ,0.0,29.3,18.0
2019-02-12,Kisumu,0.0,29.7,17.2
2019-02-13,Kisumu,0.0,29.0,17.7
2019-02-14,Kisumu ,0.0,29.8,18.5
2019-02-15,Kisumu,0.0,31.0,18.5
2019-02-16,Kisumu,,30.0,16.5
2019-02-17,Kisumu,0.0,25.1,18.1
2019-02-18,Kisumu,2.5,31.1,18.2
2019-02-19,kisumu,0.0,29.5,17.7
2019-02-20,Kisumu,10.0,25.2,17.8
2019-02-21,Kisumu,0.0,30.1,
2019-02-22,Kisumu,0.0,28.1,16.7
2019-02-23,KISUMU,0.0,27.7,18.8
2019-02-24,Kisumu,0.0,29.9,17.3
2019-02-25,Kisumu,7.5,28.8,17.7
2019-02-26,Kisumu,55.7,29.5,16.7
2019-02-27,Kisumu,0.0,29.2,17.7
2019-02-28,Kisumu,0.0,29.9,17.6
2019-03-01,KISUMU,,28.9,17.4
2019-03-02,Kisumu,0.0,28.0,15.8
2019-03-03,Kisumu,0.0,25.6,18.3
2019-03-04,Kisumu,0.0,31.0,16.5
2019-03-05,Kisumu,1.3,30.1,17.3
2019-03-06,Kisumu,0.0,30.5,18.0
2019-03-07,Kisumu,0.0,29.6,17.1
2019-03-08,Kisumu,0.0,30.6,16.8
2019-03-09,Kisumu,0.0,28.7,18.4
2019-03-10,kisumu,0.0,31.7,16.2
2019-03-11,Kisumu,0.0,31.6,17.7
2019-03-12,Kisumu,-999,30.1,17.5
2019-03-13,Kisumu,0.0,28.4,17.9
2019-03-14,Kisumu,0.0,30.8,17.1
2019-03-15,Kisumu,6.6,27.2,17.1
2019-03-16,Kisumu,0.0,29.3,18.6
2019-03-17,Kisumu,0.0,30.2,19.1
2019-03-18,Kisumu,0.0,29.6,17.0
2019-03-19,Kisumu ,2.4,27.5,18.4
2019-03-20,Kisumu,0.0,30.9,18.4
2019-03-21,Kisumu,0.0,31.0,19.1
2019-03-22,Kisumu,0.0,30.2,19.7
2019-03-23,Kisumu,0.0,30.2,18.0
2019-03-24,Kisumu,-999,28.6,18.0
2019-03-25,Kisumu,0.0,30.8,17.4
2019-03-26,Kisumu,0.0,32.8,18.7
2019-03-27,Kisumu,9.7,26.4,18.4
2019-03-28,Kisumu,8.0,27.5,17.8
2019-03-29,Kisumu,,29.2,17.3
2019-03-30,Kisumu,11.5,27.2,17.6
2019-03-31,Kisumu,0.0,31.3,16.1
2019-04-01,Kisumu,30.7,30.6,15.5
2019-04-02,kisumu,0.0,32.6,17.6
2019-04-03,Kisumu,0.0,28.3,17.4
2019-04-04,Kisumu,0.0,30.3,18.5
2019-04-05,Kisumu,6.4,27.8,18.3
2019-04-06,KISUMU,2.0,32.1,17.5
2019-04-07,Kisumu,10.2,30.7,17.9
2019-04-08,Kisumu,17.7,27.7,17.6
2019-04-09,kisumu,0.0,27.7,19.3
2019-04-10,Kisumu,0.0,31.3,18.6
2019-04-11,Kisumu,5.3,28.4,18.2
2019-04-12,Kisumu,0.0,31.8,19.2
2019-04-13,Kisumu,0.0,31.3,19.6
2019-04-14,Kisumu,0.0,30.8,19.2
2019-04-15,Kisumu,0.0,29.5,18.5
2019-04-16,Kisumu,0.0,28.9,18.5
2019-04-17,KISUMU,1.0,31.7,17.8
2019-04-18,Kisumu,0.0,29.2,18.3
2019-04-19,Kisumu,0.0,30.7,18.3
2019-04-20,Kisumu,0.0,30.0,17.9
2019-04-21,Kisumu,3.6,29.4,18.4
2019-04-22,Kisumu,0.0,27.8,18.5
2019-04-23,Kisumu,0.0,31.8,19.2
2019-04-24,Kisumu,4.2,33.2,18.3
2019-04-25,Kisumu,1.7,28.2,19.3
2019-04-26,kisumu,28.3,30.7,19.4
2019-04-27,Kisumu,0.0,27.1,16.8
2019-04-28,Kisumu,trace,32.2,18.6
2019-04-29,Kisumu,3.5,30.1,17.8
2019-04-30,Kisumu,4.3,31.0,17.9
2019-05-01,KISUMU,11.4,28.1,16.1
2019-05-02,Kisumu,2.2,34.7,19.8
2019-05-03,Kisumu,0.0,30.5,18.7
2019-05-04,Kisumu,8.4,25.9,18.5
2019-05-05,Kisumu ,0.0,31.4,18.9
2019-05-06,Kisumu,6.9,31.2,19.1
2019-05-07,Kisumu,0.0,29.3,
2019-05-08,Kisumu,0.9,32.6,17.3
2019-05-09,Kisumu,0.0,27.6,18.1
2019-05-10,kisumu,2.3,33.2,16.0
2019-05-11,Kisumu,9.0,27.2,16.4
2019-05-12,Kisumu,0.0,32.2,18.0
2019-05-13,Kisumu,0.0,32.1,19.2
2019-05-14,Kisumu,0.6,32.7,17.3
2019-05-15,Kisumu,24.3,31.1,17.8
2019-05-16,KISUMU,0.0,32.2,18.6
2019-05-17,Kisumu,12.8,27.5,19.5
2019-05-18,kisumu,2.6,30.2,19.2
2019-05-19,Kisumu,0.0,30.0,19.0
2019-05-20,Kisumu,17.6,29.4,18.5
2019-05-21,KISUMU,10.0,27.9,17.9
2019-05-22,Kisumu,,30.4,19.1
2019-05-23,Kisumu,0.5,32.0,21.1
2019-05-24,Kisumu,1.6,,17.8
2019-05-25,Kisumu,0.0,30.7,19.2
2019-05-26,Kisumu,0.0,31.2,18.9
2019-05-27,Kisumu,0.0,31.0,16.1
2019-05-28,Kisumu,6.3,29.2,18.0
2019-05-29,Kisumu,0.0,32.2,17.4
2019-05-30,kisumu,2.0,31.3,19.1
2019-05-31,kisumu,0.0,32.0,17.2
2019-06-01,Kisumu,0.0,31.1,19.1
2019-06-02,Kisumu,0.0,28.1,18.1
2019-06-03,Kisumu,0.0,31.0,18.3
2019-06-04,kisumu,0.0,32.1,20.1
2019-06-05,kisumu,0.0,29.9,20.7
2019-06-06,Kisumu,0.0,32.4,17.6
2019-06-07,Kisumu,0.0,29.4,17.2
2019-06-08,Kisumu,0.0,30.6,18.5
2019-06-09,Kisumu,17.4,28.8,19.9
2019-06-10,Kisumu,0.0,27.9,17.8
2019-06-11,kisumu,0.0,29.7,19.1
2019-06-12,Kisumu,4.8,29.0,18.1
2019-06-13,Kisumu,0.0,30.5,17.1
2019-06-14,Kisumu,0.0,31.5,18.8
2019-06-15,Kisumu,0.0,27.9,16.9
2019-06-16,Kisumu,0.0,29.7,17.4
2019-06-17,Kisumu,0.0,31.4,18.7
2019-06-18,Kisumu,0.0,32.5,17.6
2019-06-19,kisumu,3.4,32.6,18.7
2019-06-20,Kisumu,0.0,30.6,18.4
2019-06-21,Kisumu,0.0,30.7,18.8
2019-06-22,Kisumu,0.0,32.1,18.5
2019-06-23,Kisumu,0.0,31.6,20.7
2019-06-24,Kisumu,5.8,30.7,19.7
2019-06-25,Kisumu,0.0,28.9,18.7
2019-06-26,Kisumu,0.0,31.5,19.0
2019-06-27,Kisumu,0.0,31.7,18.6
2019-06-28,Kisumu,8.6,30.2,18.1
2019-06-29,Kisumu,10.8,25.4,
2019-06-30,Kisumu,0.0,30.8,18.8
2019-07-01,Kisumu,0.0,32.1,17.9
2019-07-02,Kisumu,0.0,32.2,17.7
2019-07-03,kisumu,0.0,,18.9
2019-07-04,Kisumu,0.0,,17.8
2019-07-05,Kisumu,0.0,29.6,17.5
2019-07-06,Kisumu,1.9,31.6,17.4
2019-07-07,Kisumu,0.0,29.8,18.6
2019-07-08,Kisumu,0.0,28.6,17.9
2019-07-09,Kisumu,0.0,29.3,17.7
2019-07-10,kisumu,0.0,30.3,19.3
2019-07-11,kisumu,11.5,29.3,15.8
2019-07-12,kisumu,0.0,30.3,16.5
2019-07-13,kisumu,0.0,29.4,18.7
2019-07-14,Kisumu,0.0,31.8,18.0
2019-07-15,Kisumu,0.0,28.9,18.4
2019-07-16,kisumu,0.0,32.7,19.0
2019-07-17,Kisumu,0.0,29.7,17.2
2019-07-18,Kisumu,0.0,31.7,18.3
2019-07-19,Kisumu,0.0,29.9,18.3
2019-07-20,Kisumu ,0.0,34.4,17.2
2019-07-21,Kisumu,0.0,32.3,17.2
2019-07-22,Kisumu,16.3,30.1,18.1
2019-07-23,Kisumu,0.0,28.7,18.9
2019-07-24,Kisumu,0.0,30.3,19.1
2019-07-25,Kisumu,0.0,30.1,18.3
2019-07-26,Kisumu,0.0,28.7,18.4
2019-07-27,kisumu,0.0,31.8,17.9
2019-07-28,Kisumu,0.0,32.8,16.9
2019-07-29,Kisumu,0.0,29.2,17.3
2019-07-30,Kisumu,0.0,29.1,16.5
2019-07-31,Kisumu,0.0,31.9,19.0
2019-08-01,Kisumu,0.0,31.0,18.1
2019-08-02,Kisumu,0.0,30.9,16.7
2019-08-03,Kisumu,0.0,30.3,18.7
2019-08-04,Kisumu,,28.9,
2019-08-05,Kisumu,4.8,29.0,18.2
2019-08-06,Kisumu,3.7,30.8,19.2
2019-08-07,Kisumu,0.0,30.4,19.0
2019-08-08,Kisumu,1.4,28.7,17.0
2019-08-09,Kisumu,0.2,31.5,18.5
2019-08-10,Kisumu,0.0,29.5,19.0
2019-08-11,Kisumu,0.0,,19.4
2019-08-12,Kisumu,4.0,30.8,17.2
2019-08-13,Kisumu,0.2,31.0,18.2
2019-08-14,Kisumu,,30.6,16.3
2019-08-15,Kisumu,0.0,30.7,18.4
2019-08-16,Kisumu,0.0,29.9,17.0
2019-08-17,Kisumu,0.0,28.0,16.7
2019-08-18,KISUMU,0.0,29.0,18.4
2019-08-19,Kisumu,0.0,30.6,16.5
2019-08-20,Kisumu,0.0,30.6,19.7
2019-08-21,Kisumu,0.0,31.5,18.2
2019-08-22,Kisumu,0.0,27.6,18.6
2019-08-23,Kisumu,0.0,29.9,16.6
2019-08-24,Kisumu,0.0,30.3,17.5
2019-08-25,Kisumu,0.0,31.6,20.8
2019-08-26,Kisumu,0.0,32.3,16.9
2019-08-27,KISUMU,0.0,27.3,18.2
2019-08-28,Kisumu,4.4,30.1,18.9
2019-08-29,Kisumu,0.0,28.9,18.8
2019-08-30,Kisumu,0.0,28.2,18.8
2019-08-31,Kisumu,3.5,29.8,17.7
2019-09-01,Kisumu,0.0,31.6,17.2
2019-09-02,Kisumu,0.0,27.4,16.4
2019-09-03,Kisumu,0.0,29.3,18.9
2019-09-04,Kisumu,0.0,30.3,18.8
2019-09-05,Kisumu,0.0,27.7,16.9
2019-09-06,Kisumu,2.0,29.8,16.6
2019-09-07,Kisumu,11.3,25.6,17.4
2019-09-08,Kisumu,0.0,29.3,17.6
2019-09-09,Kisumu,0.0,28.9,16.9
2019-09-10,Kisumu,0.0,31.0,18.3
2019-09-11,Kisumu,1.8,30.1,16.7
2019-09-12,Kisumu,3.7,28.3,17.7
2019-09-13,Kisumu,0.0,28.7,16.6
2019-09-14,Kisumu,0.0,27.2,16.9
2019-09-15,Kisumu,0.0,29.9,16.7
2019-09-16,Kisumu,0.0,25.4,18.4
2019-09-17,Kisumu,0.0,30.3,15.7
2019-09-18,KISUMU,0.0,27.2,18.0
2019-09-19,KISUMU,0.0,27.5,17.8
2019-09-20,Kisumu,0.0,29.1,17.4
2019-09-21,kisumu,0.0,28.3,17.3
2019-09-22,Kisumu,0.0,27.2,17.7
2019-09-23,Kisumu,0.0,28.4,18.4
2019-09-24,Kisumu,0.0,30.9,18.8
2019-09-25,Kisumu,0.0,27.9,14.8
2019-09-26,Kisumu,4.5,26.1,16.1
2019-09-27,Kisumu,9.2,28.8,17.9
2019-09-28,Kisumu,0.0,26.8,17.6
2019-09-29,Kisumu,0.0,27.7,17.3
2019-09-30,kisumu,0.0,29.9,17.2
2019-10-01,kisumu,0.0,28.8,17.5
2019-10-02,KISUMU,9.6,27.1,16.2
2019-10-03,Kisumu,0.0,28.7,17.7
2019-10-04,Kisumu,1.1,27.6,17.3
2019-10-05,Kisumu,12.1,27.4,17.5
2019-10-06,Kisumu,0.0,28.4,16.2
2019-10-07,Kisumu,0.0,26.0,18.1
2019-10-08,Kisumu,0.0,29.0,18.2
2019-10-09,Kisumu,3.1,27.9,16.3
2019-10-10,kisumu,0.4,29.3,18.2
2019-10-11,Kisumu,0.0,28.5,17.0
2019-10-12,kisumu,0.0,26.6,17.5
2019-10-13,Kisumu,0.0,26.3,17.0
2019-10-14,Kisumu,0.0,29.2,17.2
2019-10-15,Kisumu,21.0,25.2,16.3
2019-10-16,Kisumu,0.0,26.7,16.7
2019-10-17,Kisumu ,0.0,27.9,
2019-10-18,Kisumu,,29.0,17.6
2019-10-19,Kisumu,3.5,29.1,16.5
2019-10-20,Kisumu,0.0,27.4,15.6
2019-10-21,Kisumu,0.0,27.9,15.9
2019-10-22,Kisumu ,0.0,31.1,17.3
2019-10-23,Kisumu,0.0,26.1,17.2
2019-10-24,Kisumu,0.0,26.7,15.4
2019-10-25,Kisumu,0.0,28.2,16.6
2019-10-26,Kisumu,16.6,27.2,14.4
2019-10-27,Kisumu,0.0,27.4,17.4
2019-10-28,Kisumu,0.0,27.9,18.7
2019-10-29,Kisumu,0.0,30.1,17.8
2019-10-30,Kisumu,0.8,28.6,17.5
2019-10-31,Kisumu,0.0,29.5,16.6
2019-11-01,Kisumu,trace,25.3,15.0
2019-11-02,Kisumu,0.0,26.5,17.8
2019-11-03,Kisumu,0.0,29.0,17.2
2019-11-04,Kisumu,23.5,29.1,16.2
2019-11-05,Kisumu,0.0,29.6,13.7
2019-11-06,Kisumu,0.0,30.9,15.3
2019-11-07,kisumu,0.0,27.8,16.1
2019-11-08,Kisumu,0.0,29.6,16.6
2019-11-09,Kisumu,0.0,26.7,16.0
2019-11-10,Kisumu,0.0,27.1,16.0
2019-11-11,Kisumu,29.9,26.2,16.3
2019-11-12,Kisumu,0.0,29.9,17.3
2019-11-13,Kisumu,0.0,27.4,16.9
2019-11-14,Kisumu,0.0,28.1,15.8
2019-11-15,Kisumu,0.0,29.7,16.1
2019-11-16,Kisumu,1.0,26.0,16.4
2019-11-17,Kisumu,36.2,27.9,17.2
2019-11-18,Kisumu,0.0,29.6,16.0
2019-11-19,Kisumu,4.1,28.2,19.4
2019-11-20,Kisumu,0.0,31.0,15.9
2019-11-21,Kisumu ,24.7,24.5,15.3
2019-11-22,Kisumu,7.2,26.2,16.2
2019-11-23,Kisumu,9.8,27.4,16.5
2019-11-24,Kisumu,0.0,28.5,17.5
2019-11-25,Kisumu,22.1,24.2,16.9
2019-11-26,Kisumu,0.0,27.1,16.7
2019-11-27,Kisumu,7.4,23.8,15.5
2019-11-28,Kisumu,0.0,29.5,15.7
2019-11-29,Kisumu,0.0,29.7,17.0
2019-11-30,Kisumu,7.9,24.4,17.8
2019-12-01,Kisumu,0.0,28.9,14.7
2019-12-02,Kisumu,0.0,25.0,16.0
2019-12-03,Kisumu,0.0,25.9,16.8
2019-12-04,Kisumu,,27.8,16.6
2019-12-05,kisumu,0.0,27.3,15.8
2019-12-06,Kisumu,40.8,25.0,16.6
2019-12-07,Kisumu,0.0,28.0,14.9
2019-12-08,Kisumu,8.1,23.9,15.9
2019-12-09,Kisumu,0.0,26.3,19.0
2019-12-10,Kisumu,4.3,29.1,14.5
2019-12-11,Kisumu,0.0,25.7,15.8
2019-12-12,Kisumu,0.0,31.5,17.1
2019-12-13,KISUMU,0.0,26.8,17.7
2019-12-14,Kisumu ,17.2,25.4,18.7
2019-12-15,Kisumu,0.0,27.9,18.1
2019-12-16,Kisumu,0.0,29.0,17.7
2019-12-17,Kisumu,3.7,26.7,15.5
2019-12-18,Kisumu ,0.0,25.4,18.6
2019-12-19,Kisumu,12.0,,17.4
2019-12-20,Kisumu,0.0,29.5,15.6
2019-12-21,kisumu,0.0,27.6,15.9
2019-12-22,Kisumu,5.3,26.1,18.1
2019-12-23,Kisumu,0.0,28.5,16.5
2019-12-24,Kisumu,0.0,28.3,16.9
2019-12-25,Kisumu ,0.0,27.5,15.1
2019-12-26,Kisumu,0.0,29.9,15.9
2019-12-27,Kisumu,0.0,26.9,17.4
2019-12-28,Kisumu,4.4,28.7,16.5
2019-12-29,Kisumu,0.0,27.0,14.8
2019-12-30,Kisumu,0.0,,15.4
2019-12-31,KISUMU,0.0,30.8,16.3
2020-01-01,Kisumu,0.0,29.6,15.8
2020-01-02,Kisumu,0.0,28.8,16.0
2020-01-03,Kisumu ,0.0,27.9,16.7
2020-01-04,Kisumu,0.0,30.8,16.7
2020-01-05,Kisumu,0.0,29.4,18.1
2020-01-06,Kisumu,0.0,28.4,18.0
2020-01-07,KISUMU,0.0,27.0,17.8
2020-01-08,Kisumu,0.0,26.8,15.9
2020-01-09,Kisumu,0.0,28.9,17.1
2020-01-10,kisumu,0.0,28.0,16.2
2020-01-11,KISUMU,42.9,27.0,18.6
2020-01-12,Kisumu,2.6,27.4,16.0
2020-01-13,Kisumu,0.0,27.6,16.6
2020-01-14,Kisumu,0.0,28.8,17.5
2020-01-15,kisumu,0.0,29.5,16.7
2020-01-16,kisumu,0.6,27.5,15.6
2020-01-17,Kisumu,0.0,28.5,16.2
2020-01-18,Kisumu,0.0,28.7,18.8
2020-01-19,Kisumu,0.0,27.8,17.3
2020-01-20,Kisumu,0.0,28.8,17.3
2020-01-21,Kisumu,0.0,31.6,17.9
2020-01-22,Kisumu,0.0,32.1,17.6
2020-01-23,Kisumu,15.7,23.6,15.0
2020-01-24,Kisumu,0.0,28.8,17.3
2020-01-25,Kisumu,0.0,28.4,15.4
2020-01-26,Kisumu,5.4,28.6,18.4
2020-01-27,kisumu,0.0,28.9,17.7
2020-01-28,Kisumu,trace,27.8,16.5
2020-01-29,Kisumu,0.0,30.7,16.9
2020-01-30,Kisumu,0.0,29.8,15.5
2020-01-31,Kisumu,0.0,26.5,15.4
2020-02-01,Kisumu,0.0,27.2,17.0
2020-02-02,Kisumu,0.0,30.1,18.4
2020-02-03,Kisumu,0.0,28.8,15.5
2020-02-04,Kisumu,8.6,25.3,17.4
2020-02-05,Kisumu,0.0,29.2,17.1
2020-02-06,Kisumu,0.0,31.5,17.4
2020-02-07,kisumu,0.0,29.1,18.0
2020-02-08,Kisumu,9.5,27.0,18.1
2020-02-09,Kisumu,9.7,29.7,17.5
2020-02-10,Kisumu,0.0,29.0,17.2
2020-02-11,Kisumu,1.7,31.3,17.9
2020-02-12,Kisumu,0.0,29.2,17.1
2020-02-13,Kisumu,0.0,29.0,18.2
2020-02-14,Kisumu,0.0,28.0,17.7
2020-02-15,Kisumu ,0.0,26.9,15.9
2020-02-16,Kisumu,0.0,29.2,16.9
2020-02-17,Kisumu,0.0,29.7,18.8
2020-02-18,Kisumu,0.0,17.4,27.7
2020-02-19,Kisumu,0.0,28.5,17.5
2020-02-20,Kisumu,0.0,29.0,16.6
2020-02-21,Kisumu,0.0,26.8,17.4
2020-02-22,Kisumu,0.0,28.5,17.8
2020-02-23,Kisumu,0.0,26.5,17.3
2020-02-24,Kisumu,0.0,28.7,18.4
2020-02-25,Kisumu,0.0,29.4,16.7
2020-02-26,Kisumu,0.0,31.1,18.1
2020-02-27,Kisumu,0.0,26.6,18.0
2020-02-28,Kisumu,1.1,28.0,17.3
2020-02-29,Kisumu,0.0,30.6,17.0
2020-03-01,Kisumu,0.0,30.3,17.3
2020-03-02,KISUMU,8.2,27.1,18.0
2020-03-03,Kisumu,7.1,30.4,18.1
2020-03-04,Kisumu,0.0,28.8,20.0
2020-03-05,Kisumu,0.0,,17.6
2020-03-06,Kisumu,7.3,29.0,18.8
2020-03-07,Kisumu,,27.1,17.7
2020-03-08,KISUMU,0.0,30.5,19.4
2020-03-09,Kisumu,0.0,30.3,18.2
2020-03-10,Kisumu,0.0,27.9,17.3
2020-03-11,Kisumu,0.0,32.3,18.1
2020-03-12,Kisumu,25.8,27.5,19.4
2020-03-13,Kisumu,31.7,30.4,17.4
2020-03-14,Kisumu,0.0,27.7,17.9
2020-03-15,Kisumu,0.0,28.8,19.4
2020-03-16,Kisumu,4.2,30.8,
2020-03-17,Kisumu,0.0,29.3,16.5
2020-03-18,Kisumu,0.0,31.8,
2020-03-19,Kisumu,0.0,29.3,17.4
2020-03-20,Kisumu,3.0,26.8,17.7
2020-03-21,Kisumu,0.0,31.8,18.6
2020-03-22,Kisumu,3.1,,17.4
2020-03-23,Kisumu,0.0,30.1,17.9
2020-03-24,Kisumu,0.0,29.7,16.9
2020-03-25,Kisumu,0.0,31.3,17.7
2020-03-26,Kisumu,14.2,29.2,18.7
2020-03-27,Kisumu,0.0,25.8,19.9
2020-03-28,Kisumu,27.5,28.8,15.8
2020-03-29,KISUMU,0.0,,16.7
2020-03-30,Kisumu,3.9,30.4,18.7
2020-03-31,Kisumu,0.0,30.0,17.5
2020-04-01,Kisumu,31.2,29.2,16.6
2020-04-02,Kisumu,,27.4,17.3
2020-04-03,Kisumu,6.2,28.0,19.1
2020-04-04,Kisumu,20.8,18.5,31.2
2020-04-05,Kisumu,0.0,33.7,18.2
2020-04-06,Kisumu,0.6,28.2,18.4
2020-04-07,kisumu,0.0,29.5,20.2
2020-04-08,Kisumu,5.1,26.4,18.3
2020-04-09,Kisumu,0.0,29.9,18.2
2020-04-10,Kisumu,0.0,32.1,18.4
2020-04-11,Kisumu,0.0,31.9,19.6
2020-04-12,Kisumu,0.0,29.3,17.6
2020-04-13,Kisumu,0.0,29.3,19.2
2020-04-14,Kisumu,25.8,26.1,19.0
2020-04-15,Kisumu,15.3,27.4,18.1
2020-04-16,Kisumu,1.8,31.5,18.7
2020-04-17,Kisumu,0.0,30.9,17.7
2020-04-18,Kisumu,20.1,30.0,19.3
2020-04-19,Kisumu,0.0,31.9,18.3
2020-04-20,Kisumu,5.3,30.1,17.7
2020-04-21,Kisumu,11.0,29.8,19.5
2020-04-22,Kisumu,7.6,27.3,18.5
2020-04-23,Kisumu,1.4,31.6,18.1
2020-04-24,Kisumu,10.7,26.9,
2020-04-25,Kisumu,10.0,25.4,18.1
2020-04-26,Kisumu,0.0,28.0,19.1
2020-04-27,Kisumu,0.8,30.4,18.0
2020-04-28,Kisumu,3.1,31.9,17.7
2020-04-29,Kisumu,0.0,31.6,18.9
2020-04-30,Kisumu,2.9,28.2,18.2
2020-05-01,Kisumu,0.0,30.3,20.7
2020-05-02,Kisumu,0.0,31.9,16.9
2020-05-03,kisumu,2.4,31.2,
2020-05-04,Kisumu,0.0,30.3,20.1
2020-05-05,Kisumu,0.0,29.7,18.2
2020-05-06,Kisumu,5.0,29.4,17.0
2020-05-07,Kisumu,0.0,31.0,18.2
2020-05-08,Kisumu,0.0,33.0,17.4
2020-05-09,Kisumu,0.0,33.6,17.9
2020-05-10,Kisumu,0.0,28.2,18.7
2020-05-11,Kisumu,0.8,31.3,17.6
2020-05-12,Kisumu,0.0,33.8,19.9
2020-05-13,Kisumu,0.0,28.2,
2020-05-14,Kisumu,0.0,31.1,19.5
2020-05-15,Kisumu,17.8,31.4,18.1
2020-05-16,Kisumu,0.0,32.8,17.8
2020-05-17,Kisumu ,0.0,33.2,17.7
2020-05-18,Kisumu,0.0,31.2,18.1
2020-05-19,Kisumu ,1.7,31.3,19.1
2020-05-20,KISUMU,0.0,33.7,19.2
2020-05-21,Kisumu,0.0,31.4,
2020-05-22,Kisumu,17.9,30.6,16.9
2020-05-23,KISUMU,0.0,33.0,20.2
2020-05-24,Kisumu,13.3,28.4,19.9
2020-05-25,Kisumu,0.0,32.0,18.1
2020-05-26,Kisumu,0.0,32.9,18.7
2020-05-27,Kisumu,0.0,32.2,19.4
2020-05-28,Kisumu,0.0,31.8,19.0
2020-05-29,Kisumu,0.0,32.6,19.2
2020-05-30,Kisumu,39.0,31.2,20.3
2020-05-31,Kisumu,0.0,32.3,18.5
2020-06-01,Kisumu,0.0,31.8,18.6
2020-06-02,Kisumu,1.5,30.3,16.1
2020-06-03,Kisumu,0.0,31.3,18.4
2020-06-04,Kisumu,0.0,32.7,17.6
2020-06-05,Kisumu ,,31.0,16.0
2020-06-06,Kisumu,0.0,31.3,20.3
2020-06-07,Kisumu,6.5,30.0,19.3
2020-06-08,KISUMU,0.0,28.9,17.2
2020-06-09,Kisumu,0.0,29.9,18.0
2020-06-10,Kisumu,0.0,31.3,19.3
2020-06-11,Kisumu,0.0,33.5,16.7
2020-06-12,Kisumu,0.0,30.9,17.5
2020-06-13,Kisumu,8.1,31.2,18.6
2020-06-14,Kisumu,0.0,31.8,
2020-06-15,Kisumu,0.0,31.2,19.0
2020-06-16,Kisumu,0.0,31.6,17.9
2020-06-17,Kisumu,0.0,31.2,21.1
2020-06-18,Kisumu,8.7,29.0,17.7
2020-06-19,Kisumu,0.0,30.8,17.2
2020-06-20,KISUMU,0.0,29.8,19.1
2020-06-21,Kisumu,0.0,32.9,20.0
2020-06-22,Kisumu,0.0,30.6,17.2
2020-06-23,Kisumu,0.0,29.7,18.0
2020-06-24,Kisumu,0.0,29.7,18.9
2020-06-25,KISUMU,0.0,31.4,19.8
2020-06-26,Kisumu,0.0,31.4,18.7
2020-06-27,Kisumu,0.0,30.6,19.2
2020-06-28,kisumu,0.0,29.0,16.8
2020-06-29,Kisumu,0.0,31.5,17.0
2020-06-30,Kisumu,10.2,27.4,17.7
2020-07-01,Kisumu,0.0,31.5,18.2
2020-07-02,Kisumu,0.0,27.8,18.0
2020-07-03,Kisumu,11.4,30.4,18.7
2020-07-04,Kisumu,0.8,31.5,18.0
2020-07-05,Kisumu,0.0,30.3,17.5
2020-07-06,Kisumu,0.0,,19.1
2020-07-07,Kisumu,2.0,30.0,19.9
2020-07-08,Kisumu,9.2,29.7,18.7
2020-07-09,Kisumu,0.0,30.5,17.8
2020-07-10,Kisumu,0.0,32.9,17.7
2020-07-11,Kisumu,0.0,30.1,18.2
2020-07-12,Kisumu,39.8,29.9,18.8
2020-07-13,Kisumu,0.0,32.8,17.2
2020-07-14,Kisumu,0.0,,18.0
2020-07-15,Kisumu,0.0,31.5,18.4
2020-07-16,Kisumu,0.0,29.1,18.4
2020-07-17,Kisumu,0.0,27.5,17.8
2020-07-18,Kisumu,0.0,31.0,18.5
2020-07-19,KISUMU,0.0,30.8,18.0
2020-07-20,Kisumu,2.8,31.3,17.1
2020-07-21,kisumu,16.9,26.8,18.7
2020-07-22,Kisumu,0.0,30.8,18.9
2020-07-23,Kisumu,0.0,,19.0
2020-07-24,Kisumu,0.0,29.6,19.1
2020-07-25,Kisumu,2.9,32.2,18.5
2020-07-26,Kisumu,0.0,28.3,17.6
2020-07-27,Kisumu,0.0,31.4,18.1
2020-07-28,Kisumu,0.0,28.4,18.3
2020-07-29,Kisumu,0.0,30.8,17.9
2020-07-30,Kisumu,0.0,28.8,18.8
2020-07-31,Kisumu,0.0,28.5,16.9
2020-08-01,Kisumu,0.0,27.6,18.8
2020-08-02,Kisumu,0.0,30.7,18.1
2020-08-03,Kisumu,0.0,27.7,17.8
2020-08-04,Kisumu,0.0,30.4,17.4
2020-08-05,kisumu,0.0,29.8,16.5
2020-08-06,kisumu,13.8,25.1,17.4
2020-08-07,Kisumu,0.0,29.5,17.9
2020-08-08,Kisumu,0.0,28.5,18.8
2020-08-09,Kisumu,0.0,30.6,17.3
2020-08-10,Kisumu,0.0,30.2,19.8
2020-08-11,Kisumu,0.0,32.1,17.5
2020-08-12,Kisumu,0.0,30.4,17.0
2020-08-13,KISUMU,0.0,30.1,16.9
2020-08-14,Kisumu,,28.6,16.5
2020-08-15,Kisumu,0.0,30.3,17.8
2020-08-16,Kisumu ,0.0,29.5,17.6
2020-08-17,Kisumu,0.0,30.7,18.5
2020-08-18,Kisumu ,0.0,30.2,17.9
2020-08-19,Kisumu,0.0,30.5,17.9
2020-08-20,Kisumu,0.0,27.9,17.6
2020-08-21,Kisumu,0.0,29.6,17.3
2020-08-22,Kisumu,0.0,31.0,19.3
2020-08-23,Kisumu,0.0,30.6,18.1
2020-08-24,Kisumu,0.0,30.7,17.3
2020-08-25,Kisumu,0.0,30.6,17.9
2020-08-26,Kisumu,0.0,30.1,16.6
2020-08-27,Kisumu,0.0,31.1,18.6
2020-08-28,Kisumu,0.0,28.3,15.8
2020-08-29,Kisumu,0.0,30.6,18.2
2020-08-30,Kisumu,0.0,29.8,17.3
2020-08-31,Kisumu,0.0,29.1,19.0
2020-09-01,Kisumu,0.0,29.7,17.9
2020-09-02,Kisumu,1.2,29.8,18.2
2020-09-03,Kisumu,0.0,27.6,16.2
2020-09-04,Kisumu,0.0,28.0,16.8
2020-09-05,Kisumu,0.0,30.7,17.9
2020-09-06,Kisumu,0.0,28.1,17.0
2020-09-07,Kisumu,36.5,28.6,17.4
2020-09-08,Kisumu,0.0,30.3,19.8
2020-09-09,Kisumu,0.0,30.0,16.3
2020-09-10,Kisumu,0.0,29.5,16.4
2020-09-11,Kisumu,0.0,31.3,16.7
2020-09-12,kisumu,0.0,29.9,16.8
2020-09-13,Kisumu,11.5,29.0,17.5
2020-09-14,kisumu,0.0,30.6,16.7
2020-09-15,Kisumu,0.0,28.9,17.3
2020-09-16,KISUMU,0.0,28.7,16.5
2020-09-17,Kisumu,0.0,29.0,17.0
2020-09-18,Kisumu,0.0,29.8,18.2
2020-09-19,Kisumu,0.0,27.5,16.8
2020-09-20,Kisumu,0.0,26.6,16.3
2020-09-21,KISUMU,0.0,28.8,18.0
2020-09-22,Kisumu,,26.8,16.8
2020-09-23,Kisumu,0.0,27.9,17.4
2020-09-24,Kisumu,0.0,29.3,17.0
2020-09-25,Kisumu,0.0,29.4,17.3
2020-09-26,Kisumu,0.0,31.0,16.8
2020-09-27,Kisumu,0.0,27.1,17.0
2020-09-28,Kisumu,,26.3,17.3
2020-09-29,Kisumu,7.7,27.8,16.3
2020-09-30,Kisumu,0.0,26.7,19.4
2020-10-01,Kisumu,0.0,29.5,16.1
2020-10-02,Kisumu,0.0,26.1,17.7
2020-10-03,Kisumu,10.4,25.2,17.2
2020-10-04,Kisumu,0.0,29.7,16.7
2020-10-05,Kisumu,0.0,26.4,16.7
2020-10-06,Kisumu,0.0,28.4,17.8
2020-10-07,Kisumu,0.0,29.1,18.5
2020-10-08,Kisumu,0.0,26.6,15.5
2020-10-09,Kisumu,2.8,29.1,19.2
2020-10-10,Kisumu,0.0,30.0,17.5
2020-10-11,Kisumu,0.0,28.3,16.0
2020-10-12,Kisumu,20.3,26.2,18.3
2020-10-13,Kisumu ,22.1,28.2,17.7
2020-10-14,KISUMU,6.5,24.4,16.4
2020-10-15,Kisumu,0.0,29.4,19.2
2020-10-16,kisumu,0.0,28.4,16.8
2020-10-17,Kisumu ,0.0,29.2,17.7
2020-10-18,Kisumu,0.0,28.2,16.5
2020-10-19,Kisumu ,0.0,26.7,15.9
2020-10-20,kisumu,0.0,29.0,17.8
2020-10-21,Kisumu,0.0,28.9,17.4
2020-10-22,Kisumu,0.0,27.5,19.5
2020-10-23,Kisumu,0.0,25.9,18.4
2020-10-24,Kisumu,9.0,26.6,17.2
2020-10-25,Kisumu,0.0,28.7,17.8
2020-10-26,Kisumu,0.0,25.8,18.1
2020-10-27,Kisumu,0.0,26.5,17.2
2020-10-28,Kisumu,0.0,24.8,17.3
2020-10-29,Kisumu,0.0,28.6,15.7
2020-10-30,Kisumu,0.0,28.5,16.3
2020-10-31,Kisumu,0.0,27.4,16.2
2020-11-01,Kisumu,0.0,29.1,17.4
2020-11-02,Kisumu,0.0,31.2,15.7
2020-11-03,Kisumu,trace,27.3,15.9
2020-11-04,Kisumu,14.9,24.6,17.6
2020-11-05,Kisumu,0.0,29.9,18.3
2020-11-06,Kisumu,0.0,25.2,16.0
2020-11-07,kisumu,1.7,24.7,16.5
2020-11-08,Kisumu,8.7,27.4,17.2
2020-11-09,Kisumu,3.2,27.8,16.7
2020-11-10,Kisumu,0.0,26.1,
2020-11-11,Kisumu,0.0,27.3,17.5
2020-11-12,Kisumu,10.5,25.9,15.3
2020-11-13,Kisumu,5.9,25.7,15.3
2020-11-14,Kisumu,0.0,28.6,17.2
2020-11-15,Kisumu,24.4,25.2,18.4
2020-11-16,Kisumu,0.0,25.3,17.0
2020-11-17,Kisumu,trace,25.6,15.2
2020-11-18,Kisumu,0.0,29.6,15.7
2020-11-19,Kisumu,0.0,27.0,16.7
2020-11-20,Kisumu,0.0,27.1,17.0
2020-11-21,Kisumu,0.0,24.1,16.8
2020-11-22,KISUMU,23.3,23.8,17.8
2020-11-23,Kisumu ,0.0,28.1,16.7
2020-11-24,Kisumu,0.0,27.0,15.4
2020-11-25,Kisumu,0.0,28.1,17.2
2020-11-26,Kisumu,0.0,28.6,14.4
2020-11-27,Kisumu,0.0,27.2,15.3
2020-11-28,Kisumu,0.0,31.7,14.9
2020-11-29,Kisumu,0.0,27.3,15.0
2020-11-30,Kisumu,0.0,29.0,19.2
2020-12-01,Kisumu,0.0,28.5,16.7
2020-12-02,Kisumu,0.0,30.7,14.8
2020-12-03,KISUMU,0.0,27.5,17.6
2020-12-04,Kisumu,0.0,27.1,16.3
2020-12-05,Kisumu,0.0,27.1,16.6
2020-12-06,Kisumu,19.4,26.6,17.8
2020-12-07,Kisumu,6.7,26.9,15.7
2020-12-08,Kisumu,0.0,26.9,16.5
2020-12-09,Kisumu,0.0,28.4,15.6
2020-12-10,Kisumu,0.0,25.6,16.4
2020-12-11,kisumu,0.0,30.3,17.0
2020-12-12,Kisumu,0.0,29.7,16.4
2020-12-13,Kisumu,0.0,29.2,16.4
2020-12-14,Kisumu,0.0,27.9,16.4
2020-12-15,Kisumu,0.0,27.1,15.9
2020-12-16,Kisumu,3.2,28.8,16.1
2020-12-17,Kisumu,0.0,27.0,16.4
2020-12-18,KISUMU,0.0,25.8,16.1
2020-12-19,Kisumu,0.0,28.8,16.2
2020-12-20,Kisumu,16.7,26.3,16.1
2020-12-21,Kisumu,0.0,30.2,17.4
2020-12-22,Kisumu,0.0,26.9,17.2
2020-12-23,Kisumu,0.0,29.5,15.9
2020-12-24,KISUMU,9.8,25.2,17.5
2020-12-25,Kisumu,0.0,28.2,17.6
2020-12-26,Kisumu,4.9,,16.7
2020-12-27,Kisumu,,26.4,17.3
2020-12-28,Kisumu,10.7,25.0,
2020-12-29,Kisumu,0.0,29.4,15.1
2020-12-30,Kisumu,0.0,26.6,16.5
2020-12-31,KISUMU,0.0,30.2,17.5
2021-01-01,Kisumu,0.0,25.3,18.1
2021-01-02,Kisumu,0.0,29.7,17.1
2021-01-03,Kisumu,0.0,27.2,
2021-01-04,Kisumu,0.0,27.5,15.4
2021-01-05,Kisumu,0.0,25.6,17.3
2021-01-06,Kisumu,0.0,28.0,16.6
2021-01-07,Kisumu,0.0,,17.2
2021-01-08,Kisumu,0.0,29.4,16.9
2021-01-09,Kisumu,0.0,29.9,16.3
2021-01-10,Kisumu,13.4,26.1,14.8
2021-01-11,Kisumu,0.0,28.4,15.0
2021-01-12,KISUMU,0.0,29.0,16.5
2021-01-13,Kisumu,0.0,28.9,15.8
2021-01-14,Kisumu,0.0,30.5,16.5
2021-01-15,Kisumu,0.0,28.8,17.1
2021-01-16,Kisumu,0.0,27.3,17.4
2021-01-17,Kisumu,0.0,29.4,15.2
2021-01-18,Kisumu,0.0,25.8,16.6
2021-01-19,Kisumu,0.0,26.7,17.0
2021-01-20,Kisumu,0.0,28.2,18.6
2021-01-21,kisumu,0.0,28.4,16.5
2021-01-22,Kisumu,0.0,30.5,14.7
2021-01-23,Kisumu,0.0,28.8,15.4
2021-01-24,Kisumu,0.0,28.3,18.3
2021-01-25,Kisumu,0.0,29.8,15.5
2021-01-26,kisumu,0.0,29.6,17.2
2021-01-27,Kisumu,0.0,29.6,16.5
2021-01-28,Kisumu,0.0,30.3,16.1
2021-01-29,Kisumu,0.0,29.9,16.1
2021-01-30,Kisumu,15.6,26.8,17.9
2021-01-31,Kisumu,0.0,28.0,15.9
2021-02-01,Kisumu,9.5,24.9,19.1
2021-02-02,Kisumu,0.0,29.9,15.6
2021-02-03,Kisumu,0.0,29.1,17.6
2021-02-04,Kisumu,0.0,30.2,17.5
2021-02-05,Kisumu,0.0,,16.5
2021-02-06,Kisumu,0.0,29.6,15.7
2021-02-07,Kisumu ,0.0,29.2,18.4
2021-02-08,Kisumu,0.0,26.8,17.2
2021-02-09,Kisumu,0.0,28.5,16.1
2021-02-10,Kisumu,0.0,25.9,18.1
2021-02-11,Kisumu,0.0,29.1,16.3
2021-02-12,Kisumu,0.0,33.6,17.4
2021-02-13,Kisumu,0.0,30.8,16.1
2021-02-14,Kisumu,0.0,31.2,18.8
2021-02-15,Kisumu,0.0,28.8,16.4
2021-02-16,Kisumu,0.0,28.0,19.3
2021-02-17,Kisumu,0.0,28.6,17.1
2021-02-18,Kisumu,0.0,30.3,16.7
2021-02-19,Kisumu,0.0,27.7,15.7
2021-02-20,kisumu,0.0,32.9,17.8
2021-02-21,Kisumu,0.0,28.5,
2021-02-22,Kisumu,0.0,28.9,18.0
2021-02-23,Kisumu,0.0,31.2,17.6
2021-02-24,kisumu,0.0,30.0,17.3
2021-02-25,Kisumu,2.4,99.9,15.4
2021-02-26,Kisumu,9.6,24.1,17.2
2021-02-27,Kisumu,0.0,29.0,18.2
2021-02-28,Kisumu,0.0,29.3,19.1
2021-03-01,Kisumu,0.0,29.5,18.3
2021-03-02,Kisumu,0.0,32.1,18.1
2021-03-03,Kisumu,15.4,26.6,17.4
2021-03-04,Kisumu,0.0,30.0,17.1
2021-03-05,Kisumu,3.1,32.2,14.7
2021-03-06,Kisumu,0.0,26.4,18.4
2021-03-07,Kisumu,0.5,,18.2
2021-03-08,Kisumu,0.0,29.1,17.9
2021-03-09,Kisumu,0.0,28.4,17.3
2021-03-10,Kisumu ,0.0,28.0,18.4
2021-03-11,Kisumu,0.0,30.1,18.0
2021-03-12,Kisumu,0.0,32.0,17.1
2021-03-13,Kisumu,0.0,27.9,17.3
2021-03-14,Kisumu,0.0,31.6,
2021-03-15,Kisumu,0.0,28.4,17.6
2021-03-16,kisumu,9.7,27.1,15.8
2021-03-17,Kisumu,trace,31.5,17.9
2021-03-18,KISUMU,9.0,29.0,17.3
2021-03-19,Kisumu,0.0,30.0,18.8
2021-03-20,Kisumu,7.1,27.9,20.1
2021-03-21,Kisumu,0.0,29.9,15.5
2021-03-22,Kisumu,0.0,28.2,18.9
2021-03-23,Kisumu,0.0,31.9,17.4
2021-03-24,Kisumu,0.0,30.9,17.1
2021-03-25,Kisumu,1.7,27.3,17.1
2021-03-26,Kisumu,12.0,29.7,18.1
2021-03-27,Kisumu ,0.0,28.1,18.4
2021-03-28,Kisumu,0.0,31.2,20.5
2021-03-29,Kisumu,0.0,28.2,17.4
2021-03-30,kisumu,0.0,33.3,17.0
2021-03-31,Kisumu,0.0,32.1,16.1
2021-04-01,Kisumu,16.2,29.8,17.2
2021-04-02,Kisumu,0.0,31.3,18.1
2021-04-03,Kisumu,0.0,28.4,15.8
2021-04-04,Kisumu,0.0,28.7,16.9
2021-04-05,Kisumu,3.3,32.4,17.9
2021-04-06,Kisumu,5.5,29.1,16.9
2021-04-07,kisumu,0.0,31.1,19.1
2021-04-08,Kisumu,0.0,29.2,18.0
2021-04-09,Kisumu,0.0,29.7,18.1
2021-04-10,Kisumu,3.5,29.9,17.5
2021-04-11,Kisumu,1.2,31.3,17.3
2021-04-12,Kisumu,0.0,32.3,19.6
2021-04-13,Kisumu ,0.0,33.6,17.8
2021-04-14,Kisumu,3.3,30.5,16.7
2021-04-15,Kisumu,0.0,31.0,17.9
2021-04-16,Kisumu,0.0,29.5,18.6
2021-04-17,Kisumu,8.8,25.5,19.5
2021-04-18,Kisumu,0.0,31.6,19.5
2021-04-19,Kisumu,12.1,26.1,19.2
2021-04-20,Kisumu,6.2,27.9,18.7
2021-04-21,Kisumu,0.0,30.8,18.2
2021-04-22,Kisumu,0.0,31.5,17.5
2021-04-23,Kisumu,0.0,30.5,20.0
2021-04-24,Kisumu,0.0,32.1,18.1
2021-04-25,Kisumu,1.7,,19.2
2021-04-26,Kisumu,0.0,29.9,19.3
2021-04-27,Kisumu,0.0,29.1,17.0
2021-04-28,Kisumu ,trace,31.4,18.8
2021-04-29,Kisumu,0.0,31.1,17.7
2021-04-30,Kisumu,5.4,29.1,17.0
2021-05-01,Kisumu,0.0,31.6,17.5
2021-05-02,Kisumu,0.0,28.4,18.6
2021-05-03,Kisumu,0.0,30.3,19.9
2021-05-04,Kisumu,0.0,33.3,18.8
2021-05-05,Kisumu,0.0,30.1,19.1
2021-05-06,Kisumu,16.8,29.6,18.2
2021-05-07,Kisumu,2.6,29.8,18.1
2021-05-08,Kisumu,0.0,32.5,17.3
2021-05-09,Kisumu,0.0,31.1,17.4
2021-05-10,Kisumu,0.0,29.5,18.0
2021-05-11,Kisumu,0.0,33.4,18.2
2021-05-12,Kisumu,0.0,27.0,16.3
2021-05-13,Kisumu,0.0,29.5,17.6
2021-05-14,Kisumu,0.0,32.3,17.3
2021-05-15,Kisumu,0.0,29.3,19.8
2021-05-16,Kisumu,0.0,29.0,18.2
2021-05-17,Kisumu,0.0,28.8,19.6
2021-05-18,Kisumu,0.0,30.2,18.6
2021-05-19,Kisumu,0.0,31.1,17.4
2021-05-20,Kisumu,0.0,28.9,19.3
2021-05-21,kisumu,0.0,31.6,16.1
2021-05-22,Kisumu,0.0,31.7,18.9
2021-05-23,Kisumu,0.0,31.9,18.6
2021-05-24,Kisumu,0.0,29.3,19.7
2021-05-25,Kisumu ,0.0,31.6,19.9
2021-05-26,Kisumu,27.3,27.5,17.0
2021-05-27,Kisumu,0.0,30.8,17.2
2021-05-28,Kisumu,3.6,31.3,16.9
2021-05-29,kisumu,0.0,33.6,18.0
2021-05-30,Kisumu,0.5,32.7,17.9
2021-05-31,Kisumu,0.0,32.1,18.5
2021-06-01,Kisumu,4.8,33.3,19.5
2021-06-02,Kisumu,0.0,29.6,18.1
2021-06-03,Kisumu,0.0,29.9,18.4
2021-06-04,Kisumu,0.0,31.1,16.9
2021-06-05,Kisumu,0.0,32.6,19.5
2021-06-06,Kisumu,17.5,29.9,18.6
2021-06-07,Kisumu,1.0,31.4,18.5
2021-06-08,Kisumu,0.0,33.3,19.4
2021-06-09,Kisumu,0.0,31.8,18.4
2021-06-10,Kisumu,0.0,31.2,19.4
2021-06-11,Kisumu,0.0,30.4,18.6
2021-06-12,Kisumu,0.0,32.4,19.9
2021-06-13,Kisumu,0.0,29.5,17.5
2021-06-14,Kisumu,0.0,32.0,19.2
2021-06-15,Kisumu,0.0,32.1,17.5
2021-06-16,Kisumu,0.0,31.4,18.6
2021-06-17,Kisumu,2.5,32.8,17.9
2021-06-18,Kisumu,0.0,33.7,18.4
2021-06-19,Kisumu,0.0,29.6,18.0
2021-06-20,Kisumu,0.0,31.9,19.1
2021-06-21,Kisumu,0.0,29.8,19.7
2021-06-22,Kisumu,0.0,31.5,19.7
2021-06-23,Kisumu,0.0,30.4,19.8
2021-06-24,Kisumu,0.0,30.1,17.8
2021-06-25,Kisumu,1.6,30.5,18.4
2021-06-26,Kisumu,0.0,31.8,16.8
2021-06-27,Kisumu,0.0,31.1,18.0
2021-06-28,Kisumu,0.0,30.7,16.9
2021-06-29,Kisumu,0.0,32.7,18.5
2021-06-30,kisumu,0.0,32.6,18.6
2021-07-01,Kisumu,0.0,31.1,18.0
2021-07-02,Kisumu,0.0,28.6,18.8
2021-07-03,Kisumu,0.0,27.2,18.5
2021-07-04,Kisumu,0.6,30.3,17.9
2021-07-05,Kisumu,0.6,31.8,16.4
2021-07-06,Kisumu,0.0,29.1,18.3
2021-07-07,kisumu,0.0,32.6,18.8
2021-07-08,kisumu,0.0,29.4,17.6
2021-07-09,Kisumu,0.0,,19.3
2021-07-10,Kisumu,0.0,32.7,16.8
2021-07-11,Kisumu,0.0,31.9,18.8
2021-07-12,Kisumu,0.9,29.5,18.6
2021-07-13,Kisumu,0.0,33.1,17.1
2021-07-14,Kisumu,0.0,30.4,19.0
2021-07-15,Kisumu,0.0,30.4,19.4
2021-07-16,kisumu,15.1,28.7,20.4
2021-07-17,Kisumu,0.0,28.5,18.0
2021-07-18,Kisumu,0.0,31.7,18.3
2021-07-19,Kisumu,0.0,32.4,16.8
2021-07-20,Kisumu,0.0,31.9,17.8
2021-07-21,kisumu,0.0,30.1,18.6
2021-07-22,KISUMU,0.0,29.5,18.5
2021-07-23,Kisumu,5.6,27.7,15.1
2021-07-24,Kisumu,1.0,32.7,16.1
2021-07-25,Kisumu,0.0,32.1,20.6
2021-07-26,Kisumu,0.0,30.1,19.1
2021-07-27,Kisumu,0.0,29.6,18.2
2021-07-28,Kisumu,0.0,28.5,18.4
2021-07-29,Kisumu,0.0,29.9,17.2
2021-07-30,kisumu,0.0,29.5,18.5
2021-07-31,Kisumu,0.0,32.3,16.5
2021-08-01,Kisumu,0.0,27.8,16.9
2021-08-02,Kisumu,0.0,30.2,18.7
2021-08-03,Kisumu,3.3,32.6,17.5
2021-08-04,Kisumu,0.0,30.3,19.6
2021-08-05,Kisumu ,0.0,29.7,16.6
2021-08-06,Kisumu,0.0,27.5,17.4
2021-08-07,Kisumu,0.0,31.6,16.6
2021-08-08,kisumu,0.0,29.9,19.1
2021-08-09,Kisumu ,0.0,29.0,18.3
2021-08-10,Kisumu,0.0,31.4,19.3
2021-08-11,Kisumu,0.0,29.9,16.2
2021-08-12,Kisumu,0.0,27.8,17.9
2021-08-13,KISUMU,15.0,28.6,17.4
2021-08-14,Kisumu,0.0,31.4,
2021-08-15,Kisumu,0.0,99.9,18.7
2021-08-16,kisumu,5.7,30.7,17.1
2021-08-17,Kisumu,0.0,28.2,18.1
2021-08-18,Kisumu,0.0,33.0,18.5
2021-08-19,Kisumu,0.0,29.3,19.0
2021-08-20,kisumu,0.0,33.0,15.6
2021-08-21,Kisumu,0.0,30.1,17.1
2021-08-22,kisumu,0.0,29.5,17.1
2021-08-23,Kisumu,0.0,28.3,17.4
2021-08-24,Kisumu,3.1,29.0,17.9
2021-08-25,Kisumu ,0.0,27.5,17.3
2021-08-26,Kisumu,0.0,28.6,18.6
2021-08-27,Kisumu,0.0,31.5,18.8
2021-08-28,Kisumu,0.0,,16.5
2021-08-29,Kisumu,0.0,31.5,17.7
2021-08-30,KISUMU,0.0,29.3,18.9
2021-08-31,Kisumu,3.1,29.7,15.7
2021-09-01,Kisumu,0.0,29.7,15.8
2021-09-02,Kisumu,0.0,28.3,16.3
2021-09-03,Kisumu,,31.0,17.5
2021-09-04,Kisumu,7.0,26.8,15.8
2021-09-05,Kisumu,0.0,28.4,16.5
2021-09-06,Kisumu,4.3,31.4,18.0
2021-09-07,Kisumu,,28.6,17.0
2021-09-08,Kisumu ,4.8,27.6,16.7
2021-09-09,Kisumu,0.0,28.5,18.4
2021-09-10,Kisumu,0.0,30.3,15.7
2021-09-11,Kisumu,0.0,28.6,17.0
2021-09-12,Kisumu,0.0,29.6,18.2
2021-09-13,Kisumu,0.0,30.2,16.5
2021-09-14,Kisumu,0.0,30.6,18.5
2021-09-15,Kisumu,0.0,31.5,15.2
2021-09-16,kisumu,6.6,28.9,18.1
2021-09-17,Kisumu,0.0,29.6,16.4
2021-09-18,Kisumu,0.0,28.0,
2021-09-19,kisumu,0.0,28.9,18.4
2021-09-20,Kisumu,0.0,27.3,18.2
2021-09-21,Kisumu,0.0,,16.8
2021-09-22,Kisumu,0.0,30.2,17.3
2021-09-23,Kisumu,0.0,29.2,17.1
2021-09-24,Kisumu ,4.3,28.1,15.9
2021-09-25,Kisumu,0.0,29.2,18.6
2021-09-26,Kisumu,12.4,25.5,14.8
2021-09-27,Kisumu,0.0,30.3,16.9
2021-09-28,Kisumu,0.0,28.7,17.8
2021-09-29,Kisumu,0.0,,31.6
2021-09-30,Kisumu,0.0,27.1,17.2
2021-10-01,kisumu,19.2,25.5,16.5
2021-10-02,kisumu,0.0,28.0,16.9
2021-10-03,Kisumu,0.0,29.0,17.0
2021-10-04,Kisumu,0.0,28.7,17.9
2021-10-05,Kisumu,27.2,26.5,18.8
2021-10-06,Kisumu,8.0,28.3,15.6
2021-10-07,KISUMU,0.0,,17.2
2021-10-08,Kisumu,16.0,24.6,18.0
2021-10-09,Kisumu,0.0,28.6,16.3
2021-10-10,Kisumu,-999,26.3,18.1
2021-10-11,Kisumu,0.0,31.1,13.3
2021-10-12,Kisumu,0.0,27.4,18.0
2021-10-13,Kisumu,0.0,29.2,16.7
2021-10-14,Kisumu,0.0,27.9,16.4
2021-10-15,Kisumu,0.0,27.8,16.7
2021-10-16,KISUMU,29.8,23.9,18.0
2021-10-17,Kisumu,0.0,28.0,16.3
2021-10-18,Kisumu,0.0,28.1,15.4
2021-10-19,Kisumu,24.2,26.9,15.1
2021-10-20,Kisumu,16.8,28.2,16.0
2021-10-21,Kisumu,0.0,30.6,16.3
2021-10-22,kisumu,0.0,32.2,15.6
2021-10-23,Kisumu,0.1,25.6,17.2
2021-10-24,Kisumu,2.6,31.5,16.0
2021-10-25,KISUMU,0.0,29.1,16.8
2021-10-26,Kisumu,0.0,29.2,15.9
2021-10-27,Kisumu,12.5,26.0,16.5
2021-10-28,Kisumu,0.0,28.3,16.3
2021-10-29,Kisumu,0.0,29.3,16.7
2021-10-30,Kisumu,0.0,29.0,16.7
2021-10-31,Kisumu,0.0,26.9,17.5
2021-11-01,Kisumu,0.0,27.1,16.3
2021-11-02,Kisumu,0.0,26.9,17.0
2021-11-03,Kisumu,0.0,27.3,16.6
2021-11-04,Kisumu,26.0,24.4,17.2
2021-11-05,Kisumu,8.4,24.8,17.4
2021-11-06,Kisumu,2.0,29.9,18.3
2021-11-07,Kisumu,0.0,29.3,16.5
2021-11-08,Kisumu,14.0,25.6,17.2
2021-11-09,Kisumu,0.0,27.0,16.2
2021-11-10,Kisumu,1.0,25.9,15.2
2021-11-11,Kisumu,0.0,27.9,16.5
2021-11-12,KISUMU,5.5,23.2,17.1
2021-11-13,Kisumu,28.4,27.0,17.8
2021-11-14,Kisumu ,6.6,26.1,16.6
2021-11-15,Kisumu,26.7,24.8,16.7
2021-11-16,Kisumu,9.4,23.8,15.6
2021-11-17,Kisumu,trace,26.8,18.3
2021-11-18,KISUMU,0.0,,15.6
2021-11-19,Kisumu,11.9,27.1,16.5
2021-11-20,Kisumu,0.0,28.2,17.3
2021-11-21,Kisumu,6.5,26.5,16.1
2021-11-22,Kisumu,trace,28.5,17.1
2021-11-23,Kisumu,0.0,29.0,14.5
2021-11-24,Kisumu,0.1,26.0,16.2
2021-11-25,Kisumu,16.7,26.2,17.2
2021-11-26,Kisumu,6.3,25.6,13.0
2021-11-27,Kisumu,0.0,28.6,14.5
2021-11-28,Kisumu,0.0,27.2,16.8
2021-11-29,Kisumu,3.3,27.6,14.4
2021-11-30,Kisumu,17.0,26.4,15.7
2021-12-01,Kisumu,0.0,29.1,17.6
2021-12-02,Kisumu,30.3,24.9,14.5
2021-12-03,Kisumu,0.0,28.8,17.5
2021-12-04,Kisumu ,0.0,27.8,16.6
2021-12-05,Kisumu,1.2,26.7,16.4
2021-12-06,Kisumu,0.0,28.4,14.1
2021-12-07,Kisumu,1.1,27.0,17.1
2021-12-08,Kisumu,0.0,26.5,14.9
2021-12-09,Kisumu,0.0,30.5,16.0
2021-12-10,Kisumu,0.0,28.6,18.0
2021-12-11,Kisumu,0.0,26.6,15.2
2021-12-12,Kisumu,0.0,29.3,15.7
2021-12-13,Kisumu,0.0,28.5,14.9
2021-12-14,Kisumu,0.0,28.7,14.8
2021-12-15,Kisumu,22.4,26.3,16.3
2021-12-16,Kisumu,0.0,26.3,17.1
2021-12-17,Kisumu,3.9,25.9,16.2
2021-12-18,Kisumu,0.0,28.1,16.0
2021-12-19,Kisumu,0.0,26.0,16.5
2021-12-20,Kisumu,,,17.5
2021-12-21,Kisumu,0.0,25.5,15.5
2021-12-22,Kisumu,0.0,27.4,17.8
2021-12-23,Kisumu,0.0,28.2,15.3
2021-12-24,Kisumu,trace,27.7,15.8
2021-12-25,Kisumu,0.0,28.9,17.6
2021-12-26,Kisumu,0.0,28.3,16.6
2021-12-27,Kisumu,0.0,28.9,16.7
2021-12-28,Kisumu,0.0,28.6,15.1
2021-12-29,KISUMU,7.2,27.1,17.1
2021-12-30,Kisumu,0.0,27.6,17.8
2021-12-31,Kisumu,trace,29.3,16.4
2022-01-01,Kisumu,0.0,28.2,17.7
2022-01-02,Kisumu,8.6,26.6,16.5
2022-01-03,Kisumu,0.0,28.3,15.1
2022-01-04,Kisumu,0.0,27.8,16.5
2022-01-05,Kisumu,0.0,29.0,17.1
2022-01-06,Kisumu,0.0,26.0,17.2
2022-01-07,Kisumu,0.0,26.7,16.8
2022-01-08,Kisumu,0.0,25.8,16.6
2022-01-09,Kisumu,0.0,29.3,17.8
2022-01-10,Kisumu,-999,27.7,17.6
2022-01-11,kisumu,0.0,29.0,15.8
2022-01-12,Kisumu,,29.1,15.9
2022-01-13,Kisumu,0.0,29.5,17.3
2022-01-14,kisumu,0.0,25.2,15.3
2022-01-15,Kisumu,0.0,26.9,16.3
2022-01-16,Kisumu,0.0,30.0,16.3
2022-01-17,Kisumu,0.0,28.4,15.8
2022-01-18,Kisumu,0.0,30.0,18.5
2022-01-19,Kisumu,0.0,31.4,17.1
2022-01-20,Kisumu,16.7,25.4,16.0
2022-01-21,Kisumu,0.0,32.1,15.2
2022-01-22,KISUMU,0.0,28.4,15.9
2022-01-23,Kisumu,0.0,28.5,17.4
2022-01-24,Kisumu,0.0,29.9,16.4
2022-01-25,Kisumu ,-999,34.1,16.7
2022-01-26,Kisumu,0.0,28.7,16.8
2022-01-27,kisumu,0.0,31.3,15.5
2022-01-28,Kisumu,0.0,30.3,17.4
2022-01-29,Kisumu,0.0,29.0,17.5
2022-01-30,Kisumu,0.0,29.5,17.7
2022-01-31,Kisumu,0.0,27.5,16.1
2022-02-01,Kisumu,0.5,28.4,16.5
2022-02-02,Kisumu,0.0,26.8,17.5
2022-02-03,Kisumu,0.0,30.1,17.5
2022-02-04,Kisumu,1.7,27.3,17.0
2022-02-05,Kisumu,0.0,28.9,17.7
2022-02-06,Kisumu,0.0,26.6,16.4
2022-02-07,Kisumu,0.0,27.6,16.4
2022-02-08,Kisumu,2.5,26.5,16.5
2022-02-09,Kisumu,51.6,27.0,17.4
2022-02-10,Kisumu,0.0,27.8,15.5
2022-02-11,Kisumu,0.0,28.8,15.6
2022-02-12,Kisumu,0.0,30.9,17.3
2022-02-13,Kisumu,0.0,31.2,16.7
2022-02-14,Kisumu,13.8,24.6,13.7
2022-02-15,Kisumu,,26.9,
2022-02-16,Kisumu,0.0,30.1,17.0
2022-02-17,Kisumu,0.0,29.6,18.0
2022-02-18,Kisumu,0.0,29.9,17.0
2022-02-19,Kisumu,0.0,30.1,17.5
2022-02-20,kisumu,0.0,30.9,17.0
2022-02-21,Kisumu,0.0,29.9,17.6
2022-02-22,Kisumu,0.0,30.0,17.3
2022-02-23,Kisumu,0.0,29.3,16.2
2022-02-24,Kisumu,2.3,27.8,16.6
2022-02-25,Kisumu,0.0,29.7,16.9
2022-02-26,Kisumu,12.1,28.3,15.8
2022-02-27,Kisumu,0.0,27.7,17.8
2022-02-28,Kisumu,0.0,32.3,17.5
2022-03-01,Kisumu,0.0,31.1,16.3
2022-03-02,Kisumu,0.0,26.8,18.2
2022-03-03,kisumu,0.3,30.0,17.2
2022-03-04,Kisumu,0.0,29.0,18.3
2022-03-05,Kisumu,0.0,32.0,17.2
2022-03-06,Kisumu,0.0,31.2,19.0
2022-03-07,Kisumu,33.0,99.9,16.8
2022-03-08,Kisumu,10.6,28.0,18.3
2022-03-09,Kisumu,28.0,28.8,19.0
2022-03-10,Kisumu,0.0,31.3,17.7
2022-03-11,Kisumu,14.0,25.7,16.8
2022-03-12,Kisumu,13.5,,17.7
2022-03-13,Kisumu,0.0,29.7,17.6
2022-03-14,Kisumu,8.6,27.9,16.6
2022-03-15,Kisumu,19.2,29.3,18.8
2022-03-16,Kisumu,35.4,27.2,16.6
2022-03-17,Kisumu,11.3,25.9,17.8
2022-03-18,Kisumu,0.0,28.0,18.5
2022-03-19,Kisumu,0.0,31.1,18.6
2022-03-20,Kisumu,0.0,28.1,18.2
2022-03-21,Kisumu,0.0,29.3,18.9
2022-03-22,Kisumu,36.9,28.7,16.6
2022-03-23,Kisumu ,0.0,28.7,16.7
2022-03-24,Kisumu,17.3,25.2,18.3
2022-03-25,Kisumu,0.0,29.9,18.0
2022-03-26,Kisumu,8.3,28.4,17.8
2022-03-27,Kisumu,0.0,28.1,17.2
2022-03-28,KISUMU,0.0,31.0,17.1
2022-03-29,Kisumu,0.0,28.4,18.9
2022-03-30,Kisumu,0.0,27.4,18.4
2022-03-31,Kisumu,10.2,29.2,19.7
2022-04-01,Kisumu,3.6,30.5,17.3
2022-04-02,Kisumu,13.5,28.5,18.3
2022-04-03,Kisumu,11.7,26.0,18.9
2022-04-04,Kisumu,20.5,25.2,18.1
2022-04-05,Kisumu,0.0,29.9,17.2
2022-04-06,Kisumu,5.1,27.5,16.7
2022-04-07,Kisumu,17.5,27.0,18.6
2022-04-08,Kisumu,0.0,30.3,17.7
2022-04-09,kisumu,0.0,31.5,17.4
2022-04-10,Kisumu,5.7,26.8,18.4
2022-04-11,Kisumu,5.0,30.5,17.4
2022-04-12,Kisumu,6.8,28.1,19.1
2022-04-13,Kisumu,0.0,33.7,17.4
2022-04-14,Kisumu,22.1,27.7,18.2
2022-04-15,Kisumu,0.0,29.0,18.6
2022-04-16,Kisumu ,3.4,30.7,19.0
2022-04-17,Kisumu ,4.8,34.6,19.9
2022-04-18,Kisumu,0.0,29.0,17.2
2022-04-19,Kisumu,0.9,29.4,16.7
2022-04-20,Kisumu,0.0,30.3,
2022-04-21,Kisumu,4.3,28.9,18.1
2022-04-22,kisumu,49.5,29.8,17.7
2022-04-23,Kisumu,12.5,27.2,17.4
2022-04-24,Kisumu,11.5,28.9,19.2
2022-04-25,Kisumu,31.6,28.4,19.3
2022-04-26,Kisumu,12.1,30.1,19.4
2022-04-27,Kisumu,0.0,32.6,18.6
2022-04-28,Kisumu,0.0,31.3,20.1
2022-04-29,Kisumu,0.0,,18.0
2022-04-30,kisumu,10.1,29.1,19.8
2022-05-01,Kisumu,0.0,30.1,17.0
2022-05-02,Kisumu,0.0,31.2,18.0
2022-05-03,Kisumu,12.1,28.2,18.0
2022-05-04,Kisumu,0.2,30.7,16.2
2022-05-05,Kisumu,7.8,28.0,20.2
2022-05-06,Kisumu,0.0,31.1,18.8
2022-05-07,Kisumu,7.7,31.9,18.6
2022-05-08,Kisumu,29.6,31.3,18.6
2022-05-09,Kisumu,0.0,30.6,18.8
2022-05-10,Kisumu,0.0,31.3,20.0
2022-05-11,Kisumu,45.3,26.5,19.9
2022-05-12,Kisumu,0.0,32.1,18.2
2022-05-13,Kisumu,7.2,30.4,18.5
2022-05-14,Kisumu,22.1,26.6,18.4
2022-05-15,Kisumu,19.9,27.0,19.0
2022-05-16,Kisumu,10.0,26.9,18.4
2022-05-17,Kisumu,0.0,30.7,18.8
2022-05-18,Kisumu,0.0,29.6,19.3
2022-05-19,Kisumu,33.1,29.9,19.4
2022-05-20,Kisumu,1.6,31.5,18.9
2022-05-21,Kisumu,8.8,26.8,18.3
2022-05-22,Kisumu,11.4,27.6,18.4
2022-05-23,Kisumu,0.0,30.5,18.5
2022-05-24,Kisumu,24.1,28.5,19.1
2022-05-25,Kisumu,0.0,32.3,18.6
2022-05-26,KISUMU,6.9,29.9,19.7
2022-05-27,Kisumu,0.0,,18.4
2022-05-28,Kisumu,0.3,27.7,17.6
2022-05-29,Kisumu,12.8,33.0,19.3
2022-05-30,Kisumu,trace,32.0,16.9
2022-05-31,Kisumu,0.0,30.7,19.3
2022-06-01,Kisumu ,,29.5,18.4
2022-06-02,Kisumu,7.0,30.1,18.0
2022-06-03,Kisumu,17.7,31.2,17.9
2022-06-04,Kisumu,12.7,30.1,17.0
2022-06-05,Kisumu,0.0,32.6,16.7
2022-06-06,Kisumu,0.0,31.1,18.1
2022-06-07,Kisumu,0.0,30.4,19.0
2022-06-08,Kisumu,0.0,29.8,17.7
2022-06-09,Kisumu,0.0,28.2,19.4
2022-06-10,Kisumu,0.0,30.7,17.5
2022-06-11,Kisumu,0.0,32.7,18.9
2022-06-12,Kisumu,0.0,34.0,18.3
2022-06-13,Kisumu,1.7,31.0,17.7
2022-06-14,Kisumu,0.0,28.6,17.3
2022-06-15,Kisumu,43.8,28.5,19.5
2022-06-16,Kisumu,4.4,31.6,18.3
2022-06-17,Kisumu,17.5,31.4,16.6
2022-06-18,Kisumu,0.0,,17.9
2022-06-19,Kisumu,6.0,30.9,17.2
2022-06-20,Kisumu,0.0,32.0,18.0
2022-06-21,Kisumu,0.0,31.7,19.7
2022-06-22,Kisumu,34.5,29.5,19.2
2022-06-23,kisumu,0.0,31.4,
2022-06-24,Kisumu ,0.0,30.6,18.1
2022-06-25,Kisumu,0.0,30.9,19.2
2022-06-26,Kisumu,0.0,30.2,19.1
2022-06-27,Kisumu,0.0,32.0,
2022-06-28,Kisumu,0.0,28.7,17.2
2022-06-29,Kisumu,0.0,29.6,18.7
2022-06-30,Kisumu,0.0,32.2,19.5
2022-07-01,Kisumu,0.0,29.5,17.1
2022-07-02,Kisumu,0.0,31.5,18.4
2022-07-03,Kisumu,45.6,28.2,17.8
2022-07-04,Kisumu,0.0,28.8,17.8
2022-07-05,Kisumu,0.0,30.8,17.9
2022-07-06,Kisumu,,32.7,
2022-07-07,Kisumu,0.0,30.4,17.6
2022-07-08,Kisumu,0.0,31.9,18.3
2022-07-09,Kisumu,0.0,32.0,18.8
2022-07-10,Kisumu,0.0,28.6,17.8
2022-07-11,Kisumu,0.0,31.9,18.3
2022-07-12,Kisumu,22.5,27.8,16.4
2022-07-13,Kisumu,0.0,32.2,19.2
2022-07-14,Kisumu,0.0,30.2,18.2
2022-07-15,Kisumu,0.0,31.6,17.6
2022-07-16,Kisumu,0.0,35.3,15.4
2022-07-17,Kisumu,0.0,29.8,18.7
2022-07-18,Kisumu,1.5,28.9,17.1
2022-07-19,Kisumu,0.0,30.7,19.1
2022-07-20,Kisumu,0.0,31.7,17.2
2022-07-21,Kisumu,0.0,32.9,16.2
2022-07-22,Kisumu,18.1,30.7,18.9
2022-07-23,Kisumu,0.0,30.1,18.2
2022-07-24,Kisumu,0.0,29.9,15.7
2022-07-25,KISUMU,0.0,28.5,19.7
2022-07-26,Kisumu,0.0,29.2,17.1
2022-07-27,Kisumu,0.0,,15.3
2022-07-28,Kisumu,0.0,32.0,20.0
2022-07-29,KISUMU,0.0,32.6,17.0
2022-07-30,Kisumu,7.6,26.9,16.6
2022-07-31,Kisumu,0.0,29.3,17.9
2022-08-01,Kisumu,0.0,30.5,18.1
2022-08-02,Kisumu,0.0,30.8,17.2
2022-08-03,Kisumu,36.3,29.0,18.6
2022-08-04,Kisumu,0.0,28.0,18.0
2022-08-05,Kisumu,0.0,28.4,19.8
2022-08-06,Kisumu,12.2,29.5,18.0
2022-08-07,Kisumu,0.0,31.9,17.2
2022-08-08,Kisumu,0.0,29.1,18.6
2022-08-09,Kisumu,0.0,30.2,18.0
2022-08-10,Kisumu,0.0,31.3,17.8
2022-08-11,kisumu,0.0,30.5,17.5
2022-08-12,kisumu,7.6,26.5,19.2
2022-08-13,kisumu,4.4,30.3,
2022-08-14,Kisumu,0.0,28.3,17.8
2022-08-15,Kisumu,28.1,28.6,17.8
2022-08-16,Kisumu,0.0,29.4,16.8
2022-08-17,Kisumu,0.0,28.8,16.4
2022-08-18,Kisumu,trace,29.9,16.8
2022-08-19,Kisumu,0.0,28.8,17.5
2022-08-20,Kisumu,0.0,28.1,17.0
2022-08-21,Kisumu,0.0,30.6,17.5
2022-08-22,Kisumu,0.0,28.7,19.1
2022-08-23,Kisumu,0.0,31.7,15.1
2022-08-24,Kisumu,0.0,31.3,16.7
2022-08-25,Kisumu,0.0,,17.1
2022-08-26,Kisumu,0.0,27.6,17.0
2022-08-27,Kisumu,11.4,28.5,17.7
2022-08-28,Kisumu,0.0,28.2,17.8
2022-08-29,Kisumu,0.0,31.1,17.7
2022-08-30,Kisumu,0.0,28.0,17.3
2022-08-31,Kisumu,42.3,27.1,19.3
2022-09-01,Kisumu,4.7,,16.3
2022-09-02,Kisumu,0.0,28.7,16.2
2022-09-03,Kisumu,0.0,28.8,18.2
2022-09-04,Kisumu,0.0,29.6,17.3
2022-09-05,Kisumu,0.0,29.1,16.5
2022-09-06,Kisumu,20.3,,17.5
2022-09-07,Kisumu,0.0,29.6,17.3
2022-09-08,Kisumu,0.0,27.4,16.3
2022-09-09,kisumu,0.0,32.8,17.0
2022-09-10,Kisumu,0.0,31.0,17.8
2022-09-11,Kisumu,0.0,,16.8
2022-09-12,Kisumu,0.0,28.1,19.0
2022-09-13,Kisumu ,9.4,28.6,16.0
2022-09-14,Kisumu,0.0,28.5,16.3
2022-09-15,Kisumu,0.0,29.2,18.2
2022-09-16,Kisumu ,0.0,28.8,17.7
2022-09-17,Kisumu,0.0,29.4,16.6
2022-09-18,Kisumu,0.0,31.6,18.1
2022-09-19,Kisumu,0.0,28.4,16.3
2022-09-20,Kisumu,0.0,31.0,17.9
2022-09-21,Kisumu,0.0,29.7,16.7
2022-09-22,Kisumu,0.0,27.7,16.1
2022-09-23,Kisumu,0.0,32.4,15.3
2022-09-24,Kisumu,9.4,28.0,17.3
2022-09-25,Kisumu,0.0,26.7,16.1
2022-09-26,Kisumu,11.3,26.4,19.3
2022-09-27,Kisumu,0.0,27.5,17.8
2022-09-28,Kisumu,0.0,27.6,16.6
2022-09-29,Kisumu,0.0,27.6,16.3
2022-09-30,kisumu,17.4,26.9,18.7
2022-10-01,Kisumu,0.0,29.0,18.2
2022-10-02,Kisumu,0.0,29.8,17.5
2022-10-03,Kisumu,0.0,28.8,15.9
2022-10-04,Kisumu,0.0,28.8,17.4
2022-10-05,Kisumu,0.0,30.9,15.3
2022-10-06,Kisumu,0.0,27.7,16.4
2022-10-07,Kisumu,10.1,27.4,18.2
2022-10-08,Kisumu,0.0,30.2,16.0
2022-10-09,Kisumu,28.4,28.2,15.5
2022-10-10,Kisumu,,25.4,15.8
2022-10-11,Kisumu,108.6,25.9,15.1
2022-10-12,Kisumu,0.0,28.4,16.5
2022-10-13,Kisumu,4.6,29.5,16.1
2022-10-14,Kisumu,,30.1,17.4
2022-10-15,Kisumu,0.0,28.3,17.8
2022-10-16,Kisumu,10.3,28.6,15.4
2022-10-17,Kisumu,0.0,29.4,17.3
2022-10-18,Kisumu ,0.0,27.4,19.2
2022-10-19,kisumu,4.5,29.8,16.3
2022-10-20,Kisumu,0.0,25.8,17.3
2022-10-21,Kisumu,2.7,28.2,17.3
2022-10-22,Kisumu,0.0,25.4,16.2
2022-10-23,Kisumu,-999,26.5,15.2
2022-10-24,Kisumu,0.5,29.9,16.4
2022-10-25,Kisumu,0.0,29.4,14.8
2022-10-26,Kisumu,,24.9,17.0
2022-10-27,Kisumu,0.0,28.7,15.9
2022-10-28,Kisumu,0.0,29.2,17.0
2022-10-29,Kisumu,0.0,29.5,16.1
2022-10-30,Kisumu,0.0,29.2,16.4
2022-10-31,Kisumu,0.0,29.4,16.5
2022-11-01,kisumu,0.0,26.1,15.7
2022-11-02,Kisumu,0.0,28.1,16.1
2022-11-03,Kisumu,7.7,25.3,15.0
2022-11-04,Kisumu,0.0,28.1,16.8
2022-11-05,kisumu,0.0,28.5,17.5
2022-11-06,Kisumu,12.0,24.9,17.8
2022-11-07,Kisumu,28.8,25.4,15.3
2022-11-08,Kisumu,1.1,29.0,16.4
2022-11-09,Kisumu,19.6,25.3,17.3
2022-11-10,Kisumu,1.4,27.5,16.4
2022-11-11,Kisumu,3.6,28.2,17.3
2022-11-12,Kisumu,14.9,28.0,17.2
2022-11-13,Kisumu,27.5,,16.7
2022-11-14,Kisumu,4.7,25.8,16.2
2022-11-15,Kisumu,9.8,24.7,17.3
2022-11-16,Kisumu,0.0,28.3,16.0
2022-11-17,Kisumu,0.0,25.5,15.8
2022-11-18,Kisumu,0.0,26.8,16.5
2022-11-19,Kisumu,0.0,26.8,16.5
2022-11-20,Kisumu,0.0,30.9,15.7
2022-11-21,Kisumu,0.0,29.2,17.5
2022-11-22,Kisumu,0.0,26.8,14.5
2022-11-23,Kisumu,39.8,24.7,17.3
2022-11-24,Kisumu,0.0,26.2,17.3
2022-11-25,Kisumu,2.1,28.1,17.2
2022-11-26,KISUMU,13.4,25.9,17.4
2022-11-27,Kisumu,6.3,23.9,16.5
2022-11-28,Kisumu,0.0,28.5,15.8
2022-11-29,kisumu,4.9,29.6,19.1
2022-11-30,Kisumu,0.0,28.8,18.2
2022-12-01,Kisumu,0.0,28.0,16.5
2022-12-02,Kisumu,11.1,28.1,16.4
2022-12-03,Kisumu,0.0,28.5,16.4
2022-12-04,Kisumu,31.2,26.4,16.6
2022-12-05,Kisumu,0.0,29.1,18.7
2022-12-06,Kisumu,0.0,25.9,17.2
2022-12-07,Kisumu,0.0,30.3,15.7
2022-12-08,Kisumu,22.6,26.3,16.1
2022-12-09,Kisumu,14.0,25.9,16.5
2022-12-10,Kisumu,51.6,27.1,15.4
2022-12-11,Kisumu,0.0,,16.0
2022-12-12,kisumu,67.8,24.8,16.8
2022-12-13,KISUMU,,28.7,15.9
2022-12-14,Kisumu,0.0,28.8,14.7
2022-12-15,KISUMU,34.0,24.1,17.9
2022-12-16,Kisumu,18.1,25.8,16.1
2022-12-17,Kisumu,0.0,26.7,17.3
2022-12-18,Kisumu,0.0,27.5,15.6
2022-12-19,Kisumu,0.0,26.6,17.3
2022-12-20,Kisumu,0.0,29.2,
2022-12-21,kisumu,0.0,28.4,16.1
2022-12-22,Kisumu,0.8,26.6,17.0
2022-12-23,Kisumu,0.0,28.7,15.7
2022-12-24,Kisumu,17.7,26.1,17.6
2022-12-25,Kisumu,0.0,28.1,18.1
2022-12-26,Kisumu,15.9,24.0,16.1
2022-12-27,Kisumu,0.0,26.5,15.9
2022-12-28,Kisumu,23.7,25.8,17.4
2022-12-29,Kisumu,10.1,24.8,18.1
2022-12-30,Kisumu,0.0,27.5,16.1
2022-12-31,Kisumu,0.0,29.0,17.3
2023-01-01,Kisumu,0.0,29.3,
2023-01-02,Kisumu,0.0,28.0,15.7
2023-01-03,Kisumu,0.0,27.7,
2023-01-04,Kisumu,0.0,25.5,17.2
2023-01-05,Kisumu,0.0,28.1,18.1
2023-01-06,kisumu,14.9,25.6,15.6
2023-01-07,Kisumu,0.0,27.7,17.7
2023-01-08,Kisumu,46.4,27.2,16.6
2023-01-09,Kisumu,0.0,26.4,17.3
2023-01-10,Kisumu,0.0,29.3,18.0
2023-01-11,KISUMU,0.0,26.8,16.3
2023-01-12,Kisumu,0.0,26.2,14.9
2023-01-13,Kisumu,0.0,27.0,16.1
2023-01-14,Kisumu,0.0,26.8,16.2
2023-01-15,Kisumu,0.0,28.2,17.5
2023-01-16,Kisumu,0.0,31.1,16.1
2023-01-17,Kisumu,21.8,28.9,15.8
2023-01-18,Kisumu,0.0,28.0,16.4
2023-01-19,Kisumu,2.6,28.2,17.9
2023-01-20,Kisumu,0.0,30.4,15.9
2023-01-21,Kisumu,12.9,28.0,17.3
2023-01-22,Kisumu,36.3,25.3,15.5
2023-01-23,Kisumu,0.0,29.4,19.5
2023-01-24,Kisumu,0.0,29.1,14.8
2023-01-25,Kisumu,0.0,30.3,17.4
2023-01-26,Kisumu,0.0,32.5,17.3
2023-01-27,Kisumu,0.0,28.5,16.0
2023-01-28,Kisumu,0.0,29.8,16.4
2023-01-29,Kisumu,0.0,28.8,17.0
2023-01-30,Kisumu,1.6,29.0,16.9
2023-01-31,Kisumu,0.0,27.6,16.4
2023-02-01,Kisumu,31.7,,16.8
2023-02-02,kisumu,19.0,27.6,14.8
2023-02-03,Kisumu,0.0,27.6,18.0
2023-02-04,KISUMU,0.0,29.4,17.3
2023-02-05,Kisumu,0.0,29.3,18.4
2023-02-06,Kisumu,0.0,28.6,16.4
2023-02-07,Kisumu ,0.0,32.0,16.5
2023-02-08,Kisumu,0.0,30.4,17.0
2023-02-09,kisumu,0.0,30.2,16.9
2023-02-10,Kisumu,0.0,30.6,18.1
2023-02-11,Kisumu,0.0,29.2,17.8
2023-02-12,Kisumu,0.0,28.5,16.9
2023-02-13,Kisumu,0.0,30.0,17.1
2023-02-14,Kisumu,0.0,29.6,17.4
2023-02-15,Kisumu ,0.0,30.3,18.5
2023-02-16,Kisumu,,29.5,17.2
2023-02-17,Kisumu,0.0,28.9,17.1
2023-02-18,Kisumu,0.0,28.5,17.2
2023-02-19,Kisumu,0.0,27.5,17.2
2023-02-20,Kisumu,16.8,25.5,19.0
2023-02-21,Kisumu,0.0,31.1,18.1
2023-02-22,Kisumu,0.0,29.4,16.8
2023-02-23,Kisumu,0.0,29.7,15.3
2023-02-24,Kisumu,0.0,28.3,19.8
2023-02-25,Kisumu,0.0,28.5,16.6
2023-02-26,Kisumu,0.0,30.1,17.4
2023-02-27,Kisumu,0.0,29.7,17.3
2023-02-28,Kisumu,0.0,31.6,18.1
2023-03-01,Kisumu,15.7,24.1,17.9
2023-03-02,Kisumu,3.5,29.7,17.1
2023-03-03,Kisumu,16.3,28.0,18.9
2023-03-04,Kisumu,28.8,26.8,16.7
2023-03-05,Kisumu,6.3,28.5,19.1
2023-03-06,Kisumu,0.0,29.0,18.4
2023-03-07,Kisumu,0.0,29.7,19.1
2023-03-08,Kisumu,12.8,30.3,19.1
2023-03-09,Kisumu,0.4,28.0,18.0
2023-03-10,Kisumu,40.1,28.4,19.2
2023-03-11,Kisumu,0.0,28.9,17.1
2023-03-12,Kisumu,1.7,27.9,19.1
2023-03-13,Kisumu,3.6,30.4,17.4
2023-03-14,Kisumu,0.0,26.3,18.5
2023-03-15,Kisumu,7.6,28.4,18.7
2023-03-16,Kisumu,0.0,27.6,18.3
2023-03-17,Kisumu,5.3,27.7,19.9
2023-03-18,KISUMU,0.0,28.7,18.4
2023-03-19,Kisumu,39.7,29.2,15.7
2023-03-20,Kisumu,2.2,30.1,16.2
2023-03-21,Kisumu,0.0,30.5,17.1
2023-03-22,Kisumu,8.9,25.8,16.5
2023-03-23,Kisumu,0.0,31.7,16.2
2023-03-24,KISUMU,0.0,28.9,17.8
2023-03-25,Kisumu,4.1,32.0,18.1
2023-03-26,Kisumu,0.0,28.5,18.1
2023-03-27,Kisumu,0.0,31.7,19.1
2023-03-28,Kisumu,48.8,29.4,18.0
2023-03-29,Kisumu,0.0,31.8,17.6
2023-03-30,Kisumu,42.4,26.6,17.0
2023-03-31,kisumu,28.6,27.6,17.9
2023-04-01,Kisumu,6.9,28.2,17.8
2023-04-02,kisumu,0.0,31.2,17.9
2023-04-03,Kisumu,0.0,33.1,17.5
2023-04-04,Kisumu ,0.0,30.0,17.0
2023-04-05,Kisumu ,0.0,30.2,18.7
2023-04-06,Kisumu,0.0,29.8,17.7
2023-04-07,Kisumu,25.8,30.1,17.5
2023-04-08,Kisumu,0.0,29.4,17.5
2023-04-09,Kisumu,28.2,27.3,16.2
2023-04-10,Kisumu,3.9,31.4,17.3
2023-04-11,Kisumu,0.0,30.0,18.7
2023-04-12,Kisumu,26.9,31.2,18.3
2023-04-13,Kisumu,9.2,28.6,18.9
2023-04-14,Kisumu,23.2,25.4,19.7
2023-04-15,Kisumu,0.0,29.8,16.2
2023-04-16,Kisumu,0.0,27.9,17.7
2023-04-17,Kisumu ,0.0,30.3,18.1
2023-04-18,Kisumu,0.0,30.0,18.6
2023-04-19,Kisumu,17.4,28.1,18.4
2023-04-20,Kisumu,24.9,26.2,18.8
2023-04-21,Kisumu,6.1,,17.8
2023-04-22,Kisumu,0.0,28.9,17.6
2023-04-23,Kisumu,1.9,33.6,19.6
2023-04-24,Kisumu,2.1,32.7,19.7
2023-04-25,Kisumu,0.0,28.5,19.6
2023-04-26,Kisumu,21.4,29.0,20.3
2023-04-27,Kisumu,0.0,30.3,17.8
2023-04-28,Kisumu,7.8,29.8,
2023-04-29,Kisumu,0.0,30.7,18.2
2023-04-30,Kisumu,34.8,29.1,18.2
2023-05-01,kisumu,0.0,29.1,21.3
2023-05-02,Kisumu,0.0,28.6,16.7
2023-05-03,Kisumu,0.0,28.0,18.6
2023-05-04,Kisumu,13.2,30.1,18.8
2023-05-05,Kisumu,0.0,31.4,19.4
2023-05-06,Kisumu,0.0,31.5,19.4
2023-05-07,Kisumu,0.0,30.6,17.4
2023-05-08,Kisumu,7.2,29.0,
2023-05-09,Kisumu,0.0,29.5,18.6
2023-05-10,Kisumu,0.0,31.5,20.4
2023-05-11,Kisumu,,29.3,19.3
2023-05-12,Kisumu,2.1,30.3,19.1
2023-05-13,Kisumu,0.0,30.5,18.3
2023-05-14,Kisumu,,28.1,19.1
2023-05-15,Kisumu,2.8,29.5,17.7
2023-05-16,kisumu,0.0,31.3,18.6
2023-05-17,Kisumu,0.0,31.0,20.0
2023-05-18,Kisumu,32.3,28.8,17.4
2023-05-19,Kisumu,0.0,31.0,17.3
2023-05-20,Kisumu,0.0,31.1,17.7
2023-05-21,Kisumu,,30.3,18.6
2023-05-22,Kisumu,9.3,26.1,17.9
2023-05-23,Kisumu,1.7,31.3,19.0
2023-05-24,Kisumu,15.6,26.1,19.0
2023-05-25,Kisumu ,9.5,29.9,18.5
2023-05-26,Kisumu,11.4,29.2,18.4
2023-05-27,Kisumu,4.7,29.4,17.7
2023-05-28,Kisumu,0.0,18.8,29.7
2023-05-29,kisumu,3.2,30.4,17.8
2023-05-30,KISUMU,5.8,30.2,18.6
2023-05-31,Kisumu,0.0,32.4,18.5
2023-06-01,Kisumu,0.0,33.5,17.5
2023-06-02,Kisumu,27.3,30.0,17.6
2023-06-03,Kisumu,0.0,29.6,22.2
2023-06-04,Kisumu,17.5,27.6,19.9
2023-06-05,Kisumu,0.9,33.8,19.2
2023-06-06,Kisumu,0.0,33.0,18.1
2023-06-07,Kisumu,5.4,29.3,
2023-06-08,Kisumu,0.0,33.2,19.4
2023-06-09,Kisumu,0.0,29.2,18.7
2023-06-10,Kisumu,0.0,33.6,17.6
2023-06-11,Kisumu,6.7,29.7,18.3
2023-06-12,Kisumu,0.0,31.6,19.0
2023-06-13,Kisumu,0.0,30.4,17.8
2023-06-14,Kisumu,0.0,28.6,19.5
2023-06-15,Kisumu,11.6,29.5,16.7
2023-06-16,Kisumu,52.9,32.0,17.0
2023-06-17,Kisumu,1.1,30.5,19.2
2023-06-18,Kisumu,0.0,29.9,17.8
2023-06-19,Kisumu,0.8,30.4,18.0
2023-06-20,Kisumu,0.7,31.0,16.5
2023-06-21,Kisumu,0.0,29.4,18.8
2023-06-22,Kisumu,0.0,31.8,19.0
2023-06-23,Kisumu,0.0,29.7,20.6
2023-06-24,Kisumu,4.9,32.7,16.7
2023-06-25,Kisumu,0.0,28.7,17.8
2023-06-26,Kisumu,0.0,,20.4
2023-06-27,Kisumu,0.0,18.5,29.8
2023-06-28,Kisumu,12.9,29.1,18.5
2023-06-29,KISUMU,0.0,31.2,19.0
2023-06-30,Kisumu,0.0,30.7,18.0
2023-07-01,Kisumu,26.0,28.2,18.4
2023-07-02,Kisumu,0.0,32.5,18.3
2023-07-03,Kisumu,0.0,29.5,19.8
2023-07-04,Kisumu,70.7,30.5,18.2
2023-07-05,Kisumu,0.0,27.3,18.7
2023-07-06,Kisumu,0.0,31.1,18.5
2023-07-07,Kisumu,0.0,28.6,18.0
2023-07-08,Kisumu,0.0,30.6,17.5
2023-07-09,Kisumu,4.7,,18.5
2023-07-10,Kisumu,0.0,29.0,18.5
2023-07-11,Kisumu,0.0,29.2,18.7
2023-07-12,Kisumu,0.0,29.7,19.4
2023-07-13,Kisumu,0.0,27.5,18.0
2023-07-14,Kisumu,0.0,30.9,18.6
2023-07-15,Kisumu,0.0,30.0,18.5
2023-07-16,Kisumu,0.0,29.9,17.4
2023-07-17,Kisumu,0.0,30.9,19.9
2023-07-18,Kisumu,0.0,28.9,19.3
2023-07-19,Kisumu,0.0,30.6,17.4
2023-07-20,Kisumu,1.0,30.8,18.2
2023-07-21,Kisumu,0.0,32.0,16.9
2023-07-22,Kisumu,0.0,31.7,18.1
2023-07-23,Kisumu,2.1,30.0,17.9
2023-07-24,Kisumu,3.3,30.9,18.9
2023-07-25,Kisumu,0.0,30.8,16.8
2023-07-26,KISUMU,0.0,30.6,17.1
2023-07-27,Kisumu,0.0,27.4,17.0
2023-07-28,kisumu,0.0,28.8,16.8
2023-07-29,Kisumu,19.3,28.6,17.5
2023-07-30,Kisumu,0.0,29.3,18.5
2023-07-31,Kisumu,7.5,27.3,18.8
2023-08-01,Kisumu,0.0,29.1,17.3
2023-08-02,Kisumu,0.0,29.0,18.2
2023-08-03,kisumu,14.0,28.3,18.1
2023-08-04,Kisumu,0.0,32.3,16.8
2023-08-05,Kisumu,0.0,31.0,19.1
2023-08-06,Kisumu,0.0,31.7,16.6
2023-08-07,Kisumu,0.0,28.3,19.3
2023-08-08,Kisumu,0.0,32.9,16.6
2023-08-09,KISUMU,0.0,31.0,18.6
2023-08-10,Kisumu,30.9,26.3,16.9
2023-08-11,Kisumu,0.0,29.5,17.7
2023-08-12,Kisumu,0.0,31.4,17.6
2023-08-13,Kisumu,5.1,,17.4
2023-08-14,Kisumu,0.0,28.5,18.5
2023-08-15,Kisumu,0.0,28.0,18.3
2023-08-16,Kisumu,0.0,29.6,19.2
2023-08-17,Kisumu,0.0,31.5,17.0
2023-08-18,Kisumu,3.8,29.5,15.8
2023-08-19,Kisumu,19.3,27.2,18.8
2023-08-20,Kisumu,0.0,31.5,17.7
2023-08-21,Kisumu,0.0,29.6,17.7
2023-08-22,Kisumu,0.0,,18.8
2023-08-23,kisumu,0.0,29.0,17.9
2023-08-24,Kisumu,,24.9,16.7
2023-08-25,Kisumu,0.0,30.3,18.4
2023-08-26,Kisumu,0.0,28.5,18.7
2023-08-27,Kisumu,21.9,29.5,16.4
2023-08-28,Kisumu,0.0,27.8,17.6
2023-08-29,Kisumu,0.0,27.6,16.5
2023-08-30,Kisumu,41.2,29.0,19.0
2023-08-31,Kisumu,0.0,30.4,19.2
2023-09-01,Kisumu,0.0,28.6,18.4
2023-09-02,Kisumu,0.0,28.4,18.0
2023-09-03,Kisumu,0.0,28.3,17.8
2023-09-04,Kisumu,0.0,30.4,16.3
2023-09-05,Kisumu,0.0,30.0,17.9
2023-09-06,Kisumu ,0.0,31.1,18.6
2023-09-07,Kisumu ,15.0,27.1,18.1
2023-09-08,Kisumu,0.0,28.8,17.9
2023-09-09,Kisumu,0.0,28.0,17.3
2023-09-10,Kisumu,0.0,28.3,16.1
2023-09-11,Kisumu,0.0,29.6,17.6
2023-09-12,Kisumu,0.0,27.6,
2023-09-13,Kisumu,18.2,25.5,16.2
2023-09-14,KISUMU,0.0,29.5,16.4
2023-09-15,Kisumu,0.0,28.8,16.1
2023-09-16,Kisumu,0.0,28.5,17.0
2023-09-17,Kisumu,0.0,28.2,18.7
2023-09-18,kisumu,13.6,25.6,17.4
2023-09-19,Kisumu,20.1,26.4,18.7
2023-09-20,Kisumu,0.0,28.4,17.1
2023-09-21,Kisumu,0.0,,17.0
2023-09-22,Kisumu,0.0,29.9,19.1
2023-09-23,Kisumu,0.0,27.7,18.5
2023-09-24,Kisumu,,27.6,16.1
2023-09-25,Kisumu,0.0,29.2,18.1
2023-09-26,Kisumu,0.0,28.7,16.5
2023-09-27,Kisumu,5.7,28.7,16.0
2023-09-28,Kisumu,0.0,27.2,17.5
2023-09-29,Kisumu,0.0,29.3,15.9
2023-09-30,Kisumu,0.0,26.9,17.5
2023-10-01,Kisumu,0.0,29.7,18.1
2023-10-02,Kisumu,7.9,27.0,16.4
2023-10-03,Kisumu,0.0,29.9,17.9
2023-10-04,Kisumu,0.0,28.6,16.0
2023-10-05,Kisumu,5.4,27.5,17.4
2023-10-06,Kisumu,2.4,28.9,17.2
2023-10-07,Kisumu,2.1,28.6,17.2
2023-10-08,Kisumu,0.0,30.5,16.9
2023-10-09,Kisumu,0.0,30.3,17.7
2023-10-10,Kisumu,1.3,30.5,17.3
2023-10-11,Kisumu,11.2,27.5,16.0
2023-10-12,Kisumu,1.9,28.2,17.7
2023-10-13,Kisumu,0.0,27.3,18.4
2023-10-14,Kisumu,11.6,26.1,15.9
2023-10-15,Kisumu,0.0,26.9,14.5
2023-10-16,Kisumu,0.0,27.4,17.6
2023-10-17,Kisumu,0.0,28.6,18.0
2023-10-18,Kisumu,5.4,26.3,15.8
2023-10-19,Kisumu,9.3,26.5,18.8
2023-10-20,Kisumu,5.5,26.7,16.2
2023-10-21,KISUMU,0.0,30.5,18.2
2023-10-22,Kisumu ,4.6,28.0,17.9
2023-10-23,Kisumu,42.7,23.9,18.1
2023-10-24,Kisumu,0.0,28.8,16.8
2023-10-25,Kisumu,0.0,29.1,18.5
2023-10-26,Kisumu,0.0,29.2,16.2
2023-10-27,Kisumu,0.0,31.9,17.7
2023-10-28,kisumu,4.0,26.2,17.5
2023-10-29,Kisumu ,0.0,27.0,16.8
2023-10-30,Kisumu,0.0,28.6,17.1
2023-10-31,Kisumu,42.7,27.0,16.3
2023-11-01,Kisumu,0.0,29.2,18.0
2023-11-02,Kisumu,0.0,30.4,15.7
2023-11-03,Kisumu,0.0,27.1,17.0
2023-11-04,Kisumu,0.0,29.5,14.3
2023-11-05,Kisumu,0.0,28.3,17.8
2023-11-06,Kisumu,21.6,28.4,16.4
2023-11-07,Kisumu,0.0,27.3,16.8
2023-11-08,Kisumu,0.0,28.0,16.4
2023-11-09,Kisumu,2.3,27.6,16.9
2023-11-10,Kisumu,0.0,27.2,16.4
2023-11-11,Kisumu,0.0,30.1,18.0
2023-11-12,KISUMU,2.4,28.9,17.6
2023-11-13,kisumu,0.0,29.9,15.8
2023-11-14,KISUMU,0.5,30.2,14.5
2023-11-15,Kisumu,,27.9,18.0
2023-11-16,Kisumu,4.4,29.3,16.8
2023-11-17,Kisumu,8.6,27.8,16.1
2023-11-18,Kisumu,0.0,29.4,17.3
2023-11-19,Kisumu,0.0,30.3,14.4
2023-11-20,Kisumu,0.0,29.0,16.0
2023-11-21,Kisumu,0.0,25.4,17.2
2023-11-22,Kisumu,,28.0,15.7
2023-11-23,Kisumu,0.0,24.8,15.1
2023-11-24,Kisumu ,1.2,29.3,16.1
2023-11-25,Kisumu,0.0,30.1,16.5
2023-11-26,Kisumu,21.4,24.3,16.4
2023-11-27,Kisumu,8.6,24.1,17.7
2023-11-28,Kisumu,,28.8,17.1
2023-11-29,Kisumu,16.0,27.3,16.2
2023-11-30,Kisumu,0.0,28.5,17.0
2023-12-01,Kisumu,0.0,26.2,16.9
2023-12-02,Kisumu,2.2,30.6,17.9
2023-12-03,Kisumu,0.0,29.1,17.3
2023-12-04,Kisumu,0.0,26.0,18.8
2023-12-05,Kisumu,0.0,29.5,17.1
2023-12-06,kisumu,0.0,24.3,16.3
2023-12-07,Kisumu,2.1,29.0,16.4
2023-12-08,Kisumu,0.0,25.4,15.3
2023-12-09,Kisumu,0.0,29.0,15.7
2023-12-10,Kisumu,0.0,28.7,16.7
2023-12-11,Kisumu,17.4,,17.6
2023-12-12,Kisumu,9.7,26.6,15.9
2023-12-13,Kisumu,0.0,27.6,15.6
2023-12-14,Kisumu,0.0,26.3,17.2
2023-12-15,Kisumu,0.0,26.7,15.7
2023-12-16,Kisumu,0.0,29.7,18.7
2023-12-17,Kisumu,0.0,28.5,18.0
2023-12-18,Kisumu ,0.0,29.1,17.0
2023-12-19,Kisumu,0.0,28.7,16.5
2023-12-20,Kisumu,0.0,26.6,16.6
2023-12-21,Kisumu,4.1,,17.0
2023-12-22,kisumu,0.0,27.6,16.2
2023-12-23,Kisumu,0.0,25.4,16.2
2023-12-24,Kisumu,0.0,29.5,15.6
2023-12-25,Kisumu,0.7,27.5,17.9
2023-12-26,Kisumu,0.0,27.8,15.9
2023-12-27,Kisumu,0.0,29.2,16.7
2023-12-28,Kisumu,0.0,28.0,18.6
2023-12-29,Kisumu,2.3,28.1,16.7
2023-12-30,Kisumu,0.0,30.9,15.8
2023-12-31,Kisumu,0.0,28.8,17.2
2024-01-01,Kisumu ,6.2,27.8,15.6
2024-01-02,Kisumu,0.0,24.3,16.8
2024-01-03,Kisumu,0.0,28.5,16.9
2024-01-04,Kisumu,0.0,29.1,16.0
2024-01-05,Kisumu,0.0,27.9,16.9
2024-01-06,Kisumu,,30.5,16.6
2024-01-07,Kisumu ,0.0,26.9,16.8
2024-01-08,kisumu,0.0,29.3,16.3
2024-01-09,Kisumu,0.0,28.1,16.5
2024-01-10,Kisumu,5.0,26.4,15.9
2024-01-11,Kisumu,0.0,28.5,19.8
2024-01-12,KISUMU,0.0,28.0,19.6
2024-01-13,Kisumu,0.0,29.7,16.8
2024-01-14,Kisumu,0.0,28.4,17.4
2024-01-15,Kisumu,0.0,30.2,16.7
2024-01-16,Kisumu,0.0,27.2,15.7
2024-01-17,Kisumu,0.0,28.2,16.6
2024-01-18,Kisumu,0.0,25.5,20.0
2024-01-19,Kisumu,0.1,29.8,17.0
2024-01-20,Kisumu,0.0,25.8,14.9
2024-01-21,Kisumu,0.0,30.7,17.1
2024-01-22,Kisumu,1.6,28.7,16.9
2024-01-23,Kisumu,0.0,27.5,18.8
2024-01-24,Kisumu,0.0,29.6,17.1
2024-01-25,Kisumu,0.0,29.1,16.1
2024-01-26,Kisumu,0.0,25.9,16.0
2024-01-27,Kisumu,0.0,29.9,15.8
2024-01-28,Kisumu,0.6,31.8,17.4
2024-01-29,Kisumu,0.0,26.1,15.4
2024-01-30,Kisumu,0.0,29.2,16.1
2024-01-31,Kisumu,12.8,28.9,17.0
2024-02-01,Kisumu ,0.0,28.4,18.4
2024-02-02,Kisumu,0.0,26.0,17.3
2024-02-03,kisumu,0.0,29.1,16.8
2024-02-04,kisumu,22.3,28.2,17.1
2024-02-05,Kisumu,0.0,27.7,18.0
2024-02-06,Kisumu,,25.3,17.6
2024-02-07,kisumu,5.2,24.1,18.2
2024-02-08,Kisumu,0.0,26.9,18.2
2024-02-09,Kisumu,0.0,30.4,17.1
2024-02-10,Kisumu,0.0,28.0,16.3
2024-02-11,Kisumu,,28.6,17.2
2024-02-12,Kisumu,0.0,29.8,17.9
2024-02-13,Kisumu ,0.0,26.0,17.1
2024-02-14,Kisumu,0.0,28.7,16.1
2024-02-15,Kisumu,0.0,28.5,17.3
2024-02-16,Kisumu,0.0,29.2,17.1
2024-02-17,Kisumu,0.0,29.0,17.3
2024-02-18,kisumu,0.0,28.3,17.5
2024-02-19,Kisumu,3.7,28.4,18.6
2024-02-20,Kisumu,0.0,29.3,16.2
2024-02-21,Kisumu,0.0,28.2,15.6
2024-02-22,Kisumu,0.0,31.6,18.3
2024-02-23,KISUMU,0.0,31.2,17.6
2024-02-24,kisumu,0.0,30.2,16.7
2024-02-25,kisumu,1.3,29.1,16.4
2024-02-26,Kisumu,0.0,29.1,16.6
2024-02-27,Kisumu,0.6,30.8,18.7
2024-02-28,Kisumu,0.0,29.7,17.1
2024-02-29,Kisumu,0.0,28.3,17.2
2024-03-01,Kisumu,1.3,30.1,16.0
2024-03-02,Kisumu,0.0,30.2,17.3
2024-03-03,Kisumu,23.3,28.2,17.8
2024-03-04,Kisumu ,13.6,26.1,18.8
2024-03-05,Kisumu,0.0,28.0,17.8
2024-03-06,Kisumu,0.0,28.7,16.6
2024-03-07,Kisumu,0.0,28.2,15.8
2024-03-08,Kisumu,0.0,27.8,17.5
2024-03-09,Kisumu,4.1,31.0,18.6
2024-03-10,Kisumu,1.8,29.2,16.6
2024-03-11,Kisumu,0.0,29.4,17.9
2024-03-12,Kisumu,0.0,29.7,16.5
2024-03-13,Kisumu,0.0,26.7,19.9
2024-03-14,Kisumu,9.4,28.7,17.1
2024-03-15,Kisumu,0.0,29.5,16.5
2024-03-16,Kisumu ,0.0,28.3,18.0
2024-03-17,Kisumu,0.4,29.3,16.5
2024-03-18,KISUMU,0.0,31.2,16.5
2024-03-19,Kisumu,0.0,29.7,17.8
2024-03-20,kisumu,0.0,32.1,19.1
2024-03-21,Kisumu,9.6,30.0,17.4
2024-03-22,Kisumu,0.0,32.4,17.3
2024-03-23,Kisumu,0.0,30.8,16.0
2024-03-24,Kisumu,0.0,31.2,18.8
2024-03-25,Kisumu,0.0,27.5,17.7
2024-03-26,kisumu,0.0,29.5,17.2
2024-03-27,Kisumu,0.0,31.7,19.2
2024-03-28,Kisumu,3.8,30.9,16.6
2024-03-29,Kisumu,16.5,24.9,19.4
2024-03-30,KISUMU,0.0,,17.1
2024-03-31,Kisumu,2.6,29.4,19.1
2024-04-01,Kisumu ,0.0,30.7,17.1
2024-04-02,Kisumu,11.7,27.5,17.0
2024-04-03,Kisumu,16.5,27.8,18.5
2024-04-04,Kisumu,0.0,30.4,18.0
2024-04-05,Kisumu,0.0,30.1,18.9
2024-04-06,Kisumu,21.7,28.9,17.4
2024-04-07,Kisumu,0.0,28.6,17.8
2024-04-08,Kisumu,0.0,30.6,18.5
2024-04-09,Kisumu,0.0,30.9,16.8
2024-04-10,Kisumu,7.2,26.8,17.6
2024-04-11,Kisumu,trace,30.3,17.5
2024-04-12,Kisumu,1.7,32.2,18.1
2024-04-13,Kisumu,0.0,31.0,17.7
2024-04-14,Kisumu,3.0,31.1,17.7
2024-04-15,kisumu,0.0,28.9,18.3
2024-04-16,Kisumu,0.0,32.7,16.3
2024-04-17,Kisumu,0.0,29.1,17.6
2024-04-18,Kisumu,1.3,30.6,17.7
2024-04-19,Kisumu,35.9,27.7,18.4
2024-04-20,Kisumu,0.1,30.3,17.6
2024-04-21,KISUMU,0.0,32.6,17.5
2024-04-22,Kisumu,5.3,29.8,16.5
2024-04-23,Kisumu,29.8,29.5,18.4
2024-04-24,Kisumu,3.0,31.8,17.1
2024-04-25,Kisumu,0.0,33.0,19.1
2024-04-26,Kisumu,0.0,27.1,18.7
2024-04-27,Kisumu,0.0,28.4,16.9
2024-04-28,Kisumu,0.2,30.6,18.0
2024-04-29,Kisumu,0.0,28.2,19.5
2024-04-30,Kisumu,0.0,32.1,18.0
2024-05-01,Kisumu,0.0,30.3,19.1
2024-05-02,Kisumu,0.0,31.1,17.8
2024-05-03,Kisumu,0.0,31.2,18.8
2024-05-04,Kisumu,0.0,31.6,15.8
2024-05-05,kisumu,6.2,29.9,19.0
2024-05-06,Kisumu ,0.0,29.4,16.5
2024-05-07,Kisumu,14.8,27.5,17.4
2024-05-08,Kisumu,8.1,28.7,18.1
2024-05-09,Kisumu,,30.9,19.4
2024-05-10,Kisumu,0.0,30.1,17.5
2024-05-11,Kisumu ,6.5,26.9,18.8
2024-05-12,Kisumu,0.0,28.5,18.0
2024-05-13,Kisumu,4.4,31.0,20.3
2024-05-14,Kisumu,16.5,32.6,16.9
2024-05-15,Kisumu,9.7,30.9,20.7
2024-05-16,Kisumu,0.0,,18.3
2024-05-17,Kisumu,10.4,34.0,18.9
2024-05-18,Kisumu,0.0,29.3,18.6
2024-05-19,Kisumu,0.7,29.8,17.9
2024-05-20,Kisumu,2.7,30.1,18.4
2024-05-21,Kisumu,0.0,31.4,18.0
2024-05-22,Kisumu,0.0,33.6,19.6
2024-05-23,Kisumu,0.4,29.5,19.7
2024-05-24,Kisumu,0.6,31.4,18.0
2024-05-25,Kisumu,0.0,34.1,19.1
2024-05-26,Kisumu,0.0,27.9,19.1
2024-05-27,Kisumu ,0.0,31.7,18.0
2024-05-28,Kisumu,23.8,28.7,20.0
2024-05-29,Kisumu,0.0,31.9,18.8
2024-05-30,Kisumu,0.0,28.4,17.8
2024-05-31,Kisumu,0.0,33.1,18.8
2024-06-01,Kisumu,0.0,30.1,16.8
2024-06-02,Kisumu,0.0,31.9,17.9
2024-06-03,Kisumu,0.0,31.3,20.2
2024-06-04,Kisumu,0.0,30.2,18.4
2024-06-05,Kisumu,1.2,32.5,18.6
2024-06-06,Kisumu,0.0,28.6,18.0
2024-06-07,Kisumu,5.6,25.8,17.6
2024-06-08,Kisumu,0.0,29.8,17.7
2024-06-09,Kisumu,0.0,29.2,21.0
2024-06-10,kisumu,16.3,27.7,18.1
2024-06-11,Kisumu,0.0,31.9,18.3
2024-06-12,Kisumu,0.0,30.6,17.8
2024-06-13,Kisumu,0.0,31.2,17.7
2024-06-14,Kisumu,0.0,31.3,18.0
2024-06-15,Kisumu,0.0,32.3,19.3
2024-06-16,Kisumu,6.4,29.4,16.4
2024-06-17,Kisumu,0.0,30.3,17.7
2024-06-18,Kisumu,0.6,29.6,19.6
2024-06-19,Kisumu ,0.0,29.0,
2024-06-20,Kisumu,1.6,31.4,19.8
2024-06-21,KISUMU,trace,31.4,18.0
2024-06-22,KISUMU,0.0,99.9,16.6
2024-06-23,Kisumu,0.0,29.1,19.0
2024-06-24,Kisumu,0.0,32.4,16.4
2024-06-25,Kisumu,0.0,30.1,18.4
2024-06-26,Kisumu,0.0,31.2,18.8
2024-06-27,Kisumu,0.0,29.5,18.7
2024-06-28,Kisumu,0.0,30.4,18.0
2024-06-29,Kisumu,0.3,28.1,19.5
2024-06-30,Kisumu,0.0,33.1,17.6
2024-07-01,Kisumu,0.0,26.8,19.6
2024-07-02,kisumu,0.0,32.2,17.5
2024-07-03,Kisumu,0.0,28.2,18.3
2024-07-04,Kisumu,0.0,30.6,17.5
2024-07-05,Kisumu,0.0,31.4,17.2
2024-07-06,Kisumu,0.0,28.7,17.4
2024-07-07,Kisumu,0.0,30.2,16.6
2024-07-08,kisumu,trace,29.5,18.1
2024-07-09,Kisumu,0.0,30.8,16.6
2024-07-10,Kisumu,0.0,29.7,18.5
2024-07-11,Kisumu,0.0,27.4,19.7
2024-07-12,Kisumu,0.0,31.4,18.0
2024-07-13,Kisumu,0.0,32.8,19.4
2024-07-14,Kisumu,0.0,33.2,17.2
2024-07-15,Kisumu,3.5,32.8,18.0
2024-07-16,Kisumu,0.0,30.7,17.7
2024-07-17,Kisumu,0.0,30.2,18.5
2024-07-18,Kisumu,0.0,30.1,20.1
2024-07-19,Kisumu,0.0,32.1,17.8
2024-07-20,Kisumu,6.9,27.4,17.3
2024-07-21,Kisumu,0.0,28.1,19.2
2024-07-22,Kisumu,13.0,26.9,20.0
2024-07-23,Kisumu,-999,30.7,18.4
2024-07-24,Kisumu,0.0,30.8,19.3
2024-07-25,Kisumu,0.0,31.8,18.9
2024-07-26,Kisumu,24.0,27.5,18.7
2024-07-27,Kisumu,0.0,30.0,16.3
2024-07-28,Kisumu,0.0,31.4,19.6
2024-07-29,kisumu,0.0,30.6,
2024-07-30,Kisumu,0.0,30.2,17.2
2024-07-31,Kisumu,0.0,29.6,17.4
2024-08-01,Kisumu,0.0,31.3,18.0
2024-08-02,Kisumu,0.0,26.7,17.8
2024-08-03,Kisumu ,0.0,30.6,18.1
2024-08-04,Kisumu,53.5,30.0,18.5
2024-08-05,Kisumu,29.1,27.6,17.8
2024-08-06,Kisumu,10.6,28.8,19.0
2024-08-07,KISUMU,0.3,29.3,16.9
2024-08-08,Kisumu,0.0,31.1,18.6
2024-08-09,Kisumu,0.0,29.8,18.6
2024-08-10,Kisumu,0.0,30.6,18.3
2024-08-11,Kisumu,0.0,29.8,18.4
2024-08-12,Kisumu,0.0,31.0,18.2
2024-08-13,Kisumu,0.0,31.2,17.2
2024-08-14,Kisumu,0.0,29.5,17.5
2024-08-15,Kisumu,22.6,26.3,16.4
2024-08-16,Kisumu,18.2,26.4,19.3
2024-08-17,Kisumu,4.9,27.2,16.4
2024-08-18,Kisumu,0.0,28.8,18.1
2024-08-19,Kisumu,0.0,29.8,17.0
2024-08-20,Kisumu,0.0,28.8,18.3
2024-08-21,Kisumu,0.0,31.7,17.2
2024-08-22,Kisumu,6.5,26.8,20.0
2024-08-23,Kisumu,0.0,29.6,18.2
2024-08-24,Kisumu,0.0,30.7,18.1
2024-08-25,Kisumu,0.0,29.3,17.2
2024-08-26,Kisumu,0.0,30.7,16.9
2024-08-27,Kisumu,,31.9,16.6
2024-08-28,KISUMU,5.9,28.3,18.3
2024-08-29,Kisumu,0.0,27.9,16.5
2024-08-30,Kisumu,0.0,30.5,18.0
2024-08-31,Kisumu,43.5,26.8,16.9
2024-09-01,Kisumu,0.0,27.5,17.6
2024-09-02,Kisumu,14.7,29.2,16.4
2024-09-03,Kisumu,0.0,29.6,17.4
2024-09-04,Kisumu,0.0,28.1,16.2
2024-09-05,Kisumu,13.2,28.3,17.4
2024-09-06,Kisumu,0.0,29.3,16.8
2024-09-07,Kisumu,0.0,27.9,16.5
2024-09-08,Kisumu,0.0,30.0,16.8
2024-09-09,Kisumu,0.0,28.8,17.7
2024-09-10,Kisumu,0.0,29.0,15.8
2024-09-11,Kisumu,0.0,32.1,16.7
2024-09-12,Kisumu,0.0,29.5,14.2
2024-09-13,Kisumu,0.0,29.2,18.8
2024-09-14,Kisumu,0.0,29.3,18.3
2024-09-15,Kisumu,0.0,29.0,17.8
2024-09-16,kisumu,8.3,27.5,17.6
2024-09-17,Kisumu,0.0,28.8,17.0
2024-09-18,Kisumu,0.0,30.2,18.4
2024-09-19,Kisumu,1.1,30.9,16.8
2024-09-20,Kisumu,0.0,28.6,16.6
2024-09-21,Kisumu,0.0,26.4,16.5
2024-09-22,Kisumu,,27.3,18.2
2024-09-23,Kisumu,0.0,28.9,17.2
2024-09-24,Kisumu,0.0,29.5,17.9
2024-09-25,Kisumu,0.0,27.0,17.5
2024-09-26,Kisumu,0.0,30.1,19.1
2024-09-27,Kisumu,0.0,,15.6
2024-09-28,Kisumu,0.0,25.2,16.3
2024-09-29,Kisumu,6.9,26.3,16.4
2024-09-30,Kisumu,0.0,29.2,
2024-10-01,Kisumu,8.0,,17.2
2024-10-02,Kisumu,16.9,24.4,17.0
2024-10-03,Kisumu,0.0,28.0,17.1
2024-10-04,KISUMU,0.0,27.3,16.6
2024-10-05,Kisumu,0.0,29.8,17.4
2024-10-06,Kisumu,0.0,29.3,17.3
2024-10-07,Kisumu,0.0,29.2,18.6
2024-10-08,Kisumu,0.0,26.5,17.4
2024-10-09,Kisumu,0.0,26.6,17.4
2024-10-10,Kisumu,8.3,24.9,16.1
2024-10-11,Kisumu,0.0,31.0,17.1
2024-10-12,Kisumu,1.2,29.1,16.0
2024-10-13,Kisumu,2.1,27.9,17.6
2024-10-14,kisumu,51.9,26.3,18.4
2024-10-15,kisumu,0.0,26.8,17.6
2024-10-16,Kisumu,0.0,28.1,17.2
2024-10-17,Kisumu,0.0,29.5,16.1
2024-10-18,Kisumu,0.0,28.4,16.5
2024-10-19,Kisumu,5.5,25.5,17.5
2024-10-20,Kisumu,0.0,30.4,17.2
2024-10-21,Kisumu,0.0,27.0,15.7
2024-10-22,Kisumu,9.4,25.1,16.0
2024-10-23,Kisumu,0.0,26.7,14.4
2024-10-24,Kisumu,6.8,29.1,17.1
2024-10-25,Kisumu,1.1,28.2,17.3
2024-10-26,KISUMU,9.3,24.5,15.5
2024-10-27,Kisumu,0.0,28.2,17.0
2024-10-28,Kisumu,22.0,26.2,15.8
2024-10-29,Kisumu,0.0,28.8,15.9
2024-10-30,Kisumu,0.0,30.8,18.0
2024-10-31,Kisumu,0.0,30.2,17.3
2024-11-01,Kisumu ,0.0,25.7,15.4
2024-11-02,Kisumu,0.0,30.6,16.0
2024-11-03,Kisumu,23.5,26.7,17.1
2024-11-04,Kisumu,0.0,30.4,17.8
2024-11-05,Kisumu,33.9,27.8,16.1
2024-11-06,Kisumu,0.0,27.3,16.7
2024-11-07,Kisumu,0.0,28.3,17.0
2024-11-08,Kisumu,17.5,28.0,16.0
2024-11-09,Kisumu,9.6,25.7,15.7
2024-11-10,Kisumu,18.1,25.0,16.5
2024-11-11,Kisumu,,27.7,15.5
2024-11-12,Kisumu,12.5,25.3,18.2
2024-11-13,Kisumu,0.0,28.2,16.7
2024-11-14,Kisumu,15.4,27.2,15.4
2024-11-15,Kisumu,0.0,29.3,15.4
2024-11-16,Kisumu,2.1,27.5,16.9
2024-11-17,Kisumu,,25.5,17.1
2024-11-18,Kisumu ,0.0,28.0,15.2
2024-11-19,Kisumu,0.0,28.2,16.1
2024-11-20,Kisumu,92.9,25.0,16.8
2024-11-21,Kisumu,0.3,26.5,17.4
2024-11-22,Kisumu,0.0,27.7,17.5
2024-11-23,Kisumu,0.5,26.0,16.5
2024-11-24,Kisumu,trace,27.8,14.2
2024-11-25,Kisumu,3.0,25.8,16.1
2024-11-26,Kisumu,3.9,28.6,16.6
2024-11-27,Kisumu,0.0,26.1,15.9
2024-11-28,Kisumu,0.0,30.0,17.0
2024-11-29,Kisumu,0.0,28.2,16.3
2024-11-30,Kisumu,7.7,27.7,15.2
2024-12-01,Kisumu,0.0,28.2,14.3
2024-12-02,Kisumu,0.0,27.2,15.5
2024-12-03,Kisumu,0.0,29.1,15.6
2024-12-04,Kisumu,0.0,28.0,16.9
2024-12-05,KISUMU,0.0,30.3,17.0
2024-12-06,KISUMU,0.0,25.6,17.5
2024-12-07,KISUMU,0.0,28.6,15.5
2024-12-08,Kisumu,6.0,26.3,17.5
2024-12-09,Kisumu,0.0,31.0,16.4
2024-12-10,Kisumu,0.0,27.2,15.4
2024-12-11,Kisumu,0.0,27.2,17.2
2024-12-12,Kisumu,4.5,28.5,17.3
2024-12-13,Kisumu,0.0,30.0,17.7
2024-12-14,Kisumu ,0.0,29.2,15.5
2024-12-15,Kisumu,32.5,27.2,15.3
2024-12-16,Kisumu,0.0,25.8,17.7
2024-12-17,KISUMU,0.0,28.1,15.5
2024-12-18,Kisumu,0.0,26.9,16.6
2024-12-19,Kisumu,0.0,26.0,18.2
2024-12-20,Kisumu,0.0,29.4,16.0
2024-12-21,kisumu,0.0,27.1,16.2
2024-12-22,Kisumu,0.0,27.6,16.4
2024-12-23,kisumu,33.9,25.2,17.1
2024-12-24,Kisumu,0.0,30.2,17.9
2024-12-25,Kisumu,22.7,28.0,15.9
2024-12-26,Kisumu,0.4,29.5,16.5
2024-12-27,Kisumu,30.8,29.3,17.2
2024-12-28,Kisumu,0.0,30.4,17.2
2024-12-29,Kisumu,0.0,30.9,16.8
2024-12-30,Kisumu,,25.3,16.4
2024-12-31,Kisumu,2.1,28.8,17.5
2025-01-01,Kisumu,45.7,22.6,16.7
2025-01-02,Kisumu,3.9,28.8,16.0
2025-01-03,Kisumu,0.0,27.1,16.3
2025-01-04,Kisumu,0.0,27.9,15.8
2025-01-05,Kisumu,17.8,27.0,15.3
2025-01-06,Kisumu,0.0,24.7,16.1
2025-01-07,KISUMU,0.0,28.5,16.5
2025-01-08,Kisumu,0.0,28.9,17.3
2025-01-09,Kisumu ,0.0,29.3,15.6
2025-01-10,Kisumu,0.0,28.5,18.0
2025-01-11,kisumu,0.0,26.8,13.9
2025-01-12,Kisumu,0.0,30.9,15.9
2025-01-13,Kisumu,0.0,28.3,16.8
2025-01-14,kisumu,0.0,28.9,17.8
2025-01-15,Kisumu,7.9,29.6,15.6
2025-01-16,Kisumu,0.0,26.1,17.3
2025-01-17,Kisumu,4.2,27.5,19.2
2025-01-18,Kisumu,26.6,27.8,17.1
2025-01-19,Kisumu,4.1,28.7,16.1
2025-01-20,Kisumu,0.0,28.2,16.6
2025-01-21,Kisumu,0.0,29.9,17.2
2025-01-22,Kisumu,0.0,27.0,15.6
2025-01-23,Kisumu,0.0,28.2,16.2
2025-01-24,Kisumu,0.0,28.6,16.7
2025-01-25,Kisumu,0.0,26.9,16.2
2025-01-26,Kisumu,0.0,29.0,17.4
2025-01-27,Kisumu,0.0,28.8,17.6
2025-01-28,Kisumu,0.0,25.4,17.7
2025-01-29,Kisumu,0.0,29.6,18.8
2025-01-30,Kisumu ,0.0,26.8,17.5
2025-01-31,kisumu,0.0,29.2,16.9
2025-02-01,Kisumu,0.0,28.7,16.5
2025-02-02,Kisumu,0.0,27.3,17.0
2025-02-03,Kisumu,0.0,27.9,16.5
2025-02-04,Kisumu,19.3,24.7,18.0
2025-02-05,Kisumu,0.0,,19.3
2025-02-06,Kisumu,14.1,28.2,17.0
2025-02-07,Kisumu,-999,30.0,18.3
2025-02-08,Kisumu,0.0,28.2,17.4
2025-02-09,Kisumu,9.8,24.5,16.3
2025-02-10,kisumu,15.2,26.3,18.3
2025-02-11,Kisumu,16.8,25.5,17.3
2025-02-12,Kisumu,0.0,30.5,17.0
2025-02-13,Kisumu,0.0,28.5,16.9
2025-02-14,KISUMU,0.0,26.7,16.0
2025-02-15,Kisumu,0.0,29.7,17.4
2025-02-16,Kisumu,0.0,27.3,18.1
2025-02-17,Kisumu,0.0,28.7,17.4
2025-02-18,Kisumu,0.0,31.2,16.1
2025-02-19,Kisumu,,31.4,16.1
2025-02-20,Kisumu,0.0,29.0,20.1
2025-02-21,Kisumu,0.0,27.4,17.0
2025-02-22,Kisumu,16.3,26.7,17.1
2025-02-23,Kisumu,1.1,29.5,18.5
2025-02-24,Kisumu,0.0,30.5,17.6
2025-02-25,Kisumu,0.0,28.0,18.1
2025-02-26,kisumu,0.0,31.2,16.1
2025-02-27,Kisumu,0.0,28.5,17.9
2025-02-28,Kisumu,0.0,28.8,18.7
2025-03-01,KISUMU,0.0,28.5,18.6
2025-03-02,Kisumu ,3.5,28.6,16.0
2025-03-03,Kisumu ,0.0,32.4,18.5
2025-03-04,Kisumu,0.0,31.2,17.7
2025-03-05,Kisumu,0.0,29.0,18.2
2025-03-06,Kisumu,0.0,30.7,17.9
2025-03-07,Kisumu,0.0,28.4,18.2
2025-03-08,Kisumu ,0.0,27.0,18.7
2025-03-09,Kisumu,25.4,28.3,18.2
2025-03-10,Kisumu,0.0,33.8,16.4
2025-03-11,kisumu,,29.4,18.9
2025-03-12,Kisumu,0.0,29.4,18.0
2025-03-13,Kisumu,4.3,27.5,15.9
2025-03-14,Kisumu,0.0,27.8,18.3
2025-03-15,Kisumu,0.5,29.8,19.2
2025-03-16,Kisumu,0.0,29.6,17.9
2025-03-17,Kisumu,0.0,29.3,17.4
2025-03-18,Kisumu,0.0,29.4,18.0
2025-03-19,Kisumu,0.0,29.7,17.8
2025-03-20,Kisumu,0.0,30.2,17.7
2025-03-21,Kisumu,24.6,29.2,19.8
2025-03-22,Kisumu,2.9,31.4,17.5
2025-03-23,Kisumu,0.0,30.7,20.3
2025-03-24,Kisumu,0.0,28.4,16.8
2025-03-25,Kisumu,0.0,27.3,16.8
2025-03-26,Kisumu,0.0,32.0,19.2
2025-03-27,Kisumu,20.9,29.0,17.4
2025-03-28,Kisumu,0.0,30.8,19.6
2025-03-29,Kisumu,2.1,28.6,17.6
2025-03-30,Kisumu,7.8,29.5,18.0
2025-03-31,Kisumu,0.0,30.4,17.8
2025-04-01,Kisumu,0.0,30.9,19.9
2025-04-02,Kisumu,0.0,29.1,19.4
2025-04-03,Kisumu,0.0,29.4,18.4
2025-04-04,Kisumu,8.6,28.0,17.8
2025-04-05,Kisumu,0.0,31.5,15.7
2025-04-06,Kisumu,0.0,18.4,32.7
2025-04-07,Kisumu,7.7,27.6,17.3
2025-04-08,Kisumu,0.0,31.2,18.3
2025-04-09,Kisumu,4.0,31.1,19.8
2025-04-10,Kisumu,0.0,33.0,19.7
2025-04-11,KISUMU,0.0,29.7,17.7
2025-04-12,kisumu,16.6,30.3,18.7
2025-04-13,Kisumu,16.6,28.4,17.7
2025-04-14,Kisumu,17.1,30.0,17.2
2025-04-15,Kisumu,18.7,28.6,17.3
2025-04-16,Kisumu,0.0,32.5,19.1
2025-04-17,Kisumu,2.0,29.9,17.7
2025-04-18,Kisumu,0.0,32.7,18.6
2025-04-19,Kisumu,14.4,27.4,18.8
2025-04-20,Kisumu,7.7,30.4,19.5
2025-04-21,Kisumu,0.0,28.9,19.4
2025-04-22,Kisumu,0.0,32.1,17.7
2025-04-23,Kisumu,0.0,28.7,19.9
2025-04-24,Kisumu,0.0,30.2,16.9
2025-04-25,Kisumu,0.0,32.5,18.0
2025-04-26,Kisumu,0.0,31.1,17.6
2025-04-27,Kisumu,0.0,28.1,17.9
2025-04-28,kisumu,2.5,31.4,17.9
2025-04-29,Kisumu,1.3,33.1,18.9
2025-04-30,Kisumu,1.5,32.2,18.6
2025-05-01,Kisumu,0.5,29.9,17.5
2025-05-02,Kisumu,0.0,31.0,21.1
2025-05-03,Kisumu,10.0,31.1,19.2
2025-05-04,Kisumu,0.0,32.9,19.5
2025-05-05,Kisumu ,0.0,28.2,17.7
2025-05-06,Kisumu ,10.6,30.5,18.3
2025-05-07,Kisumu ,0.0,27.9,18.6
2025-05-08,Kisumu,3.3,28.4,18.3
2025-05-09,Kisumu,31.1,28.9,19.4
2025-05-10,Kisumu,2.3,29.4,19.4
2025-05-11,Kisumu,-999,30.6,19.6
2025-05-12,Kisumu,15.6,29.0,18.2
2025-05-13,Kisumu,0.0,28.9,19.3
2025-05-14,Kisumu,0.0,32.2,17.4
2025-05-15,Kisumu,0.0,28.2,17.9
2025-05-16,Kisumu,0.0,31.8,17.9
2025-05-17,Kisumu,0.0,31.9,20.0
2025-05-18,Kisumu,0.0,31.5,19.5
2025-05-19,Kisumu,0.0,35.6,18.4
2025-05-20,Kisumu,0.0,30.2,19.5
2025-05-21,Kisumu ,1.6,28.9,18.9
2025-05-22,Kisumu,0.0,32.0,17.5
2025-05-23,kisumu,0.0,30.1,17.2
2025-05-24,Kisumu,0.0,30.4,18.2
2025-05-25,Kisumu,1.8,28.6,17.4
2025-05-26,Kisumu,0.0,30.2,19.2
2025-05-27,Kisumu,21.4,28.6,20.7
2025-05-28,Kisumu,3.1,28.3,18.3
2025-05-29,Kisumu,0.0,32.5,18.1
2025-05-30,Kisumu,1.7,29.2,17.4
2025-05-31,Kisumu,,30.6,19.6
2025-06-01,Kisumu,,31.4,17.3
2025-06-02,Kisumu,2.1,31.7,18.3
2025-06-03,Kisumu,0.0,34.2,
2025-06-04,Kisumu,0.0,30.2,18.6
2025-06-05,Kisumu,,31.5,17.4
2025-06-06,Kisumu,0.0,31.7,18.8
2025-06-07,Kisumu,0.0,31.6,18.3
2025-06-08,Kisumu,0.0,27.1,18.8
2025-06-09,kisumu,0.0,30.9,18.2
2025-06-10,Kisumu,0.0,30.7,18.0
2025-06-11,Kisumu,0.0,29.7,19.3
2025-06-12,Kisumu,0.0,31.3,17.7
2025-06-13,Kisumu,0.0,31.9,18.8
2025-06-14,Kisumu,5.4,29.2,17.9
2025-06-15,Kisumu,0.0,31.7,18.9
2025-06-16,Kisumu,19.0,28.6,19.0
2025-06-17,Kisumu,,29.1,18.4
2025-06-18,Kisumu,0.0,33.9,18.8
2025-06-19,Kisumu,0.0,29.6,18.4
2025-06-20,Kisumu,0.0,31.0,18.4
2025-06-21,Kisumu,0.0,31.3,17.8
2025-06-22,Kisumu,0.0,29.1,18.6
2025-06-23,Kisumu,10.7,28.8,19.9
2025-06-24,Kisumu,0.0,31.4,18.3
2025-06-25,Kisumu,16.6,29.2,17.0
2025-06-26,Kisumu,13.3,28.7,19.7
2025-06-27,Kisumu,0.0,31.7,17.0
2025-06-28,Kisumu,0.0,28.6,18.8
2025-06-29,Kisumu,0.0,31.8,16.5
2025-06-30,Kisumu,0.0,32.2,18.7
2019-01-01,Nakuru,0.0,24.7,9.2
2019-01-02,Nakuru,0.0,26.5,11.5
2019-01-03,Nakuru,0.0,25.6,9.9
2019-01-04,Nakuru,0.0,28.1,8.9
2019-01-05,Nakuru,0.0,28.1,9.1
2019-01-06,Nakuru,0.0,23.9,9.3
2019-01-07,Nakuru,6.0,22.1,8.9
2019-01-08,Nakuru,0.0,24.8,9.9
2019-01-09,Nakuru,0.0,26.2,9.7
2019-01-10,Nakuru,0.0,25.0,7.9
2019-01-11,Nakuru,0.0,27.4,9.3
2019-01-12,Nakuru,0.0,25.0,8.4
2019-01-13,Nakuru,0.0,24.1,9.9
2019-01-14,Nakuru,0.0,22.0,10.2
2019-01-15,Nakuru,0.0,21.8,11.0
2019-01-16,Nakuru,1.3,26.4,10.3
2019-01-17,Nakuru ,1.1,23.1,11.2
2019-01-18,nakuru,0.0,22.6,9.5
2019-01-19,Nakuru,10.0,23.9,8.5
2019-01-20,Nakuru ,0.0,24.5,10.6
2019-01-21,Nakuru,0.0,27.2,10.6
2019-01-22,Nakuru,0.0,21.6,9.8
2019-01-23,Nakuru,11.3,21.2,11.9
2019-01-24,Nakuru,0.0,26.1,8.9
2019-01-25,Nakuru,0.0,25.3,10.1
2019-01-26,Nakuru,0.0,25.8,9.1
2019-01-27,Nakuru,0.0,24.5,8.8
2019-01-28,Nakuru,0.0,24.3,10.0
2019-01-29,Nakuru,0.0,22.9,9.2
2019-01-30,nakuru,0.0,27.0,11.7
2019-01-31,Nakuru,8.0,24.1,9.4
2019-02-01,Nakuru,17.0,24.3,10.3
2019-02-02,Nakuru,0.0,24.2,10.7
2019-02-03,Nakuru,0.4,23.9,10.0
2019-02-04,Nakuru,0.0,24.8,11.7
2019-02-05,Nakuru,0.0,23.7,10.5
2019-02-06,Nakuru,0.0,27.0,8.9
2019-02-07,Nakuru,0.0,24.5,10.9
2019-02-08,Nakuru,0.0,26.0,9.3
2019-02-09,Nakuru,5.8,22.0,9.1
2019-02-10,Nakuru,0.0,26.3,10.2
2019-02-11,Nakuru,0.0,24.6,9.2
2019-02-12,Nakuru ,0.0,25.0,10.0
2019-02-13,Nakuru,0.0,23.6,8.5
2019-02-14,nakuru,0.0,26.1,12.1
2019-02-15,Nakuru,0.0,26.0,10.6
2019-02-16,Nakuru,0.0,25.7,10.3
2019-02-17,Nakuru,7.3,25.3,10.9
2019-02-18,Nakuru,0.0,23.5,
2019-02-19,Nakuru,10.8,21.9,9.5
2019-02-20,Nakuru,0.0,24.8,10.7
2019-02-21,Nakuru,0.0,27.1,12.1
2019-02-22,Nakuru,0.0,23.3,7.5
2019-02-23,nakuru,0.0,22.8,11.1
2019-02-24,Nakuru,0.0,25.6,10.2
2019-02-25,Nakuru,0.0,27.1,10.2
2019-02-26,Nakuru,0.0,24.6,8.9
2019-02-27,Nakuru,0.0,26.5,11.0
2019-02-28,nakuru,6.0,23.6,10.9
2019-03-01,Nakuru,2.4,23.1,11.8
2019-03-02,nakuru,0.0,26.3,11.2
2019-03-03,Nakuru ,0.0,26.0,10.2
2019-03-04,nakuru,0.0,23.9,9.9
2019-03-05,Nakuru,20.7,22.8,10.8
2019-03-06,Nakuru,31.6,21.4,9.1
2019-03-07,Nakuru,0.0,,8.9
2019-03-08,Nakuru,6.3,23.8,11.4
2019-03-09,Nakuru,0.0,24.0,9.9
2019-03-10,Nakuru,0.0,25.0,9.4
2019-03-11,Nakuru,35.0,23.6,11.1
2019-03-12,Nakuru,0.0,27.9,9.6
2019-03-13,Nakuru ,0.0,24.0,10.8
2019-03-14,Nakuru,0.0,27.4,9.9
2019-03-15,Nakuru,7.4,22.1,9.9
2019-03-16,Nakuru,4.3,27.4,10.2
2019-03-17,Nakuru,0.0,9.7,24.1
2019-03-18,Nakuru,0.0,25.2,9.5
2019-03-19,Nakuru,0.0,25.0,11.2
2019-03-20,nakuru,0.0,25.2,12.1
2019-03-21,Nakuru,1.4,26.8,10.2
2019-03-22,Nakuru,0.1,26.7,10.4
2019-03-23,Nakuru,19.8,23.1,10.5
2019-03-24,Nakuru,8.8,23.8,9.4
2019-03-25,Nakuru,0.0,27.2,12.6
2019-03-26,Nakuru,0.0,26.8,10.3
2019-03-27,Nakuru,0.0,26.1,9.0
2019-03-28,nakuru,2.2,27.9,9.9
2019-03-29,Nakuru,0.0,28.7,10.9
2019-03-30,Nakuru,0.0,24.6,9.7
2019-03-31,Nakuru,0.0,25.4,11.9
2019-04-01,Nakuru,0.0,26.5,9.7
2019-04-02,Nakuru,3.0,27.3,13.2
2019-04-03,Nakuru,0.0,26.3,11.1
2019-04-04,Nakuru,12.6,26.9,10.7
2019-04-05,Nakuru,0.0,27.9,11.6
2019-04-06,Nakuru ,0.0,27.6,10.8
2019-04-07,Nakuru,0.0,26.5,11.3
2019-04-08,Nakuru,10.4,26.6,10.4
2019-04-09,Nakuru,16.8,25.3,12.0
2019-04-10,Nakuru,0.0,29.0,11.6
2019-04-11,Nakuru,0.0,26.9,11.8
2019-04-12,Nakuru,0.0,26.5,10.5
2019-04-13,Nakuru ,0.0,27.2,10.9
2019-04-14,Nakuru,0.0,26.8,8.8
2019-04-15,Nakuru,0.2,25.7,11.5
2019-04-16,Nakuru,0.4,28.1,10.4
2019-04-17,Nakuru,0.0,27.4,12.0
2019-04-18,Nakuru,0.0,28.6,11.4
2019-04-19,Nakuru,-999,26.4,10.6
2019-04-20,Nakuru,10.8,22.6,11.4
2019-04-21,NAKURU,0.0,27.8,12.4
2019-04-22,Nakuru,16.3,22.5,13.0
2019-04-23,Nakuru,0.0,24.3,10.6
2019-04-24,Nakuru,0.0,26.2,12.1
2019-04-25,Nakuru,7.7,23.9,11.3
2019-04-26,Nakuru,1.8,26.7,11.0
2019-04-27,Nakuru,0.0,27.5,11.6
2019-04-28,Nakuru,0.0,24.9,13.3
2019-04-29,NAKURU,0.0,25.4,10.1
2019-04-30,Nakuru,0.0,25.2,11.0
2019-05-01,Nakuru,0.0,26.3,11.5
2019-05-02,Nakuru,11.4,26.2,9.9
2019-05-03,Nakuru,9.8,26.7,10.8
2019-05-04,Nakuru,4.7,29.6,9.9
2019-05-05,Nakuru ,21.4,25.4,11.5
2019-05-06,Nakuru,35.8,25.3,11.0
2019-05-07,Nakuru,0.0,27.9,12.5
2019-05-08,Nakuru,0.0,25.7,12.2
2019-05-09,Nakuru,12.3,25.8,10.8
2019-05-10,Nakuru,17.1,28.1,10.9
2019-05-11,Nakuru,1.7,28.0,10.9
2019-05-12,Nakuru,5.7,24.9,11.2
2019-05-13,Nakuru,0.0,27.1,11.1
2019-05-14,Nakuru,8.1,25.7,11.6
2019-05-15,Nakuru,0.0,27.8,12.3
2019-05-16,Nakuru,0.0,28.0,11.6
2019-05-17,Nakuru,0.0,24.9,11.9
2019-05-18,Nakuru,34.6,26.9,12.4
2019-05-19,Nakuru,0.0,25.8,13.1
2019-05-20,Nakuru,0.0,32.5,13.6
2019-05-21,Nakuru ,0.0,27.0,10.3
2019-05-22,Nakuru,0.0,27.9,11.0
2019-05-23,Nakuru,38.9,26.3,12.1
2019-05-24,Nakuru,0.0,25.9,11.9
2019-05-25,Nakuru,0.0,26.1,12.3
2019-05-26,Nakuru,12.1,24.6,10.1
2019-05-27,Nakuru,5.3,23.0,11.0
2019-05-28,Nakuru,0.0,28.3,10.2
2019-05-29,Nakuru,0.0,27.2,10.9
2019-05-30,Nakuru,0.0,27.2,11.6
2019-05-31,Nakuru,0.0,26.6,9.9
2019-06-01,Nakuru,0.0,28.9,12.1
2019-06-02,Nakuru,0.0,29.3,13.7
2019-06-03,Nakuru,0.0,28.3,13.0
2019-06-04,Nakuru ,0.0,25.3,12.4
2019-06-05,Nakuru,0.0,29.0,11.2
2019-06-06,Nakuru,0.0,24.2,10.4
2019-06-07,Nakuru,0.0,24.4,13.7
2019-06-08,Nakuru,21.5,25.6,10.0
2019-06-09,Nakuru,0.0,24.6,13.2
2019-06-10,Nakuru,9.1,25.0,11.5
2019-06-11,Nakuru ,4.3,26.9,9.9
2019-06-12,NAKURU,0.0,28.3,11.9
2019-06-13,Nakuru,0.0,25.0,15.5
2019-06-14,Nakuru,0.0,27.4,12.4
2019-06-15,Nakuru,0.0,28.8,11.4
2019-06-16,Nakuru,0.0,26.6,10.2
2019-06-17,Nakuru,0.0,28.3,12.7
2019-06-18,Nakuru,0.0,25.0,11.7
2019-06-19,Nakuru,0.0,26.7,13.2
2019-06-20,Nakuru,22.7,28.1,11.7
2019-06-21,Nakuru,0.0,28.0,12.8
2019-06-22,NAKURU,0.0,29.2,9.3
2019-06-23,Nakuru,0.0,27.6,9.2
2019-06-24,Nakuru,14.5,24.7,9.8
2019-06-25,Nakuru,0.0,26.8,12.1
2019-06-26,Nakuru,0.0,25.7,13.4
2019-06-27,Nakuru,0.0,23.4,7.4
2019-06-28,Nakuru,0.0,27.0,13.3
2019-06-29,Nakuru,3.0,26.4,12.6
2019-06-30,Nakuru,0.0,26.4,10.7
2019-07-01,nakuru,0.0,27.0,11.8
2019-07-02,Nakuru,0.0,28.6,13.6
2019-07-03,Nakuru,0.0,28.0,10.0
2019-07-04,Nakuru,0.0,,9.5
2019-07-05,Nakuru,1.7,27.5,11.5
2019-07-06,Nakuru,0.0,24.1,11.5
2019-07-07,Nakuru,0.0,24.0,10.4
2019-07-08,Nakuru,0.0,24.7,12.8
2019-07-09,Nakuru,0.0,28.1,9.0
2019-07-10,Nakuru,-999,25.7,
2019-07-11,Nakuru,0.0,26.5,
2019-07-12,Nakuru,,25.3,10.8
2019-07-13,Nakuru,0.0,27.9,12.2
2019-07-14,Nakuru,13.0,11.2,26.8
2019-07-15,Nakuru ,0.0,25.6,11.3
2019-07-16,Nakuru,0.0,27.3,12.5
2019-07-17,Nakuru,0.0,25.2,10.4
2019-07-18,Nakuru,0.0,25.8,12.2
2019-07-19,Nakuru,0.0,27.0,11.0
2019-07-20,Nakuru,0.0,26.4,11.2
2019-07-21,Nakuru ,0.0,25.1,
2019-07-22,Nakuru,0.0,25.7,11.5
2019-07-23,Nakuru,0.0,29.6,10.1
2019-07-24,Nakuru ,0.0,27.2,10.5
2019-07-25,Nakuru,14.3,26.4,11.9
2019-07-26,NAKURU,0.0,28.3,11.5
2019-07-27,Nakuru,0.0,27.9,12.6
2019-07-28,Nakuru,0.0,24.3,11.9
2019-07-29,Nakuru,0.1,24.9,11.4
2019-07-30,Nakuru,0.9,26.5,10.7
2019-07-31,Nakuru,11.3,26.3,8.9
2019-08-01,Nakuru,2.3,27.8,12.0
2019-08-02,Nakuru,0.0,26.8,11.0
2019-08-03,Nakuru,0.0,28.1,12.4
2019-08-04,Nakuru,0.0,26.7,12.1
2019-08-05,Nakuru,0.0,28.2,11.7
2019-08-06,Nakuru,0.0,25.8,11.1
2019-08-07,Nakuru,0.0,24.4,11.5
2019-08-08,Nakuru,0.0,23.8,11.9
2019-08-09,Nakuru,0.0,24.0,7.7
2019-08-10,NAKURU,0.0,25.1,10.8
2019-08-11,Nakuru,14.2,11.2,23.2
2019-08-12,nakuru,,26.9,10.7
2019-08-13,Nakuru,0.0,23.4,12.2
2019-08-14,Nakuru,0.0,25.2,10.2
2019-08-15,Nakuru,0.0,24.9,11.0
2019-08-16,Nakuru,0.5,23.7,10.4
2019-08-17,Nakuru,0.0,24.3,11.3
2019-08-18,Nakuru,0.0,25.6,10.5
2019-08-19,Nakuru,0.0,24.9,10.0
2019-08-20,Nakuru,0.0,28.3,11.1
2019-08-21,Nakuru,0.0,27.6,8.2
2019-08-22,Nakuru,17.5,24.2,10.1
2019-08-23,Nakuru ,0.0,27.6,11.4
2019-08-24,Nakuru,0.0,24.7,9.5
2019-08-25,Nakuru,,25.7,
2019-08-26,Nakuru,0.0,27.1,10.1
2019-08-27,nakuru,0.0,25.7,
2019-08-28,Nakuru,0.0,27.9,10.7
2019-08-29,nakuru,0.0,26.7,9.9
2019-08-30,Nakuru,0.0,22.8,9.1
2019-08-31,Nakuru,0.0,26.3,12.0
2019-09-01,Nakuru,,24.3,11.6
2019-09-02,NAKURU,0.0,24.4,11.2
2019-09-03,Nakuru,0.0,26.0,10.7
2019-09-04,NAKURU,0.0,28.6,10.8
2019-09-05,Nakuru,0.0,29.3,10.1
2019-09-06,nakuru,0.0,24.8,10.3
2019-09-07,Nakuru ,0.0,24.8,11.9
2019-09-08,Nakuru,0.0,23.4,11.3
2019-09-09,Nakuru,0.0,23.4,9.5
2019-09-10,Nakuru,0.0,24.8,9.3
2019-09-11,Nakuru,11.6,24.3,9.5
2019-09-12,Nakuru,0.0,24.7,11.5
2019-09-13,nakuru,0.0,27.0,12.2
2019-09-14,NAKURU,0.0,25.5,9.2
2019-09-15,Nakuru,0.0,26.7,11.0
2019-09-16,Nakuru,0.0,24.0,9.1
2019-09-17,Nakuru,20.3,21.9,9.4
2019-09-18,Nakuru,0.0,23.8,9.3
2019-09-19,Nakuru,9.9,24.4,12.5
2019-09-20,Nakuru,0.0,25.6,12.2
2019-09-21,Nakuru,0.0,21.7,10.0
2019-09-22,Nakuru,0.0,24.3,9.7
2019-09-23,Nakuru,0.0,25.2,9.4
2019-09-24,NAKURU,0.0,26.2,10.3
2019-09-25,Nakuru,2.1,23.3,10.4
2019-09-26,Nakuru,0.0,25.8,11.3
2019-09-27,Nakuru,0.0,25.0,10.4
2019-09-28,Nakuru,0.0,25.4,9.8
2019-09-29,Nakuru,0.0,23.1,10.9
2019-09-30,Nakuru,-999,22.0,10.0
2019-10-01,Nakuru,0.0,24.6,9.5
2019-10-02,Nakuru,0.0,25.4,9.6
2019-10-03,Nakuru,0.0,27.2,12.1
2019-10-04,Nakuru,0.0,,10.2
2019-10-05,Nakuru,9.9,23.7,10.2
2019-10-06,Nakuru,29.9,22.0,8.4
2019-10-07,Nakuru ,0.0,24.5,10.6
2019-10-08,Nakuru,8.4,22.5,10.6
2019-10-09,Nakuru,8.2,23.7,9.3
2019-10-10,Nakuru,,23.9,12.1
2019-10-11,Nakuru,0.0,22.8,11.0
2019-10-12,Nakuru,2.4,24.4,7.9
2019-10-13,Nakuru,3.6,23.8,8.3
2019-10-14,Nakuru,0.0,,9.0
2019-10-15,Nakuru,1.7,25.5,9.8
2019-10-16,Nakuru,3.9,22.6,10.3
2019-10-17,Nakuru ,9.2,21.0,10.8
2019-10-18,Nakuru,0.0,23.6,10.0
2019-10-19,Nakuru,5.6,24.4,10.1
2019-10-20,Nakuru,0.0,23.9,10.7
2019-10-21,Nakuru,0.0,24.0,10.7
2019-10-22,Nakuru,5.7,22.4,9.9
2019-10-23,Nakuru,0.0,26.8,11.0
2019-10-24,NAKURU,0.0,23.7,10.5
2019-10-25,Nakuru,0.0,27.0,9.6
2019-10-26,Nakuru,3.8,24.8,9.3
2019-10-27,Nakuru,0.0,23.5,10.5
2019-10-28,Nakuru,0.0,24.0,8.9
2019-10-29,Nakuru,0.0,23.8,10.0
2019-10-30,Nakuru,0.0,23.0,9.5
2019-10-31,Nakuru,0.0,22.1,10.9
2019-11-01,Nakuru,0.0,23.2,10.0
2019-11-02,Nakuru,1.7,23.6,9.6
2019-11-03,Nakuru,0.0,27.0,8.7
2019-11-04,Nakuru,4.4,26.4,9.2
2019-11-05,Nakuru,0.0,24.6,11.3
2019-11-06,Nakuru,0.0,,9.0
2019-11-07,Nakuru,0.0,23.5,9.7
2019-11-08,Nakuru,21.2,23.6,9.1
2019-11-09,Nakuru,0.0,25.6,9.5
2019-11-10,Nakuru,0.0,11.4,24.5
2019-11-11,Nakuru,0.0,22.7,8.3
2019-11-12,Nakuru,0.0,24.7,8.9
2019-11-13,Nakuru,0.0,25.1,8.5
2019-11-14,Nakuru,0.0,,9.7
2019-11-15,Nakuru,0.0,23.5,10.0
2019-11-16,Nakuru,0.0,23.7,8.4
2019-11-17,Nakuru,4.3,24.6,8.6
2019-11-18,Nakuru,8.5,20.2,9.5
2019-11-19,Nakuru,0.0,21.6,10.0
2019-11-20,Nakuru,1.4,24.9,8.5
2019-11-21,Nakuru,14.5,23.4,9.0
2019-11-22,Nakuru,0.3,27.1,8.5
2019-11-23,Nakuru,10.1,22.2,7.9
2019-11-24,Nakuru,5.2,22.0,9.1
2019-11-25,Nakuru,3.2,27.4,7.5
2019-11-26,Nakuru,0.0,23.8,9.4
2019-11-27,Nakuru,14.8,22.2,9.2
2019-11-28,NAKURU,0.0,27.9,10.0
2019-11-29,nakuru,12.1,20.8,9.6
2019-11-30,Nakuru,0.0,20.6,8.6
2019-12-01,NAKURU,0.0,25.0,9.2
2019-12-02,Nakuru,0.0,22.5,8.8
2019-12-03,nakuru,0.0,25.2,9.1
2019-12-04,Nakuru,7.1,21.7,8.6
2019-12-05,Nakuru,0.0,24.3,
2019-12-06,Nakuru,0.0,22.5,10.0
2019-12-07,Nakuru,0.0,22.0,9.5
2019-12-08,Nakuru,0.0,23.9,8.9
2019-12-09,Nakuru,0.0,23.1,9.8
2019-12-10,Nakuru,0.0,22.2,8.4
2019-12-11,NAKURU,1.8,23.6,10.5
2019-12-12,Nakuru,0.0,,10.2
2019-12-13,Nakuru,0.0,25.3,10.6
2019-12-14,Nakuru,0.0,25.8,8.8
2019-12-15,Nakuru,2.5,23.5,9.1
2019-12-16,Nakuru,0.0,23.6,8.5
2019-12-17,Nakuru,0.0,22.6,10.0
2019-12-18,Nakuru,1.0,22.4,9.6
2019-12-19,Nakuru,0.0,24.6,9.5
2019-12-20,Nakuru,0.0,24.1,9.6
2019-12-21,Nakuru,0.0,24.5,9.2
2019-12-22,Nakuru,12.9,23.4,9.0
2019-12-23,Nakuru,0.0,25.8,7.4
2019-12-24,nakuru,,22.0,9.7
2019-12-25,Nakuru,0.0,25.3,10.1
2019-12-26,Nakuru,0.0,22.4,8.4
2019-12-27,Nakuru,10.8,25.2,10.6
2019-12-28,Nakuru,0.0,25.1,8.6
2019-12-29,Nakuru,2.5,21.5,9.0
2019-12-30,Nakuru,0.0,24.0,7.8
2019-12-31,Nakuru,0.0,22.3,9.3
2020-01-01,Nakuru,3.3,23.9,8.7
2020-01-02,NAKURU,0.0,22.3,10.3
2020-01-03,Nakuru,0.0,25.1,10.2
2020-01-04,Nakuru,0.0,23.7,9.9
2020-01-05,Nakuru,0.0,24.0,9.5
2020-01-06,Nakuru,9.2,22.0,9.7
2020-01-07,Nakuru,0.0,23.8,10.4
2020-01-08,Nakuru,0.0,22.3,8.8
2020-01-09,Nakuru,15.7,25.2,10.2
2020-01-10,Nakuru,0.0,22.5,9.5
2020-01-11,nakuru,0.0,24.0,8.6
2020-01-12,Nakuru,0.0,26.6,9.5
2020-01-13,Nakuru,0.0,22.2,9.6
2020-01-14,Nakuru,0.0,23.9,11.4
2020-01-15,Nakuru,0.0,24.8,9.6
2020-01-16,Nakuru,0.0,24.4,10.8
2020-01-17,Nakuru,9.6,23.3,11.5
2020-01-18,Nakuru,0.0,25.6,10.2
2020-01-19,Nakuru,0.0,26.0,10.3
2020-01-20,Nakuru,0.0,24.0,9.9
2020-01-21,Nakuru,0.0,23.6,9.0
2020-01-22,Nakuru,0.0,27.3,10.7
2020-01-23,Nakuru,1.0,24.4,11.2
2020-01-24,Nakuru,trace,25.0,8.5
2020-01-25,Nakuru,0.0,27.7,8.2
2020-01-26,Nakuru,0.0,27.7,10.9
2020-01-27,Nakuru,,24.8,9.2
2020-01-28,Nakuru,34.7,21.8,10.2
2020-01-29,Nakuru,0.0,24.4,10.4
2020-01-30,Nakuru,0.0,22.1,8.5
2020-01-31,Nakuru,0.0,26.7,8.9
2020-02-01,Nakuru,2.4,25.7,10.1
2020-02-02,Nakuru,0.0,23.0,10.3
2020-02-03,Nakuru,0.0,23.2,10.6
2020-02-04,Nakuru,0.0,24.5,8.5
2020-02-05,Nakuru,0.0,25.1,10.2
2020-02-06,Nakuru ,0.0,26.1,10.1
2020-02-07,NAKURU,0.0,23.7,10.5
2020-02-08,Nakuru,2.7,25.1,10.5
2020-02-09,Nakuru,0.0,25.5,10.2
2020-02-10,Nakuru,0.0,26.8,11.3
2020-02-11,Nakuru,0.0,23.3,10.8
2020-02-12,Nakuru,0.0,25.1,12.4
2020-02-13,Nakuru,1.9,26.6,10.2
2020-02-14,Nakuru,0.0,21.9,9.3
2020-02-15,Nakuru,,25.3,11.0
2020-02-16,Nakuru,0.0,25.7,10.3
2020-02-17,Nakuru,0.0,23.5,10.3
2020-02-18,Nakuru,0.0,24.5,12.3
2020-02-19,Nakuru,0.0,25.8,10.7
2020-02-20,Nakuru,0.0,25.7,10.0
2020-02-21,Nakuru,0.0,23.1,10.1
2020-02-22,Nakuru,0.0,25.0,10.5
2020-02-23,Nakuru,0.0,25.2,10.6
2020-02-24,Nakuru,0.0,23.8,9.5
2020-02-25,Nakuru,0.0,23.6,9.4
2020-02-26,Nakuru,0.0,28.3,10.2
2020-02-27,Nakuru,0.0,25.8,10.5
2020-02-28,nakuru,0.0,27.1,10.5
2020-02-29,nakuru,0.0,26.4,9.9
2020-03-01,Nakuru,22.4,26.4,9.1
2020-03-02,Nakuru,8.6,22.0,10.7
2020-03-03,Nakuru,4.3,23.4,11.3
2020-03-04,Nakuru,21.6,24.0,10.9
2020-03-05,Nakuru,25.2,24.1,10.5
2020-03-06,Nakuru,1.2,23.5,10.7
2020-03-07,Nakuru,0.0,21.7,11.0
2020-03-08,Nakuru,0.0,26.6,9.4
2020-03-09,Nakuru,32.3,23.7,10.6
2020-03-10,Nakuru,8.3,24.3,13.1
2020-03-11,nakuru,0.0,23.6,9.0
2020-03-12,Nakuru,3.3,27.7,11.9
2020-03-13,Nakuru,24.4,25.4,10.5
2020-03-14,NAKURU,4.1,27.0,12.0
2020-03-15,Nakuru,0.0,26.7,11.6
2020-03-16,Nakuru,3.3,27.3,12.1
2020-03-17,Nakuru,11.6,,10.2
2020-03-18,Nakuru,0.0,24.2,9.5
2020-03-19,Nakuru,0.0,23.1,9.9
2020-03-20,Nakuru,0.0,26.8,10.8
2020-03-21,Nakuru,0.0,27.0,10.4
2020-03-22,nakuru,0.0,28.1,11.7
2020-03-23,Nakuru,0.0,26.0,11.4
2020-03-24,Nakuru,0.0,23.8,10.1
2020-03-25,Nakuru,0.0,27.8,10.5
2020-03-26,Nakuru,0.0,25.1,8.9
2020-03-27,Nakuru,6.3,25.6,
2020-03-28,Nakuru ,2.7,26.3,11.1
2020-03-29,NAKURU,0.0,24.1,11.2
2020-03-30,Nakuru,6.6,23.5,9.5
2020-03-31,Nakuru,0.0,29.0,9.8
2020-04-01,Nakuru ,0.0,26.7,12.4
2020-04-02,Nakuru,0.0,26.3,10.9
2020-04-03,Nakuru,12.7,26.4,11.4
2020-04-04,NAKURU,1.2,26.9,12.5
2020-04-05,Nakuru,0.0,27.4,11.5
2020-04-06,Nakuru,4.9,25.1,10.4
2020-04-07,Nakuru,2.2,28.4,10.5
2020-04-08,Nakuru,1.8,25.9,10.1
2020-04-09,Nakuru,0.4,24.7,11.0
2020-04-10,Nakuru,22.2,24.4,11.4
2020-04-11,Nakuru,0.0,26.7,14.2
2020-04-12,Nakuru ,7.7,25.2,10.7
2020-04-13,Nakuru,0.4,25.2,10.6
2020-04-14,Nakuru,0.0,28.1,9.8
2020-04-15,Nakuru,0.0,24.7,10.9
2020-04-16,Nakuru,0.4,26.4,10.4
2020-04-17,Nakuru,0.0,24.1,11.7
2020-04-18,Nakuru,10.6,24.9,11.7
2020-04-19,Nakuru,10.8,23.0,10.1
2020-04-20,Nakuru,9.2,26.5,10.4
2020-04-21,nakuru,0.0,24.8,11.2
2020-04-22,Nakuru,2.5,27.0,12.3
2020-04-23,Nakuru,5.8,25.5,9.1
2020-04-24,Nakuru,3.0,27.6,12.0
2020-04-25,Nakuru,2.9,25.6,10.0
2020-04-26,nakuru,10.3,23.2,10.8
2020-04-27,Nakuru,16.8,24.4,9.6
2020-04-28,Nakuru,3.8,28.7,12.4
2020-04-29,Nakuru,28.2,22.6,12.7
2020-04-30,Nakuru,18.2,25.8,11.2
2020-05-01,Nakuru,0.0,28.5,13.3
2020-05-02,Nakuru,0.0,25.9,11.7
2020-05-03,Nakuru,0.0,29.0,11.6
2020-05-04,Nakuru,0.0,25.0,10.6
2020-05-05,Nakuru,0.0,26.4,10.9
2020-05-06,Nakuru,3.4,26.9,10.8
2020-05-07,Nakuru,14.6,23.4,11.5
2020-05-08,Nakuru,0.0,28.2,12.4
2020-05-09,Nakuru,0.0,27.7,11.5
2020-05-10,Nakuru,1.5,27.4,10.6
2020-05-11,Nakuru,0.0,26.0,12.6
2020-05-12,NAKURU,0.0,25.8,12.0
2020-05-13,Nakuru,0.0,26.1,13.5
2020-05-14,Nakuru,6.4,26.6,10.9
2020-05-15,Nakuru,0.0,26.1,12.4
2020-05-16,Nakuru,0.0,24.3,13.0
2020-05-17,Nakuru ,0.3,29.4,11.3
2020-05-18,Nakuru,0.0,28.0,11.3
2020-05-19,Nakuru,0.0,29.1,11.8
2020-05-20,Nakuru,0.0,29.2,11.3
2020-05-21,Nakuru,26.5,21.6,12.4
2020-05-22,Nakuru,3.1,26.1,12.5
2020-05-23,Nakuru,41.3,25.2,12.3
2020-05-24,Nakuru,0.0,26.2,11.3
2020-05-25,Nakuru,0.0,25.1,11.7
2020-05-26,Nakuru,22.7,23.2,11.9
2020-05-27,Nakuru,2.3,23.5,11.7
2020-05-28,Nakuru,9.8,26.1,12.1
2020-05-29,Nakuru ,2.9,29.0,11.1
2020-05-30,Nakuru,0.8,28.8,11.6
2020-05-31,nakuru,12.1,24.1,11.5
2020-06-01,Nakuru,0.0,27.6,11.2
2020-06-02,Nakuru,8.4,26.7,12.7
2020-06-03,Nakuru,0.0,26.5,13.3
2020-06-04,Nakuru,0.0,26.2,13.2
2020-06-05,Nakuru,0.0,27.6,11.7
2020-06-06,Nakuru,0.0,27.4,10.3
2020-06-07,Nakuru,0.0,24.8,10.5
2020-06-08,Nakuru,0.0,26.0,11.5
2020-06-09,Nakuru,0.0,27.3,11.3
2020-06-10,Nakuru,0.0,28.6,10.7
2020-06-11,Nakuru,12.7,22.1,13.2
2020-06-12,Nakuru,0.0,26.0,10.6
2020-06-13,Nakuru,1.3,25.5,10.0
2020-06-14,nakuru,0.0,25.6,12.8
2020-06-15,Nakuru,,25.7,11.1
2020-06-16,Nakuru,2.1,27.8,12.1
2020-06-17,Nakuru,0.0,27.3,11.3
2020-06-18,nakuru,7.1,26.4,
2020-06-19,Nakuru,,25.2,9.7
2020-06-20,Nakuru,4.8,26.8,
2020-06-21,Nakuru,12.3,25.6,11.6
2020-06-22,Nakuru ,0.0,26.0,11.9
2020-06-23,Nakuru,0.0,28.3,10.9
2020-06-24,Nakuru,0.0,25.2,12.1
2020-06-25,Nakuru,0.0,25.5,12.5
2020-06-26,Nakuru,0.0,25.3,11.9
2020-06-27,Nakuru ,0.0,27.2,12.3
2020-06-28,Nakuru,0.0,27.4,10.3
2020-06-29,Nakuru,0.0,27.8,10.9
2020-06-30,Nakuru,23.2,23.6,12.7
2020-07-01,Nakuru ,0.0,28.6,12.2
2020-07-02,Nakuru,0.0,26.8,9.7
2020-07-03,Nakuru,20.2,25.2,10.7
2020-07-04,Nakuru,0.0,27.3,12.9
2020-07-05,Nakuru,0.0,28.0,10.3
2020-07-06,Nakuru,0.0,27.5,11.2
2020-07-07,Nakuru,9.0,22.8,9.8
2020-07-08,Nakuru,0.0,27.5,11.8
2020-07-09,Nakuru,0.0,26.9,11.9
2020-07-10,Nakuru,0.0,29.6,12.5
2020-07-11,Nakuru,10.8,25.9,12.1
2020-07-12,Nakuru,18.8,26.6,9.8
2020-07-13,Nakuru,0.0,26.1,10.2
2020-07-14,Nakuru,0.0,25.7,11.3
2020-07-15,Nakuru,0.0,28.8,
2020-07-16,Nakuru,0.0,25.3,11.0
2020-07-17,Nakuru,0.0,27.7,10.3
2020-07-18,Nakuru,0.0,24.9,11.9
2020-07-19,Nakuru,0.0,27.0,12.5
2020-07-20,Nakuru,0.0,26.3,9.9
2020-07-21,Nakuru,0.0,28.3,10.6
2020-07-22,nakuru,0.0,29.0,11.2
2020-07-23,Nakuru,-999,24.5,11.8
2020-07-24,Nakuru,3.3,25.1,11.3
2020-07-25,Nakuru,0.0,27.8,11.5
2020-07-26,Nakuru,0.0,27.3,10.3
2020-07-27,Nakuru,1.5,28.9,10.4
2020-07-28,Nakuru,0.0,29.0,11.8
2020-07-29,Nakuru,0.0,24.9,12.3
2020-07-30,Nakuru,0.0,25.9,13.7
2020-07-31,Nakuru,0.0,25.0,12.3
2020-08-01,Nakuru,0.0,25.4,11.3
2020-08-02,Nakuru,0.0,25.7,10.6
2020-08-03,Nakuru,38.1,25.2,11.1
2020-08-04,Nakuru,5.2,24.9,10.1
2020-08-05,Nakuru,7.3,22.5,10.7
2020-08-06,Nakuru,0.0,28.7,12.1
2020-08-07,Nakuru,0.0,24.7,11.2
2020-08-08,Nakuru,0.0,25.0,11.6
2020-08-09,Nakuru,0.0,25.9,9.2
2020-08-10,Nakuru,0.0,26.6,11.4
2020-08-11,nakuru,0.0,,10.0
2020-08-12,Nakuru,0.0,26.3,11.4
2020-08-13,Nakuru,0.0,26.5,10.6
2020-08-14,NAKURU,0.0,27.4,11.0
2020-08-15,Nakuru,0.0,24.1,10.4
2020-08-16,Nakuru,0.0,26.8,11.2
2020-08-17,Nakuru,0.0,25.4,10.0
2020-08-18,Nakuru,0.0,25.6,8.6
2020-08-19,Nakuru,0.0,25.0,9.5
2020-08-20,Nakuru,0.0,23.0,12.4
2020-08-21,Nakuru,0.0,25.5,9.0
2020-08-22,Nakuru,0.0,27.1,11.2
2020-08-23,Nakuru,,27.4,12.2
2020-08-24,Nakuru,0.0,26.5,10.5
2020-08-25,Nakuru,0.0,24.6,10.8
2020-08-26,Nakuru,8.8,23.1,9.2
2020-08-27,Nakuru,0.0,23.1,10.4
2020-08-28,Nakuru,0.0,25.6,10.1
2020-08-29,Nakuru,0.0,25.8,11.4
2020-08-30,Nakuru,0.0,26.9,
2020-08-31,Nakuru,0.0,25.4,9.5
2020-09-01,Nakuru,0.0,26.8,10.7
2020-09-02,Nakuru,4.9,27.3,10.7
2020-09-03,Nakuru,0.0,26.7,11.3
2020-09-04,Nakuru,0.0,26.2,11.1
2020-09-05,Nakuru,0.0,25.3,10.9
2020-09-06,Nakuru,0.0,22.8,10.5
2020-09-07,Nakuru,0.0,22.9,12.2
2020-09-08,NAKURU,0.0,22.0,9.8
2020-09-09,Nakuru,0.0,25.5,11.1
2020-09-10,Nakuru,0.0,24.7,10.6
2020-09-11,Nakuru,,27.0,10.2
2020-09-12,Nakuru,0.8,26.8,10.3
2020-09-13,Nakuru,0.0,25.6,9.8
2020-09-14,Nakuru,0.0,23.0,8.8
2020-09-15,Nakuru,0.0,25.9,10.2
2020-09-16,NAKURU,0.0,22.0,9.9
2020-09-17,Nakuru,0.0,23.8,9.7
2020-09-18,Nakuru,0.0,25.8,10.7
2020-09-19,Nakuru,0.0,26.1,10.5
2020-09-20,Nakuru,7.5,24.2,10.7
2020-09-21,Nakuru,0.0,25.6,9.5
2020-09-22,Nakuru,0.0,22.2,9.0
2020-09-23,Nakuru,4.8,23.7,8.1
2020-09-24,Nakuru,0.0,24.7,8.7
2020-09-25,Nakuru,6.9,20.2,10.6
2020-09-26,Nakuru,0.0,25.1,8.8
2020-09-27,nakuru,0.0,23.9,11.2
2020-09-28,Nakuru,0.0,26.5,10.8
2020-09-29,Nakuru,0.1,24.2,9.7
2020-09-30,Nakuru,0.0,26.3,9.5
2020-10-01,Nakuru,11.1,26.5,9.5
2020-10-02,Nakuru,0.0,24.5,9.9
2020-10-03,Nakuru,0.0,24.6,10.6
2020-10-04,Nakuru,0.0,26.3,11.6
2020-10-05,Nakuru,0.0,22.7,9.8
2020-10-06,Nakuru,3.7,27.5,9.7
2020-10-07,Nakuru,0.0,22.6,10.2
2020-10-08,Nakuru,0.0,23.7,10.8
2020-10-09,Nakuru,0.0,25.2,11.1
2020-10-10,Nakuru,0.0,23.3,9.2
2020-10-11,Nakuru,7.7,,10.0
2020-10-12,Nakuru,27.4,24.0,9.5
2020-10-13,Nakuru,0.0,24.8,11.2
2020-10-14,nakuru,0.0,25.6,10.4
2020-10-15,nakuru,0.0,24.5,10.3
2020-10-16,Nakuru,0.0,25.3,
2020-10-17,Nakuru,1.4,22.2,8.4
2020-10-18,nakuru,0.0,25.8,9.1
2020-10-19,Nakuru,9.2,23.2,9.0
2020-10-20,Nakuru,0.0,22.9,11.3
2020-10-21,Nakuru,0.0,21.2,9.4
2020-10-22,Nakuru,0.0,,10.1
2020-10-23,Nakuru,0.0,25.4,9.5
2020-10-24,Nakuru,0.0,21.8,9.8
2020-10-25,Nakuru,7.6,19.1,10.2
2020-10-26,Nakuru,0.0,23.8,9.9
2020-10-27,Nakuru,0.0,22.0,8.1
2020-10-28,Nakuru,0.0,23.3,11.2
2020-10-29,NAKURU,0.0,23.5,10.0
2020-10-30,Nakuru,0.0,23.6,8.9
2020-10-31,Nakuru,0.0,22.9,8.6
2020-11-01,Nakuru,8.9,22.5,9.4
2020-11-02,Nakuru,0.0,23.4,9.5
2020-11-03,Nakuru,35.3,20.4,11.1
2020-11-04,Nakuru,7.2,20.7,10.9
2020-11-05,Nakuru,0.0,25.1,9.9
2020-11-06,Nakuru,0.0,25.3,10.7
2020-11-07,Nakuru,,23.6,8.6
2020-11-08,NAKURU,0.0,25.7,8.4
2020-11-09,Nakuru,0.0,25.0,9.9
2020-11-10,Nakuru,5.9,22.5,9.8
2020-11-11,Nakuru,0.0,24.9,7.1
2020-11-12,Nakuru,0.0,24.7,11.8
2020-11-13,Nakuru,0.0,24.9,10.4
2020-11-14,Nakuru,0.0,23.3,9.0
2020-11-15,Nakuru,8.4,24.7,
2020-11-16,Nakuru,0.0,20.7,10.0
2020-11-17,Nakuru,0.0,23.8,9.8
2020-11-18,Nakuru,24.0,21.4,10.1
2020-11-19,Nakuru,5.9,21.5,8.0
2020-11-20,Nakuru,0.0,,10.3
2020-11-21,Nakuru,0.0,,9.4
2020-11-22,Nakuru,0.0,24.2,9.3
2020-11-23,Nakuru,0.0,24.8,9.2
2020-11-24,Nakuru,0.0,27.5,10.4
2020-11-25,Nakuru,14.7,23.1,7.4
2020-11-26,Nakuru,2.0,24.4,8.7
2020-11-27,Nakuru,0.0,24.7,11.0
2020-11-28,Nakuru,10.7,22.2,9.4
2020-11-29,Nakuru,0.0,24.1,9.8
2020-11-30,Nakuru,0.0,23.1,11.3
2020-12-01,Nakuru,0.0,24.2,10.4
2020-12-02,Nakuru,0.0,25.5,9.4
2020-12-03,Nakuru,0.0,26.7,9.6
2020-12-04,Nakuru,0.9,23.3,9.6
2020-12-05,Nakuru,0.0,24.2,9.8
2020-12-06,Nakuru,0.0,23.8,9.8
2020-12-07,Nakuru,8.9,21.1,9.9
2020-12-08,nakuru,2.2,25.7,8.4
2020-12-09,Nakuru,0.0,20.1,10.6
2020-12-10,Nakuru,2.9,23.5,11.0
2020-12-11,Nakuru,0.0,24.4,9.8
2020-12-12,Nakuru,0.0,24.6,8.9
2020-12-13,Nakuru,0.0,22.7,10.0
2020-12-14,Nakuru,5.2,21.2,8.8
2020-12-15,Nakuru,47.3,22.0,10.8
2020-12-16,Nakuru,0.0,24.4,9.8
2020-12-17,Nakuru,0.4,24.8,10.8
2020-12-18,Nakuru,0.0,23.6,9.3
2020-12-19,Nakuru,0.0,26.4,11.4
2020-12-20,Nakuru,0.0,26.4,9.1
2020-12-21,Nakuru,0.0,25.4,10.0
2020-12-22,Nakuru,0.0,21.6,10.9
2020-12-23,Nakuru,0.0,24.5,10.2
2020-12-24,Nakuru,0.0,24.7,11.3
2020-12-25,Nakuru,0.0,25.6,8.6
2020-12-26,Nakuru,0.0,22.3,9.7
2020-12-27,Nakuru,0.0,26.4,10.1
2020-12-28,Nakuru,0.0,23.9,9.4
2020-12-29,Nakuru,0.0,24.0,10.5
2020-12-30,Nakuru,0.0,25.7,8.2
2020-12-31,NAKURU,0.0,24.2,8.8
2021-01-01,Nakuru,0.0,25.0,10.5
2021-01-02,Nakuru,0.0,24.7,9.4
2021-01-03,Nakuru,0.0,24.3,8.0
2021-01-04,Nakuru,0.0,24.2,10.1
2021-01-05,Nakuru,0.0,24.1,7.9
2021-01-06,Nakuru,0.0,22.6,7.8
2021-01-07,Nakuru,0.0,22.9,9.7
2021-01-08,Nakuru,,25.4,9.9
2021-01-09,Nakuru,0.0,22.9,10.1
2021-01-10,Nakuru,,24.4,10.3
2021-01-11,Nakuru,0.0,25.9,10.3
2021-01-12,Nakuru,0.0,22.8,11.0
2021-01-13,Nakuru,0.0,22.3,10.0
2021-01-14,Nakuru,0.0,23.9,9.1
2021-01-15,Nakuru,0.0,24.8,9.9
2021-01-16,Nakuru,0.0,24.4,8.8
2021-01-17,Nakuru,0.0,23.7,7.4
2021-01-18,nakuru,0.0,22.2,9.2
2021-01-19,Nakuru,0.0,25.3,11.4
2021-01-20,Nakuru,0.0,24.9,8.9
2021-01-21,Nakuru,0.0,23.7,9.3
2021-01-22,Nakuru,0.0,23.5,9.8
2021-01-23,Nakuru,0.0,28.5,10.4
2021-01-24,Nakuru,0.0,25.2,11.0
2021-01-25,nakuru,0.0,24.8,11.5
2021-01-26,Nakuru,0.0,23.8,10.8
2021-01-27,Nakuru,0.0,28.6,9.0
2021-01-28,Nakuru,0.0,25.2,10.4
2021-01-29,Nakuru,0.0,23.1,10.9
2021-01-30,Nakuru,0.0,25.9,11.9
2021-01-31,Nakuru,0.0,23.4,12.6
2021-02-01,Nakuru,0.0,24.4,10.1
2021-02-02,Nakuru,0.0,26.8,10.9
2021-02-03,Nakuru,0.0,25.9,10.2
2021-02-04,Nakuru,0.0,24.3,10.9
2021-02-05,Nakuru,0.0,27.0,10.3
2021-02-06,Nakuru,0.0,25.9,10.3
2021-02-07,Nakuru,0.0,23.6,8.8
2021-02-08,Nakuru ,0.0,23.1,9.9
2021-02-09,Nakuru,0.0,26.2,10.5
2021-02-10,NAKURU,0.0,26.9,8.9
2021-02-11,Nakuru,0.0,26.0,8.0
2021-02-12,Nakuru,0.0,24.3,10.1
2021-02-13,Nakuru,26.9,21.7,10.4
2021-02-14,Nakuru,0.0,23.0,10.8
2021-02-15,Nakuru,0.0,25.5,11.1
2021-02-16,Nakuru,0.0,25.3,11.6
2021-02-17,Nakuru,0.0,24.0,8.4
2021-02-18,Nakuru,2.9,24.9,10.8
2021-02-19,nakuru,0.0,26.1,10.1
2021-02-20,Nakuru ,0.0,25.0,10.0
2021-02-21,Nakuru,0.0,24.9,10.8
2021-02-22,Nakuru,0.0,26.0,9.2
2021-02-23,Nakuru,48.3,20.2,11.0
2021-02-24,Nakuru ,0.0,25.7,11.8
2021-02-25,Nakuru ,0.0,25.2,10.2
2021-02-26,nakuru,0.0,26.6,12.4
2021-02-27,Nakuru,0.0,24.5,9.2
2021-02-28,Nakuru,0.0,24.6,10.0
2021-03-01,Nakuru,0.0,23.1,11.3
2021-03-02,Nakuru,0.0,25.6,11.1
2021-03-03,Nakuru,17.7,22.6,9.8
2021-03-04,Nakuru,0.0,25.2,10.0
2021-03-05,Nakuru,6.2,27.3,11.6
2021-03-06,nakuru,0.0,26.6,8.6
2021-03-07,Nakuru,18.3,22.9,10.9
2021-03-08,Nakuru,trace,24.7,11.5
2021-03-09,Nakuru,0.0,26.5,8.4
2021-03-10,Nakuru,10.0,26.0,10.9
2021-03-11,NAKURU,0.0,28.0,11.7
2021-03-12,Nakuru,0.0,23.3,9.5
2021-03-13,Nakuru,0.0,10.4,24.8
2021-03-14,Nakuru,13.3,22.4,9.3
2021-03-15,Nakuru,0.0,24.7,9.3
2021-03-16,Nakuru,8.2,23.3,10.8
2021-03-17,Nakuru,0.0,28.1,11.0
2021-03-18,Nakuru,1.6,27.1,9.6
2021-03-19,Nakuru,0.0,27.1,9.6
2021-03-20,Nakuru,0.0,25.1,10.9
2021-03-21,Nakuru,0.0,27.6,11.7
2021-03-22,Nakuru,0.0,25.0,8.7
2021-03-23,Nakuru,0.0,26.2,11.2
2021-03-24,Nakuru,0.0,24.3,10.8
2021-03-25,Nakuru,0.0,25.3,10.9
2021-03-26,Nakuru,0.0,25.8,11.1
2021-03-27,Nakuru,0.0,24.8,12.0
2021-03-28,Nakuru,4.9,27.4,11.9
2021-03-29,nakuru,0.0,24.4,12.0
2021-03-30,nakuru,0.0,27.2,11.1
2021-03-31,Nakuru,0.0,26.8,10.0
2021-04-01,Nakuru,0.0,28.3,9.9
2021-04-02,nakuru,0.0,24.7,11.7
2021-04-03,Nakuru,0.0,23.2,
2021-04-04,NAKURU,13.7,24.9,12.7
2021-04-05,Nakuru,5.5,20.9,10.7
2021-04-06,Nakuru,0.0,26.6,11.5
2021-04-07,Nakuru,0.0,28.7,9.5
2021-04-08,Nakuru,6.1,23.9,12.2
2021-04-09,Nakuru ,0.0,28.5,
2021-04-10,Nakuru,0.0,28.5,10.5
2021-04-11,Nakuru,7.5,23.9,11.7
2021-04-12,Nakuru,0.0,25.9,12.2
2021-04-13,Nakuru,9.3,24.2,12.8
2021-04-14,Nakuru,0.0,28.8,11.2
2021-04-15,Nakuru,8.2,23.5,10.6
2021-04-16,nakuru,0.0,26.6,11.2
2021-04-17,Nakuru,5.4,24.9,11.1
2021-04-18,Nakuru,0.0,28.3,14.1
2021-04-19,Nakuru,4.2,26.7,11.5
2021-04-20,Nakuru,0.0,25.9,10.9
2021-04-21,Nakuru,3.5,26.2,11.9
2021-04-22,Nakuru,,26.5,10.5
2021-04-23,Nakuru,0.0,27.4,12.5
2021-04-24,Nakuru,0.0,25.6,10.9
2021-04-25,Nakuru,0.0,23.6,11.5
2021-04-26,nakuru,0.0,26.6,10.5
2021-04-27,Nakuru,1.1,25.7,10.4
2021-04-28,Nakuru,5.0,26.8,12.6
2021-04-29,Nakuru,0.0,26.4,11.9
2021-04-30,Nakuru ,0.0,27.6,12.2
2021-05-01,Nakuru,-999,26.8,9.9
2021-05-02,nakuru,,24.8,9.9
2021-05-03,NAKURU,0.0,26.9,12.7
2021-05-04,Nakuru,0.0,27.0,12.1
2021-05-05,Nakuru,11.0,24.4,12.6
2021-05-06,Nakuru,2.7,23.4,10.8
2021-05-07,Nakuru,1.1,25.4,9.8
2021-05-08,Nakuru,0.0,26.1,12.0
2021-05-09,Nakuru,0.0,29.7,11.3
2021-05-10,Nakuru,5.1,23.3,11.4
2021-05-11,Nakuru,0.0,26.9,10.8
2021-05-12,NAKURU,0.0,25.4,10.9
2021-05-13,Nakuru,13.1,23.7,13.3
2021-05-14,Nakuru,0.0,25.7,11.1
2021-05-15,Nakuru,2.6,24.9,10.2
2021-05-16,Nakuru,11.8,27.1,11.8
2021-05-17,Nakuru,0.0,29.4,12.1
2021-05-18,Nakuru,0.0,28.2,11.8
2021-05-19,Nakuru,0.0,26.5,13.3
2021-05-20,Nakuru,6.9,26.7,13.3
2021-05-21,Nakuru,0.4,27.0,12.6
2021-05-22,Nakuru,0.0,27.2,12.5
2021-05-23,Nakuru,0.0,26.0,11.9
2021-05-24,Nakuru,0.0,28.2,9.0
2021-05-25,Nakuru,10.0,25.8,10.2
2021-05-26,Nakuru,3.4,26.0,11.8
2021-05-27,nakuru,0.0,28.7,10.9
2021-05-28,Nakuru,0.0,25.6,11.4
2021-05-29,Nakuru,0.0,27.3,10.7
2021-05-30,Nakuru ,24.0,25.4,9.5
2021-05-31,Nakuru,0.0,30.1,11.0
2021-06-01,Nakuru,9.9,23.2,10.1
2021-06-02,Nakuru,0.0,26.5,11.3
2021-06-03,Nakuru ,4.5,26.2,
2021-06-04,Nakuru,5.9,25.0,12.4
2021-06-05,NAKURU,3.6,26.1,10.6
2021-06-06,Nakuru,0.0,,10.9
2021-06-07,Nakuru,0.0,24.7,10.7
2021-06-08,Nakuru,0.0,27.5,12.2
2021-06-09,Nakuru,1.9,26.2,12.4
2021-06-10,Nakuru,0.0,22.7,11.7
2021-06-11,Nakuru,0.0,25.3,10.2
2021-06-12,Nakuru,0.0,28.4,12.4
2021-06-13,Nakuru,1.4,28.4,9.2
2021-06-14,Nakuru,0.0,31.0,10.2
2021-06-15,Nakuru,0.0,25.7,9.8
2021-06-16,Nakuru,0.0,24.7,10.4
2021-06-17,Nakuru,0.0,28.6,10.5
2021-06-18,Nakuru,0.0,25.8,11.8
2021-06-19,Nakuru,0.0,28.0,12.3
2021-06-20,Nakuru,0.0,28.5,11.7
2021-06-21,Nakuru,2.5,24.3,10.7
2021-06-22,Nakuru,1.9,29.5,11.6
2021-06-23,Nakuru,10.7,24.7,12.4
2021-06-24,Nakuru,0.0,28.3,11.8
2021-06-25,Nakuru,6.2,28.5,10.0
2021-06-26,Nakuru,,30.3,10.7
2021-06-27,Nakuru,0.0,25.6,10.8
2021-06-28,Nakuru,0.0,12.0,28.0
2021-06-29,Nakuru,0.0,26.4,11.0
2021-06-30,Nakuru,0.0,25.7,10.4
2021-07-01,Nakuru ,,27.4,9.8
2021-07-02,Nakuru,0.0,27.4,12.6
2021-07-03,Nakuru,0.0,28.1,12.3
2021-07-04,Nakuru,0.0,30.3,11.3
2021-07-05,NAKURU,0.0,25.2,12.6
2021-07-06,Nakuru,0.0,27.5,8.4
2021-07-07,Nakuru,0.0,25.8,12.2
2021-07-08,Nakuru,4.3,25.3,11.5
2021-07-09,Nakuru,0.0,28.8,10.1
2021-07-10,Nakuru,0.0,26.6,11.5
2021-07-11,Nakuru,0.0,27.8,11.1
2021-07-12,Nakuru,0.0,28.0,10.9
2021-07-13,Nakuru,0.0,28.1,11.8
2021-07-14,Nakuru,0.0,26.2,13.2
2021-07-15,Nakuru,14.1,24.0,11.2
2021-07-16,Nakuru,1.9,26.7,12.5
2021-07-17,Nakuru ,0.0,28.4,10.2
2021-07-18,Nakuru,,27.7,11.0
2021-07-19,Nakuru,0.0,24.2,10.6
2021-07-20,Nakuru ,0.0,25.0,12.5
2021-07-21,Nakuru,2.4,26.1,12.0
2021-07-22,Nakuru,0.0,24.7,11.7
2021-07-23,Nakuru,0.0,28.1,10.1
2021-07-24,nakuru,0.0,28.3,8.9
2021-07-25,Nakuru,0.0,25.4,10.8
2021-07-26,Nakuru,0.0,26.4,12.2
2021-07-27,Nakuru,9.8,23.6,10.8
2021-07-28,Nakuru,,25.0,12.3
2021-07-29,Nakuru,0.0,25.7,10.6
2021-07-30,Nakuru,0.0,25.5,10.8
2021-07-31,Nakuru ,0.0,26.6,10.3
2021-08-01,Nakuru,0.0,27.7,10.9
2021-08-02,Nakuru,4.5,26.7,9.9
2021-08-03,Nakuru,0.0,24.2,11.9
2021-08-04,Nakuru,trace,26.8,10.3
2021-08-05,Nakuru,0.0,26.6,10.2
2021-08-06,Nakuru,0.0,26.8,9.9
2021-08-07,Nakuru,0.0,26.8,10.2
2021-08-08,Nakuru,0.0,26.5,12.2
2021-08-09,NAKURU,0.0,23.2,12.9
2021-08-10,Nakuru,0.0,25.9,11.7
2021-08-11,Nakuru,0.0,24.3,11.2
2021-08-12,Nakuru,0.0,25.0,10.5
2021-08-13,Nakuru,0.0,26.3,10.4
2021-08-14,Nakuru,0.0,28.4,13.9
2021-08-15,Nakuru,0.0,28.5,11.0
2021-08-16,Nakuru,0.0,24.4,12.2
2021-08-17,Nakuru,0.0,25.0,11.1
2021-08-18,Nakuru,0.0,26.5,9.0
2021-08-19,Nakuru,4.9,27.1,10.0
2021-08-20,Nakuru,4.7,27.1,11.2
2021-08-21,Nakuru,0.0,26.5,10.1
2021-08-22,Nakuru,5.4,26.2,10.1
2021-08-23,Nakuru,0.0,26.9,9.5
2021-08-24,Nakuru,0.0,27.0,11.3
2021-08-25,Nakuru,0.0,24.5,10.9
2021-08-26,Nakuru,0.0,24.1,9.7
2021-08-27,Nakuru,9.7,24.1,10.0
2021-08-28,Nakuru,0.0,25.8,10.5
2021-08-29,Nakuru,0.0,24.9,10.3
2021-08-30,Nakuru,0.0,24.8,9.3
2021-08-31,Nakuru,0.0,26.9,9.5
2021-09-01,nakuru,0.0,,10.4
2021-09-02,Nakuru,,23.9,10.1
2021-09-03,Nakuru,0.0,24.3,10.1
2021-09-04,Nakuru,0.0,24.1,8.9
2021-09-05,Nakuru,0.0,23.6,11.3
2021-09-06,Nakuru,0.0,25.6,10.7
2021-09-07,Nakuru,0.0,26.1,10.7
2021-09-08,Nakuru,0.0,26.5,11.4
2021-09-09,Nakuru,40.0,23.4,9.7
2021-09-10,Nakuru,,26.2,11.4
2021-09-11,Nakuru,0.0,23.8,9.8
2021-09-12,Nakuru,,26.1,9.3
2021-09-13,Nakuru,0.0,25.6,10.4
2021-09-14,Nakuru,0.0,24.2,10.9
2021-09-15,Nakuru,0.3,25.6,9.9
2021-09-16,Nakuru,0.0,23.7,10.1
2021-09-17,Nakuru,0.0,28.1,9.7
2021-09-18,Nakuru,15.4,24.3,11.4
2021-09-19,Nakuru,,25.5,12.0
2021-09-20,Nakuru,18.5,22.3,10.7
2021-09-21,Nakuru,20.8,25.5,10.6
2021-09-22,Nakuru,0.0,25.4,7.9
2021-09-23,NAKURU,1.0,26.5,10.9
2021-09-24,Nakuru,0.0,24.5,7.8
2021-09-25,Nakuru,0.0,26.6,9.0
2021-09-26,Nakuru,0.0,23.7,9.1
2021-09-27,Nakuru,0.0,26.1,10.5
2021-09-28,Nakuru,,25.7,9.8
2021-09-29,Nakuru,0.0,24.4,9.1
2021-09-30,Nakuru,0.6,25.3,11.4
2021-10-01,Nakuru,0.0,25.8,9.1
2021-10-02,Nakuru,0.0,23.3,9.6
2021-10-03,Nakuru,0.0,24.2,8.3
2021-10-04,nakuru,0.0,,8.9
2021-10-05,Nakuru,0.0,,10.9
2021-10-06,Nakuru,,22.9,8.1
2021-10-07,Nakuru,0.0,23.6,10.3
2021-10-08,NAKURU,0.0,22.7,10.0
2021-10-09,Nakuru,0.0,99.9,10.4
2021-10-10,Nakuru,0.0,24.4,8.7
2021-10-11,nakuru,0.0,24.6,9.1
2021-10-12,NAKURU,0.0,24.0,9.7
2021-10-13,NAKURU,5.0,23.7,10.0
2021-10-14,Nakuru,0.0,21.2,10.2
2021-10-15,Nakuru,0.0,26.8,8.5
2021-10-16,Nakuru,0.0,23.0,11.3
2021-10-17,Nakuru,0.0,23.0,9.7
2021-10-18,Nakuru,0.0,22.8,9.5
2021-10-19,nakuru,0.0,23.8,11.9
2021-10-20,Nakuru,0.0,23.4,9.4
2021-10-21,Nakuru,10.7,23.1,9.1
2021-10-22,Nakuru,0.0,25.7,10.7
2021-10-23,Nakuru,0.0,24.0,8.7
2021-10-24,Nakuru,0.0,24.4,9.8
2021-10-25,Nakuru,0.0,24.1,10.0
2021-10-26,Nakuru,0.0,24.4,8.4
2021-10-27,Nakuru,0.0,25.2,10.7
2021-10-28,NAKURU,0.0,24.6,9.0
2021-10-29,nakuru,0.0,24.3,9.1
2021-10-30,Nakuru,13.7,22.4,9.6
2021-10-31,Nakuru,0.0,25.4,9.0
2021-11-01,Nakuru,2.2,25.4,13.4
2021-11-02,Nakuru,0.0,26.8,8.8
2021-11-03,Nakuru,0.0,23.6,9.2
2021-11-04,Nakuru,0.0,23.0,10.0
2021-11-05,Nakuru,0.0,25.7,10.0
2021-11-06,Nakuru,0.0,22.9,8.4
2021-11-07,Nakuru,6.0,22.6,9.2
2021-11-08,Nakuru,0.0,23.9,9.7
2021-11-09,Nakuru,0.0,24.6,9.5
2021-11-10,Nakuru,11.9,23.4,8.6
2021-11-11,Nakuru,0.0,24.1,9.6
2021-11-12,Nakuru,9.9,20.7,9.7
2021-11-13,Nakuru,0.0,23.3,10.3
2021-11-14,Nakuru,2.2,25.2,10.1
2021-11-15,Nakuru,0.0,24.1,10.2
2021-11-16,Nakuru,3.3,23.7,10.6
2021-11-17,Nakuru,0.0,23.8,9.6
2021-11-18,Nakuru,0.0,23.0,8.4
2021-11-19,Nakuru,0.0,22.2,8.9
2021-11-20,Nakuru,0.0,24.5,9.0
2021-11-21,Nakuru,5.1,23.4,9.6
2021-11-22,Nakuru,0.0,,8.9
2021-11-23,Nakuru,5.0,24.2,10.2
2021-11-24,nakuru,14.9,22.5,9.7
2021-11-25,Nakuru,0.0,26.7,9.6
2021-11-26,Nakuru,9.6,19.9,9.0
2021-11-27,Nakuru,,25.9,9.1
2021-11-28,NAKURU,3.7,25.4,6.5
2021-11-29,nakuru,0.0,24.6,9.9
2021-11-30,nakuru,0.0,22.8,8.7
2021-12-01,Nakuru,5.3,22.0,9.8
2021-12-02,Nakuru,0.0,25.8,10.4
2021-12-03,Nakuru,0.0,24.6,9.7
2021-12-04,Nakuru,0.0,24.4,9.3
2021-12-05,Nakuru,0.0,23.2,10.2
2021-12-06,Nakuru,0.0,24.1,9.9
2021-12-07,Nakuru,0.0,24.5,9.5
2021-12-08,Nakuru,0.0,25.5,10.5
2021-12-09,Nakuru,0.0,25.9,9.3
2021-12-10,Nakuru,0.0,23.0,12.6
2021-12-11,nakuru,0.0,23.4,8.1
2021-12-12,Nakuru,2.8,22.3,10.6
2021-12-13,Nakuru,6.1,22.6,8.6
2021-12-14,Nakuru,0.0,22.8,9.8
2021-12-15,Nakuru,16.3,20.9,11.2
2021-12-16,Nakuru,0.0,26.7,9.2
2021-12-17,Nakuru,0.0,26.4,8.7
2021-12-18,Nakuru,6.6,22.1,9.0
2021-12-19,Nakuru,0.0,22.8,9.9
2021-12-20,Nakuru,0.0,23.8,8.2
2021-12-21,Nakuru,0.0,23.8,9.0
2021-12-22,Nakuru,0.0,23.8,8.6
2021-12-23,Nakuru,10.6,18.9,9.3
2021-12-24,Nakuru,0.6,23.8,8.6
2021-12-25,Nakuru,0.0,24.5,10.6
2021-12-26,Nakuru,0.0,24.5,10.0
2021-12-27,Nakuru,0.0,22.2,10.6
2021-12-28,Nakuru,19.3,21.5,9.7
2021-12-29,NAKURU,3.9,24.9,8.4
2021-12-30,Nakuru,0.0,22.8,10.0
2021-12-31,Nakuru,0.0,24.0,10.2
2022-01-01,Nakuru,,24.4,9.7
2022-01-02,Nakuru,0.0,22.2,10.5
2022-01-03,Nakuru,0.0,25.5,10.2
2022-01-04,Nakuru,0.0,21.2,9.3
2022-01-05,Nakuru,0.0,25.1,10.2
2022-01-06,Nakuru,0.0,21.4,10.9
2022-01-07,Nakuru,0.0,24.1,10.9
2022-01-08,Nakuru,8.7,23.1,10.1
2022-01-09,Nakuru,0.0,23.9,10.3
2022-01-10,Nakuru,0.0,24.1,7.8
2022-01-11,Nakuru,2.2,23.6,8.3
2022-01-12,Nakuru,0.0,22.2,9.3
2022-01-13,Nakuru,0.0,23.3,10.6
2022-01-14,Nakuru,0.0,23.9,10.4
2022-01-15,Nakuru,0.0,26.4,10.2
2022-01-16,Nakuru,0.0,25.3,11.5
2022-01-17,Nakuru,0.0,24.5,10.0
2022-01-18,Nakuru,0.0,24.7,11.1
2022-01-19,Nakuru,0.0,24.9,9.8
2022-01-20,nakuru,0.0,26.5,10.0
2022-01-21,nakuru,9.3,22.3,10.9
2022-01-22,Nakuru,0.0,26.0,10.2
2022-01-23,Nakuru,1.8,24.8,11.5
2022-01-24,Nakuru,0.0,22.2,10.5
2022-01-25,Nakuru ,0.0,22.8,12.4
2022-01-26,Nakuru,0.0,23.7,8.8
2022-01-27,nakuru,0.0,25.8,10.9
2022-01-28,Nakuru,0.0,21.9,9.3
2022-01-29,nakuru,1.5,22.6,9.8
2022-01-30,Nakuru,0.0,25.3,11.3
2022-01-31,Nakuru,0.0,26.7,10.3
2022-02-01,Nakuru,0.0,23.5,10.0
2022-02-02,Nakuru,0.0,25.9,8.1
2022-02-03,Nakuru,0.0,22.0,11.8
2022-02-04,Nakuru,0.0,25.5,11.2
2022-02-05,Nakuru,0.0,25.2,11.4
2022-02-06,NAKURU,0.0,24.7,9.5
2022-02-07,Nakuru,0.0,24.4,10.0
2022-02-08,nakuru,0.0,24.8,9.7
2022-02-09,Nakuru,0.0,25.6,9.6
2022-02-10,Nakuru,0.0,24.4,10.7
2022-02-11,Nakuru,0.0,25.2,10.8
2022-02-12,Nakuru,4.7,25.2,9.6
2022-02-13,Nakuru,0.0,25.6,9.7
2022-02-14,Nakuru,0.0,23.8,8.8
2022-02-15,Nakuru,0.0,26.7,10.8
2022-02-16,Nakuru,0.0,27.1,10.8
2022-02-17,Nakuru,0.0,25.6,10.2
2022-02-18,Nakuru,0.0,26.5,10.4
2022-02-19,Nakuru,0.0,26.0,9.4
2022-02-20,NAKURU,0.0,27.3,10.3
2022-02-21,Nakuru,0.0,24.6,10.8
2022-02-22,Nakuru,0.0,25.7,9.6
2022-02-23,Nakuru,0.0,24.5,8.2
2022-02-24,Nakuru,0.0,27.5,
2022-02-25,Nakuru,0.0,27.1,11.9
2022-02-26,nakuru,0.0,27.1,9.4
2022-02-27,Nakuru,0.0,27.8,10.3
2022-02-28,Nakuru,0.0,24.4,10.5
2022-03-01,Nakuru,0.0,23.8,9.1
2022-03-02,Nakuru,2.6,25.2,10.7
2022-03-03,NAKURU,34.2,25.2,10.9
2022-03-04,NAKURU,0.0,27.6,10.8
2022-03-05,Nakuru,0.0,24.9,7.8
2022-03-06,Nakuru,0.0,25.4,12.4
2022-03-07,nakuru,0.0,25.8,9.9
2022-03-08,Nakuru,3.7,25.4,10.1
2022-03-09,Nakuru,13.6,20.5,11.2
2022-03-10,Nakuru,11.8,24.2,10.4
2022-03-11,Nakuru,60.1,23.5,8.7
2022-03-12,Nakuru,0.0,25.9,11.6
2022-03-13,Nakuru,4.0,27.6,8.7
2022-03-14,Nakuru,7.4,23.2,10.0
2022-03-15,Nakuru,7.7,23.7,11.7
2022-03-16,nakuru,4.5,23.6,11.4
2022-03-17,Nakuru,0.0,26.0,11.5
2022-03-18,Nakuru,0.0,24.1,10.3
2022-03-19,Nakuru,0.0,27.8,10.5
2022-03-20,Nakuru,0.0,25.3,12.1
2022-03-21,Nakuru,13.1,24.9,11.3
2022-03-22,Nakuru,0.0,27.2,10.7
2022-03-23,Nakuru,0.0,25.3,11.3
2022-03-24,Nakuru,4.3,25.5,10.9
2022-03-25,Nakuru ,6.0,24.6,11.7
2022-03-26,Nakuru,7.9,22.6,10.4
2022-03-27,nakuru,0.7,27.1,11.2
2022-03-28,Nakuru,0.0,25.6,12.6
2022-03-29,Nakuru,0.0,25.8,10.6
2022-03-30,Nakuru,0.0,30.0,12.1
2022-03-31,Nakuru,0.0,26.7,12.2
2022-04-01,Nakuru,0.0,27.5,8.9
2022-04-02,Nakuru,0.0,24.3,
2022-04-03,nakuru,0.0,26.1,9.4
2022-04-04,Nakuru,12.2,25.5,10.3
2022-04-05,Nakuru,3.0,26.6,10.4
2022-04-06,Nakuru,19.7,25.2,12.6
2022-04-07,Nakuru,44.1,24.5,11.7
2022-04-08,Nakuru,0.0,28.6,10.8
2022-04-09,NAKURU,5.4,23.0,10.2
2022-04-10,Nakuru,,26.9,10.0
2022-04-11,Nakuru,10.7,25.1,11.8
2022-04-12,Nakuru,23.9,25.3,11.0
2022-04-13,Nakuru,5.4,25.7,10.9
2022-04-14,Nakuru,0.0,27.4,11.1
2022-04-15,Nakuru,24.9,25.0,10.5
2022-04-16,Nakuru,0.0,25.1,11.2
2022-04-17,Nakuru,12.1,25.1,12.2
2022-04-18,Nakuru,8.9,22.4,10.0
2022-04-19,Nakuru,13.9,24.2,10.7
2022-04-20,Nakuru,0.0,26.9,11.4
2022-04-21,NAKURU,0.0,23.2,9.8
2022-04-22,Nakuru,0.0,28.7,11.5
2022-04-23,Nakuru,0.0,24.8,12.1
2022-04-24,NAKURU,0.0,25.5,10.7
2022-04-25,Nakuru,5.0,27.3,14.2
2022-04-26,Nakuru,1.9,27.5,12.2
2022-04-27,Nakuru,1.9,27.6,10.9
2022-04-28,Nakuru,0.0,26.4,11.9
2022-04-29,Nakuru ,0.0,25.0,11.2
2022-04-30,Nakuru,0.0,27.1,10.4
2022-05-01,nakuru,0.0,26.2,9.9
2022-05-02,nakuru,,23.7,11.1
2022-05-03,nakuru,7.1,25.1,11.3
2022-05-04,Nakuru,0.0,27.5,10.7
2022-05-05,Nakuru,0.0,28.2,12.5
2022-05-06,Nakuru,1.2,24.9,10.8
2022-05-07,Nakuru,7.8,25.0,11.6
2022-05-08,Nakuru,0.0,26.7,9.5
2022-05-09,Nakuru,43.6,25.7,10.9
2022-05-10,Nakuru,0.0,26.5,11.0
2022-05-11,Nakuru,0.0,23.4,10.7
2022-05-12,Nakuru,0.9,25.3,11.0
2022-05-13,Nakuru,0.0,26.2,12.5
2022-05-14,Nakuru,6.4,23.9,12.5
2022-05-15,Nakuru,32.6,24.0,13.1
2022-05-16,Nakuru,9.2,25.0,11.6
2022-05-17,Nakuru,0.0,27.2,10.4
2022-05-18,Nakuru,1.8,26.8,13.9
2022-05-19,Nakuru,trace,27.2,11.6
2022-05-20,Nakuru,14.5,25.0,9.9
2022-05-21,Nakuru,10.6,24.7,11.9
2022-05-22,Nakuru ,0.0,24.8,9.5
2022-05-23,Nakuru,2.6,27.8,13.9
2022-05-24,Nakuru,5.0,27.3,11.5
2022-05-25,Nakuru,0.0,25.8,10.6
2022-05-26,Nakuru,-999,26.5,12.0
2022-05-27,Nakuru,0.0,26.4,12.2
2022-05-28,Nakuru,0.0,26.3,10.7
2022-05-29,Nakuru,1.2,27.1,11.1
2022-05-30,Nakuru,9.5,26.5,11.7
2022-05-31,Nakuru,1.4,27.2,12.8
2022-06-01,Nakuru,1.5,24.1,11.6
2022-06-02,Nakuru,-999,26.1,10.9
2022-06-03,Nakuru,19.5,25.3,11.4
2022-06-04,Nakuru,0.0,27.1,12.4
2022-06-05,Nakuru,0.0,26.1,12.5
2022-06-06,Nakuru,4.7,11.8,26.7
2022-06-07,nakuru,0.0,26.5,13.3
2022-06-08,Nakuru,0.0,25.0,11.3
2022-06-09,Nakuru,0.0,25.5,11.3
2022-06-10,Nakuru,0.0,25.5,11.9
2022-06-11,Nakuru,0.0,27.3,11.0
2022-06-12,Nakuru,0.0,28.0,13.0
2022-06-13,Nakuru,0.0,27.8,10.6
2022-06-14,Nakuru,28.2,25.1,12.0
2022-06-15,Nakuru,15.3,28.1,
2022-06-16,Nakuru,0.0,26.6,12.2
2022-06-17,Nakuru ,0.0,25.1,11.6
2022-06-18,Nakuru,0.0,24.2,12.2
2022-06-19,Nakuru,5.6,27.3,10.9
2022-06-20,NAKURU,0.0,26.8,14.4
2022-06-21,Nakuru,6.0,24.6,11.1
2022-06-22,Nakuru,0.0,26.6,10.0
2022-06-23,Nakuru,0.0,28.1,11.3
2022-06-24,Nakuru,0.0,27.7,12.4
2022-06-25,Nakuru,81.9,24.9,11.7
2022-06-26,Nakuru,0.0,25.5,9.8
2022-06-27,nakuru,0.0,27.9,12.1
2022-06-28,Nakuru,0.0,24.2,
2022-06-29,Nakuru,0.0,26.1,11.7
2022-06-30,Nakuru,0.0,28.1,11.7
2022-07-01,Nakuru,0.2,29.2,12.9
2022-07-02,Nakuru,,28.8,11.9
2022-07-03,nakuru,0.0,28.2,10.3
2022-07-04,Nakuru,0.0,28.4,12.6
2022-07-05,Nakuru,0.0,25.0,12.2
2022-07-06,Nakuru,0.0,24.2,11.0
2022-07-07,Nakuru,0.0,24.4,11.8
2022-07-08,NAKURU,49.3,23.7,11.9
2022-07-09,Nakuru,0.0,25.0,11.5
2022-07-10,Nakuru,12.4,24.6,10.5
2022-07-11,Nakuru ,1.7,29.6,11.9
2022-07-12,Nakuru,0.0,26.3,10.8
2022-07-13,Nakuru,0.0,28.8,12.6
2022-07-14,Nakuru,22.9,23.3,11.3
2022-07-15,Nakuru,0.0,26.8,13.5
2022-07-16,Nakuru,0.0,26.2,11.4
2022-07-17,Nakuru,0.0,25.0,12.3
2022-07-18,Nakuru,0.0,27.1,10.6
2022-07-19,Nakuru,5.4,24.2,11.1
2022-07-20,Nakuru,0.0,25.9,12.6
2022-07-21,Nakuru,0.0,26.4,10.4
2022-07-22,Nakuru,0.0,26.7,10.6
2022-07-23,Nakuru,0.0,26.0,
2022-07-24,Nakuru,0.0,26.0,11.0
2022-07-25,Nakuru,0.0,23.3,12.5
2022-07-26,Nakuru,3.6,26.0,11.6
2022-07-27,Nakuru,0.0,25.8,10.5
2022-07-28,Nakuru,0.0,26.2,10.7
2022-07-29,NAKURU,0.0,28.2,11.6
2022-07-30,Nakuru,0.0,26.8,11.8
2022-07-31,Nakuru,0.0,27.4,9.6
2022-08-01,Nakuru,0.0,25.2,9.8
2022-08-02,Nakuru,0.0,26.1,10.5
2022-08-03,Nakuru,19.0,23.3,11.3
2022-08-04,Nakuru,0.0,23.6,10.5
2022-08-05,Nakuru,0.0,24.6,9.3
2022-08-06,Nakuru,0.0,25.2,10.8
2022-08-07,Nakuru,0.0,26.2,10.1
2022-08-08,Nakuru,0.0,27.8,11.0
2022-08-09,Nakuru,0.0,24.6,10.6
2022-08-10,Nakuru,0.0,26.4,10.3
2022-08-11,Nakuru,6.6,24.2,10.8
2022-08-12,Nakuru,0.0,23.6,10.4
2022-08-13,Nakuru,9.0,25.3,11.0
2022-08-14,Nakuru,0.0,28.7,10.9
2022-08-15,Nakuru,0.0,25.3,12.0
2022-08-16,Nakuru,1.8,27.3,10.6
2022-08-17,Nakuru,0.0,23.6,10.4
2022-08-18,Nakuru,0.0,26.6,10.6
2022-08-19,Nakuru,0.0,23.8,9.1
2022-08-20,Nakuru,0.0,27.0,9.8
2022-08-21,Nakuru,0.0,28.1,13.1
2022-08-22,Nakuru,0.0,24.0,10.2
2022-08-23,Nakuru,0.0,23.9,11.9
2022-08-24,Nakuru,-999,28.2,10.4
2022-08-25,Nakuru,0.0,27.7,11.4
2022-08-26,Nakuru,0.0,28.7,10.4
2022-08-27,Nakuru,1.7,26.2,12.0
2022-08-28,Nakuru,0.0,,10.9
2022-08-29,Nakuru,0.0,24.4,10.3
2022-08-30,Nakuru,0.0,26.8,9.6
2022-08-31,Nakuru,trace,27.2,9.8
2022-09-01,Nakuru,0.5,27.6,8.2
2022-09-02,Nakuru,3.1,25.4,11.1
2022-09-03,Nakuru,0.0,99.9,10.2
2022-09-04,Nakuru,0.0,27.2,8.9
2022-09-05,NAKURU,0.0,27.3,10.5
2022-09-06,Nakuru,0.0,24.3,9.7
2022-09-07,Nakuru,0.0,24.8,10.3
2022-09-08,Nakuru,0.5,26.4,8.7
2022-09-09,Nakuru,0.0,24.9,9.4
2022-09-10,Nakuru,0.6,25.3,10.6
2022-09-11,Nakuru,0.0,23.5,9.3
2022-09-12,Nakuru,0.0,25.3,9.8
2022-09-13,Nakuru,0.0,26.4,9.2
2022-09-14,Nakuru,0.0,26.1,11.9
2022-09-15,Nakuru,0.0,25.1,10.3
2022-09-16,Nakuru,0.0,24.7,9.5
2022-09-17,Nakuru,0.0,25.1,9.8
2022-09-18,Nakuru,0.0,27.0,10.0
2022-09-19,Nakuru,0.0,,9.8
2022-09-20,Nakuru,0.0,23.3,12.0
2022-09-21,Nakuru,0.0,24.1,7.8
2022-09-22,Nakuru,0.0,25.5,9.7
2022-09-23,Nakuru,0.0,23.1,10.0
2022-09-24,Nakuru,0.0,25.8,11.9
2022-09-25,NAKURU,0.0,23.2,10.8
2022-09-26,Nakuru,0.0,23.5,11.1
2022-09-27,Nakuru,5.4,22.0,9.8
2022-09-28,Nakuru,0.0,9.3,25.6
2022-09-29,Nakuru,20.4,23.6,9.8
2022-09-30,Nakuru,0.0,23.7,9.4
2022-10-01,Nakuru,0.0,29.2,11.2
2022-10-02,Nakuru,0.0,25.8,9.9
2022-10-03,Nakuru,18.0,23.6,9.6
2022-10-04,Nakuru ,0.0,26.1,10.1
2022-10-05,Nakuru,0.0,23.3,10.6
2022-10-06,Nakuru,0.0,24.2,10.4
2022-10-07,Nakuru,0.0,25.4,8.9
2022-10-08,Nakuru,0.0,23.9,8.2
2022-10-09,Nakuru,0.0,24.9,10.4
2022-10-10,Nakuru,0.0,25.3,9.0
2022-10-11,Nakuru,7.9,23.1,12.7
2022-10-12,Nakuru,0.0,22.9,10.3
2022-10-13,Nakuru,0.0,23.0,10.0
2022-10-14,Nakuru,32.9,20.3,8.8
2022-10-15,Nakuru,0.0,26.8,11.6
2022-10-16,Nakuru,0.0,24.7,9.3
2022-10-17,Nakuru,0.0,26.0,8.4
2022-10-18,Nakuru,0.0,23.9,10.5
2022-10-19,Nakuru ,15.1,22.7,10.5
2022-10-20,Nakuru,20.0,22.7,9.6
2022-10-21,Nakuru,0.0,26.3,9.2
2022-10-22,Nakuru,0.0,25.0,10.1
2022-10-23,Nakuru,0.0,24.7,8.5
2022-10-24,Nakuru,0.0,23.4,11.4
2022-10-25,Nakuru,0.0,23.7,10.2
2022-10-26,Nakuru,0.0,24.9,11.3
2022-10-27,Nakuru,25.7,23.4,8.9
2022-10-28,Nakuru,0.0,23.8,10.4
2022-10-29,Nakuru,0.0,25.6,9.9
2022-10-30,Nakuru,16.4,21.1,9.6
2022-10-31,Nakuru,6.3,23.5,9.2
2022-11-01,Nakuru,0.0,25.6,10.1
2022-11-02,Nakuru,0.0,25.9,9.3
2022-11-03,Nakuru,3.3,22.8,9.2
2022-11-04,Nakuru,0.0,25.9,9.6
2022-11-05,NAKURU,0.0,24.0,9.4
2022-11-06,Nakuru,21.7,22.9,10.9
2022-11-07,Nakuru ,0.0,25.0,9.7
2022-11-08,Nakuru,0.0,24.1,11.0
2022-11-09,Nakuru,0.0,24.7,9.3
2022-11-10,Nakuru,0.0,23.9,8.4
2022-11-11,Nakuru,7.2,20.7,10.5
2022-11-12,Nakuru,0.0,24.7,9.1
2022-11-13,Nakuru,0.0,25.4,8.3
2022-11-14,Nakuru,0.0,24.6,12.0
2022-11-15,NAKURU,0.0,23.9,10.0
2022-11-16,Nakuru,12.5,24.3,8.9
2022-11-17,Nakuru,0.0,23.0,9.8
2022-11-18,Nakuru,0.0,23.7,10.9
2022-11-19,Nakuru,0.0,20.4,10.0
2022-11-20,Nakuru,69.1,22.4,10.2
2022-11-21,Nakuru,0.0,24.1,9.4
2022-11-22,Nakuru,0.0,22.8,11.6
2022-11-23,Nakuru,0.0,22.2,9.0
2022-11-24,nakuru,0.0,25.0,9.6
2022-11-25,Nakuru,0.0,25.2,10.5
2022-11-26,nakuru,0.0,22.8,10.7
2022-11-27,Nakuru,0.0,23.2,8.8
2022-11-28,Nakuru,0.0,22.2,10.7
2022-11-29,Nakuru,0.0,24.8,11.2
2022-11-30,nakuru,0.0,23.8,8.2
2022-12-01,Nakuru,0.0,26.1,8.5
2022-12-02,Nakuru,0.0,24.5,7.5
2022-12-03,Nakuru ,8.6,21.6,11.4
2022-12-04,Nakuru,0.0,25.9,9.3
2022-12-05,Nakuru,0.0,25.4,10.9
2022-12-06,Nakuru,0.0,23.4,9.0
2022-12-07,Nakuru,1.1,27.2,10.3
2022-12-08,Nakuru,0.0,24.8,9.1
2022-12-09,Nakuru,0.0,27.5,9.3
2022-12-10,Nakuru,0.0,24.0,10.3
2022-12-11,Nakuru,0.0,24.3,9.4
2022-12-12,NAKURU,0.0,22.1,9.3
2022-12-13,Nakuru,,23.1,9.6
2022-12-14,Nakuru,0.0,23.2,9.0
2022-12-15,Nakuru,0.0,24.4,10.9
2022-12-16,Nakuru,0.0,24.2,9.2
2022-12-17,nakuru,0.0,24.5,9.0
2022-12-18,Nakuru,0.0,24.6,8.0
2022-12-19,Nakuru,0.0,23.5,9.8
2022-12-20,Nakuru,0.0,24.4,10.3
2022-12-21,nakuru,0.0,21.9,10.9
2022-12-22,Nakuru,0.0,21.9,7.2
2022-12-23,Nakuru,0.0,25.2,10.2
2022-12-24,nakuru,0.0,25.3,11.3
2022-12-25,NAKURU,0.0,23.6,10.2
2022-12-26,Nakuru,11.9,19.1,10.4
2022-12-27,Nakuru,0.0,22.7,10.1
2022-12-28,Nakuru,0.0,24.0,9.0
2022-12-29,nakuru,0.0,24.3,10.2
2022-12-30,Nakuru ,0.0,22.0,9.7
2022-12-31,Nakuru,0.0,21.6,9.7
2023-01-01,Nakuru ,0.0,23.7,8.5
2023-01-02,Nakuru,0.0,23.3,10.2
2023-01-03,nakuru,0.0,26.2,11.1
2023-01-04,Nakuru,0.0,24.5,9.5
2023-01-05,NAKURU,0.0,23.6,10.3
2023-01-06,Nakuru,0.0,23.4,9.7
2023-01-07,Nakuru,0.0,25.5,9.4
2023-01-08,Nakuru,0.0,25.5,7.0
2023-01-09,Nakuru,0.0,23.4,9.1
2023-01-10,Nakuru,0.0,23.2,10.1
2023-01-11,Nakuru,0.0,24.9,10.0
2023-01-12,Nakuru,0.0,23.3,10.0
2023-01-13,Nakuru,2.7,20.8,9.2
2023-01-14,Nakuru,0.0,25.0,9.6
2023-01-15,Nakuru,0.0,22.5,10.1
2023-01-16,Nakuru,0.0,25.7,11.8
2023-01-17,Nakuru,0.0,26.1,9.4
2023-01-18,Nakuru,0.0,27.3,9.0
2023-01-19,Nakuru,0.0,24.2,9.2
2023-01-20,NAKURU,0.0,21.8,9.6
2023-01-21,Nakuru ,0.0,22.4,10.1
2023-01-22,Nakuru,0.0,22.6,9.4
2023-01-23,Nakuru,0.0,27.6,10.9
2023-01-24,Nakuru,0.0,26.3,8.3
2023-01-25,Nakuru,4.8,26.2,9.1
2023-01-26,Nakuru,0.0,23.9,10.4
2023-01-27,Nakuru,0.0,24.5,10.8
2023-01-28,Nakuru,0.0,24.2,8.1
2023-01-29,Nakuru,0.0,22.1,12.7
2023-01-30,Nakuru ,0.0,25.3,9.7
2023-01-31,Nakuru,0.0,23.3,10.4
2023-02-01,Nakuru,0.0,23.6,8.3
2023-02-02,Nakuru,0.0,25.9,8.3
2023-02-03,Nakuru,13.1,24.1,9.4
2023-02-04,Nakuru,6.9,24.4,9.2
2023-02-05,Nakuru,0.0,24.2,12.4
2023-02-06,Nakuru,13.3,21.3,9.5
2023-02-07,Nakuru,16.0,24.1,9.3
2023-02-08,Nakuru,0.0,23.9,9.9
2023-02-09,Nakuru,21.5,20.7,10.7
2023-02-10,Nakuru,-999,23.6,13.3
2023-02-11,Nakuru ,0.0,25.5,10.6
2023-02-12,Nakuru,0.0,23.6,10.5
2023-02-13,Nakuru,0.0,27.1,9.9
2023-02-14,nakuru,0.0,25.5,9.2
2023-02-15,Nakuru,0.0,25.2,10.7
2023-02-16,Nakuru,0.0,22.0,9.8
2023-02-17,Nakuru,0.0,26.3,11.8
2023-02-18,Nakuru,0.0,28.2,11.7
2023-02-19,Nakuru,0.0,27.9,10.3
2023-02-20,Nakuru,0.0,23.6,11.0
2023-02-21,Nakuru,0.0,27.7,9.4
2023-02-22,Nakuru,0.0,23.4,13.6
2023-02-23,Nakuru,0.0,25.2,12.2
2023-02-24,Nakuru,15.4,25.2,10.0
2023-02-25,Nakuru,0.0,27.1,9.9
2023-02-26,Nakuru,1.4,27.0,10.2
2023-02-27,Nakuru,0.0,25.4,7.9
2023-02-28,Nakuru,0.0,27.5,9.7
2023-03-01,Nakuru,0.0,25.3,9.8
2023-03-02,Nakuru,5.5,22.0,10.4
2023-03-03,Nakuru,0.0,,11.3
2023-03-04,Nakuru,0.0,22.0,9.6
2023-03-05,Nakuru,1.6,23.6,9.1
2023-03-06,Nakuru,1.4,25.4,12.0
2023-03-07,Nakuru,0.0,27.0,11.3
2023-03-08,Nakuru,4.4,26.4,11.7
2023-03-09,Nakuru,0.0,30.2,10.0
2023-03-10,Nakuru,0.0,25.7,11.2
2023-03-11,Nakuru,0.0,28.4,8.5
2023-03-12,Nakuru,0.0,22.5,9.3
2023-03-13,Nakuru,0.0,28.1,10.7
2023-03-14,Nakuru,0.0,23.8,12.1
2023-03-15,Nakuru,22.0,25.0,10.3
2023-03-16,Nakuru,0.0,26.1,11.0
2023-03-17,Nakuru,25.9,25.9,10.9
2023-03-18,Nakuru,0.0,25.5,11.7
2023-03-19,Nakuru,0.0,27.2,12.3
2023-03-20,Nakuru,0.0,24.1,10.5
2023-03-21,nakuru,0.0,27.3,10.5
2023-03-22,Nakuru,0.0,27.9,9.8
2023-03-23,nakuru,3.7,27.9,11.7
2023-03-24,Nakuru,0.0,26.0,
2023-03-25,NAKURU,0.0,25.2,9.6
2023-03-26,Nakuru,0.0,23.6,9.8
2023-03-27,Nakuru,12.3,25.9,11.5
2023-03-28,Nakuru,4.8,27.4,13.0
2023-03-29,Nakuru,12.8,22.4,10.0
2023-03-30,NAKURU,0.0,27.0,10.5
2023-03-31,Nakuru,0.0,25.4,10.7
2023-04-01,Nakuru,0.0,25.7,10.9
2023-04-02,NAKURU,0.0,26.1,11.1
2023-04-03,Nakuru,10.8,24.7,11.0
2023-04-04,Nakuru,,26.1,10.0
2023-04-05,Nakuru,0.2,27.7,11.2
2023-04-06,Nakuru,0.0,23.7,9.4
2023-04-07,Nakuru,0.0,28.4,13.1
2023-04-08,Nakuru,0.0,25.4,10.1
2023-04-09,Nakuru,0.0,24.5,10.5
2023-04-10,Nakuru,15.6,26.7,11.2
2023-04-11,Nakuru ,22.8,24.9,12.0
2023-04-12,Nakuru,0.0,27.3,10.4
2023-04-13,Nakuru,13.3,26.1,11.2
2023-04-14,Nakuru,0.8,28.7,12.9
2023-04-15,nakuru,0.0,27.9,10.3
2023-04-16,Nakuru ,0.0,25.1,11.0
2023-04-17,Nakuru,0.0,26.7,11.6
2023-04-18,Nakuru,1.4,25.5,10.9
2023-04-19,Nakuru,0.0,26.8,11.3
2023-04-20,Nakuru,4.4,27.3,10.2
2023-04-21,Nakuru,7.3,23.6,12.0
2023-04-22,Nakuru,7.6,24.0,10.9
2023-04-23,Nakuru,0.0,26.9,11.2
2023-04-24,Nakuru,26.0,25.8,11.3
2023-04-25,Nakuru,17.1,24.4,11.1
2023-04-26,Nakuru,7.9,24.4,13.1
2023-04-27,nakuru,,25.8,10.7
2023-04-28,Nakuru,1.8,23.9,9.8
2023-04-29,Nakuru,0.0,27.2,11.6
2023-04-30,Nakuru,0.0,27.3,11.0
2023-05-01,Nakuru,0.0,28.8,11.9
2023-05-02,Nakuru,4.3,25.3,11.7
2023-05-03,Nakuru,0.0,25.6,10.7
2023-05-04,Nakuru ,trace,28.3,11.4
2023-05-05,Nakuru,6.3,24.0,12.8
2023-05-06,Nakuru,0.0,26.2,11.4
2023-05-07,Nakuru,1.2,26.7,11.0
2023-05-08,Nakuru,0.0,24.6,10.6
2023-05-09,Nakuru,0.0,24.8,11.9
2023-05-10,Nakuru,1.9,26.8,10.1
2023-05-11,Nakuru,6.1,24.6,12.6
2023-05-12,Nakuru,10.0,26.0,10.1
2023-05-13,Nakuru,0.0,25.5,10.8
2023-05-14,Nakuru,0.0,27.6,11.2
2023-05-15,Nakuru,0.0,22.9,12.6
2023-05-16,NAKURU,2.8,24.0,12.3
2023-05-17,Nakuru,8.6,26.5,11.7
2023-05-18,Nakuru,1.6,29.2,10.8
2023-05-19,Nakuru,0.0,27.5,11.8
2023-05-20,NAKURU,trace,25.0,11.8
2023-05-21,Nakuru,0.0,25.2,10.9
2023-05-22,Nakuru,2.9,26.5,11.3
2023-05-23,Nakuru,0.0,27.9,12.3
2023-05-24,Nakuru,0.0,27.2,11.4
2023-05-25,Nakuru,0.0,28.4,10.4
2023-05-26,Nakuru,0.0,27.1,11.1
2023-05-27,Nakuru,1.8,28.3,11.0
2023-05-28,Nakuru,4.6,29.1,12.0
2023-05-29,Nakuru,9.5,24.4,13.0
2023-05-30,Nakuru,0.6,28.4,11.1
2023-05-31,Nakuru,0.0,25.2,11.6
2023-06-01,Nakuru,0.0,27.6,12.1
2023-06-02,Nakuru,0.0,25.3,10.5
2023-06-03,Nakuru,15.4,25.2,12.5
2023-06-04,Nakuru,0.0,25.1,11.6
2023-06-05,Nakuru,4.9,26.3,12.8
2023-06-06,Nakuru,0.9,27.7,11.7
2023-06-07,nakuru,6.9,24.2,14.6
2023-06-08,Nakuru,6.0,26.9,12.9
2023-06-09,Nakuru,0.0,28.5,12.2
2023-06-10,Nakuru,0.0,27.1,12.1
2023-06-11,Nakuru,0.0,26.7,10.8
2023-06-12,Nakuru,4.3,27.6,12.3
2023-06-13,Nakuru,0.0,26.8,12.1
2023-06-14,Nakuru,0.0,26.3,12.8
2023-06-15,Nakuru,0.0,12.1,26.2
2023-06-16,Nakuru,0.0,24.9,10.1
2023-06-17,Nakuru ,0.0,26.5,11.5
2023-06-18,Nakuru,0.0,28.3,10.6
2023-06-19,Nakuru,0.0,28.5,11.5
2023-06-20,Nakuru ,15.4,25.1,11.4
2023-06-21,Nakuru,0.0,27.5,10.0
2023-06-22,Nakuru,0.0,25.5,11.5
2023-06-23,Nakuru,0.0,25.2,12.3
2023-06-24,Nakuru,0.0,25.9,11.9
2023-06-25,Nakuru,0.0,22.9,11.0
2023-06-26,Nakuru,0.0,25.3,11.1
2023-06-27,Nakuru,0.0,28.1,11.1
2023-06-28,Nakuru,0.0,29.9,11.5
2023-06-29,NAKURU,0.0,24.7,11.1
2023-06-30,Nakuru,3.4,29.1,11.3
2023-07-01,Nakuru,0.0,26.9,10.2
2023-07-02,Nakuru,0.0,27.0,8.8
2023-07-03,Nakuru,0.0,25.0,10.8
2023-07-04,Nakuru,0.0,25.5,9.4
2023-07-05,Nakuru,0.0,25.4,12.1
2023-07-06,Nakuru,0.0,27.0,10.4
2023-07-07,Nakuru,15.7,27.1,10.5
2023-07-08,Nakuru,0.0,25.7,10.8
2023-07-09,Nakuru,0.0,26.7,10.1
2023-07-10,nakuru,,27.8,11.9
2023-07-11,Nakuru,46.1,25.0,10.5
2023-07-12,Nakuru,0.0,27.9,13.2
2023-07-13,Nakuru,0.0,25.1,10.9
2023-07-14,Nakuru,0.0,25.0,11.4
2023-07-15,Nakuru,0.0,25.6,10.6
2023-07-16,Nakuru,0.0,26.1,9.6
2023-07-17,Nakuru,0.0,28.6,9.1
2023-07-18,Nakuru,0.0,27.8,12.3
2023-07-19,Nakuru,6.7,28.5,12.8
2023-07-20,Nakuru,0.0,27.7,11.2
2023-07-21,Nakuru,0.0,25.0,12.5
2023-07-22,Nakuru,10.7,23.4,11.6
2023-07-23,Nakuru,0.0,25.9,10.5
2023-07-24,Nakuru,0.0,24.3,12.9
2023-07-25,Nakuru,0.0,27.1,10.0
2023-07-26,Nakuru ,46.5,25.3,10.7
2023-07-27,Nakuru,0.0,26.1,11.3
2023-07-28,Nakuru,0.0,28.2,10.5
2023-07-29,Nakuru,0.0,25.3,11.1
2023-07-30,Nakuru ,,25.2,11.5
2023-07-31,Nakuru,0.0,27.1,9.4
2023-08-01,Nakuru,0.0,26.8,10.5
2023-08-02,NAKURU,0.0,28.4,9.5
2023-08-03,Nakuru ,11.3,26.7,11.8
2023-08-04,Nakuru,0.0,28.1,10.1
2023-08-05,Nakuru,0.0,26.0,10.8
2023-08-06,Nakuru,0.0,25.2,10.4
2023-08-07,Nakuru,0.0,24.7,11.1
2023-08-08,NAKURU,20.8,23.6,12.2
2023-08-09,NAKURU,0.0,,10.1
2023-08-10,Nakuru,0.0,27.3,12.6
2023-08-11,Nakuru,0.0,27.8,12.8
2023-08-12,Nakuru,0.0,24.8,10.1
2023-08-13,Nakuru,1.3,27.0,11.0
2023-08-14,Nakuru,0.0,25.7,10.1
2023-08-15,Nakuru,0.0,27.1,10.4
2023-08-16,Nakuru,31.6,22.7,9.5
2023-08-17,Nakuru,26.1,24.0,11.0
2023-08-18,Nakuru,0.0,28.8,12.9
2023-08-19,Nakuru,0.0,24.7,11.5
2023-08-20,Nakuru,0.0,24.3,9.8
2023-08-21,NAKURU,0.0,26.1,11.2
2023-08-22,nakuru,22.6,,9.7
2023-08-23,Nakuru,0.0,26.6,9.6
2023-08-24,Nakuru,0.0,26.3,10.9
2023-08-25,Nakuru,0.0,26.1,10.6
2023-08-26,Nakuru,0.0,22.8,10.5
2023-08-27,Nakuru ,0.0,25.5,10.5
2023-08-28,Nakuru,0.0,27.7,11.3
2023-08-29,Nakuru,0.0,27.1,10.6
2023-08-30,Nakuru,0.0,,10.4
2023-08-31,Nakuru,0.0,28.9,9.0
2023-09-01,Nakuru,0.0,24.6,10.7
2023-09-02,Nakuru,0.0,24.1,10.4
2023-09-03,Nakuru,-999,,8.7
2023-09-04,Nakuru,0.0,24.4,9.1
2023-09-05,nakuru,11.6,24.7,11.6
2023-09-06,Nakuru,0.0,27.3,11.2
2023-09-07,Nakuru,0.0,23.9,9.2
2023-09-08,Nakuru,0.0,25.8,9.4
2023-09-09,nakuru,0.0,26.3,11.1
2023-09-10,Nakuru,0.0,23.6,9.9
2023-09-11,Nakuru,0.0,23.3,10.2
2023-09-12,Nakuru,0.0,24.9,8.5
2023-09-13,Nakuru,0.0,24.9,10.2
2023-09-14,Nakuru,0.0,26.3,10.9
2023-09-15,Nakuru,0.0,24.5,9.7
2023-09-16,Nakuru,0.0,26.1,10.5
2023-09-17,Nakuru,0.0,23.0,9.2
2023-09-18,Nakuru,0.0,24.7,8.7
2023-09-19,Nakuru,6.4,23.7,11.1
2023-09-20,Nakuru,4.5,23.2,9.7
2023-09-21,Nakuru,0.0,21.8,11.1
2023-09-22,Nakuru,0.0,23.5,9.3
2023-09-23,Nakuru,0.0,25.1,11.6
2023-09-24,Nakuru,0.0,25.3,9.5
2023-09-25,Nakuru,0.0,24.7,9.9
2023-09-26,Nakuru,0.0,27.1,10.6
2023-09-27,Nakuru,0.0,27.0,9.3
2023-09-28,nakuru,0.0,24.7,8.7
2023-09-29,Nakuru,0.0,24.7,9.7
2023-09-30,Nakuru,0.0,21.7,11.3
2023-10-01,Nakuru,0.0,24.5,10.2
2023-10-02,Nakuru ,0.0,25.3,10.7
2023-10-03,nakuru,0.0,26.1,9.9
2023-10-04,Nakuru,0.0,22.6,8.0
2023-10-05,Nakuru,0.0,27.3,9.7
2023-10-06,Nakuru,0.0,26.9,9.3
2023-10-07,Nakuru,0.0,25.2,9.3
2023-10-08,Nakuru,0.0,24.6,10.1
2023-10-09,Nakuru,0.0,23.9,10.0
2023-10-10,Nakuru,6.6,24.1,9.2
2023-10-11,Nakuru,0.0,25.7,11.5
2023-10-12,Nakuru,0.0,24.4,10.3
2023-10-13,Nakuru,0.0,23.7,10.1
2023-10-14,Nakuru,13.7,22.0,9.7
2023-10-15,Nakuru ,0.0,26.5,11.3
2023-10-16,Nakuru,0.0,25.7,9.6
2023-10-17,Nakuru,0.0,25.4,11.6
2023-10-18,Nakuru,28.1,21.7,11.1
2023-10-19,NAKURU,0.0,23.9,9.2
2023-10-20,Nakuru,2.3,25.0,8.7
2023-10-21,Nakuru,0.0,23.9,9.2
2023-10-22,Nakuru,0.0,23.9,10.1
2023-10-23,Nakuru,0.0,22.2,7.0
2023-10-24,Nakuru,0.0,22.0,10.3
2023-10-25,Nakuru,23.4,23.6,10.0
2023-10-26,Nakuru,25.1,22.8,10.9
2023-10-27,Nakuru,0.0,26.8,9.3
2023-10-28,Nakuru,1.6,23.0,9.4
2023-10-29,Nakuru,20.5,20.7,9.5
2023-10-30,Nakuru,0.0,23.4,10.5
2023-10-31,Nakuru,12.1,21.9,9.4
2023-11-01,Nakuru,0.0,24.8,8.6
2023-11-02,Nakuru,0.0,24.4,8.0
2023-11-03,Nakuru,4.5,21.6,9.7
2023-11-04,Nakuru,8.2,22.5,9.1
2023-11-05,Nakuru,0.0,25.3,8.5
2023-11-06,Nakuru,0.0,24.3,11.3
2023-11-07,Nakuru,5.3,22.7,10.3
2023-11-08,Nakuru,9.3,23.1,8.4
2023-11-09,Nakuru,15.2,21.7,8.3
2023-11-10,Nakuru,0.0,24.8,10.9
2023-11-11,Nakuru,2.8,24.1,11.2
2023-11-12,Nakuru,7.5,22.1,9.3
2023-11-13,Nakuru,9.6,24.7,10.4
2023-11-14,Nakuru,5.2,22.3,8.8
2023-11-15,Nakuru,20.5,20.4,10.1
2023-11-16,Nakuru,1.1,22.8,8.9
2023-11-17,Nakuru,0.0,23.3,9.3
2023-11-18,Nakuru,0.0,24.3,8.7
2023-11-19,Nakuru,0.0,23.6,
2023-11-20,Nakuru,0.0,25.5,9.3
2023-11-21,Nakuru,0.0,26.5,8.8
2023-11-22,Nakuru,0.0,26.6,9.6
2023-11-23,NAKURU,20.9,20.8,10.2
2023-11-24,Nakuru,0.0,24.3,10.4
2023-11-25,Nakuru,0.0,25.9,8.7
2023-11-26,Nakuru,4.4,25.2,10.6
2023-11-27,NAKURU,0.0,24.5,9.6
2023-11-28,Nakuru,2.5,20.6,9.5
2023-11-29,Nakuru,0.0,24.0,8.4
2023-11-30,nakuru,2.4,27.2,
2023-12-01,Nakuru,0.0,25.2,10.1
2023-12-02,Nakuru,0.0,24.3,8.8
2023-12-03,Nakuru,36.7,21.2,9.1
2023-12-04,Nakuru,4.5,23.9,8.9
2023-12-05,Nakuru,0.0,23.2,9.3
2023-12-06,Nakuru,4.3,26.9,9.0
2023-12-07,Nakuru,0.0,23.4,9.4
2023-12-08,Nakuru,0.0,21.0,8.7
2023-12-09,Nakuru,0.0,22.1,9.5
2023-12-10,Nakuru,4.7,20.9,9.0
2023-12-11,NAKURU,0.0,20.7,10.1
2023-12-12,Nakuru,,22.8,9.5
2023-12-13,Nakuru,0.0,23.2,10.6
2023-12-14,Nakuru,0.0,23.5,11.7
2023-12-15,Nakuru,0.0,23.7,8.4
2023-12-16,Nakuru,0.0,24.1,8.9
2023-12-17,Nakuru,0.0,25.7,10.2
2023-12-18,NAKURU,5.9,23.9,10.2
2023-12-19,NAKURU,0.0,24.7,10.3
2023-12-20,Nakuru,0.0,23.8,10.7
2023-12-21,Nakuru,0.0,26.1,9.8
2023-12-22,Nakuru,0.0,23.6,8.5
2023-12-23,Nakuru,0.0,26.9,11.0
2023-12-24,Nakuru,0.0,25.7,9.9
2023-12-25,Nakuru,0.0,25.0,9.7
2023-12-26,nakuru,0.0,21.5,
2023-12-27,Nakuru,0.0,23.2,10.2
2023-12-28,Nakuru,0.0,22.8,10.1
2023-12-29,Nakuru,0.0,22.1,9.9
2023-12-30,Nakuru,0.0,23.4,8.7
2023-12-31,Nakuru,0.0,24.2,11.0
2024-01-01,Nakuru,0.0,24.3,9.1
2024-01-02,NAKURU,2.4,25.1,10.1
2024-01-03,Nakuru,0.0,24.0,10.9
2024-01-04,Nakuru,0.0,23.1,9.2
2024-01-05,Nakuru,0.0,24.8,9.4
2024-01-06,Nakuru,0.0,23.3,10.3
2024-01-07,Nakuru,0.0,24.5,10.8
2024-01-08,Nakuru,16.2,20.3,10.9
2024-01-09,Nakuru,0.0,26.2,8.5
2024-01-10,Nakuru,1.3,25.8,10.5
2024-01-11,Nakuru,0.0,23.4,10.2
2024-01-12,Nakuru,0.0,23.7,8.2
2024-01-13,Nakuru ,0.0,25.5,8.7
2024-01-14,Nakuru,0.0,25.7,9.7
2024-01-15,Nakuru ,0.0,23.1,10.2
2024-01-16,NAKURU,0.0,24.4,11.6
2024-01-17,Nakuru,0.0,27.0,10.6
2024-01-18,Nakuru,0.0,24.3,10.8
2024-01-19,Nakuru ,0.0,23.5,9.8
2024-01-20,Nakuru,0.0,23.8,10.3
2024-01-21,Nakuru,5.5,23.5,11.1
2024-01-22,Nakuru,0.0,24.6,9.7
2024-01-23,Nakuru,0.0,22.8,9.3
2024-01-24,Nakuru,0.0,26.4,9.9
2024-01-25,Nakuru,13.1,23.0,9.5
2024-01-26,Nakuru,0.0,23.3,8.6
2024-01-27,NAKURU,0.0,23.0,8.5
2024-01-28,Nakuru,0.0,22.9,
2024-01-29,Nakuru,0.0,26.9,8.8
2024-01-30,Nakuru,0.0,23.4,9.4
2024-01-31,Nakuru,5.1,24.4,9.6
2024-02-01,NAKURU,0.0,25.6,9.3
2024-02-02,Nakuru,0.0,24.6,8.7
2024-02-03,Nakuru,0.0,24.3,10.6
2024-02-04,Nakuru,0.0,25.4,10.3
2024-02-05,Nakuru,0.0,24.9,10.6
2024-02-06,nakuru,0.0,23.5,11.1
2024-02-07,Nakuru,0.0,23.6,10.9
2024-02-08,Nakuru,0.0,26.0,9.4
2024-02-09,Nakuru,0.0,23.4,10.9
2024-02-10,Nakuru,0.0,26.6,9.8
2024-02-11,Nakuru,19.0,22.1,12.0
2024-02-12,Nakuru,0.0,24.9,9.5
2024-02-13,Nakuru,0.0,25.9,10.2
2024-02-14,Nakuru,0.0,27.0,8.9
2024-02-15,Nakuru,0.0,26.5,10.3
2024-02-16,Nakuru,0.0,24.1,11.4
2024-02-17,Nakuru,0.0,26.5,12.2
2024-02-18,Nakuru,0.0,25.6,9.0
2024-02-19,Nakuru,0.0,24.2,10.6
2024-02-20,Nakuru,0.0,27.7,10.7
2024-02-21,Nakuru,0.0,26.0,10.3
2024-02-22,Nakuru,0.0,27.1,11.0
2024-02-23,Nakuru ,2.1,25.3,
2024-02-24,Nakuru,0.0,24.8,9.1
2024-02-25,Nakuru,0.0,23.6,9.8
2024-02-26,Nakuru,0.0,25.7,11.7
2024-02-27,Nakuru,0.0,23.1,10.0
2024-02-28,Nakuru,0.0,25.7,11.6
2024-02-29,Nakuru,0.0,24.0,11.2
2024-03-01,Nakuru,0.0,26.1,7.7
2024-03-02,Nakuru,6.5,23.7,9.6
2024-03-03,Nakuru,0.0,23.2,10.9
2024-03-04,Nakuru,0.5,24.6,11.0
2024-03-05,Nakuru,10.7,24.0,12.0
2024-03-06,Nakuru,1.6,25.9,11.0
2024-03-07,Nakuru,0.0,27.1,12.2
2024-03-08,Nakuru,0.5,25.7,10.1
2024-03-09,Nakuru,0.0,25.1,10.8
2024-03-10,nakuru,0.0,26.9,11.4
2024-03-11,Nakuru,0.0,26.7,10.9
2024-03-12,Nakuru,41.4,25.8,11.3
2024-03-13,Nakuru,3.7,26.2,9.7
2024-03-14,Nakuru,0.0,25.5,10.9
2024-03-15,NAKURU,0.0,25.5,10.8
2024-03-16,Nakuru,12.2,22.1,11.2
2024-03-17,Nakuru,0.0,27.8,10.0
2024-03-18,Nakuru,0.0,24.9,12.1
2024-03-19,Nakuru,0.0,29.8,11.3
2024-03-20,Nakuru,0.0,25.4,10.0
2024-03-21,Nakuru,0.0,26.0,11.7
2024-03-22,Nakuru,0.0,27.9,10.9
2024-03-23,Nakuru,0.0,29.1,11.6
2024-03-24,Nakuru,14.1,24.8,11.8
2024-03-25,Nakuru,0.0,26.8,10.1
2024-03-26,Nakuru,12.9,24.5,10.7
2024-03-27,Nakuru,4.1,27.2,10.2
2024-03-28,Nakuru,0.0,25.2,12.2
2024-03-29,Nakuru,0.0,24.4,11.3
2024-03-30,Nakuru,2.1,25.6,11.6
2024-03-31,Nakuru ,0.0,26.8,11.6
2024-04-01,Nakuru,0.0,24.9,10.6
2024-04-02,Nakuru,8.6,23.9,10.9
2024-04-03,Nakuru,0.0,28.0,11.2
2024-04-04,Nakuru,0.0,25.8,10.8
2024-04-05,nakuru,19.6,24.0,10.6
2024-04-06,Nakuru,0.0,25.9,10.6
2024-04-07,Nakuru,0.0,26.6,10.0
2024-04-08,Nakuru,8.9,22.4,10.4
2024-04-09,Nakuru,7.0,24.2,
2024-04-10,Nakuru,12.2,23.2,9.6
2024-04-11,Nakuru,11.7,23.2,11.6
2024-04-12,Nakuru,8.8,22.0,11.9
2024-04-13,Nakuru,0.0,27.2,10.2
2024-04-14,Nakuru,0.0,24.9,11.1
2024-04-15,Nakuru,26.8,24.1,11.7
2024-04-16,NAKURU,4.1,28.8,10.0
2024-04-17,Nakuru,0.0,26.6,13.8
2024-04-18,Nakuru,10.8,26.1,11.7
2024-04-19,Nakuru,6.7,23.8,11.8
2024-04-20,Nakuru,0.0,26.7,12.8
2024-04-21,Nakuru,0.0,27.0,12.4
2024-04-22,nakuru,10.1,25.2,11.9
2024-04-23,Nakuru,3.5,26.9,12.1
2024-04-24,Nakuru,0.0,26.6,12.2
2024-04-25,Nakuru,trace,26.0,10.8
2024-04-26,Nakuru,0.0,24.9,11.5
2024-04-27,Nakuru,9.1,24.7,10.8
2024-04-28,NAKURU,trace,28.0,11.1
2024-04-29,Nakuru,0.0,24.6,11.7
2024-04-30,Nakuru,5.1,21.5,9.8
2024-05-01,Nakuru,0.0,25.8,11.5
2024-05-02,Nakuru,1.9,25.5,11.9
2024-05-03,nakuru,0.0,26.8,11.6
2024-05-04,Nakuru,0.0,28.2,10.0
2024-05-05,Nakuru,10.5,23.8,11.5
2024-05-06,Nakuru,,27.9,12.6
2024-05-07,Nakuru,16.4,24.3,12.6
2024-05-08,Nakuru,7.1,23.7,11.5
2024-05-09,Nakuru,0.0,27.3,10.1
2024-05-10,nakuru,0.0,11.4,26.9
2024-05-11,Nakuru,trace,26.7,10.1
2024-05-12,Nakuru,0.0,25.8,11.6
2024-05-13,Nakuru,1.7,28.8,10.8
2024-05-14,Nakuru,1.2,27.7,11.6
2024-05-15,Nakuru,13.0,26.9,10.5
2024-05-16,Nakuru,0.0,26.1,11.8
2024-05-17,Nakuru,4.4,29.4,11.5
2024-05-18,Nakuru,0.0,26.8,10.5
2024-05-19,Nakuru,0.0,27.5,12.7
2024-05-20,Nakuru ,4.6,24.6,10.6
2024-05-21,Nakuru,0.0,28.7,12.4
2024-05-22,Nakuru,3.1,26.5,10.3
2024-05-23,Nakuru,10.2,26.0,9.9
2024-05-24,Nakuru,0.0,23.8,11.1
2024-05-25,Nakuru,0.0,26.6,12.3
2024-05-26,Nakuru,7.3,24.6,
2024-05-27,Nakuru,8.7,26.2,12.0
2024-05-28,Nakuru,17.3,26.7,10.7
2024-05-29,Nakuru,0.0,27.0,12.1
2024-05-30,Nakuru,39.7,26.2,
2024-05-31,Nakuru,10.2,26.3,12.0
2024-06-01,nakuru,0.0,28.4,10.4
2024-06-02,NAKURU,0.0,29.8,11.2
2024-06-03,Nakuru,0.0,29.3,11.5
2024-06-04,Nakuru,28.7,24.5,10.4
2024-06-05,Nakuru,12.2,25.9,9.6
2024-06-06,Nakuru,4.2,25.6,11.3
2024-06-07,Nakuru,0.0,24.9,11.2
2024-06-08,Nakuru,0.0,27.7,11.2
2024-06-09,Nakuru,9.7,27.0,12.7
2024-06-10,nakuru,0.0,27.8,12.5
2024-06-11,NAKURU,7.8,23.3,12.8
2024-06-12,Nakuru,0.0,27.2,12.3
2024-06-13,Nakuru,0.0,26.0,10.2
2024-06-14,Nakuru,0.0,25.3,9.4
2024-06-15,Nakuru,0.0,25.7,
2024-06-16,Nakuru,0.0,28.2,12.6
2024-06-17,Nakuru,0.0,27.0,12.2
2024-06-18,Nakuru,0.0,25.7,11.3
2024-06-19,Nakuru,0.0,30.0,12.0
2024-06-20,Nakuru,6.7,23.9,10.6
2024-06-21,nakuru,6.6,26.1,12.0
2024-06-22,Nakuru,0.0,28.1,12.7
2024-06-23,Nakuru,0.0,25.8,12.1
2024-06-24,Nakuru ,0.0,24.7,12.1
2024-06-25,Nakuru,0.0,26.1,10.8
2024-06-26,Nakuru,0.0,27.4,11.7
2024-06-27,Nakuru,0.0,26.0,11.1
2024-06-28,Nakuru,0.0,27.5,11.3
2024-06-29,Nakuru,0.0,27.5,11.2
2024-06-30,Nakuru,0.0,29.7,11.5
2024-07-01,Nakuru,0.0,26.2,11.4
2024-07-02,Nakuru,0.0,26.3,10.6
2024-07-03,Nakuru,0.0,27.3,10.7
2024-07-04,Nakuru,0.0,26.4,11.6
2024-07-05,Nakuru,0.0,25.3,12.2
2024-07-06,Nakuru,26.9,24.9,12.2
2024-07-07,nakuru,0.0,25.9,13.0
2024-07-08,Nakuru,0.0,26.7,9.9
2024-07-09,Nakuru,73.8,25.1,12.0
2024-07-10,Nakuru ,0.0,26.4,11.2
2024-07-11,Nakuru,0.0,26.6,10.7
2024-07-12,Nakuru,0.0,25.9,12.7
2024-07-13,Nakuru,26.2,24.1,10.7
2024-07-14,Nakuru,0.9,26.8,11.1
2024-07-15,nakuru,0.0,28.0,11.9
2024-07-16,Nakuru,0.0,27.0,11.3
2024-07-17,Nakuru,0.0,26.5,10.4
2024-07-18,Nakuru,0.0,25.2,10.6
2024-07-19,Nakuru,0.0,25.0,12.7
2024-07-20,Nakuru,0.0,25.6,9.8
2024-07-21,Nakuru,0.0,25.1,13.0
2024-07-22,NAKURU,0.0,25.3,10.6
2024-07-23,Nakuru,0.0,25.3,12.8
2024-07-24,Nakuru,0.0,,11.7
2024-07-25,Nakuru,0.0,26.8,12.6
2024-07-26,Nakuru,0.0,26.1,13.3
2024-07-27,Nakuru,0.0,27.2,10.1
2024-07-28,Nakuru,0.0,27.5,10.1
2024-07-29,Nakuru,0.0,25.3,10.8
2024-07-30,nakuru,0.0,28.1,10.4
2024-07-31,Nakuru,0.0,26.3,11.3
2024-08-01,Nakuru,6.0,25.5,10.3
2024-08-02,Nakuru,0.0,26.9,13.1
2024-08-03,Nakuru,0.0,26.3,11.2
2024-08-04,Nakuru,4.4,26.2,11.7
2024-08-05,Nakuru,0.0,27.7,13.4
2024-08-06,Nakuru,0.0,28.4,11.5
2024-08-07,Nakuru,0.0,25.7,10.4
2024-08-08,Nakuru,0.0,25.1,9.4
2024-08-09,Nakuru,0.0,25.9,11.2
2024-08-10,Nakuru,0.0,23.7,
2024-08-11,Nakuru,0.0,25.6,10.3
2024-08-12,Nakuru,33.2,26.2,10.7
2024-08-13,Nakuru,0.0,26.4,10.4
2024-08-14,Nakuru,0.0,25.5,11.6
2024-08-15,Nakuru,19.3,23.6,10.8
2024-08-16,Nakuru,0.0,25.4,10.5
2024-08-17,Nakuru,0.0,25.8,8.6
2024-08-18,Nakuru,1.6,27.8,10.8
2024-08-19,Nakuru,0.0,26.2,9.5
2024-08-20,Nakuru,0.0,26.4,11.5
2024-08-21,Nakuru,0.0,24.0,11.2
2024-08-22,nakuru,0.0,23.9,10.5
2024-08-23,nakuru,15.0,23.0,11.8
2024-08-24,Nakuru,0.0,27.0,11.4
2024-08-25,Nakuru,trace,25.8,11.3
2024-08-26,Nakuru,0.0,26.4,10.1
2024-08-27,Nakuru,25.3,,12.0
2024-08-28,Nakuru ,1.0,26.7,10.7
2024-08-29,Nakuru,0.0,26.0,10.2
2024-08-30,Nakuru,8.5,26.2,9.3
2024-08-31,Nakuru,0.0,26.8,8.3
2024-09-01,Nakuru,0.0,25.1,9.6
2024-09-02,Nakuru,0.0,25.6,10.0
2024-09-03,Nakuru,0.0,26.6,10.7
2024-09-04,Nakuru,0.0,26.5,10.6
2024-09-05,Nakuru,0.0,25.0,9.5
2024-09-06,Nakuru,0.0,26.2,10.8
2024-09-07,Nakuru,27.7,24.8,11.1
2024-09-08,Nakuru,3.6,26.3,9.2
2024-09-09,Nakuru,0.0,24.1,10.5
2024-09-10,Nakuru,0.0,24.0,9.6
2024-09-11,Nakuru,0.0,25.1,9.9
2024-09-12,Nakuru,0.0,23.5,9.1
2024-09-13,NAKURU,0.0,26.4,8.4
2024-09-14,Nakuru,20.9,23.9,8.7
2024-09-15,Nakuru,0.0,28.0,11.1
2024-09-16,Nakuru,0.0,23.9,8.5
2024-09-17,NAKURU,0.0,24.9,10.3
2024-09-18,Nakuru,0.0,25.7,11.1
2024-09-19,Nakuru,0.0,21.0,11.4
2024-09-20,Nakuru,0.0,24.1,10.2
2024-09-21,Nakuru,0.0,23.8,9.5
2024-09-22,Nakuru,0.0,27.2,14.0
2024-09-23,Nakuru,0.0,25.0,10.2
2024-09-24,Nakuru,0.0,24.2,8.0
2024-09-25,Nakuru,,20.9,11.8
2024-09-26,Nakuru,0.0,27.2,10.2
2024-09-27,Nakuru,21.8,20.9,8.7
2024-09-28,Nakuru,0.0,23.6,8.6
2024-09-29,Nakuru,0.0,24.8,9.6
2024-09-30,Nakuru,0.0,24.2,12.4
2024-10-01,Nakuru,1.0,25.1,10.5
2024-10-02,nakuru,0.0,24.8,8.8
2024-10-03,Nakuru,0.0,25.2,8.4
2024-10-04,Nakuru,0.0,25.8,10.6
2024-10-05,Nakuru,19.3,24.8,8.1
2024-10-06,Nakuru,,24.2,10.1
2024-10-07,Nakuru,,21.3,
2024-10-08,Nakuru,6.9,21.8,9.9
2024-10-09,Nakuru,13.0,24.1,11.0
2024-10-10,Nakuru,14.2,22.1,10.2
2024-10-11,Nakuru,0.0,24.3,9.3
2024-10-12,Nakuru,0.0,25.0,9.4
2024-10-13,nakuru,0.0,26.4,8.5
2024-10-14,Nakuru,0.0,24.2,11.0
2024-10-15,Nakuru,16.5,22.5,10.3
2024-10-16,Nakuru,2.8,24.5,11.3
2024-10-17,Nakuru,0.0,25.4,8.0
2024-10-18,Nakuru,27.7,24.2,10.0
2024-10-19,Nakuru,24.8,25.4,8.6
2024-10-20,Nakuru,2.5,24.9,8.5
2024-10-21,Nakuru,0.0,23.2,9.7
2024-10-22,Nakuru,0.0,25.0,9.5
2024-10-23,Nakuru,15.3,18.6,10.0
2024-10-24,Nakuru,0.0,20.6,10.0
2024-10-25,Nakuru,41.8,20.8,11.1
2024-10-26,Nakuru,0.0,24.3,10.1
2024-10-27,nakuru,0.0,23.1,11.2
2024-10-28,Nakuru,4.6,26.1,10.2
2024-10-29,Nakuru,9.5,24.6,9.4
2024-10-30,Nakuru,0.0,25.4,10.4
2024-10-31,Nakuru,0.0,23.9,7.8
2024-11-01,Nakuru,0.3,23.5,8.1
2024-11-02,Nakuru,0.0,24.4,7.4
2024-11-03,Nakuru ,3.1,26.7,8.3
2024-11-04,nakuru,0.0,22.1,9.3
2024-11-05,Nakuru,0.0,23.4,10.3
2024-11-06,Nakuru,0.0,24.6,9.2
2024-11-07,nakuru,0.0,24.7,9.6
2024-11-08,Nakuru,0.0,23.0,
2024-11-09,Nakuru,0.0,24.0,10.8
2024-11-10,Nakuru,0.0,24.4,9.1
2024-11-11,Nakuru,10.2,21.2,9.9
2024-11-12,Nakuru,0.0,25.3,9.0
2024-11-13,Nakuru,0.0,24.0,9.1
2024-11-14,Nakuru,0.0,26.1,8.9
2024-11-15,Nakuru,32.8,22.2,
2024-11-16,Nakuru,0.0,25.8,7.6
2024-11-17,Nakuru,0.5,23.5,9.7
2024-11-18,Nakuru,0.0,24.9,11.2
2024-11-19,Nakuru,0.0,20.9,9.3
2024-11-20,Nakuru,0.0,23.5,11.9
2024-11-21,NAKURU,1.0,22.7,9.3
2024-11-22,Nakuru,0.0,25.8,8.8
2024-11-23,Nakuru,0.0,24.9,7.6
2024-11-24,Nakuru,0.0,24.6,9.1
2024-11-25,Nakuru,0.0,22.0,10.3
2024-11-26,Nakuru ,0.0,24.6,12.1
2024-11-27,Nakuru ,0.0,24.2,9.1
2024-11-28,Nakuru,1.3,22.4,8.6
2024-11-29,Nakuru,8.4,22.6,9.8
2024-11-30,Nakuru,0.0,25.8,9.7
2024-12-01,Nakuru,0.0,23.7,9.3
2024-12-02,Nakuru,0.0,25.5,10.1
2024-12-03,Nakuru,0.0,24.6,9.9
2024-12-04,Nakuru,4.7,24.3,6.0
2024-12-05,Nakuru,0.0,23.3,10.9
2024-12-06,Nakuru,0.0,25.5,9.8
2024-12-07,Nakuru,0.0,22.1,9.5
2024-12-08,nakuru,0.0,25.3,9.0
2024-12-09,NAKURU,3.6,23.5,
2024-12-10,Nakuru,0.0,23.4,8.8
2024-12-11,Nakuru,0.0,24.0,10.5
2024-12-12,Nakuru,0.0,22.9,7.9
2024-12-13,Nakuru,0.0,26.5,10.5
2024-12-14,Nakuru,0.0,23.1,9.5
2024-12-15,Nakuru,0.0,27.4,8.3
2024-12-16,Nakuru,0.0,24.2,10.1
2024-12-17,NAKURU,0.0,22.4,8.5
2024-12-18,NAKURU,0.0,23.1,10.7
2024-12-19,NAKURU,0.0,23.6,11.2
2024-12-20,Nakuru,0.0,23.3,10.8
2024-12-21,Nakuru,0.0,21.6,9.3
2024-12-22,Nakuru,0.0,23.6,8.5
2024-12-23,Nakuru,12.9,25.2,8.8
2024-12-24,Nakuru,0.0,21.7,7.9
2024-12-25,Nakuru,0.0,24.0,9.6
2024-12-26,Nakuru,15.2,23.0,8.5
2024-12-27,Nakuru,11.7,22.3,9.1
2024-12-28,Nakuru,0.0,25.3,10.0
2024-12-29,Nakuru,0.0,23.0,8.4
2024-12-30,Nakuru,-999,24.8,8.2
2024-12-31,Nakuru,0.0,24.5,10.6
2025-01-01,Nakuru,0.0,24.4,
2025-01-02,Nakuru,0.0,21.8,10.2
2025-01-03,Nakuru,0.0,24.7,9.4
2025-01-04,Nakuru,,27.1,9.1
2025-01-05,Nakuru,0.0,24.6,8.7
2025-01-06,Nakuru,0.0,22.5,10.2
2025-01-07,Nakuru,16.7,25.2,10.6
2025-01-08,Nakuru,0.0,24.6,9.3
2025-01-09,Nakuru,0.0,25.3,8.8
2025-01-10,Nakuru,0.0,24.5,10.4
2025-01-11,Nakuru,0.0,20.6,9.6
2025-01-12,Nakuru,0.0,24.7,9.1
2025-01-13,Nakuru,0.0,25.1,10.6
2025-01-14,Nakuru,0.0,27.3,9.8
2025-01-15,Nakuru,0.0,26.2,10.4
2025-01-16,Nakuru,0.0,26.0,9.8
2025-01-17,Nakuru,0.0,23.3,10.8
2025-01-18,Nakuru ,0.0,24.5,9.8
2025-01-19,Nakuru,0.0,23.5,10.1
2025-01-20,Nakuru,0.0,23.7,9.7
2025-01-21,Nakuru,0.0,25.7,11.6
2025-01-22,Nakuru,0.0,26.2,10.1
2025-01-23,Nakuru,0.0,24.6,9.7
2025-01-24,Nakuru,,22.8,10.4
2025-01-25,Nakuru,,25.1,8.3
2025-01-26,Nakuru,0.0,26.2,9.9
2025-01-27,Nakuru,0.0,25.0,10.7
2025-01-28,Nakuru,0.0,24.6,10.5
2025-01-29,Nakuru,0.0,25.5,10.7
2025-01-30,Nakuru,3.3,25.4,11.5
2025-01-31,Nakuru ,0.0,26.1,9.0
2025-02-01,Nakuru,0.0,24.9,10.8
2025-02-02,Nakuru,0.0,26.7,12.6
2025-02-03,Nakuru,0.0,27.3,10.0
2025-02-04,nakuru,0.0,24.1,9.3
2025-02-05,Nakuru,0.0,25.3,10.5
2025-02-06,Nakuru,0.0,24.9,12.3
2025-02-07,Nakuru,0.0,26.8,7.9
2025-02-08,Nakuru,10.0,22.1,11.1
2025-02-09,Nakuru,0.0,24.5,8.7
2025-02-10,nakuru,0.0,23.6,9.6
2025-02-11,Nakuru ,0.0,25.3,10.1
2025-02-12,Nakuru,0.0,25.3,9.0
2025-02-13,Nakuru ,0.0,25.6,10.7
2025-02-14,Nakuru,0.0,25.1,8.9
2025-02-15,Nakuru,0.0,24.6,9.2
2025-02-16,Nakuru,0.0,27.2,11.2
2025-02-17,Nakuru,0.7,24.4,11.8
2025-02-18,Nakuru,0.0,24.4,11.2
2025-02-19,Nakuru,0.0,23.1,10.8
2025-02-20,Nakuru,4.0,25.5,10.5
2025-02-21,Nakuru,0.0,23.5,10.9
2025-02-22,Nakuru,0.0,25.0,10.5
2025-02-23,Nakuru,0.0,24.3,10.7
2025-02-24,Nakuru,0.0,24.5,11.3
2025-02-25,Nakuru ,0.0,27.6,11.6
2025-02-26,Nakuru,0.0,25.8,9.1
2025-02-27,Nakuru,0.0,26.4,9.3
2025-02-28,Nakuru,0.0,24.5,8.3
2025-03-01,nakuru,0.0,25.2,11.6
2025-03-02,Nakuru,22.2,23.1,10.5
2025-03-03,Nakuru,0.0,22.7,10.1
2025-03-04,Nakuru,0.0,24.8,10.2
2025-03-05,Nakuru,0.0,24.2,10.3
2025-03-06,Nakuru,0.0,28.3,11.4
2025-03-07,Nakuru,0.0,25.2,10.3
2025-03-08,Nakuru,0.0,27.5,12.5
2025-03-09,Nakuru,32.6,25.5,12.2
2025-03-10,Nakuru,0.0,25.4,11.3
2025-03-11,Nakuru,2.0,25.5,10.1
2025-03-12,Nakuru,5.2,22.7,10.8
2025-03-13,Nakuru,2.6,26.3,11.2
2025-03-14,Nakuru,1.1,27.7,11.4
2025-03-15,Nakuru,trace,25.8,11.2
2025-03-16,Nakuru,9.7,22.9,11.1
2025-03-17,Nakuru,0.0,28.6,11.2
2025-03-18,Nakuru,0.0,23.1,11.9
2025-03-19,Nakuru,0.0,27.8,10.6
2025-03-20,Nakuru,0.0,28.5,10.4
2025-03-21,Nakuru,2.2,26.0,11.1
2025-03-22,Nakuru,0.0,23.6,10.4
2025-03-23,Nakuru,7.6,23.6,10.3
2025-03-24,Nakuru,,27.8,10.7
2025-03-25,Nakuru,0.0,28.8,10.6
2025-03-26,Nakuru,1.2,27.6,11.2
2025-03-27,Nakuru,1.8,26.9,11.3
2025-03-28,Nakuru,0.0,25.3,
2025-03-29,Nakuru,0.0,25.3,11.2
2025-03-30,Nakuru,0.0,27.2,11.1
2025-03-31,Nakuru,,28.5,11.1
2025-04-01,Nakuru,0.0,25.3,10.7
2025-04-02,Nakuru,2.9,26.0,10.5
2025-04-03,nakuru,15.0,25.5,10.3
2025-04-04,Nakuru,15.1,23.9,10.7
2025-04-05,Nakuru,,28.7,11.3
2025-04-06,Nakuru,1.6,27.9,10.9
2025-04-07,nakuru,0.0,,10.9
2025-04-08,Nakuru,6.8,25.1,10.7
2025-04-09,Nakuru,0.0,28.3,10.8
2025-04-10,Nakuru,21.5,26.3,11.1
2025-04-11,Nakuru,4.7,27.7,10.7
2025-04-12,Nakuru,13.9,22.7,9.9
2025-04-13,Nakuru,0.4,23.5,10.1
2025-04-14,Nakuru,9.0,26.1,10.2
2025-04-15,Nakuru,0.0,29.4,12.1
2025-04-16,Nakuru,8.5,25.4,12.4
2025-04-17,Nakuru,6.6,23.4,10.8
2025-04-18,Nakuru,0.0,26.7,9.7
2025-04-19,Nakuru,6.1,22.8,11.2
2025-04-20,Nakuru,0.0,25.0,10.3
2025-04-21,Nakuru,7.5,26.6,9.9
2025-04-22,Nakuru,1.8,23.1,9.5
2025-04-23,Nakuru,0.0,27.2,11.9
2025-04-24,Nakuru,0.1,29.0,10.9
2025-04-25,Nakuru,2.2,24.2,11.3
2025-04-26,Nakuru,5.2,26.9,12.9
2025-04-27,Nakuru,2.1,25.8,9.8
2025-04-28,Nakuru,0.0,24.3,10.7
2025-04-29,Nakuru,0.0,29.7,11.8
2025-04-30,NAKURU,25.1,23.5,11.9
2025-05-01,Nakuru,11.7,25.2,12.1
2025-05-02,Nakuru,14.7,24.7,10.1
2025-05-03,Nakuru,2.8,26.1,13.1
2025-05-04,Nakuru,3.8,28.4,9.0
2025-05-05,Nakuru,,27.2,11.5
2025-05-06,Nakuru,0.0,30.4,11.7
2025-05-07,Nakuru,0.0,25.5,14.1
2025-05-08,Nakuru,40.0,24.0,11.2
2025-05-09,Nakuru,25.0,23.5,12.4
2025-05-10,Nakuru,4.4,26.1,
2025-05-11,Nakuru,0.0,25.2,11.4
2025-05-12,Nakuru,0.0,27.4,11.7
2025-05-13,Nakuru,,24.7,11.0
2025-05-14,Nakuru,0.0,27.6,11.9
2025-05-15,NAKURU,2.9,27.3,11.2
2025-05-16,Nakuru ,0.0,24.8,10.8
2025-05-17,Nakuru,0.0,26.8,12.1
2025-05-18,Nakuru,0.0,25.1,11.1
2025-05-19,NAKURU,0.0,25.2,9.5
2025-05-20,Nakuru,24.3,23.7,9.7
2025-05-21,Nakuru,0.0,26.0,10.7
2025-05-22,Nakuru,0.0,26.9,13.3
2025-05-23,Nakuru,0.0,26.4,12.3
2025-05-24,Nakuru,0.0,26.4,10.5
2025-05-25,Nakuru,0.0,27.3,11.1
2025-05-26,Nakuru,0.0,27.3,12.5
2025-05-27,Nakuru,0.0,27.6,11.1
2025-05-28,Nakuru,1.9,26.0,12.9
2025-05-29,nakuru,,23.8,13.0
2025-05-30,Nakuru,5.5,22.2,9.4
2025-05-31,Nakuru,8.6,24.8,11.9
2025-06-01,Nakuru,0.0,25.3,11.1
2025-06-02,Nakuru,0.0,26.8,11.8
2025-06-03,Nakuru,0.0,28.8,10.4
2025-06-04,Nakuru,6.9,25.0,12.3
2025-06-05,Nakuru,0.0,25.0,10.7
2025-06-06,Nakuru,0.0,26.0,12.1
2025-06-07,Nakuru,0.0,26.1,12.2
2025-06-08,Nakuru,0.0,26.6,11.9
2025-06-09,Nakuru,0.0,23.8,12.7
2025-06-10,Nakuru,7.0,25.4,11.1
2025-06-11,Nakuru,18.7,22.9,13.2
2025-06-12,Nakuru,0.0,26.7,10.3
2025-06-13,Nakuru,0.0,26.6,10.8
2025-06-14,Nakuru,0.0,26.6,13.1
2025-06-15,Nakuru,0.0,30.0,12.3
2025-06-16,Nakuru,0.0,25.6,10.4
2025-06-17,Nakuru,2.7,27.5,11.7
2025-06-18,Nakuru,0.0,26.9,11.9
2025-06-19,Nakuru,0.0,28.7,11.9
2025-06-20,Nakuru,4.6,25.3,9.8
2025-06-21,Nakuru,7.8,26.1,10.4
2025-06-22,Nakuru,0.0,25.6,11.4
2025-06-23,Nakuru ,0.0,23.5,11.8
2025-06-24,Nakuru,0.0,23.2,11.2
2025-06-25,Nakuru,0.0,27.7,11.6
2025-06-26,Nakuru,0.0,24.8,11.1
2025-06-27,Nakuru,14.7,25.6,11.9
2025-06-28,Nakuru,0.0,28.2,10.1
2025-06-29,Nakuru,2.3,27.9,11.6
2025-06-30,Nakuru,15.5,28.6,11.9
2019-01-01,Uasin Gishu,0.0,20.8,9.2
2019-01-02,Uasin Gishu,0.0,20.3,7.6
2019-01-03,Uasin-Gishu,0.0,22.5,8.4
2019-01-04,Uasin Gishu,0.0,19.7,6.1
2019-01-05,Uasin Gishu,13.2,18.5,9.8
2019-01-06,Uasin Gishu ,0.0,22.0,8.1
2019-01-07,Uasin Gishu,0.0,24.1,9.2
2019-01-08,Uasin Gishu,0.0,23.8,9.2
2019-01-09,Uasin Gishu,0.0,23.2,8.9
2019-01-10,UASIN GISHU,0.0,24.2,10.2
2019-01-11,Uasin Gishu,0.0,20.3,6.5
2019-01-12,Uasin Gishu,0.0,24.1,8.7
2019-01-13,Uasin Gishu ,0.0,,8.9
2019-01-14,uasin gishu,27.2,22.2,9.6
2019-01-15,Uasin Gishu,3.2,22.8,8.5
2019-01-16,Uasin Gishu,0.0,22.4,10.8
2019-01-17,UASIN GISHU,0.0,22.2,8.9
2019-01-18,Uasin Gishu,17.3,21.1,9.5
2019-01-19,Uasin Gishu,0.0,22.6,7.7
2019-01-20,Uasin Gishu ,0.0,23.3,10.9
2019-01-21,Uasin Gishu,0.8,22.8,8.7
2019-01-22,Uasin Gishu,0.0,22.6,9.6
2019-01-23,Uasin Gishu,0.0,24.1,9.2
2019-01-24,Uasin Gishu,0.0,20.9,8.0
2019-01-25,Uasin Gishu,4.0,21.4,9.1
2019-01-26,Uasin Gishu,2.5,22.4,10.0
2019-01-27,uasin gishu,0.0,24.6,8.2
2019-01-28,Uasin Gishu,5.4,19.3,9.6
2019-01-29,Uasin Gishu,0.0,23.1,11.0
2019-01-30,Uasin Gishu,0.0,23.2,10.2
2019-01-31,Uasin Gishu,0.0,22.5,10.7
2019-02-01,Uasin Gishu ,0.0,20.8,10.0
2019-02-02,Uasin Gishu,38.2,20.0,8.1
2019-02-03,Uasin Gishu,0.0,21.0,8.6
2019-02-04,Uasin Gishu,0.0,23.8,11.0
2019-02-05,Uasin Gishu,0.0,24.8,8.8
2019-02-06,Uasin Gishu,0.0,22.4,8.4
2019-02-07,Uasin Gishu,0.0,22.8,8.2
2019-02-08,Uasin Gishu,0.0,22.4,10.6
2019-02-09,Uasin Gishu,0.0,21.9,9.6
2019-02-10,Uasin Gishu,0.0,24.5,7.4
2019-02-11,uasin gishu,0.0,24.6,10.3
2019-02-12,Uasin Gishu,0.0,23.0,8.6
2019-02-13,Uasin Gishu,0.0,22.4,9.0
2019-02-14,Uasin Gishu,0.0,20.4,9.8
2019-02-15,Uasin Gishu,0.0,23.7,8.5
2019-02-16,Uasin Gishu,0.0,,8.0
2019-02-17,Uasin Gishu,0.0,26.2,8.6
2019-02-18,Uasin Gishu,0.0,24.4,7.7
2019-02-19,Uasin Gishu,0.0,,8.0
2019-02-20,Uasin Gishu,0.0,24.8,10.5
2019-02-21,Uasin Gishu,0.0,21.6,10.8
2019-02-22,Uasin Gishu,0.0,22.9,11.2
2019-02-23,Uasin Gishu,0.0,,9.3
2019-02-24,Uasin Gishu,0.0,24.4,9.1
2019-02-25,Uasin Gishu,0.0,25.8,7.5
2019-02-26,Uasin Gishu,0.0,23.3,9.9
2019-02-27,UASIN GISHU,0.0,26.3,8.1
2019-02-28,Uasin Gishu,0.0,22.5,10.4
2019-03-01,Uasin Gishu,0.0,23.4,11.1
2019-03-02,Uasin Gishu ,9.2,19.7,9.9
2019-03-03,Uasin Gishu,0.0,22.4,7.7
2019-03-04,UASIN GISHU,0.0,24.8,8.8
2019-03-05,Uasin Gishu,0.0,25.5,11.2
2019-03-06,Uasin Gishu,0.0,22.7,9.8
2019-03-07,Uasin Gishu,0.0,20.5,8.5
2019-03-08,Uasin Gishu,0.0,26.3,6.7
2019-03-09,uasin gishu,0.0,24.6,10.3
2019-03-10,Uasin Gishu,0.0,25.1,9.1
2019-03-11,Uasin Gishu,0.3,11.2,23.9
2019-03-12,Uasin Gishu,0.0,24.9,9.1
2019-03-13,Uasin Gishu,0.0,24.0,9.4
2019-03-14,Uasin Gishu,22.6,22.4,10.5
2019-03-15,Uasin-Gishu,5.9,22.0,9.2
2019-03-16,Uasin Gishu,0.0,23.6,8.2
2019-03-17,UASIN GISHU,6.4,21.3,9.1
2019-03-18,Uasin Gishu,0.0,25.8,9.8
2019-03-19,UASIN GISHU,0.0,25.0,8.2
2019-03-20,Uasin Gishu,0.0,24.9,9.8
2019-03-21,uasin gishu,3.6,22.5,10.4
2019-03-22,Uasin Gishu,0.0,22.6,7.5
2019-03-23,Uasin Gishu,8.3,22.8,11.1
2019-03-24,Uasin Gishu,0.0,23.0,9.2
2019-03-25,Uasin Gishu,7.5,21.1,10.5
2019-03-26,Uasin Gishu,11.3,20.9,8.6
2019-03-27,Uasin Gishu,0.0,26.8,9.3
2019-03-28,Uasin Gishu,16.4,21.7,10.1
2019-03-29,Uasin Gishu,2.7,25.5,12.0
2019-03-30,Uasin Gishu,0.0,22.8,9.8
2019-03-31,Uasin-Gishu,0.0,27.8,9.3
2019-04-01,Uasin Gishu,7.8,22.2,10.8
2019-04-02,Uasin Gishu,1.6,24.9,8.5
2019-04-03,Uasin Gishu,12.0,23.4,10.8
2019-04-04,Uasin Gishu,1.2,,9.3
2019-04-05,Uasin Gishu,5.0,24.1,9.3
2019-04-06,Uasin Gishu,4.6,23.1,9.0
2019-04-07,Uasin Gishu,1.4,24.2,11.2
2019-04-08,Uasin Gishu,25.6,23.6,10.6
2019-04-09,UASIN GISHU,5.0,25.3,11.0
2019-04-10,Uasin Gishu,1.6,24.4,8.8
2019-04-11,Uasin Gishu,8.6,22.7,8.8
2019-04-12,Uasin Gishu,0.0,25.5,10.4
2019-04-13,Uasin Gishu,0.0,24.4,10.5
2019-04-14,Uasin Gishu,,21.0,10.0
2019-04-15,Uasin Gishu,0.0,25.9,8.2
2019-04-16,Uasin Gishu,0.0,25.4,8.5
2019-04-17,Uasin Gishu,0.0,23.0,
2019-04-18,uasin gishu,14.2,22.4,10.7
2019-04-19,Uasin Gishu,0.0,23.4,11.0
2019-04-20,Uasin Gishu,5.3,20.5,10.3
2019-04-21,Uasin Gishu,0.0,23.8,10.0
2019-04-22,Uasin-Gishu,0.0,24.9,10.6
2019-04-23,Uasin Gishu,13.0,22.6,9.8
2019-04-24,Uasin Gishu,14.2,25.0,10.3
2019-04-25,Uasin Gishu ,27.2,22.7,11.1
2019-04-26,Uasin Gishu,3.8,24.4,8.8
2019-04-27,Uasin Gishu,0.0,24.8,10.8
2019-04-28,Uasin Gishu,1.5,25.1,10.9
2019-04-29,Uasin Gishu,0.0,25.3,10.0
2019-04-30,Uasin Gishu,25.2,23.5,9.9
2019-05-01,Uasin Gishu,13.8,21.0,10.5
2019-05-02,Uasin Gishu,8.9,22.1,
2019-05-03,Uasin-Gishu,2.6,23.5,11.3
2019-05-04,Uasin Gishu,trace,25.0,11.6
2019-05-05,Uasin Gishu,0.0,22.8,10.2
2019-05-06,uasin gishu,6.7,20.6,11.1
2019-05-07,Uasin Gishu,5.7,21.9,11.0
2019-05-08,Uasin-Gishu,0.0,25.5,11.4
2019-05-09,Uasin Gishu,10.9,22.8,10.8
2019-05-10,Uasin Gishu,5.2,25.7,11.1
2019-05-11,Uasin Gishu,51.5,25.7,9.5
2019-05-12,Uasin Gishu,2.6,26.0,8.6
2019-05-13,Uasin Gishu,5.3,23.2,11.1
2019-05-14,Uasin Gishu,0.0,23.9,11.7
2019-05-15,Uasin Gishu,0.0,25.2,10.4
2019-05-16,Uasin Gishu,5.5,23.4,9.6
2019-05-17,Uasin Gishu,10.2,19.1,11.3
2019-05-18,Uasin Gishu,0.0,23.1,11.6
2019-05-19,Uasin Gishu,0.0,21.2,10.2
2019-05-20,Uasin Gishu,4.7,24.8,11.9
2019-05-21,uasin gishu,1.7,26.7,10.1
2019-05-22,Uasin Gishu,2.7,28.2,9.6
2019-05-23,Uasin Gishu,0.0,21.6,10.0
2019-05-24,Uasin Gishu,0.0,25.5,11.4
2019-05-25,Uasin Gishu,0.0,25.7,10.1
2019-05-26,Uasin Gishu,0.0,22.3,11.9
2019-05-27,Uasin Gishu,,21.3,10.3
2019-05-28,uasin gishu,0.0,21.5,8.5
2019-05-29,Uasin Gishu,0.0,24.7,11.3
2019-05-30,Uasin Gishu,0.0,24.2,10.8
2019-05-31,Uasin Gishu,0.0,25.5,10.3
2019-06-01,Uasin Gishu ,0.0,25.3,9.2
2019-06-02,UASIN GISHU,0.0,25.0,9.7
2019-06-03,Uasin Gishu,0.0,23.6,11.3
2019-06-04,Uasin Gishu,1.0,25.7,9.5
2019-06-05,Uasin Gishu,0.0,26.8,9.6
2019-06-06,Uasin Gishu,9.5,25.5,11.3
2019-06-07,uasin gishu,0.0,24.2,10.4
2019-06-08,Uasin Gishu,0.0,25.0,9.5
2019-06-09,Uasin Gishu,0.0,25.2,9.8
2019-06-10,Uasin Gishu,0.0,26.7,10.9
2019-06-11,uasin gishu,18.7,23.4,10.7
2019-06-12,uasin gishu,9.0,22.6,10.2
2019-06-13,Uasin Gishu,0.0,26.9,12.1
2019-06-14,Uasin Gishu,0.0,27.1,9.9
2019-06-15,Uasin Gishu,0.0,22.8,11.1
2019-06-16,Uasin Gishu,4.3,26.2,10.1
2019-06-17,Uasin Gishu,0.0,23.9,10.4
2019-06-18,Uasin Gishu,0.0,24.7,10.8
2019-06-19,Uasin Gishu,0.0,24.0,10.0
2019-06-20,Uasin Gishu,0.0,24.5,11.0
2019-06-21,Uasin Gishu,12.2,23.9,12.1
2019-06-22,Uasin Gishu,0.0,23.5,9.4
2019-06-23,Uasin Gishu,2.8,22.8,10.9
2019-06-24,Uasin Gishu,-999,23.1,11.4
2019-06-25,Uasin-Gishu,0.0,25.1,11.0
2019-06-26,Uasin Gishu,0.0,25.2,10.5
2019-06-27,Uasin Gishu,3.6,23.2,9.2
2019-06-28,Uasin Gishu,0.0,25.0,11.0
2019-06-29,Uasin Gishu,,22.6,10.4
2019-06-30,Uasin Gishu,0.0,24.4,7.5
2019-07-01,Uasin Gishu,0.0,22.7,10.3
2019-07-02,Uasin Gishu,0.0,23.7,9.8
2019-07-03,Uasin Gishu,0.0,25.8,9.3
2019-07-04,uasin gishu,0.0,26.3,12.0
2019-07-05,Uasin Gishu,0.0,24.5,11.5
2019-07-06,UASIN GISHU,0.0,23.5,11.2
2019-07-07,Uasin Gishu,0.0,26.6,9.4
2019-07-08,Uasin Gishu,0.0,22.3,12.1
2019-07-09,Uasin Gishu,0.0,22.6,12.1
2019-07-10,Uasin Gishu,0.0,22.9,10.8
2019-07-11,Uasin Gishu,0.0,26.4,10.1
2019-07-12,Uasin Gishu,0.0,24.3,8.5
2019-07-13,Uasin Gishu,0.0,23.5,10.2
2019-07-14,Uasin Gishu,0.0,24.4,9.2
2019-07-15,Uasin Gishu,0.0,25.4,9.3
2019-07-16,Uasin Gishu,0.0,24.2,10.3
2019-07-17,Uasin Gishu,0.0,25.8,10.2
2019-07-18,Uasin Gishu,1.8,25.4,11.0
2019-07-19,Uasin Gishu,0.0,23.4,9.6
2019-07-20,Uasin Gishu,7.9,22.0,9.2
2019-07-21,Uasin Gishu,0.0,25.0,11.1
2019-07-22,Uasin Gishu,0.0,25.0,10.5
2019-07-23,Uasin Gishu,0.0,21.8,10.0
2019-07-24,Uasin Gishu,-999,20.1,8.7
2019-07-25,Uasin Gishu,0.0,26.0,11.9
2019-07-26,Uasin Gishu,0.0,22.9,8.8
2019-07-27,Uasin Gishu,,24.1,10.8
2019-07-28,Uasin Gishu,0.0,,10.4
2019-07-29,Uasin Gishu,0.0,23.5,11.9
2019-07-30,uasin gishu,3.0,25.1,10.0
2019-07-31,Uasin Gishu,0.0,27.1,8.5
2019-08-01,Uasin Gishu,0.0,25.3,9.4
2019-08-02,Uasin Gishu,0.0,25.1,8.8
2019-08-03,Uasin Gishu,0.8,23.2,10.0
2019-08-04,uasin gishu,12.8,24.9,8.8
2019-08-05,Uasin Gishu,0.0,24.1,11.3
2019-08-06,Uasin Gishu,0.0,24.2,10.9
2019-08-07,Uasin Gishu,0.0,22.5,11.2
2019-08-08,Uasin Gishu,,23.3,10.2
2019-08-09,Uasin Gishu,0.0,,9.1
2019-08-10,Uasin Gishu,14.4,22.9,8.4
2019-08-11,Uasin Gishu,0.0,25.4,9.7
2019-08-12,Uasin Gishu,0.0,25.3,9.7
2019-08-13,Uasin Gishu,0.0,22.4,10.5
2019-08-14,Uasin-Gishu,0.0,23.7,8.7
2019-08-15,Uasin Gishu,1.0,23.1,8.6
2019-08-16,Uasin Gishu,0.0,26.9,10.1
2019-08-17,Uasin Gishu,5.5,22.9,9.7
2019-08-18,Uasin Gishu,5.4,21.1,8.6
2019-08-19,Uasin Gishu,0.0,22.9,8.9
2019-08-20,Uasin Gishu,0.0,22.2,10.4
2019-08-21,Uasin Gishu ,0.2,24.2,9.6
2019-08-22,Uasin Gishu,0.0,23.0,10.2
2019-08-23,Uasin Gishu,0.0,19.7,10.1
2019-08-24,Uasin Gishu,13.0,21.0,9.2
2019-08-25,Uasin Gishu,0.0,25.1,10.6
2019-08-26,Uasin Gishu,7.3,21.2,9.7
2019-08-27,Uasin Gishu,0.0,28.4,8.8
2019-08-28,UASIN GISHU,0.0,,8.3
2019-08-29,Uasin Gishu,2.6,25.0,9.1
2019-08-30,uasin gishu,0.0,24.4,9.7
2019-08-31,Uasin Gishu,18.2,21.8,8.5
2019-09-01,Uasin Gishu,0.0,22.1,8.6
2019-09-02,Uasin Gishu,0.0,23.0,9.2
2019-09-03,Uasin Gishu,0.0,23.9,11.1
2019-09-04,Uasin Gishu,0.0,23.9,7.9
2019-09-05,Uasin Gishu,,17.9,9.3
2019-09-06,Uasin Gishu ,0.0,23.9,11.1
2019-09-07,Uasin Gishu,-999,24.1,9.3
2019-09-08,Uasin Gishu,0.0,22.0,9.5
2019-09-09,Uasin Gishu,0.0,23.1,9.3
2019-09-10,Uasin Gishu,0.0,25.2,10.3
2019-09-11,Uasin Gishu,0.0,21.6,8.2
2019-09-12,Uasin Gishu,11.2,21.1,9.2
2019-09-13,Uasin Gishu,0.0,23.2,10.4
2019-09-14,Uasin Gishu,0.0,22.7,9.8
2019-09-15,UASIN GISHU,0.0,23.0,8.1
2019-09-16,Uasin Gishu,4.0,23.4,9.8
2019-09-17,Uasin Gishu,0.0,25.4,9.5
2019-09-18,Uasin Gishu,15.3,21.4,9.4
2019-09-19,Uasin Gishu,0.0,22.3,8.6
2019-09-20,Uasin Gishu,0.0,21.7,9.6
2019-09-21,Uasin Gishu,13.6,21.4,10.2
2019-09-22,Uasin Gishu,1.0,21.3,9.1
2019-09-23,Uasin Gishu ,0.0,23.5,6.7
2019-09-24,Uasin Gishu,0.0,22.3,9.1
2019-09-25,Uasin Gishu,31.3,21.4,9.4
2019-09-26,Uasin Gishu,1.3,22.7,10.6
2019-09-27,Uasin Gishu,0.0,23.1,9.6
2019-09-28,Uasin Gishu,0.0,22.2,8.9
2019-09-29,Uasin Gishu,0.0,22.1,9.6
2019-09-30,Uasin Gishu,0.0,24.6,9.0
2019-10-01,Uasin Gishu,0.0,22.2,9.3
2019-10-02,Uasin Gishu,0.0,22.4,8.6
2019-10-03,Uasin Gishu,12.9,8.1,21.1
2019-10-04,Uasin Gishu,,21.1,8.4
2019-10-05,Uasin Gishu,0.0,22.1,8.2
2019-10-06,Uasin Gishu,0.0,22.7,8.7
2019-10-07,UASIN GISHU,0.0,19.7,7.6
2019-10-08,Uasin Gishu,8.3,21.1,8.6
2019-10-09,Uasin Gishu,26.7,19.5,10.4
2019-10-10,Uasin Gishu,3.2,21.1,8.7
2019-10-11,Uasin Gishu,0.0,23.0,9.4
2019-10-12,UASIN GISHU,1.8,22.0,9.1
2019-10-13,uasin gishu,0.0,24.3,10.1
2019-10-14,uasin gishu,0.5,21.6,8.7
2019-10-15,uasin gishu,2.8,23.1,8.7
2019-10-16,Uasin Gishu,0.5,22.0,6.8
2019-10-17,Uasin Gishu,17.3,19.4,8.3
2019-10-18,Uasin Gishu,0.0,22.8,8.1
2019-10-19,Uasin Gishu,3.3,22.0,11.2
2019-10-20,Uasin Gishu ,0.0,20.0,7.9
2019-10-21,UASIN GISHU,0.0,22.3,7.1
2019-10-22,Uasin Gishu,0.0,24.6,10.7
2019-10-23,UASIN GISHU,0.0,25.2,9.6
2019-10-24,Uasin Gishu,3.1,22.6,7.5
2019-10-25,Uasin Gishu,0.0,23.3,8.4
2019-10-26,Uasin Gishu,0.0,22.5,7.7
2019-10-27,Uasin Gishu,0.0,20.3,9.1
2019-10-28,UASIN GISHU,0.4,18.2,7.7
2019-10-29,Uasin Gishu,9.5,21.9,8.1
2019-10-30,Uasin Gishu,,21.9,8.1
2019-10-31,Uasin Gishu,3.9,23.2,8.6
2019-11-01,Uasin Gishu,0.0,21.5,9.3
2019-11-02,Uasin Gishu,0.0,20.9,8.3
2019-11-03,Uasin Gishu,15.5,22.3,8.6
2019-11-04,Uasin Gishu,,19.4,9.0
2019-11-05,Uasin Gishu,0.0,22.9,10.0
2019-11-06,Uasin Gishu,4.2,23.8,10.2
2019-11-07,UASIN GISHU,0.0,23.1,9.7
2019-11-08,Uasin Gishu,5.2,18.1,8.7
2019-11-09,UASIN GISHU,0.0,21.2,9.7
2019-11-10,Uasin Gishu,4.8,22.5,8.9
2019-11-11,Uasin Gishu,0.0,21.7,6.2
2019-11-12,Uasin Gishu,0.0,23.3,8.4
2019-11-13,Uasin Gishu ,3.4,23.4,6.9
2019-11-14,Uasin Gishu,13.1,21.8,8.9
2019-11-15,Uasin Gishu,5.1,21.0,9.5
2019-11-16,Uasin Gishu,19.5,18.7,9.4
2019-11-17,Uasin Gishu,0.0,20.3,9.7
2019-11-18,Uasin Gishu,7.2,20.2,8.6
2019-11-19,Uasin Gishu,16.4,19.1,9.0
2019-11-20,Uasin Gishu,8.5,21.8,8.0
2019-11-21,uasin gishu,0.0,22.8,8.6
2019-11-22,Uasin Gishu,0.0,24.7,8.0
2019-11-23,Uasin Gishu,0.0,22.6,7.4
2019-11-24,Uasin Gishu,11.3,20.4,7.7
2019-11-25,Uasin Gishu,0.0,23.6,10.0
2019-11-26,Uasin Gishu,0.0,21.2,8.6
2019-11-27,Uasin Gishu,,22.2,7.9
2019-11-28,Uasin Gishu,0.0,20.8,9.4
2019-11-29,uasin gishu,57.4,21.8,
2019-11-30,Uasin Gishu,0.0,21.4,9.0
2019-12-01,UASIN GISHU,0.0,22.0,8.7
2019-12-02,Uasin Gishu,0.0,21.2,8.6
2019-12-03,Uasin Gishu,37.1,17.1,9.1
2019-12-04,Uasin Gishu ,8.0,20.1,7.2
2019-12-05,uasin gishu,9.9,19.0,9.1
2019-12-06,Uasin Gishu,0.0,23.8,8.3
2019-12-07,Uasin Gishu ,0.0,24.2,7.7
2019-12-08,Uasin Gishu,16.5,20.8,8.4
2019-12-09,Uasin Gishu,25.2,18.0,6.3
2019-12-10,Uasin Gishu,0.0,23.1,8.4
2019-12-11,Uasin Gishu,-999,20.2,8.0
2019-12-12,Uasin Gishu,0.0,,10.3
2019-12-13,Uasin Gishu,0.0,23.1,8.2
2019-12-14,UASIN GISHU,26.2,16.5,7.7
2019-12-15,uasin gishu,0.0,23.5,7.5
2019-12-16,Uasin Gishu,0.0,22.4,8.4
2019-12-17,Uasin Gishu,,19.3,7.7
2019-12-18,Uasin Gishu,29.2,19.6,8.7
2019-12-19,Uasin Gishu,0.0,17.7,7.6
2019-12-20,Uasin Gishu,0.0,21.4,9.3
2019-12-21,Uasin Gishu,0.0,,8.3
2019-12-22,Uasin Gishu,0.0,20.2,6.4
2019-12-23,Uasin Gishu,0.0,21.2,8.5
2019-12-24,Uasin Gishu,0.0,21.3,8.8
2019-12-25,Uasin Gishu,0.0,22.3,7.9
2019-12-26,Uasin Gishu,0.0,21.9,8.9
2019-12-27,uasin gishu,0.0,23.0,8.3
2019-12-28,Uasin Gishu,0.0,20.8,9.2
2019-12-29,Uasin Gishu,39.3,17.6,10.0
2019-12-30,Uasin Gishu,0.0,22.0,8.8
2019-12-31,Uasin-Gishu,13.6,17.7,7.3
2020-01-01,Uasin Gishu,0.0,21.3,7.8
2020-01-02,Uasin Gishu,0.0,21.8,9.2
2020-01-03,Uasin Gishu,0.0,,9.9
2020-01-04,Uasin Gishu,0.0,21.8,9.3
2020-01-05,Uasin Gishu,,19.5,8.1
2020-01-06,Uasin Gishu,0.0,20.1,9.5
2020-01-07,Uasin Gishu,37.3,21.3,8.7
2020-01-08,Uasin Gishu,0.0,23.3,10.8
2020-01-09,Uasin Gishu,0.0,23.2,10.7
2020-01-10,Uasin Gishu,0.0,21.8,8.5
2020-01-11,Uasin Gishu,8.6,21.7,8.1
2020-01-12,Uasin Gishu,0.0,21.6,
2020-01-13,Uasin Gishu,0.0,23.3,10.1
2020-01-14,UASIN GISHU,8.7,21.6,10.7
2020-01-15,Uasin Gishu,8.6,18.5,5.8
2020-01-16,Uasin Gishu,0.0,23.9,8.6
2020-01-17,Uasin Gishu,45.0,20.6,9.1
2020-01-18,Uasin Gishu,0.0,22.6,8.2
2020-01-19,uasin gishu,0.0,23.0,8.6
2020-01-20,Uasin Gishu,6.8,19.9,7.9
2020-01-21,Uasin Gishu,0.0,23.6,9.1
2020-01-22,Uasin Gishu,0.0,24.1,9.0
2020-01-23,Uasin Gishu,0.0,24.2,9.0
2020-01-24,Uasin Gishu,0.0,21.6,
2020-01-25,Uasin Gishu,0.0,22.4,10.9
2020-01-26,Uasin Gishu,0.6,23.2,6.5
2020-01-27,Uasin Gishu,0.0,22.1,9.3
2020-01-28,Uasin Gishu,0.0,22.5,9.6
2020-01-29,Uasin Gishu,0.0,20.9,9.2
2020-01-30,Uasin Gishu,0.0,23.1,10.3
2020-01-31,Uasin Gishu,0.0,24.5,7.7
2020-02-01,Uasin Gishu,4.3,23.2,9.5
2020-02-02,Uasin Gishu,-999,23.7,9.3
2020-02-03,Uasin Gishu ,0.0,22.8,8.5
2020-02-04,Uasin Gishu,18.5,22.2,8.2
2020-02-05,Uasin Gishu,2.7,,9.5
2020-02-06,Uasin Gishu,0.0,24.3,7.5
2020-02-07,Uasin Gishu,0.0,22.4,8.1
2020-02-08,Uasin Gishu,0.0,23.4,10.0
2020-02-09,Uasin Gishu,0.0,24.7,8.9
2020-02-10,Uasin-Gishu,0.0,23.4,8.6
2020-02-11,Uasin Gishu,0.0,20.9,9.7
2020-02-12,Uasin Gishu,0.0,20.7,10.5
2020-02-13,Uasin Gishu,0.0,19.8,8.2
2020-02-14,Uasin Gishu,0.0,24.6,7.9
2020-02-15,Uasin Gishu,11.6,21.3,8.8
2020-02-16,Uasin Gishu,0.0,23.2,8.9
2020-02-17,Uasin Gishu,0.0,18.6,10.5
2020-02-18,Uasin Gishu ,0.0,23.5,10.8
2020-02-19,Uasin Gishu,6.0,23.8,9.4
2020-02-20,Uasin Gishu,0.0,,10.1
2020-02-21,Uasin Gishu,0.0,23.5,9.0
2020-02-22,Uasin Gishu,0.0,22.8,11.6
2020-02-23,Uasin Gishu,20.5,23.7,9.2
2020-02-24,Uasin Gishu,0.0,22.9,9.1
2020-02-25,Uasin Gishu,0.0,23.8,9.2
2020-02-26,Uasin Gishu,0.0,23.8,7.8
2020-02-27,Uasin Gishu,0.0,24.8,9.7
2020-02-28,Uasin Gishu,0.0,24.4,9.9
2020-02-29,Uasin Gishu,0.0,24.5,9.7
2020-03-01,Uasin Gishu,0.0,23.7,10.2
2020-03-02,Uasin Gishu,,24.1,9.4
2020-03-03,UASIN GISHU,0.0,23.3,9.8
2020-03-04,Uasin Gishu,0.0,23.8,9.4
2020-03-05,Uasin Gishu,7.5,20.7,10.2
2020-03-06,Uasin Gishu,0.0,23.5,6.5
2020-03-07,uasin gishu,1.5,22.5,9.8
2020-03-08,Uasin Gishu,8.0,19.5,10.3
2020-03-09,Uasin Gishu,0.0,24.9,10.7
2020-03-10,Uasin Gishu,28.9,19.3,9.8
2020-03-11,Uasin Gishu,16.1,21.2,10.4
2020-03-12,Uasin Gishu,0.0,26.4,10.5
2020-03-13,Uasin Gishu,0.0,24.6,10.7
2020-03-14,Uasin Gishu,17.2,23.2,9.9
2020-03-15,Uasin Gishu,0.0,21.9,8.7
2020-03-16,Uasin Gishu,7.3,21.4,9.2
2020-03-17,Uasin Gishu,0.0,22.7,10.6
2020-03-18,Uasin Gishu,0.0,23.6,8.8
2020-03-19,Uasin Gishu,0.0,22.8,12.0
2020-03-20,Uasin Gishu,0.0,24.7,9.7
2020-03-21,Uasin Gishu,0.0,24.0,10.0
2020-03-22,Uasin Gishu,0.0,22.8,9.8
2020-03-23,Uasin Gishu,4.4,25.8,7.9
2020-03-24,Uasin Gishu,2.8,23.0,9.7
2020-03-25,UASIN GISHU,0.0,27.1,10.1
2020-03-26,Uasin Gishu,0.0,23.9,9.8
2020-03-27,Uasin Gishu,0.0,23.6,8.8
2020-03-28,Uasin Gishu,12.4,24.5,9.4
2020-03-29,uasin gishu,0.0,23.2,10.5
2020-03-30,Uasin Gishu,27.8,23.8,8.5
2020-03-31,Uasin Gishu,0.0,23.6,11.1
2020-04-01,Uasin-Gishu,3.8,24.2,10.2
2020-04-02,Uasin Gishu,0.0,21.4,9.5
2020-04-03,Uasin Gishu,4.6,26.3,9.4
2020-04-04,Uasin Gishu,3.9,24.4,8.1
2020-04-05,Uasin Gishu,0.0,27.7,9.5
2020-04-06,Uasin Gishu,34.2,20.3,11.1
2020-04-07,Uasin Gishu,0.0,23.8,8.5
2020-04-08,Uasin Gishu,0.0,22.1,10.8
2020-04-09,Uasin Gishu,9.7,20.7,7.8
2020-04-10,Uasin-Gishu,0.0,26.1,9.8
2020-04-11,Uasin Gishu,1.5,23.6,9.8
2020-04-12,Uasin Gishu,12.0,22.2,9.5
2020-04-13,Uasin Gishu,0.0,,10.5
2020-04-14,Uasin Gishu,0.9,25.0,9.2
2020-04-15,Uasin Gishu,0.0,23.4,10.1
2020-04-16,Uasin Gishu ,11.6,19.4,10.3
2020-04-17,Uasin Gishu,17.9,22.9,9.9
2020-04-18,Uasin Gishu,0.7,24.7,10.6
2020-04-19,Uasin Gishu,9.2,23.8,10.0
2020-04-20,uasin gishu,6.4,24.8,11.3
2020-04-21,Uasin Gishu,14.5,21.0,10.1
2020-04-22,Uasin Gishu,0.0,23.7,9.8
2020-04-23,Uasin Gishu,,22.7,10.0
2020-04-24,Uasin Gishu,28.4,24.6,10.3
2020-04-25,Uasin Gishu,0.0,24.2,10.5
2020-04-26,Uasin Gishu,0.0,24.5,9.5
2020-04-27,Uasin Gishu,17.3,22.9,12.8
2020-04-28,Uasin-Gishu,0.0,26.1,11.4
2020-04-29,Uasin Gishu,8.2,20.6,11.0
2020-04-30,Uasin Gishu,0.0,26.0,11.5
2020-05-01,Uasin Gishu,2.4,25.0,10.7
2020-05-02,Uasin Gishu ,3.1,26.0,10.2
2020-05-03,Uasin Gishu,0.0,25.6,11.2
2020-05-04,Uasin-Gishu,15.2,19.1,
2020-05-05,Uasin Gishu,0.0,26.5,11.8
2020-05-06,Uasin-Gishu,0.7,26.4,10.3
2020-05-07,Uasin Gishu ,0.0,26.3,11.1
2020-05-08,Uasin Gishu,0.0,22.2,10.0
2020-05-09,Uasin Gishu,0.0,23.7,11.2
2020-05-10,Uasin Gishu,7.9,24.2,10.4
2020-05-11,Uasin Gishu,0.0,23.7,11.3
2020-05-12,UASIN GISHU,4.5,18.9,8.4
2020-05-13,Uasin Gishu,5.6,22.6,8.1
2020-05-14,Uasin Gishu,5.7,21.7,11.6
2020-05-15,Uasin Gishu,0.0,23.3,10.7
2020-05-16,Uasin Gishu,7.6,22.1,11.8
2020-05-17,Uasin Gishu,12.1,20.5,11.5
2020-05-18,Uasin Gishu,33.4,23.8,11.4
2020-05-19,Uasin Gishu,19.7,21.4,11.0
2020-05-20,Uasin Gishu ,0.0,26.7,12.8
2020-05-21,Uasin Gishu ,7.0,23.4,10.0
2020-05-22,Uasin Gishu,0.0,24.6,9.6
2020-05-23,Uasin Gishu,10.6,26.7,10.6
2020-05-24,Uasin Gishu,1.9,26.7,12.7
2020-05-25,Uasin Gishu,2.5,27.4,10.0
2020-05-26,Uasin Gishu,2.3,26.3,11.4
2020-05-27,Uasin Gishu,2.6,25.0,10.1
2020-05-28,Uasin Gishu,5.5,24.3,10.9
2020-05-29,Uasin Gishu,1.2,26.4,10.3
2020-05-30,Uasin Gishu,0.0,24.4,9.6
2020-05-31,Uasin Gishu,21.9,22.2,9.5
2020-06-01,Uasin Gishu,-999,21.4,10.5
2020-06-02,uasin gishu,6.6,19.9,10.0
2020-06-03,Uasin Gishu,0.0,26.2,11.4
2020-06-04,Uasin Gishu,20.3,23.7,9.5
2020-06-05,Uasin Gishu,0.0,24.4,11.5
2020-06-06,Uasin Gishu,,,11.0
2020-06-07,Uasin Gishu,0.0,23.4,12.7
2020-06-08,Uasin Gishu,0.0,25.5,9.8
2020-06-09,Uasin Gishu,0.0,29.4,10.7
2020-06-10,Uasin Gishu,6.5,22.0,12.1
2020-06-11,Uasin Gishu,0.0,25.4,
2020-06-12,Uasin Gishu,0.0,24.5,11.3
2020-06-13,Uasin Gishu,0.0,26.6,11.5
2020-06-14,Uasin Gishu,0.0,26.5,10.7
2020-06-15,uasin gishu,0.0,26.6,11.1
2020-06-16,Uasin-Gishu,0.0,23.5,10.3
2020-06-17,Uasin Gishu,5.6,24.0,10.4
2020-06-18,Uasin Gishu,0.0,26.4,9.0
2020-06-19,Uasin Gishu,2.5,22.7,10.3
2020-06-20,Uasin Gishu,0.0,27.6,10.6
2020-06-21,Uasin Gishu,0.0,24.7,9.7
2020-06-22,Uasin Gishu,0.0,24.4,11.6
2020-06-23,Uasin Gishu,3.6,27.3,9.8
2020-06-24,Uasin Gishu,10.2,21.3,12.5
2020-06-25,Uasin Gishu,0.0,25.4,11.1
2020-06-26,Uasin Gishu,3.2,25.2,9.8
2020-06-27,Uasin Gishu,0.0,23.1,10.2
2020-06-28,Uasin Gishu,1.6,24.8,8.0
2020-06-29,Uasin Gishu,0.0,21.8,10.5
2020-06-30,Uasin Gishu,5.7,23.4,11.2
2020-07-01,Uasin Gishu,0.0,27.3,11.8
2020-07-02,Uasin Gishu,0.0,25.5,9.5
2020-07-03,Uasin Gishu,0.0,25.4,9.8
2020-07-04,Uasin Gishu,0.0,24.7,9.9
2020-07-05,Uasin Gishu ,0.0,22.6,9.7
2020-07-06,Uasin Gishu,0.0,24.4,
2020-07-07,Uasin-Gishu,0.0,26.8,10.1
2020-07-08,Uasin Gishu,0.0,24.4,11.8
2020-07-09,Uasin Gishu,0.0,23.3,8.6
2020-07-10,Uasin Gishu,0.0,20.0,11.1
2020-07-11,Uasin Gishu,0.0,23.3,10.2
2020-07-12,Uasin Gishu,0.0,27.7,10.4
2020-07-13,Uasin Gishu,0.0,24.8,11.8
2020-07-14,Uasin Gishu,,24.0,10.4
2020-07-15,uasin gishu,0.0,25.1,9.0
2020-07-16,Uasin Gishu,0.0,25.5,10.5
2020-07-17,Uasin Gishu,0.0,27.5,10.8
2020-07-18,Uasin Gishu,0.0,24.6,9.2
2020-07-19,Uasin Gishu,0.0,26.3,8.5
2020-07-20,UASIN GISHU,0.0,24.9,12.2
2020-07-21,Uasin Gishu,0.0,23.2,8.8
2020-07-22,Uasin Gishu,0.0,,9.5
2020-07-23,Uasin Gishu,0.0,24.9,11.8
2020-07-24,Uasin Gishu,0.0,22.5,9.2
2020-07-25,Uasin Gishu,0.0,26.7,11.0
2020-07-26,Uasin Gishu,0.0,25.0,11.2
2020-07-27,Uasin Gishu,,22.6,9.7
2020-07-28,Uasin Gishu,0.0,24.6,11.2
2020-07-29,Uasin Gishu,0.0,23.4,10.0
2020-07-30,Uasin-Gishu,0.0,22.1,8.4
2020-07-31,Uasin Gishu,0.0,23.1,8.7
2020-08-01,Uasin Gishu,0.0,20.5,9.7
2020-08-02,Uasin Gishu,0.0,24.9,10.9
2020-08-03,Uasin Gishu,0.0,25.1,10.2
2020-08-04,uasin gishu,0.0,25.7,9.6
2020-08-05,Uasin Gishu,0.0,25.3,9.3
2020-08-06,Uasin Gishu,0.0,23.6,10.7
2020-08-07,Uasin Gishu,0.0,27.2,10.5
2020-08-08,Uasin Gishu,0.0,23.8,8.8
2020-08-09,Uasin Gishu,0.0,26.4,11.5
2020-08-10,Uasin Gishu,0.0,23.9,10.5
2020-08-11,Uasin Gishu,0.0,21.4,10.9
2020-08-12,Uasin Gishu,0.0,25.6,10.5
2020-08-13,Uasin Gishu,12.1,22.0,8.2
2020-08-14,Uasin Gishu,0.0,23.0,9.8
2020-08-15,UASIN GISHU,0.0,23.5,10.2
2020-08-16,Uasin Gishu,0.0,21.3,11.0
2020-08-17,Uasin Gishu,0.0,24.3,9.6
2020-08-18,Uasin Gishu,0.0,24.0,8.6
2020-08-19,Uasin-Gishu,0.0,23.2,8.8
2020-08-20,Uasin Gishu,0.0,26.0,7.9
2020-08-21,Uasin Gishu,0.0,21.4,11.5
2020-08-22,Uasin Gishu,0.0,26.9,10.2
2020-08-23,Uasin Gishu,0.0,25.1,10.8
2020-08-24,Uasin Gishu,0.0,24.5,10.7
2020-08-25,Uasin Gishu,0.0,22.8,9.8
2020-08-26,Uasin Gishu,0.0,22.8,10.0
2020-08-27,Uasin Gishu ,0.0,23.3,9.3
2020-08-28,Uasin Gishu,0.0,24.3,8.3
2020-08-29,Uasin Gishu,0.0,22.8,11.4
2020-08-30,uasin gishu,0.0,22.6,9.3
2020-08-31,Uasin-Gishu,0.0,26.8,10.7
2020-09-01,Uasin Gishu,0.0,25.0,9.6
2020-09-02,Uasin Gishu,0.0,25.4,9.2
2020-09-03,Uasin Gishu,0.0,22.0,8.6
2020-09-04,Uasin Gishu,0.0,20.5,9.8
2020-09-05,Uasin Gishu,0.0,23.9,8.9
2020-09-06,uasin gishu,0.0,22.1,8.7
2020-09-07,Uasin Gishu,0.0,25.7,11.3
2020-09-08,Uasin Gishu,0.0,22.5,8.0
2020-09-09,Uasin Gishu,0.0,24.7,9.1
2020-09-10,Uasin Gishu,4.5,23.0,8.8
2020-09-11,Uasin Gishu,0.0,23.8,11.1
2020-09-12,Uasin Gishu,0.0,21.9,8.6
2020-09-13,Uasin Gishu,0.0,20.6,7.7
2020-09-14,Uasin Gishu,6.2,24.5,9.0
2020-09-15,Uasin Gishu,0.9,22.1,9.1
2020-09-16,Uasin Gishu,0.0,22.1,10.0
2020-09-17,Uasin Gishu,0.0,25.2,8.6
2020-09-18,Uasin Gishu,0.0,24.0,9.1
2020-09-19,Uasin Gishu,0.0,23.0,8.6
2020-09-20,Uasin Gishu,0.0,22.4,10.0
2020-09-21,uasin gishu,,24.0,9.4
2020-09-22,Uasin Gishu,0.0,23.4,8.8
2020-09-23,Uasin Gishu,0.0,22.5,10.7
2020-09-24,Uasin Gishu,0.0,23.1,9.7
2020-09-25,Uasin Gishu,0.0,23.9,9.0
2020-09-26,Uasin Gishu,0.0,23.5,8.7
2020-09-27,Uasin Gishu,0.0,23.1,9.1
2020-09-28,Uasin Gishu,0.0,22.8,8.5
2020-09-29,uasin gishu,0.0,24.7,8.6
2020-09-30,Uasin Gishu,0.0,21.8,9.4
2020-10-01,Uasin Gishu ,2.6,24.2,7.3
2020-10-02,uasin gishu,15.8,19.7,8.0
2020-10-03,uasin gishu,0.0,24.6,10.0
2020-10-04,Uasin Gishu,0.0,24.5,9.3
2020-10-05,Uasin Gishu,0.0,22.0,9.2
2020-10-06,Uasin Gishu ,8.2,21.5,9.9
2020-10-07,Uasin Gishu,8.9,19.8,8.3
2020-10-08,Uasin Gishu,0.0,22.6,9.3
2020-10-09,Uasin Gishu,11.4,19.0,8.7
2020-10-10,Uasin Gishu,0.0,23.7,7.6
2020-10-11,Uasin Gishu,0.7,25.0,8.9
2020-10-12,Uasin Gishu,19.7,19.5,9.4
2020-10-13,Uasin Gishu,0.0,22.0,10.2
2020-10-14,Uasin Gishu,29.6,20.1,8.3
2020-10-15,Uasin Gishu,0.0,21.1,9.0
2020-10-16,Uasin Gishu,0.2,21.5,9.4
2020-10-17,Uasin Gishu,27.2,21.4,8.5
2020-10-18,Uasin Gishu,0.0,24.7,10.7
2020-10-19,Uasin Gishu,6.3,17.1,7.2
2020-10-20,Uasin Gishu,2.3,20.1,9.8
2020-10-21,Uasin Gishu,3.6,21.8,12.3
2020-10-22,Uasin Gishu,0.0,20.4,8.1
2020-10-23,Uasin Gishu,0.0,22.3,7.4
2020-10-24,Uasin Gishu,17.5,21.0,9.5
2020-10-25,Uasin Gishu,0.0,20.0,8.6
2020-10-26,Uasin Gishu,9.3,21.3,7.8
2020-10-27,Uasin Gishu,1.4,22.4,7.0
2020-10-28,Uasin Gishu,0.0,,9.9
2020-10-29,Uasin Gishu,0.0,21.2,7.8
2020-10-30,Uasin Gishu,3.0,19.7,9.1
2020-10-31,Uasin Gishu,0.4,24.1,8.4
2020-11-01,Uasin Gishu,0.0,22.1,10.2
2020-11-02,UASIN GISHU,0.0,23.8,9.4
2020-11-03,UASIN GISHU,0.0,22.7,8.5
2020-11-04,Uasin Gishu,0.0,23.6,9.4
2020-11-05,Uasin Gishu,0.0,99.9,8.1
2020-11-06,UASIN GISHU,0.0,22.0,7.7
2020-11-07,Uasin Gishu,8.2,22.4,9.6
2020-11-08,Uasin Gishu,3.8,22.2,7.9
2020-11-09,Uasin Gishu,0.0,22.6,7.5
2020-11-10,Uasin Gishu,11.6,20.8,8.6
2020-11-11,Uasin Gishu,,21.2,7.2
2020-11-12,Uasin Gishu,0.0,22.3,10.1
2020-11-13,uasin gishu,0.0,21.5,7.8
2020-11-14,Uasin Gishu,0.0,20.2,8.7
2020-11-15,Uasin Gishu,0.5,25.6,9.6
2020-11-16,Uasin Gishu,0.0,21.3,8.3
2020-11-17,uasin gishu,0.0,22.5,8.1
2020-11-18,Uasin Gishu,38.8,20.1,10.7
2020-11-19,Uasin Gishu,0.4,22.7,8.2
2020-11-20,Uasin Gishu,7.1,20.0,8.9
2020-11-21,Uasin Gishu,5.3,17.9,7.1
2020-11-22,Uasin Gishu,0.0,21.4,9.8
2020-11-23,Uasin Gishu,0.0,21.3,9.5
2020-11-24,Uasin Gishu,3.8,24.6,7.0
2020-11-25,Uasin Gishu,0.0,22.2,8.2
2020-11-26,Uasin Gishu,0.0,10.1,23.0
2020-11-27,Uasin Gishu,0.0,20.8,9.4
2020-11-28,Uasin Gishu,0.0,22.7,7.9
2020-11-29,Uasin Gishu,0.0,22.5,9.7
2020-11-30,Uasin Gishu,0.0,20.6,9.8
2020-12-01,Uasin Gishu,0.0,23.8,8.8
2020-12-02,Uasin Gishu,0.0,19.4,8.1
2020-12-03,Uasin Gishu,0.0,18.5,8.8
2020-12-04,Uasin Gishu,0.0,21.7,7.4
2020-12-05,Uasin Gishu,0.0,21.4,9.2
2020-12-06,Uasin Gishu,0.0,23.1,9.6
2020-12-07,Uasin Gishu,0.0,21.8,8.5
2020-12-08,Uasin Gishu,0.0,20.4,7.5
2020-12-09,Uasin Gishu,0.0,22.5,7.2
2020-12-10,Uasin Gishu,0.0,23.0,7.4
2020-12-11,Uasin Gishu,0.0,22.7,8.3
2020-12-12,Uasin Gishu,0.0,22.4,8.2
2020-12-13,Uasin Gishu,0.0,21.2,8.1
2020-12-14,Uasin Gishu,2.1,20.8,8.5
2020-12-15,Uasin Gishu,0.0,22.9,9.8
2020-12-16,Uasin Gishu ,4.7,22.4,10.0
2020-12-17,Uasin Gishu,0.0,23.1,10.9
2020-12-18,Uasin-Gishu,0.0,22.6,8.1
2020-12-19,UASIN GISHU,0.0,22.8,8.8
2020-12-20,Uasin-Gishu,0.0,23.5,8.9
2020-12-21,Uasin Gishu,2.8,22.1,8.0
2020-12-22,uasin gishu,0.0,23.7,10.0
2020-12-23,Uasin Gishu,0.7,20.4,8.1
2020-12-24,Uasin Gishu,2.3,23.3,9.8
2020-12-25,Uasin Gishu,6.0,20.4,7.9
2020-12-26,Uasin Gishu ,1.3,21.1,8.5
2020-12-27,Uasin Gishu,0.0,24.9,9.0
2020-12-28,Uasin Gishu,0.0,22.9,9.6
2020-12-29,Uasin Gishu,0.0,21.3,7.7
2020-12-30,Uasin Gishu,0.0,22.5,10.1
2020-12-31,Uasin Gishu,5.3,22.3,7.5
2021-01-01,uasin gishu,0.0,24.1,6.7
2021-01-02,Uasin Gishu,0.0,21.3,8.4
2021-01-03,uasin gishu,0.0,22.7,9.1
2021-01-04,Uasin Gishu,0.0,21.8,8.8
2021-01-05,Uasin Gishu,22.4,19.3,9.2
2021-01-06,Uasin Gishu,0.0,21.1,7.7
2021-01-07,Uasin Gishu,0.0,22.4,7.3
2021-01-08,Uasin Gishu,0.0,21.3,8.4
2021-01-09,Uasin Gishu,0.0,21.5,10.1
2021-01-10,uasin gishu,0.0,22.7,8.3
2021-01-11,Uasin Gishu ,5.7,21.0,8.7
2021-01-12,Uasin Gishu,0.0,23.7,8.7
2021-01-13,Uasin Gishu,0.0,24.4,9.9
2021-01-14,Uasin Gishu,0.0,24.9,
2021-01-15,Uasin Gishu,0.0,20.6,7.2
2021-01-16,Uasin Gishu,0.0,18.7,9.4
2021-01-17,Uasin Gishu,12.2,19.9,10.2
2021-01-18,UASIN GISHU,20.1,,9.5
2021-01-19,Uasin Gishu,20.3,17.8,10.4
2021-01-20,Uasin Gishu,0.0,21.4,9.7
2021-01-21,Uasin Gishu,0.0,21.1,8.0
2021-01-22,Uasin Gishu,0.0,22.1,7.4
2021-01-23,Uasin Gishu,0.0,22.1,7.9
2021-01-24,Uasin Gishu,0.0,22.1,9.7
2021-01-25,Uasin Gishu,0.0,23.2,10.0
2021-01-26,Uasin Gishu,0.0,23.6,10.2
2021-01-27,Uasin Gishu,0.0,23.9,6.1
2021-01-28,UASIN GISHU,21.6,22.3,9.9
2021-01-29,Uasin Gishu,0.0,22.5,8.6
2021-01-30,Uasin Gishu,0.0,23.1,8.4
2021-01-31,Uasin Gishu,0.0,24.5,8.7
2021-02-01,Uasin Gishu,0.0,23.8,7.5
2021-02-02,Uasin Gishu,0.0,22.7,10.2
2021-02-03,Uasin Gishu,11.3,22.2,9.4
2021-02-04,Uasin Gishu,0.0,24.5,8.6
2021-02-05,Uasin Gishu,0.0,24.7,9.0
2021-02-06,Uasin Gishu,,25.0,8.7
2021-02-07,Uasin Gishu,0.0,22.9,
2021-02-08,Uasin Gishu,0.0,22.4,9.7
2021-02-09,Uasin Gishu,0.0,18.5,10.0
2021-02-10,Uasin Gishu,0.0,24.4,9.5
2021-02-11,UASIN GISHU,0.0,23.9,9.9
2021-02-12,Uasin Gishu,0.0,24.1,10.3
2021-02-13,Uasin Gishu,0.0,25.3,10.0
2021-02-14,UASIN GISHU,0.0,23.9,9.1
2021-02-15,Uasin Gishu,0.0,22.0,9.0
2021-02-16,Uasin Gishu,trace,25.4,9.8
2021-02-17,Uasin Gishu,0.0,23.9,8.6
2021-02-18,UASIN GISHU,0.0,24.9,9.7
2021-02-19,Uasin Gishu,0.0,24.9,9.3
2021-02-20,Uasin Gishu,11.6,22.9,10.1
2021-02-21,Uasin Gishu,0.0,23.9,9.1
2021-02-22,Uasin Gishu,0.0,25.0,9.1
2021-02-23,Uasin Gishu,0.0,23.5,9.2
2021-02-24,Uasin Gishu,0.0,24.5,9.5
2021-02-25,Uasin Gishu,0.0,21.6,10.8
2021-02-26,Uasin Gishu,0.0,24.2,9.0
2021-02-27,Uasin Gishu,0.0,24.6,8.6
2021-02-28,Uasin Gishu,0.0,23.6,10.4
2021-03-01,Uasin Gishu,trace,20.6,10.6
2021-03-02,uasin gishu,0.0,22.8,9.7
2021-03-03,Uasin Gishu,0.0,21.9,8.4
2021-03-04,Uasin Gishu,0.0,25.1,10.0
2021-03-05,Uasin Gishu,4.1,23.8,9.8
2021-03-06,Uasin Gishu,0.0,22.8,10.5
2021-03-07,Uasin Gishu,2.9,23.5,8.5
2021-03-08,Uasin Gishu,0.0,,10.2
2021-03-09,Uasin Gishu,0.0,21.5,11.0
2021-03-10,Uasin Gishu,0.0,22.1,9.8
2021-03-11,Uasin Gishu,0.0,24.6,9.8
2021-03-12,Uasin-Gishu,0.0,22.9,9.2
2021-03-13,uasin gishu,0.0,24.3,10.4
2021-03-14,Uasin Gishu,0.0,23.4,10.5
2021-03-15,Uasin Gishu,0.0,22.9,11.2
2021-03-16,Uasin Gishu,0.0,21.9,9.8
2021-03-17,Uasin Gishu,0.0,25.5,9.9
2021-03-18,Uasin Gishu,0.0,22.1,10.1
2021-03-19,Uasin Gishu,0.0,23.5,8.6
2021-03-20,Uasin Gishu,8.5,24.6,10.6
2021-03-21,Uasin Gishu,0.0,24.2,10.5
2021-03-22,Uasin Gishu,0.0,24.7,10.4
2021-03-23,uasin gishu,3.2,24.3,10.4
2021-03-24,Uasin Gishu,5.1,22.8,9.5
2021-03-25,Uasin Gishu,15.0,23.4,9.4
2021-03-26,Uasin Gishu,0.0,24.2,8.9
2021-03-27,Uasin Gishu,0.0,25.6,9.9
2021-03-28,Uasin Gishu,0.0,21.5,9.7
2021-03-29,Uasin Gishu,0.0,23.8,9.8
2021-03-30,Uasin Gishu,2.8,23.5,9.2
2021-03-31,Uasin Gishu,0.0,24.1,9.8
2021-04-01,Uasin Gishu,3.9,23.8,10.0
2021-04-02,Uasin Gishu,0.0,23.1,11.6
2021-04-03,Uasin Gishu,3.9,23.9,10.1
2021-04-04,Uasin Gishu,trace,23.5,12.5
2021-04-05,UASIN GISHU,0.7,25.4,8.1
2021-04-06,Uasin Gishu,5.8,23.3,10.8
2021-04-07,Uasin Gishu,0.0,23.9,10.5
2021-04-08,Uasin Gishu,2.8,23.6,8.8
2021-04-09,Uasin Gishu,0.0,24.6,11.6
2021-04-10,Uasin Gishu,3.0,25.7,9.8
2021-04-11,UASIN GISHU,0.0,24.8,10.8
2021-04-12,UASIN GISHU,10.0,22.1,11.3
2021-04-13,Uasin Gishu,0.0,24.9,10.1
2021-04-14,Uasin Gishu,0.0,23.3,12.3
2021-04-15,UASIN GISHU,0.0,26.1,10.4
2021-04-16,Uasin Gishu,0.0,23.6,9.8
2021-04-17,Uasin Gishu,0.0,26.1,9.3
2021-04-18,Uasin Gishu,1.7,25.6,10.8
2021-04-19,Uasin Gishu,0.0,,8.5
2021-04-20,Uasin Gishu,1.2,25.8,9.6
2021-04-21,Uasin Gishu,0.0,23.0,9.8
2021-04-22,uasin gishu,2.2,26.6,9.9
2021-04-23,Uasin Gishu,3.7,26.1,9.7
2021-04-24,Uasin Gishu,0.0,28.2,9.7
2021-04-25,Uasin Gishu,0.0,23.9,9.8
2021-04-26,Uasin Gishu,1.2,25.2,9.5
2021-04-27,Uasin Gishu,3.2,25.9,10.7
2021-04-28,Uasin Gishu,0.0,23.9,10.0
2021-04-29,Uasin Gishu,0.0,24.2,9.8
2021-04-30,Uasin Gishu,0.0,25.6,11.0
2021-05-01,Uasin Gishu,0.0,,10.4
2021-05-02,Uasin Gishu,0.0,25.3,11.0
2021-05-03,Uasin Gishu,0.0,28.2,9.4
2021-05-04,UASIN GISHU,3.6,25.7,10.7
2021-05-05,Uasin Gishu,3.7,24.8,9.3
2021-05-06,Uasin Gishu,0.0,22.3,9.6
2021-05-07,Uasin Gishu,0.0,25.1,11.8
2021-05-08,Uasin Gishu,0.0,23.2,12.2
2021-05-09,Uasin Gishu,0.0,26.4,8.9
2021-05-10,Uasin Gishu,0.0,27.4,11.5
2021-05-11,Uasin Gishu,0.0,25.8,10.5
2021-05-12,uasin gishu,28.6,,11.1
2021-05-13,Uasin Gishu,5.1,22.0,10.3
2021-05-14,Uasin Gishu,0.0,25.7,10.8
2021-05-15,Uasin-Gishu,0.0,25.6,11.3
2021-05-16,Uasin Gishu,0.3,26.2,11.0
2021-05-17,uasin gishu,0.0,24.8,10.0
2021-05-18,Uasin Gishu,0.0,22.1,10.9
2021-05-19,Uasin Gishu,4.2,24.3,10.0
2021-05-20,Uasin Gishu,0.0,26.1,10.6
2021-05-21,Uasin Gishu,14.4,23.9,10.2
2021-05-22,Uasin Gishu,1.6,23.2,10.7
2021-05-23,Uasin Gishu,0.0,27.6,10.7
2021-05-24,Uasin Gishu,0.0,26.1,10.6
2021-05-25,Uasin Gishu,0.0,23.8,11.2
2021-05-26,Uasin Gishu,4.6,25.5,10.7
2021-05-27,Uasin Gishu,0.0,24.2,11.9
2021-05-28,Uasin Gishu ,0.0,25.9,11.5
2021-05-29,Uasin Gishu,0.1,27.7,10.5
2021-05-30,Uasin Gishu,10.6,25.0,10.7
2021-05-31,Uasin Gishu,4.7,26.3,11.4
2021-06-01,Uasin Gishu,0.0,26.0,9.5
2021-06-02,Uasin Gishu,0.0,27.0,10.9
2021-06-03,Uasin Gishu,9.0,23.0,8.9
2021-06-04,Uasin Gishu,0.0,24.6,10.4
2021-06-05,Uasin Gishu,0.0,25.0,12.5
2021-06-06,Uasin Gishu,0.0,24.3,11.0
2021-06-07,Uasin Gishu,0.0,25.3,9.0
2021-06-08,Uasin Gishu,0.0,24.1,
2021-06-09,Uasin Gishu,0.0,24.4,9.4
2021-06-10,Uasin Gishu,0.0,25.9,9.9
2021-06-11,Uasin Gishu,0.0,26.1,11.2
2021-06-12,Uasin Gishu,0.0,24.4,9.4
2021-06-13,Uasin Gishu,0.0,24.8,11.4
2021-06-14,Uasin Gishu,2.2,26.3,10.0
2021-06-15,uasin gishu,7.4,23.7,10.9
2021-06-16,Uasin Gishu,0.0,23.0,10.7
2021-06-17,Uasin Gishu,0.0,23.5,11.2
2021-06-18,Uasin Gishu,1.7,24.1,11.2
2021-06-19,Uasin Gishu,0.0,23.6,9.2
2021-06-20,Uasin Gishu,0.0,25.3,11.0
2021-06-21,uasin gishu,2.3,27.6,
2021-06-22,UASIN GISHU,0.0,23.3,10.9
2021-06-23,Uasin Gishu,0.0,25.9,11.4
2021-06-24,Uasin Gishu,0.0,24.5,10.9
2021-06-25,Uasin Gishu,0.0,26.6,9.8
2021-06-26,Uasin Gishu,0.0,23.2,11.0
2021-06-27,Uasin Gishu,5.2,21.9,12.0
2021-06-28,Uasin Gishu,0.0,25.0,9.5
2021-06-29,Uasin Gishu,0.0,25.9,11.1
2021-06-30,Uasin Gishu,0.0,24.5,10.2
2021-07-01,Uasin Gishu,0.0,24.4,12.3
2021-07-02,uasin gishu,0.0,25.9,9.9
2021-07-03,Uasin Gishu,0.0,22.7,11.0
2021-07-04,Uasin Gishu,0.0,24.2,11.0
2021-07-05,Uasin Gishu,0.6,25.2,10.5
2021-07-06,Uasin Gishu,0.0,25.0,11.6
2021-07-07,UASIN GISHU,0.0,24.8,9.6
2021-07-08,Uasin Gishu,0.0,24.9,10.9
2021-07-09,uasin gishu,0.0,25.3,9.6
2021-07-10,Uasin Gishu,0.0,23.0,10.4
2021-07-11,Uasin Gishu,6.1,20.8,10.3
2021-07-12,Uasin Gishu,0.0,24.6,9.6
2021-07-13,Uasin-Gishu,0.0,23.2,10.3
2021-07-14,Uasin Gishu,0.0,25.1,11.8
2021-07-15,Uasin-Gishu,0.0,23.8,10.3
2021-07-16,Uasin Gishu,0.0,22.4,9.1
2021-07-17,Uasin Gishu,0.0,24.0,9.4
2021-07-18,Uasin Gishu,0.0,24.1,9.5
2021-07-19,Uasin Gishu,0.0,24.2,10.3
2021-07-20,Uasin Gishu,7.5,24.4,10.3
2021-07-21,Uasin Gishu,0.0,23.1,11.3
2021-07-22,Uasin Gishu,0.0,24.6,9.4
2021-07-23,Uasin Gishu,4.7,23.5,8.7
2021-07-24,uasin gishu,0.0,24.6,10.8
2021-07-25,Uasin Gishu,0.0,26.2,10.4
2021-07-26,Uasin Gishu,0.0,27.5,9.4
2021-07-27,Uasin Gishu,0.0,23.6,10.8
2021-07-28,Uasin Gishu,0.0,24.4,10.1
2021-07-29,Uasin Gishu,0.0,24.5,9.4
2021-07-30,Uasin Gishu,0.0,23.8,10.5
2021-07-31,Uasin Gishu,0.0,23.7,11.9
2021-08-01,uasin gishu,0.0,20.9,9.8
2021-08-02,Uasin Gishu,0.0,24.0,10.7
2021-08-03,uasin gishu,0.0,26.1,9.9
2021-08-04,Uasin Gishu,0.0,23.3,9.7
2021-08-05,Uasin Gishu,0.0,24.3,11.3
2021-08-06,Uasin Gishu,0.0,22.0,8.6
2021-08-07,Uasin Gishu ,19.0,22.3,9.5
2021-08-08,Uasin Gishu,0.5,25.5,9.4
2021-08-09,Uasin Gishu,0.0,24.9,10.1
2021-08-10,Uasin Gishu,0.0,23.7,10.4
2021-08-11,Uasin Gishu,6.7,20.6,10.5
2021-08-12,Uasin Gishu,0.0,24.2,8.9
2021-08-13,uasin gishu,0.0,24.8,10.4
2021-08-14,uasin gishu,0.0,23.4,9.4
2021-08-15,Uasin Gishu,0.0,23.4,8.5
2021-08-16,Uasin Gishu,0.0,25.7,10.6
2021-08-17,uasin gishu,0.0,25.4,9.1
2021-08-18,Uasin Gishu,4.1,23.6,9.6
2021-08-19,Uasin-Gishu,1.0,24.8,9.4
2021-08-20,Uasin Gishu,trace,22.6,7.8
2021-08-21,Uasin Gishu,0.0,25.9,8.7
2021-08-22,Uasin Gishu,0.0,22.7,10.7
2021-08-23,Uasin Gishu,1.5,21.7,8.0
2021-08-24,UASIN GISHU,0.0,24.3,10.0
2021-08-25,Uasin Gishu,0.0,,8.6
2021-08-26,UASIN GISHU,0.0,25.3,11.1
2021-08-27,Uasin Gishu,0.0,24.9,8.1
2021-08-28,UASIN GISHU,4.4,22.9,9.4
2021-08-29,Uasin Gishu,0.0,23.4,9.6
2021-08-30,Uasin Gishu,0.0,24.6,7.8
2021-08-31,Uasin Gishu,0.0,25.1,9.5
2021-09-01,Uasin Gishu,0.0,24.6,8.9
2021-09-02,Uasin Gishu,0.0,24.1,9.2
2021-09-03,Uasin Gishu ,0.0,21.2,8.2
2021-09-04,Uasin Gishu,1.6,24.0,10.3
2021-09-05,Uasin Gishu,0.0,23.4,9.9
2021-09-06,Uasin Gishu,0.0,22.5,10.6
2021-09-07,Uasin Gishu,0.0,25.4,9.6
2021-09-08,uasin gishu,0.0,22.7,9.6
2021-09-09,Uasin Gishu,0.0,22.9,9.2
2021-09-10,UASIN GISHU,0.0,24.0,
2021-09-11,Uasin Gishu,0.0,22.8,10.2
2021-09-12,Uasin Gishu,0.0,22.9,9.0
2021-09-13,Uasin Gishu,0.0,24.2,9.5
2021-09-14,Uasin Gishu,0.0,22.8,9.4
2021-09-15,Uasin Gishu,0.0,24.8,8.4
2021-09-16,Uasin Gishu,0.0,24.6,7.1
2021-09-17,Uasin Gishu,1.6,20.5,9.0
2021-09-18,Uasin Gishu,0.9,23.7,8.3
2021-09-19,Uasin Gishu,0.0,21.8,10.0
2021-09-20,Uasin Gishu,0.0,23.3,10.3
2021-09-21,Uasin Gishu,0.0,22.7,9.0
2021-09-22,Uasin Gishu,0.0,24.1,10.6
2021-09-23,Uasin Gishu,0.0,23.8,8.9
2021-09-24,Uasin Gishu,0.0,21.8,8.9
2021-09-25,uasin gishu,27.1,19.2,9.9
2021-09-26,Uasin Gishu,0.0,22.8,9.2
2021-09-27,Uasin Gishu,0.0,25.0,10.3
2021-09-28,Uasin Gishu,0.0,23.5,8.3
2021-09-29,Uasin Gishu,0.0,,7.2
2021-09-30,Uasin Gishu,0.0,21.5,8.8
2021-10-01,Uasin Gishu,0.0,24.7,11.1
2021-10-02,Uasin Gishu,6.8,18.1,8.5
2021-10-03,Uasin Gishu ,0.0,21.1,8.9
2021-10-04,Uasin Gishu,0.0,23.3,7.8
2021-10-05,Uasin Gishu,0.0,21.2,9.7
2021-10-06,Uasin Gishu,0.0,22.5,7.5
2021-10-07,Uasin Gishu,0.0,21.0,9.0
2021-10-08,Uasin Gishu,0.0,24.2,9.3
2021-10-09,Uasin Gishu,0.0,24.7,8.9
2021-10-10,Uasin Gishu,0.0,21.0,8.9
2021-10-11,Uasin Gishu,14.1,18.4,10.5
2021-10-12,Uasin Gishu,8.0,20.1,9.7
2021-10-13,Uasin Gishu,0.8,21.2,10.6
2021-10-14,Uasin Gishu,1.4,22.2,9.5
2021-10-15,Uasin Gishu,0.0,23.2,7.0
2021-10-16,Uasin Gishu,0.0,22.8,9.6
2021-10-17,UASIN GISHU,0.0,25.1,9.0
2021-10-18,Uasin Gishu,0.0,24.2,8.6
2021-10-19,Uasin Gishu,0.0,25.7,7.2
2021-10-20,UASIN GISHU,15.7,22.3,7.8
2021-10-21,Uasin Gishu,0.0,22.6,6.3
2021-10-22,Uasin Gishu,0.0,22.5,8.7
2021-10-23,Uasin Gishu,0.0,23.7,9.5
2021-10-24,Uasin Gishu,0.0,21.2,8.0
2021-10-25,Uasin Gishu,2.0,23.1,9.6
2021-10-26,Uasin Gishu,0.0,24.4,8.5
2021-10-27,UASIN GISHU,0.0,24.4,8.3
2021-10-28,uasin gishu,0.0,20.6,9.2
2021-10-29,Uasin Gishu,0.0,21.0,9.3
2021-10-30,Uasin Gishu,27.4,16.4,9.9
2021-10-31,Uasin Gishu ,0.0,22.8,8.0
2021-11-01,Uasin Gishu,2.8,23.9,9.4
2021-11-02,Uasin Gishu,0.0,20.2,9.6
2021-11-03,Uasin Gishu,4.3,24.5,9.0
2021-11-04,Uasin Gishu,4.5,22.3,7.2
2021-11-05,Uasin Gishu,0.0,20.9,7.8
2021-11-06,uasin gishu,1.5,21.4,7.3
2021-11-07,Uasin Gishu,0.0,20.4,8.0
2021-11-08,Uasin Gishu,0.0,21.0,8.9
2021-11-09,uasin gishu,0.0,22.3,8.4
2021-11-10,Uasin-Gishu,0.3,21.1,9.0
2021-11-11,Uasin Gishu,24.9,19.1,8.0
2021-11-12,Uasin Gishu,51.0,18.8,10.5
2021-11-13,Uasin Gishu,30.9,20.0,6.8
2021-11-14,Uasin Gishu,22.6,22.8,10.0
2021-11-15,Uasin Gishu,3.5,22.1,9.4
2021-11-16,Uasin Gishu,19.4,20.4,8.5
2021-11-17,Uasin Gishu,10.7,17.6,8.6
2021-11-18,Uasin Gishu,0.0,21.7,8.2
2021-11-19,Uasin Gishu,11.2,17.7,7.4
2021-11-20,Uasin Gishu,0.0,19.7,9.5
2021-11-21,Uasin-Gishu,0.0,23.2,7.4
2021-11-22,Uasin Gishu,4.6,23.9,7.3
2021-11-23,Uasin Gishu,0.0,20.3,7.8
2021-11-24,Uasin Gishu,0.0,22.8,
2021-11-25,Uasin Gishu,0.0,20.3,8.2
2021-11-26,UASIN GISHU,trace,22.6,9.8
2021-11-27,Uasin Gishu,1.8,21.0,9.4
2021-11-28,Uasin Gishu,2.0,21.4,10.7
2021-11-29,Uasin Gishu,1.8,,9.7
2021-11-30,Uasin Gishu,44.1,18.9,9.5
2021-12-01,UASIN GISHU,0.0,21.5,8.3
2021-12-02,Uasin Gishu,19.3,19.8,9.6
2021-12-03,Uasin Gishu,0.0,22.3,8.8
2021-12-04,Uasin Gishu,0.3,22.4,8.5
2021-12-05,Uasin Gishu,0.0,23.3,8.3
2021-12-06,Uasin Gishu,,14.6,7.9
2021-12-07,Uasin Gishu,3.0,22.6,8.7
2021-12-08,Uasin Gishu,trace,20.4,9.0
2021-12-09,Uasin Gishu,0.0,23.8,9.8
2021-12-10,Uasin Gishu,0.0,21.1,10.1
2021-12-11,Uasin Gishu,4.1,21.2,9.9
2021-12-12,uasin gishu,33.9,17.2,9.5
2021-12-13,uasin gishu,0.0,20.7,9.9
2021-12-14,Uasin Gishu,0.0,21.9,10.7
2021-12-15,Uasin-Gishu,8.7,18.0,8.5
2021-12-16,Uasin Gishu,0.0,21.2,9.2
2021-12-17,Uasin Gishu,0.0,19.8,8.4
2021-12-18,Uasin Gishu,0.0,23.5,9.1
2021-12-19,UASIN GISHU,-999,21.0,9.2
2021-12-20,Uasin-Gishu,2.9,19.0,8.3
2021-12-21,Uasin Gishu,0.0,22.6,
2021-12-22,Uasin Gishu,6.0,18.4,7.7
2021-12-23,Uasin-Gishu,0.0,23.6,7.6
2021-12-24,Uasin Gishu,0.0,24.3,8.2
2021-12-25,Uasin Gishu ,2.7,22.8,8.3
2021-12-26,Uasin Gishu,0.0,24.7,8.2
2021-12-27,Uasin Gishu,0.0,23.0,9.0
2021-12-28,Uasin Gishu,0.0,22.5,9.3
2021-12-29,Uasin Gishu,0.0,23.1,9.2
2021-12-30,Uasin Gishu ,26.7,20.0,8.2
2021-12-31,Uasin Gishu,0.0,22.0,8.7
2022-01-01,Uasin Gishu,0.0,20.4,7.4
2022-01-02,Uasin Gishu,0.0,22.5,7.5
2022-01-03,Uasin Gishu,0.0,23.2,9.8
2022-01-04,Uasin Gishu,0.0,20.9,8.0
2022-01-05,Uasin Gishu,6.0,20.7,6.7
2022-01-06,Uasin Gishu,0.0,22.1,8.5
2022-01-07,Uasin Gishu,0.0,21.6,8.5
2022-01-08,Uasin Gishu,10.2,21.9,8.1
2022-01-09,Uasin Gishu,40.6,17.2,8.9
2022-01-10,Uasin Gishu,47.1,20.0,10.2
2022-01-11,Uasin Gishu,0.0,24.0,9.0
2022-01-12,Uasin Gishu,0.0,24.3,8.6
2022-01-13,Uasin Gishu,0.0,24.8,8.9
2022-01-14,UASIN GISHU,0.0,23.7,9.9
2022-01-15,Uasin Gishu,0.0,20.7,8.9
2022-01-16,Uasin Gishu,0.0,23.2,9.8
2022-01-17,Uasin Gishu,0.0,24.1,9.4
2022-01-18,Uasin Gishu,0.0,21.2,7.2
2022-01-19,Uasin Gishu,0.0,22.4,9.7
2022-01-20,Uasin Gishu,0.0,22.3,7.7
2022-01-21,Uasin Gishu,0.0,23.5,9.1
2022-01-22,UASIN GISHU,1.4,21.5,7.7
2022-01-23,Uasin Gishu,0.0,21.1,8.9
2022-01-24,Uasin Gishu,0.0,22.8,9.6
2022-01-25,Uasin-Gishu,0.0,22.2,9.3
2022-01-26,Uasin Gishu,0.0,23.7,9.0
2022-01-27,Uasin Gishu,0.0,21.9,9.6
2022-01-28,Uasin Gishu,0.0,21.4,8.4
2022-01-29,Uasin Gishu,0.0,21.5,8.1
2022-01-30,Uasin Gishu,0.0,21.2,7.0
2022-01-31,Uasin Gishu,8.1,22.7,11.3
2022-02-01,UASIN GISHU,0.0,22.3,9.3
2022-02-02,Uasin Gishu,0.0,21.3,8.7
2022-02-03,Uasin Gishu,0.0,22.2,10.3
2022-02-04,Uasin Gishu,0.0,23.0,6.5
2022-02-05,Uasin Gishu,0.0,22.7,9.9
2022-02-06,Uasin Gishu,0.0,22.4,9.9
2022-02-07,Uasin Gishu,0.0,23.7,10.6
2022-02-08,Uasin Gishu,0.0,25.2,9.9
2022-02-09,Uasin Gishu,0.0,25.5,8.7
2022-02-10,Uasin Gishu,0.0,,10.4
2022-02-11,Uasin Gishu,2.1,23.6,9.7
2022-02-12,Uasin Gishu,0.0,23.2,8.6
2022-02-13,Uasin Gishu,0.0,23.9,7.0
2022-02-14,Uasin Gishu,0.0,25.2,
2022-02-15,UASIN GISHU,3.9,21.2,10.3
2022-02-16,Uasin Gishu,2.3,24.3,9.7
2022-02-17,Uasin Gishu,0.0,21.2,8.7
2022-02-18,Uasin Gishu,3.4,23.9,8.8
2022-02-19,Uasin Gishu,0.0,23.2,9.2
2022-02-20,uasin gishu,trace,23.9,9.8
2022-02-21,Uasin Gishu,0.0,24.4,11.7
2022-02-22,Uasin Gishu,0.0,23.1,9.4
2022-02-23,Uasin Gishu,0.0,21.5,9.1
2022-02-24,Uasin Gishu,0.0,22.1,9.0
2022-02-25,Uasin Gishu,0.0,23.9,9.5
2022-02-26,UASIN GISHU,3.4,24.4,10.3
2022-02-27,Uasin Gishu,0.0,24.6,8.9
2022-02-28,UASIN GISHU,0.0,22.6,6.5
2022-03-01,Uasin Gishu,0.0,22.3,8.5
2022-03-02,Uasin Gishu,0.0,23.5,12.5
2022-03-03,Uasin Gishu,6.9,22.9,9.3
2022-03-04,Uasin Gishu,0.0,22.7,10.1
2022-03-05,Uasin Gishu ,0.0,22.1,10.9
2022-03-06,UASIN GISHU,0.0,22.4,10.4
2022-03-07,Uasin Gishu,0.0,24.0,12.2
2022-03-08,Uasin Gishu,0.0,24.0,
2022-03-09,Uasin Gishu,7.8,21.3,9.6
2022-03-10,Uasin Gishu,1.1,24.1,10.6
2022-03-11,Uasin Gishu,0.0,21.4,9.0
2022-03-12,Uasin Gishu,0.0,23.3,9.0
2022-03-13,uasin gishu,0.0,25.1,9.9
2022-03-14,Uasin Gishu,0.0,25.4,8.8
2022-03-15,Uasin Gishu,0.0,23.2,10.3
2022-03-16,Uasin Gishu,0.0,22.4,9.5
2022-03-17,Uasin Gishu,4.3,25.2,9.0
2022-03-18,Uasin Gishu,1.6,26.4,9.1
2022-03-19,Uasin-Gishu,0.0,26.1,10.2
2022-03-20,UASIN GISHU,11.2,20.7,10.3
2022-03-21,Uasin Gishu,trace,24.3,8.5
2022-03-22,Uasin Gishu,0.0,22.8,10.2
2022-03-23,Uasin Gishu,1.8,24.3,9.1
2022-03-24,Uasin Gishu,0.0,22.5,10.2
2022-03-25,Uasin Gishu,2.0,24.2,7.5
2022-03-26,Uasin Gishu,7.6,24.2,11.7
2022-03-27,Uasin Gishu,1.1,26.0,9.2
2022-03-28,UASIN GISHU,0.0,22.9,10.1
2022-03-29,Uasin Gishu ,0.0,24.8,9.7
2022-03-30,Uasin Gishu,0.0,25.3,9.5
2022-03-31,Uasin Gishu,13.0,25.5,9.9
2022-04-01,Uasin Gishu,,22.8,10.2
2022-04-02,Uasin Gishu,0.0,23.1,10.2
2022-04-03,Uasin Gishu,22.4,21.6,11.0
2022-04-04,Uasin Gishu,0.0,25.4,10.5
2022-04-05,Uasin Gishu,9.0,24.2,9.9
2022-04-06,Uasin Gishu,6.1,20.0,8.6
2022-04-07,Uasin Gishu,0.0,23.9,10.8
2022-04-08,Uasin-Gishu,42.0,20.7,10.6
2022-04-09,Uasin Gishu,0.0,26.6,10.6
2022-04-10,Uasin Gishu,7.5,23.7,10.6
2022-04-11,Uasin Gishu,17.6,23.0,10.7
2022-04-12,Uasin Gishu,0.0,25.8,9.3
2022-04-13,Uasin Gishu,14.0,24.9,10.0
2022-04-14,Uasin Gishu,2.1,24.4,11.8
2022-04-15,Uasin Gishu,0.1,24.9,8.9
2022-04-16,Uasin Gishu,54.2,21.7,9.5
2022-04-17,Uasin Gishu,0.0,29.4,9.5
2022-04-18,UASIN GISHU,0.5,28.1,10.1
2022-04-19,Uasin Gishu,10.4,24.6,10.7
2022-04-20,Uasin Gishu,0.0,23.5,10.3
2022-04-21,Uasin Gishu,30.3,23.0,9.3
2022-04-22,Uasin Gishu,0.0,25.6,10.0
2022-04-23,Uasin Gishu,0.0,25.1,11.6
2022-04-24,Uasin Gishu,0.0,24.5,9.7
2022-04-25,uasin gishu,3.1,24.3,10.0
2022-04-26,Uasin Gishu,1.9,24.0,10.9
2022-04-27,uasin gishu,3.5,24.5,9.8
2022-04-28,uasin gishu,21.2,23.9,9.4
2022-04-29,Uasin-Gishu,19.3,24.1,10.3
2022-04-30,Uasin Gishu,31.8,25.0,10.3
2022-05-01,Uasin Gishu,0.2,23.8,9.4
2022-05-02,Uasin Gishu,0.0,25.2,10.8
2022-05-03,Uasin Gishu,41.7,21.2,13.5
2022-05-04,Uasin Gishu,31.4,21.3,9.7
2022-05-05,Uasin Gishu,0.0,23.6,11.7
2022-05-06,Uasin Gishu,17.9,23.7,10.0
2022-05-07,Uasin Gishu,11.3,22.5,10.9
2022-05-08,Uasin Gishu,0.0,22.5,9.3
2022-05-09,Uasin Gishu,32.3,24.2,10.5
2022-05-10,Uasin Gishu,1.7,27.7,10.5
2022-05-11,Uasin Gishu,1.2,24.3,10.6
2022-05-12,Uasin Gishu,9.5,23.6,10.7
2022-05-13,Uasin Gishu,7.4,23.5,11.2
2022-05-14,Uasin Gishu,0.0,26.2,10.4
2022-05-15,uasin gishu,0.0,24.0,11.1
2022-05-16,Uasin Gishu,0.0,22.7,10.5
2022-05-17,Uasin Gishu ,0.0,23.0,10.4
2022-05-18,Uasin Gishu,0.0,26.7,9.7
2022-05-19,uasin gishu,10.0,24.6,10.7
2022-05-20,Uasin Gishu,0.0,23.3,11.6
2022-05-21,Uasin Gishu,33.0,20.8,10.4
2022-05-22,Uasin Gishu,0.0,25.6,9.1
2022-05-23,Uasin Gishu,0.0,23.8,10.6
2022-05-24,Uasin Gishu,9.9,22.7,11.1
2022-05-25,Uasin Gishu,0.0,26.4,10.4
2022-05-26,uasin gishu,0.0,24.6,9.5
2022-05-27,Uasin Gishu,0.0,25.9,10.1
2022-05-28,UASIN GISHU,0.0,23.4,12.3
2022-05-29,Uasin Gishu,8.9,25.0,10.7
2022-05-30,Uasin Gishu,0.0,23.1,10.1
2022-05-31,Uasin Gishu,0.0,25.1,11.1
2022-06-01,uasin gishu,0.0,26.0,11.3
2022-06-02,Uasin Gishu,0.0,22.4,11.6
2022-06-03,Uasin Gishu ,0.0,21.8,11.1
2022-06-04,Uasin Gishu,0.0,25.9,9.7
2022-06-05,Uasin Gishu,0.0,24.3,11.7
2022-06-06,Uasin Gishu,0.0,27.9,10.4
2022-06-07,Uasin Gishu,7.1,21.3,10.2
2022-06-08,Uasin Gishu,0.0,24.9,10.1
2022-06-09,Uasin Gishu,5.9,22.0,10.6
2022-06-10,Uasin Gishu,31.2,24.5,10.9
2022-06-11,Uasin Gishu,0.0,28.2,11.3
2022-06-12,Uasin Gishu,2.7,24.7,7.4
2022-06-13,Uasin Gishu,0.6,23.4,9.9
2022-06-14,Uasin Gishu,14.2,24.2,9.8
2022-06-15,Uasin Gishu,0.0,25.3,10.1
2022-06-16,Uasin Gishu,0.0,24.8,10.7
2022-06-17,Uasin Gishu,1.4,25.3,12.3
2022-06-18,uasin gishu,0.0,24.7,10.3
2022-06-19,Uasin Gishu,,23.3,9.1
2022-06-20,Uasin Gishu,10.9,25.0,10.3
2022-06-21,Uasin Gishu,0.0,25.7,10.2
2022-06-22,Uasin Gishu,0.0,27.5,7.9
2022-06-23,Uasin Gishu,0.0,24.6,9.5
2022-06-24,Uasin Gishu,,26.7,10.8
2022-06-25,Uasin Gishu,42.1,22.0,11.1
2022-06-26,Uasin Gishu ,42.8,22.2,10.2
2022-06-27,Uasin Gishu,0.0,26.0,9.9
2022-06-28,Uasin Gishu,0.0,25.0,9.0
2022-06-29,Uasin Gishu,0.0,24.9,10.9
2022-06-30,Uasin Gishu,0.0,24.9,9.8
2022-07-01,Uasin Gishu ,0.0,23.7,9.4
2022-07-02,UASIN GISHU,0.0,22.6,9.6
2022-07-03,Uasin Gishu,0.0,25.9,9.9
2022-07-04,uasin gishu,0.0,23.6,10.5
2022-07-05,Uasin Gishu,0.6,24.6,11.9
2022-07-06,Uasin Gishu,0.0,25.9,11.7
2022-07-07,Uasin Gishu,5.1,21.9,7.8
2022-07-08,uasin gishu,0.0,22.3,11.0
2022-07-09,Uasin Gishu,23.7,24.4,10.1
2022-07-10,Uasin Gishu,0.0,24.4,10.3
2022-07-11,Uasin Gishu,0.0,26.1,11.2
2022-07-12,Uasin Gishu,0.0,28.6,9.7
2022-07-13,Uasin Gishu,0.0,24.1,11.3
2022-07-14,Uasin Gishu,0.0,26.9,11.1
2022-07-15,Uasin Gishu,0.0,25.1,10.3
2022-07-16,Uasin Gishu,0.0,25.1,10.6
2022-07-17,Uasin Gishu,0.0,25.0,10.3
2022-07-18,Uasin Gishu,24.8,22.4,9.1
2022-07-19,Uasin Gishu,0.0,25.4,11.0
2022-07-20,Uasin Gishu,8.0,21.4,9.8
2022-07-21,Uasin Gishu,0.0,26.9,10.8
2022-07-22,Uasin Gishu,0.0,24.5,8.2
2022-07-23,Uasin Gishu,0.0,24.5,9.4
2022-07-24,Uasin Gishu,0.0,22.7,10.6
2022-07-25,uasin gishu,0.0,25.5,11.6
2022-07-26,Uasin Gishu,0.0,25.2,9.8
2022-07-27,Uasin Gishu,0.0,24.4,9.4
2022-07-28,Uasin Gishu,1.4,23.2,9.6
2022-07-29,Uasin Gishu,0.0,24.8,11.1
2022-07-30,uasin gishu,0.0,24.1,8.5
2022-07-31,Uasin Gishu,18.1,21.0,9.9
2022-08-01,Uasin Gishu,14.3,22.3,9.9
2022-08-02,Uasin Gishu,5.1,23.5,9.3
2022-08-03,Uasin Gishu,6.8,22.2,9.5
2022-08-04,Uasin Gishu,40.6,22.1,11.9
2022-08-05,Uasin Gishu,0.0,23.6,8.7
2022-08-06,Uasin Gishu,12.2,20.2,11.9
2022-08-07,Uasin Gishu,0.0,25.4,9.0
2022-08-08,UASIN GISHU,0.0,23.9,8.5
2022-08-09,Uasin-Gishu,0.0,26.2,9.5
2022-08-10,Uasin Gishu,0.0,20.9,10.2
2022-08-11,Uasin-Gishu,0.0,21.7,8.6
2022-08-12,Uasin Gishu,0.0,21.7,10.2
2022-08-13,Uasin Gishu,0.0,20.8,12.6
2022-08-14,UASIN GISHU,20.0,23.0,9.5
2022-08-15,Uasin Gishu,0.0,25.1,9.5
2022-08-16,uasin gishu,0.0,23.5,8.8
2022-08-17,Uasin Gishu,0.0,27.8,9.7
2022-08-18,Uasin Gishu,0.0,25.9,8.8
2022-08-19,Uasin Gishu,0.0,23.7,10.4
2022-08-20,Uasin Gishu,25.6,20.8,8.7
2022-08-21,Uasin Gishu,0.0,23.3,9.5
2022-08-22,Uasin Gishu,0.0,24.9,9.5
2022-08-23,Uasin Gishu,1.1,24.6,8.4
2022-08-24,Uasin Gishu,0.0,21.9,10.1
2022-08-25,Uasin Gishu,0.0,24.2,9.5
2022-08-26,Uasin Gishu,12.7,20.8,10.7
2022-08-27,Uasin Gishu,0.0,25.0,9.9
2022-08-28,Uasin Gishu,0.0,21.3,9.6
2022-08-29,Uasin Gishu,0.0,21.6,10.3
2022-08-30,Uasin Gishu,0.0,23.8,8.3
2022-08-31,Uasin Gishu,0.0,24.3,8.5
2022-09-01,Uasin Gishu,5.6,23.3,11.5
2022-09-02,Uasin Gishu,37.2,20.5,10.0
2022-09-03,Uasin Gishu,0.0,22.3,9.4
2022-09-04,Uasin Gishu,13.7,22.3,8.4
2022-09-05,Uasin Gishu,0.0,24.7,8.3
2022-09-06,Uasin Gishu,0.0,25.3,8.4
2022-09-07,Uasin Gishu,0.0,22.4,10.0
2022-09-08,UASIN GISHU,0.0,24.5,
2022-09-09,Uasin Gishu,47.4,21.9,7.6
2022-09-10,Uasin Gishu,0.0,20.4,7.4
2022-09-11,Uasin Gishu,25.3,22.6,10.8
2022-09-12,Uasin Gishu,0.0,24.5,8.5
2022-09-13,Uasin Gishu,0.0,20.3,8.9
2022-09-14,Uasin Gishu,19.5,23.1,9.9
2022-09-15,Uasin Gishu,0.0,23.0,10.5
2022-09-16,Uasin Gishu,0.0,22.5,7.0
2022-09-17,Uasin Gishu,0.0,23.5,8.8
2022-09-18,Uasin Gishu,0.0,22.3,10.2
2022-09-19,Uasin Gishu,0.0,,10.3
2022-09-20,Uasin-Gishu,5.5,18.7,10.3
2022-09-21,Uasin Gishu,0.0,22.1,7.4
2022-09-22,Uasin Gishu,0.0,20.0,8.7
2022-09-23,Uasin Gishu,0.0,23.7,9.5
2022-09-24,UASIN GISHU,0.0,24.1,9.4
2022-09-25,Uasin Gishu,0.0,23.1,9.4
2022-09-26,Uasin Gishu,31.1,21.7,8.2
2022-09-27,uasin gishu,0.0,22.3,9.2
2022-09-28,Uasin Gishu,0.0,22.4,9.9
2022-09-29,Uasin Gishu,0.0,21.8,9.8
2022-09-30,Uasin Gishu,0.0,22.9,7.4
2022-10-01,Uasin Gishu,0.0,22.1,9.8
2022-10-02,Uasin Gishu,0.0,23.4,9.7
2022-10-03,Uasin Gishu,0.0,25.1,8.6
2022-10-04,Uasin Gishu,41.2,22.5,9.5
2022-10-05,Uasin Gishu,0.0,22.4,9.0
2022-10-06,Uasin Gishu,1.2,23.9,9.5
2022-10-07,Uasin Gishu,0.0,25.3,7.4
2022-10-08,Uasin Gishu,3.1,24.8,9.6
2022-10-09,Uasin Gishu,0.0,22.0,10.2
2022-10-10,Uasin-Gishu,2.1,20.6,9.7
2022-10-11,Uasin Gishu,7.9,21.6,8.5
2022-10-12,Uasin Gishu,2.2,22.3,8.9
2022-10-13,Uasin Gishu,0.0,22.2,9.0
2022-10-14,Uasin Gishu,0.9,24.1,8.7
2022-10-15,Uasin Gishu,0.0,22.2,10.4
2022-10-16,Uasin Gishu,0.0,23.0,8.1
2022-10-17,Uasin Gishu,1.6,22.5,9.2
2022-10-18,Uasin Gishu,2.0,21.3,9.2
2022-10-19,Uasin Gishu,0.0,23.1,10.8
2022-10-20,Uasin Gishu,0.7,21.0,
2022-10-21,Uasin Gishu,0.0,22.3,8.6
2022-10-22,Uasin Gishu,2.8,22.9,9.2
2022-10-23,Uasin Gishu,0.0,20.9,7.1
2022-10-24,Uasin Gishu,0.0,22.3,10.0
2022-10-25,Uasin Gishu,0.0,21.8,7.9
2022-10-26,Uasin Gishu,19.0,18.1,8.2
2022-10-27,Uasin Gishu,15.5,21.0,8.4
2022-10-28,Uasin Gishu,,23.7,8.0
2022-10-29,Uasin Gishu,0.0,22.5,8.0
2022-10-30,Uasin Gishu,0.0,21.3,8.4
2022-10-31,UASIN GISHU,0.0,22.2,7.4
2022-11-01,Uasin Gishu,0.0,21.6,8.9
2022-11-02,Uasin Gishu,0.0,23.4,8.0
2022-11-03,Uasin Gishu,0.0,22.4,9.1
2022-11-04,Uasin Gishu,44.1,20.3,8.6
2022-11-05,Uasin Gishu,0.0,22.8,9.2
2022-11-06,Uasin Gishu,11.4,21.0,9.2
2022-11-07,Uasin Gishu,0.0,21.6,9.2
2022-11-08,UASIN GISHU,17.1,22.1,8.8
2022-11-09,Uasin Gishu ,2.1,22.5,9.0
2022-11-10,Uasin Gishu,0.0,23.1,6.7
2022-11-11,Uasin Gishu,0.0,20.5,9.1
2022-11-12,Uasin Gishu,0.2,20.7,9.2
2022-11-13,Uasin Gishu,trace,19.8,7.2
2022-11-14,Uasin Gishu,11.8,21.2,8.3
2022-11-15,Uasin Gishu,0.0,22.4,10.2
2022-11-16,Uasin Gishu,0.0,24.3,8.2
2022-11-17,Uasin Gishu,,22.7,9.3
2022-11-18,Uasin Gishu,8.4,21.2,7.5
2022-11-19,Uasin-Gishu,2.9,21.7,7.4
2022-11-20,Uasin Gishu,0.0,21.6,7.5
2022-11-21,Uasin-Gishu,0.0,21.1,9.8
2022-11-22,Uasin Gishu,0.0,20.0,9.1
2022-11-23,Uasin Gishu,0.0,22.0,8.1
2022-11-24,Uasin Gishu,0.0,22.4,7.2
2022-11-25,Uasin Gishu,4.2,24.3,8.8
2022-11-26,Uasin Gishu,2.2,24.5,9.5
2022-11-27,UASIN GISHU,45.8,18.1,9.9
2022-11-28,Uasin Gishu,9.8,21.5,6.8
2022-11-29,Uasin Gishu,20.2,19.6,8.4
2022-11-30,uasin gishu,17.9,20.5,6.8
2022-12-01,UASIN GISHU,0.0,21.3,8.1
2022-12-02,Uasin Gishu ,-999,19.9,9.2
2022-12-03,Uasin Gishu,0.0,20.4,7.8
2022-12-04,Uasin Gishu,0.0,23.9,8.2
2022-12-05,Uasin-Gishu,0.0,23.4,9.1
2022-12-06,Uasin Gishu,0.0,24.1,6.6
2022-12-07,Uasin Gishu,0.0,23.3,7.8
2022-12-08,Uasin Gishu,39.5,18.2,9.4
2022-12-09,Uasin Gishu,0.3,20.7,9.6
2022-12-10,Uasin Gishu,0.0,20.3,8.3
2022-12-11,Uasin Gishu,0.0,21.6,8.1
2022-12-12,Uasin Gishu,0.0,18.8,10.4
2022-12-13,Uasin Gishu,0.0,22.0,7.5
2022-12-14,Uasin Gishu,0.0,21.3,8.4
2022-12-15,Uasin Gishu,21.6,21.8,6.2
2022-12-16,Uasin Gishu,0.0,20.0,8.4
2022-12-17,Uasin Gishu,12.1,22.1,7.6
2022-12-18,Uasin Gishu,0.0,21.4,8.2
2022-12-19,Uasin Gishu,13.2,19.7,7.2
2022-12-20,Uasin Gishu,0.0,21.3,9.9
2022-12-21,Uasin Gishu,1.3,22.5,9.5
2022-12-22,uasin gishu,0.0,22.3,8.1
2022-12-23,Uasin Gishu,1.3,25.4,9.6
2022-12-24,Uasin Gishu,0.0,19.3,7.5
2022-12-25,Uasin Gishu,0.0,21.6,9.8
2022-12-26,Uasin Gishu,0.0,22.5,7.5
2022-12-27,Uasin Gishu,0.0,23.0,9.2
2022-12-28,Uasin-Gishu,26.8,20.8,9.5
2022-12-29,Uasin Gishu,6.6,19.7,8.1
2022-12-30,Uasin Gishu,19.9,21.0,6.9
2022-12-31,Uasin Gishu,0.0,24.2,8.0
2023-01-01,Uasin Gishu,0.0,21.5,9.1
2023-01-02,Uasin Gishu,0.0,23.0,8.5
2023-01-03,Uasin Gishu,0.0,21.1,8.2
2023-01-04,Uasin Gishu,0.0,23.2,9.5
2023-01-05,Uasin Gishu,0.0,20.6,10.4
2023-01-06,Uasin Gishu,0.0,23.8,10.2
2023-01-07,Uasin Gishu,0.0,19.4,6.0
2023-01-08,Uasin Gishu,,20.9,9.3
2023-01-09,Uasin Gishu,0.0,25.0,7.7
2023-01-10,Uasin Gishu,0.0,22.3,
2023-01-11,Uasin Gishu,0.0,21.8,8.2
2023-01-12,Uasin Gishu,0.0,24.6,8.2
2023-01-13,Uasin Gishu,0.0,24.8,9.6
2023-01-14,Uasin Gishu,0.0,22.8,7.6
2023-01-15,Uasin Gishu,0.0,21.3,8.6
2023-01-16,uasin gishu,,22.1,9.8
2023-01-17,Uasin Gishu,10.1,18.7,10.0
2023-01-18,Uasin Gishu,0.0,22.8,8.1
2023-01-19,Uasin Gishu ,1.4,22.6,8.4
2023-01-20,Uasin Gishu,0.0,23.7,10.7
2023-01-21,Uasin Gishu ,0.0,23.5,10.5
2023-01-22,Uasin Gishu,,23.3,9.2
2023-01-23,Uasin Gishu,0.0,23.8,9.6
2023-01-24,Uasin Gishu,0.0,23.6,9.3
2023-01-25,Uasin-Gishu,0.0,23.8,8.2
2023-01-26,Uasin Gishu,0.0,20.8,9.7
2023-01-27,Uasin Gishu,-999,24.2,10.0
2023-01-28,Uasin Gishu,0.0,20.3,8.2
2023-01-29,UASIN GISHU,0.0,24.1,7.9
2023-01-30,Uasin Gishu,0.0,26.1,8.3
2023-01-31,Uasin Gishu,0.4,22.9,10.1
2023-02-01,Uasin Gishu,0.8,24.3,8.4
2023-02-02,UASIN GISHU,0.0,22.4,9.0
2023-02-03,uasin gishu,7.0,21.6,9.2
2023-02-04,Uasin Gishu,0.2,23.5,8.7
2023-02-05,Uasin-Gishu,trace,21.7,8.3
2023-02-06,Uasin Gishu,0.0,20.1,6.6
2023-02-07,Uasin Gishu,0.0,24.8,10.1
2023-02-08,Uasin Gishu,0.0,24.0,9.2
2023-02-09,Uasin-Gishu,4.7,22.2,11.5
2023-02-10,uasin gishu,0.0,25.9,10.2
2023-02-11,Uasin Gishu,0.0,22.5,9.2
2023-02-12,Uasin Gishu,0.0,18.8,9.6
2023-02-13,Uasin Gishu,0.0,24.9,9.1
2023-02-14,Uasin-Gishu,0.0,23.0,9.1
2023-02-15,Uasin Gishu,0.0,22.3,9.9
2023-02-16,Uasin Gishu,0.0,21.6,9.3
2023-02-17,Uasin Gishu,0.0,23.0,9.5
2023-02-18,Uasin Gishu,0.0,23.4,8.6
2023-02-19,Uasin Gishu,0.0,,7.0
2023-02-20,Uasin Gishu,0.0,21.5,10.4
2023-02-21,uasin gishu,0.0,25.3,8.9
2023-02-22,Uasin Gishu,9.9,17.8,9.4
2023-02-23,Uasin Gishu,0.0,24.1,11.0
2023-02-24,Uasin Gishu,0.0,24.3,8.6
2023-02-25,Uasin Gishu,0.0,23.4,9.9
2023-02-26,Uasin Gishu,0.0,21.3,8.7
2023-02-27,Uasin Gishu,0.0,23.0,10.6
2023-02-28,Uasin Gishu,22.4,23.1,9.5
2023-03-01,Uasin Gishu,0.0,23.3,9.9
2023-03-02,Uasin Gishu,,23.2,8.9
2023-03-03,Uasin Gishu,3.7,24.7,9.2
2023-03-04,Uasin Gishu,0.0,23.1,7.2
2023-03-05,Uasin Gishu,21.8,21.0,8.8
2023-03-06,Uasin Gishu,3.2,20.2,9.1
2023-03-07,Uasin Gishu,0.0,23.7,11.8
2023-03-08,Uasin Gishu,0.0,23.5,10.2
2023-03-09,Uasin Gishu,0.0,,9.6
2023-03-10,Uasin Gishu,0.0,23.0,10.6
2023-03-11,UASIN GISHU,20.3,17.5,9.4
2023-03-12,Uasin Gishu,13.2,21.1,8.8
2023-03-13,Uasin Gishu,0.0,23.8,10.2
2023-03-14,Uasin Gishu,0.0,21.6,10.8
2023-03-15,Uasin Gishu,0.0,24.6,10.5
2023-03-16,Uasin Gishu,1.8,28.4,10.4
2023-03-17,UASIN GISHU,0.0,27.3,9.4
2023-03-18,Uasin Gishu,0.0,24.1,9.3
2023-03-19,Uasin Gishu,34.6,20.4,9.1
2023-03-20,Uasin Gishu,0.0,25.7,11.4
2023-03-21,Uasin-Gishu,1.5,22.6,9.6
2023-03-22,Uasin Gishu,0.0,23.1,9.9
2023-03-23,Uasin Gishu,32.5,20.9,9.1
2023-03-24,Uasin Gishu,0.0,21.8,12.1
2023-03-25,Uasin Gishu,0.0,25.0,8.7
2023-03-26,Uasin Gishu,0.0,22.9,10.1
2023-03-27,Uasin Gishu,0.0,25.2,10.6
2023-03-28,Uasin Gishu,0.0,26.5,8.3
2023-03-29,Uasin-Gishu,0.0,21.8,10.3
2023-03-30,Uasin Gishu,8.1,,
2023-03-31,Uasin Gishu,2.8,24.2,9.0
2023-04-01,Uasin Gishu,0.0,24.9,9.5
2023-04-02,Uasin Gishu,4.4,25.0,8.8
2023-04-03,Uasin Gishu,16.6,21.3,9.1
2023-04-04,Uasin Gishu,11.0,24.1,11.0
2023-04-05,Uasin Gishu,0.0,26.1,9.4
2023-04-06,Uasin Gishu,0.0,25.7,9.7
2023-04-07,Uasin Gishu,16.1,20.5,9.6
2023-04-08,Uasin-Gishu,0.9,19.5,10.5
2023-04-09,Uasin Gishu,trace,25.4,9.6
2023-04-10,Uasin Gishu,13.7,23.3,9.5
2023-04-11,Uasin Gishu,43.8,24.2,10.7
2023-04-12,Uasin-Gishu,14.7,25.1,10.5
2023-04-13,Uasin Gishu,3.9,24.9,8.1
2023-04-14,UASIN GISHU,15.6,22.3,12.0
2023-04-15,Uasin Gishu,0.0,24.9,12.2
2023-04-16,Uasin Gishu,0.0,28.0,10.1
2023-04-17,Uasin-Gishu,30.5,22.6,10.8
2023-04-18,Uasin Gishu,30.6,25.1,10.4
2023-04-19,Uasin Gishu,trace,27.5,11.7
2023-04-20,Uasin Gishu,83.2,21.4,9.3
2023-04-21,Uasin Gishu,1.3,25.5,9.3
2023-04-22,Uasin Gishu,,24.5,10.5
2023-04-23,Uasin Gishu,0.0,23.0,10.1
2023-04-24,Uasin Gishu,0.0,26.9,10.9
2023-04-25,Uasin Gishu,5.0,25.1,9.1
2023-04-26,Uasin Gishu,0.1,25.9,11.4
2023-04-27,Uasin Gishu,44.8,20.8,10.1
2023-04-28,Uasin Gishu ,17.6,22.2,10.9
2023-04-29,Uasin Gishu,8.4,24.1,10.6
2023-04-30,Uasin Gishu,1.4,26.6,9.0
2023-05-01,Uasin Gishu,23.6,24.1,10.3
2023-05-02,Uasin Gishu,0.0,,10.4
2023-05-03,Uasin Gishu,12.6,24.5,8.9
2023-05-04,uasin gishu,0.0,25.6,10.1
2023-05-05,Uasin Gishu,0.0,25.1,9.7
2023-05-06,Uasin Gishu,7.3,23.3,11.2
2023-05-07,Uasin Gishu,14.7,24.3,
2023-05-08,Uasin Gishu,0.0,25.0,11.1
2023-05-09,Uasin Gishu,0.8,23.5,9.8
2023-05-10,Uasin Gishu,18.0,24.0,9.1
2023-05-11,Uasin Gishu,17.2,23.5,10.2
2023-05-12,Uasin Gishu,0.0,21.5,10.6
2023-05-13,Uasin Gishu,12.1,21.5,11.5
2023-05-14,Uasin Gishu,3.1,25.9,10.3
2023-05-15,Uasin Gishu,13.8,21.9,
2023-05-16,Uasin Gishu,0.0,26.2,10.8
2023-05-17,Uasin Gishu,trace,26.6,10.5
2023-05-18,Uasin Gishu,3.2,25.1,11.9
2023-05-19,Uasin Gishu,0.0,26.7,9.9
2023-05-20,Uasin Gishu,0.0,24.7,9.2
2023-05-21,Uasin Gishu,7.2,24.0,10.0
2023-05-22,Uasin Gishu,9.4,23.7,9.7
2023-05-23,Uasin Gishu,0.0,25.8,6.8
2023-05-24,Uasin Gishu,2.8,24.4,12.1
2023-05-25,Uasin Gishu,8.3,21.6,10.7
2023-05-26,Uasin Gishu,0.0,26.2,12.2
2023-05-27,Uasin Gishu,7.1,25.0,10.5
2023-05-28,Uasin Gishu,0.0,24.3,11.6
2023-05-29,Uasin Gishu,13.6,20.8,10.5
2023-05-30,Uasin Gishu,18.4,21.8,11.3
2023-05-31,Uasin Gishu,8.5,22.2,10.6
2023-06-01,Uasin Gishu,0.0,25.4,11.6
2023-06-02,Uasin Gishu ,19.7,23.6,11.1
2023-06-03,Uasin Gishu,5.5,24.7,11.1
2023-06-04,Uasin Gishu,11.8,23.6,9.8
2023-06-05,UASIN GISHU,2.1,26.2,10.6
2023-06-06,Uasin Gishu,0.0,27.4,9.2
2023-06-07,Uasin Gishu,0.0,26.5,10.4
2023-06-08,Uasin Gishu,1.1,24.5,8.0
2023-06-09,uasin gishu,0.0,25.0,10.5
2023-06-10,Uasin Gishu,21.6,22.5,10.1
2023-06-11,Uasin Gishu,0.0,23.3,10.8
2023-06-12,Uasin Gishu,2.6,25.2,11.7
2023-06-13,Uasin Gishu,0.0,27.1,10.4
2023-06-14,Uasin Gishu,0.0,24.4,11.2
2023-06-15,Uasin Gishu ,1.9,22.0,8.5
2023-06-16,Uasin Gishu,6.4,21.1,12.2
2023-06-17,Uasin Gishu,0.0,24.8,10.3
2023-06-18,Uasin-Gishu,0.0,25.7,9.9
2023-06-19,Uasin Gishu,38.1,21.7,10.5
2023-06-20,UASIN GISHU,4.1,23.8,8.8
2023-06-21,Uasin Gishu,0.0,23.5,10.2
2023-06-22,Uasin Gishu,2.2,22.7,11.3
2023-06-23,Uasin Gishu,0.0,27.0,10.3
2023-06-24,Uasin Gishu,1.6,22.9,11.7
2023-06-25,Uasin Gishu,0.0,24.8,10.7
2023-06-26,Uasin Gishu,0.0,27.6,11.1
2023-06-27,Uasin Gishu,0.0,24.6,10.0
2023-06-28,Uasin Gishu,0.0,22.1,10.2
2023-06-29,Uasin Gishu,5.7,21.5,9.8
2023-06-30,uasin gishu,29.4,23.7,10.7
2023-07-01,Uasin Gishu ,0.0,26.9,11.4
2023-07-02,Uasin Gishu,56.1,22.5,9.7
2023-07-03,Uasin Gishu,0.0,24.4,9.3
2023-07-04,Uasin Gishu,0.0,23.7,10.3
2023-07-05,Uasin Gishu,0.0,25.2,9.5
2023-07-06,Uasin Gishu,0.0,24.8,9.5
2023-07-07,UASIN GISHU,0.0,25.3,8.0
2023-07-08,Uasin-Gishu,0.0,25.0,11.2
2023-07-09,Uasin Gishu,0.0,26.4,8.1
2023-07-10,Uasin Gishu,0.0,26.6,8.5
2023-07-11,Uasin Gishu,0.0,24.7,11.0
2023-07-12,Uasin-Gishu,0.0,26.2,11.0
2023-07-13,Uasin Gishu,0.0,21.8,8.8
2023-07-14,Uasin Gishu,0.0,24.0,9.3
2023-07-15,Uasin Gishu,0.0,24.0,9.9
2023-07-16,Uasin Gishu,,23.0,12.8
2023-07-17,Uasin Gishu,0.0,27.5,11.0
2023-07-18,Uasin Gishu,0.0,23.0,11.0
2023-07-19,Uasin Gishu,0.0,27.6,9.4
2023-07-20,Uasin Gishu,0.0,25.5,10.9
2023-07-21,Uasin Gishu,0.0,24.4,10.8
2023-07-22,Uasin Gishu,0.0,22.7,9.1
2023-07-23,Uasin Gishu,0.0,23.8,10.8
2023-07-24,Uasin Gishu,0.0,23.5,11.8
2023-07-25,Uasin Gishu,0.0,21.4,10.0
2023-07-26,uasin gishu,0.0,24.8,9.0
2023-07-27,Uasin Gishu,0.0,25.6,8.8
2023-07-28,Uasin Gishu,0.0,24.4,10.1
2023-07-29,UASIN GISHU,0.0,24.3,10.6
2023-07-30,Uasin Gishu,0.0,25.3,8.3
2023-07-31,UASIN GISHU,29.2,21.7,9.0
2023-08-01,UASIN GISHU,9.4,21.7,9.0
2023-08-02,Uasin Gishu,0.0,22.6,9.5
2023-08-03,Uasin Gishu,0.0,23.3,9.8
2023-08-04,Uasin Gishu,1.2,23.8,10.3
2023-08-05,uasin gishu,0.0,25.8,9.4
2023-08-06,Uasin Gishu,0.0,24.8,8.1
2023-08-07,Uasin Gishu,3.4,24.4,9.8
2023-08-08,Uasin Gishu,4.1,21.6,8.7
2023-08-09,Uasin Gishu,0.0,24.9,9.4
2023-08-10,Uasin Gishu,22.2,20.8,9.9
2023-08-11,Uasin Gishu ,0.0,24.9,10.5
2023-08-12,Uasin Gishu,0.5,25.1,8.3
2023-08-13,Uasin Gishu,0.0,25.4,11.4
2023-08-14,Uasin Gishu,0.0,26.4,9.0
2023-08-15,Uasin Gishu,0.0,25.1,8.7
2023-08-16,Uasin Gishu,0.0,24.5,8.9
2023-08-17,Uasin Gishu,0.0,24.7,11.5
2023-08-18,Uasin Gishu,0.0,22.7,10.4
2023-08-19,Uasin Gishu,0.0,23.1,9.1
2023-08-20,Uasin Gishu,52.9,21.7,9.5
2023-08-21,Uasin Gishu,0.0,25.1,11.4
2023-08-22,Uasin Gishu,7.1,11.6,23.0
2023-08-23,Uasin Gishu,0.0,22.9,9.9
2023-08-24,Uasin Gishu,0.0,23.8,9.8
2023-08-25,Uasin Gishu,5.6,23.2,10.3
2023-08-26,Uasin Gishu,0.0,26.2,9.5
2023-08-27,Uasin Gishu,0.0,27.0,10.9
2023-08-28,Uasin-Gishu,0.0,21.6,9.8
2023-08-29,Uasin Gishu,41.4,22.6,8.9
2023-08-30,Uasin Gishu,0.0,22.3,9.8
2023-08-31,Uasin Gishu,0.0,24.3,11.3
2023-09-01,Uasin Gishu,0.0,22.6,10.3
2023-09-02,Uasin Gishu,0.0,23.8,9.5
2023-09-03,Uasin Gishu,0.0,23.3,10.5
2023-09-04,Uasin Gishu,0.0,25.0,10.2
2023-09-05,Uasin Gishu,0.0,23.3,9.4
2023-09-06,Uasin Gishu,10.2,20.5,9.0
2023-09-07,Uasin Gishu,0.0,24.6,9.5
2023-09-08,Uasin Gishu,0.0,22.2,10.2
2023-09-09,Uasin Gishu,0.0,24.5,9.2
2023-09-10,Uasin Gishu,0.0,23.2,9.9
2023-09-11,Uasin Gishu,0.0,24.6,9.7
2023-09-12,Uasin Gishu,0.0,23.0,7.9
2023-09-13,Uasin Gishu,0.6,23.2,8.1
2023-09-14,Uasin Gishu,0.0,22.8,8.8
2023-09-15,Uasin-Gishu,0.0,23.0,9.1
2023-09-16,Uasin-Gishu,0.0,23.6,8.6
2023-09-17,Uasin Gishu,9.8,21.0,8.7
2023-09-18,Uasin Gishu,0.0,22.1,9.6
2023-09-19,Uasin Gishu,15.2,20.2,9.4
2023-09-20,Uasin Gishu,0.0,22.2,9.1
2023-09-21,uasin gishu,10.1,19.5,9.9
2023-09-22,uasin gishu,0.0,23.5,9.8
2023-09-23,Uasin Gishu,0.0,18.5,7.4
2023-09-24,Uasin Gishu,10.4,22.7,10.2
2023-09-25,Uasin Gishu,0.0,22.9,9.6
2023-09-26,Uasin Gishu,20.9,22.6,9.7
2023-09-27,UASIN GISHU,0.0,24.3,10.4
2023-09-28,Uasin Gishu,0.0,24.4,8.8
2023-09-29,Uasin Gishu,0.0,23.1,9.0
2023-09-30,Uasin Gishu ,0.0,23.1,9.3
2023-10-01,Uasin Gishu,0.0,,8.1
2023-10-02,Uasin Gishu,30.6,21.9,9.3
2023-10-03,Uasin Gishu,0.0,24.2,7.7
2023-10-04,Uasin Gishu,0.0,22.3,9.2
2023-10-05,Uasin Gishu,1.8,22.5,7.8
2023-10-06,Uasin Gishu,0.0,25.1,8.1
2023-10-07,Uasin-Gishu,5.1,20.1,8.3
2023-10-08,Uasin Gishu,0.0,23.2,8.2
2023-10-09,Uasin Gishu,14.2,19.7,
2023-10-10,Uasin Gishu,0.0,23.0,8.5
2023-10-11,Uasin Gishu,0.0,23.4,6.9
2023-10-12,Uasin Gishu,0.0,23.0,8.5
2023-10-13,Uasin Gishu,0.4,25.2,7.2
2023-10-14,Uasin Gishu,0.0,24.1,9.5
2023-10-15,Uasin Gishu,0.0,23.1,8.4
2023-10-16,Uasin Gishu,0.0,22.3,9.7
2023-10-17,Uasin Gishu,0.0,23.3,10.4
2023-10-18,Uasin Gishu,0.0,23.6,10.6
2023-10-19,Uasin Gishu,0.0,21.8,9.9
2023-10-20,Uasin Gishu,0.0,21.7,8.0
2023-10-21,Uasin Gishu,18.6,18.6,8.8
2023-10-22,Uasin Gishu,6.0,20.2,8.5
2023-10-23,Uasin Gishu,21.0,20.9,9.0
2023-10-24,Uasin-Gishu,0.0,22.0,9.4
2023-10-25,Uasin Gishu,5.6,18.5,8.6
2023-10-26,Uasin Gishu,0.0,22.4,10.0
2023-10-27,Uasin Gishu,0.0,22.8,8.6
2023-10-28,Uasin Gishu ,0.0,21.5,10.4
2023-10-29,Uasin Gishu,0.0,24.6,8.9
2023-10-30,Uasin Gishu,0.0,20.8,9.3
2023-10-31,Uasin Gishu,15.5,18.5,8.9
2023-11-01,Uasin Gishu,0.0,20.8,7.8
2023-11-02,Uasin Gishu,0.0,21.2,9.0
2023-11-03,Uasin Gishu,0.0,21.1,9.9
2023-11-04,Uasin Gishu,6.8,21.2,7.3
2023-11-05,Uasin Gishu,0.0,22.4,9.5
2023-11-06,Uasin Gishu,0.0,22.0,8.6
2023-11-07,Uasin Gishu,1.8,23.3,7.4
2023-11-08,Uasin Gishu,1.5,19.4,8.5
2023-11-09,Uasin Gishu,0.0,23.8,9.0
2023-11-10,Uasin Gishu,0.0,23.5,9.2
2023-11-11,Uasin Gishu,13.9,18.6,8.1
2023-11-12,Uasin Gishu,0.0,21.5,8.8
2023-11-13,Uasin Gishu,0.6,22.7,7.2
2023-11-14,Uasin Gishu,0.0,21.7,8.0
2023-11-15,Uasin Gishu,13.6,22.3,9.4
2023-11-16,Uasin Gishu,0.0,21.8,8.8
2023-11-17,Uasin Gishu,0.0,21.5,9.8
2023-11-18,Uasin Gishu,6.0,20.3,8.8
2023-11-19,Uasin Gishu,8.9,19.3,7.4
2023-11-20,Uasin Gishu ,0.0,22.3,7.9
2023-11-21,Uasin Gishu,,25.0,9.0
2023-11-22,Uasin Gishu,0.0,21.1,8.7
2023-11-23,Uasin Gishu,0.0,24.1,8.1
2023-11-24,Uasin Gishu,0.0,23.4,7.5
2023-11-25,Uasin Gishu ,0.0,20.3,7.8
2023-11-26,Uasin Gishu,30.1,21.4,10.0
2023-11-27,Uasin Gishu,30.9,20.0,7.6
2023-11-28,Uasin Gishu,0.0,21.9,8.2
2023-11-29,Uasin Gishu,0.4,,10.0
2023-11-30,Uasin Gishu,0.0,24.5,8.0
2023-12-01,Uasin Gishu,0.0,23.4,9.1
2023-12-02,Uasin Gishu,0.0,23.3,10.3
2023-12-03,Uasin Gishu,0.0,20.2,7.5
2023-12-04,Uasin Gishu,0.0,20.3,7.9
2023-12-05,UASIN GISHU,0.0,20.3,7.4
2023-12-06,UASIN GISHU,0.0,22.6,9.3
2023-12-07,Uasin Gishu ,2.8,22.3,7.8
2023-12-08,Uasin Gishu,2.4,23.1,8.6
2023-12-09,Uasin-Gishu,0.0,24.2,8.2
2023-12-10,UASIN GISHU,0.0,23.0,8.6
2023-12-11,uasin gishu,0.0,23.3,8.4
2023-12-12,Uasin Gishu,11.3,19.1,10.4
2023-12-13,Uasin Gishu,0.0,20.7,9.4
2023-12-14,Uasin Gishu,0.0,23.1,9.1
2023-12-15,Uasin Gishu,0.0,20.6,9.5
2023-12-16,Uasin Gishu,0.0,19.5,6.5
2023-12-17,UASIN GISHU,9.8,20.6,6.6
2023-12-18,Uasin Gishu,trace,24.4,8.5
2023-12-19,Uasin Gishu,0.0,23.5,7.2
2023-12-20,Uasin Gishu,0.0,22.7,8.7
2023-12-21,Uasin Gishu,0.0,22.2,7.1
2023-12-22,Uasin Gishu,0.0,21.2,8.1
2023-12-23,Uasin Gishu,,20.7,7.6
2023-12-24,UASIN GISHU,10.8,18.9,6.4
2023-12-25,Uasin Gishu,5.5,20.7,7.1
2023-12-26,Uasin Gishu,0.0,23.8,9.7
2023-12-27,Uasin-Gishu,0.0,21.6,7.3
2023-12-28,Uasin Gishu,,23.5,7.5
2023-12-29,Uasin Gishu,0.0,24.0,10.3
2023-12-30,Uasin Gishu,0.0,20.9,8.1
2023-12-31,Uasin Gishu,0.0,21.8,9.4
2024-01-01,Uasin Gishu,0.0,19.0,9.3
2024-01-02,Uasin Gishu,0.0,22.1,9.7
2024-01-03,Uasin-Gishu,0.0,21.7,7.3
2024-01-04,Uasin Gishu,0.0,23.4,7.1
2024-01-05,Uasin Gishu,0.0,23.6,9.1
2024-01-06,Uasin Gishu,4.9,22.8,9.4
2024-01-07,Uasin Gishu,0.0,21.6,8.5
2024-01-08,Uasin Gishu,0.0,24.3,9.4
2024-01-09,Uasin Gishu,5.4,21.5,10.9
2024-01-10,Uasin Gishu,27.2,23.3,8.6
2024-01-11,Uasin Gishu,0.0,24.8,8.7
2024-01-12,Uasin Gishu,0.0,22.6,9.9
2024-01-13,Uasin Gishu,0.0,20.9,9.4
2024-01-14,Uasin Gishu,0.0,18.5,8.3
2024-01-15,Uasin Gishu,trace,22.1,10.6
2024-01-16,Uasin Gishu,21.6,21.2,8.9
2024-01-17,Uasin Gishu,0.0,20.4,9.2
2024-01-18,Uasin Gishu,,23.0,9.3
2024-01-19,UASIN GISHU,0.0,24.3,9.7
2024-01-20,Uasin Gishu,0.0,24.5,9.1
2024-01-21,Uasin Gishu,0.0,22.5,8.9
2024-01-22,Uasin Gishu,0.0,24.6,8.6
2024-01-23,Uasin Gishu,0.0,25.3,7.5
2024-01-24,Uasin Gishu,0.0,21.8,9.0
2024-01-25,Uasin Gishu,0.0,24.5,9.0
2024-01-26,Uasin Gishu,0.0,22.1,8.4
2024-01-27,Uasin Gishu,0.0,23.6,9.9
2024-01-28,Uasin Gishu,0.0,24.3,9.1
2024-01-29,Uasin Gishu,0.0,22.3,10.1
2024-01-30,Uasin Gishu,0.0,24.3,9.9
2024-01-31,Uasin-Gishu,0.0,24.8,10.6
2024-02-01,Uasin Gishu,0.0,25.7,9.1
2024-02-02,Uasin Gishu,0.0,22.7,8.8
2024-02-03,Uasin Gishu,0.0,22.9,9.4
2024-02-04,Uasin Gishu,0.0,22.8,10.6
2024-02-05,Uasin Gishu,0.0,24.6,9.5
2024-02-06,Uasin Gishu,0.0,22.8,8.4
2024-02-07,Uasin Gishu,0.0,23.9,8.9
2024-02-08,Uasin Gishu,3.8,23.1,10.5
2024-02-09,Uasin Gishu,0.0,24.6,8.8
2024-02-10,Uasin Gishu,0.0,22.4,9.7
2024-02-11,Uasin Gishu,10.9,21.1,8.2
2024-02-12,Uasin Gishu,0.0,21.9,10.7
2024-02-13,Uasin Gishu,0.0,22.0,10.1
2024-02-14,Uasin Gishu,0.0,23.5,7.4
2024-02-15,Uasin Gishu,0.0,8.9,20.3
2024-02-16,Uasin Gishu,0.0,24.0,9.0
2024-02-17,Uasin Gishu,9.0,19.9,8.1
2024-02-18,Uasin Gishu,0.0,24.5,10.8
2024-02-19,Uasin Gishu,0.0,24.3,8.6
2024-02-20,UASIN GISHU,0.0,24.2,10.0
2024-02-21,Uasin Gishu,1.7,22.6,8.5
2024-02-22,Uasin Gishu,0.0,25.4,9.7
2024-02-23,Uasin Gishu,0.0,23.4,11.1
2024-02-24,Uasin Gishu,21.3,24.0,10.3
2024-02-25,Uasin Gishu,0.0,24.2,9.5
2024-02-26,Uasin Gishu,2.6,22.5,9.1
2024-02-27,uasin gishu,0.0,20.9,7.9
2024-02-28,Uasin-Gishu,0.0,25.7,9.6
2024-02-29,Uasin Gishu,0.0,23.0,8.1
2024-03-01,Uasin Gishu,27.5,,9.3
2024-03-02,Uasin Gishu,0.0,25.1,10.3
2024-03-03,Uasin Gishu,6.7,21.3,10.1
2024-03-04,Uasin Gishu,0.0,26.2,9.6
2024-03-05,Uasin Gishu,0.0,22.2,10.3
2024-03-06,Uasin Gishu,0.0,23.1,10.3
2024-03-07,Uasin Gishu,19.4,20.9,8.7
2024-03-08,Uasin Gishu,0.0,22.5,9.7
2024-03-09,Uasin Gishu,10.8,19.0,8.5
2024-03-10,Uasin Gishu,0.0,,11.2
2024-03-11,Uasin Gishu,0.0,22.8,8.2
2024-03-12,Uasin Gishu,80.5,23.0,10.9
2024-03-13,Uasin Gishu,0.0,23.3,10.8
2024-03-14,Uasin Gishu,0.0,23.3,11.1
2024-03-15,Uasin Gishu,2.2,21.9,8.7
2024-03-16,Uasin Gishu,0.0,24.9,11.3
2024-03-17,Uasin Gishu,0.0,21.3,10.8
2024-03-18,Uasin Gishu,0.0,23.6,8.3
2024-03-19,Uasin Gishu,4.7,25.4,8.9
2024-03-20,Uasin Gishu,0.0,24.5,6.6
2024-03-21,Uasin Gishu,0.0,22.6,9.5
2024-03-22,uasin gishu,3.9,25.7,9.5
2024-03-23,Uasin Gishu,0.0,24.6,10.5
2024-03-24,Uasin Gishu,0.0,23.6,9.5
2024-03-25,Uasin Gishu,0.0,24.9,11.4
2024-03-26,Uasin Gishu ,0.0,23.5,10.9
2024-03-27,UASIN GISHU,,24.6,8.7
2024-03-28,Uasin Gishu,4.7,25.8,10.9
2024-03-29,Uasin Gishu,-999,23.6,9.3
2024-03-30,Uasin Gishu,0.0,21.8,9.7
2024-03-31,Uasin Gishu,0.0,24.8,9.8
2024-04-01,Uasin Gishu,6.8,20.4,9.9
2024-04-02,Uasin Gishu,1.4,24.9,10.6
2024-04-03,Uasin Gishu,0.0,25.4,10.9
2024-04-04,Uasin Gishu,0.0,25.0,7.3
2024-04-05,Uasin Gishu,10.2,23.4,10.7
2024-04-06,Uasin Gishu,9.9,22.3,10.5
2024-04-07,Uasin Gishu,0.0,23.4,10.1
2024-04-08,Uasin Gishu,0.7,25.3,10.4
2024-04-09,Uasin Gishu,0.0,26.0,12.1
2024-04-10,Uasin Gishu,1.0,24.8,10.6
2024-04-11,Uasin Gishu,7.2,21.8,10.3
2024-04-12,Uasin Gishu,1.5,24.3,9.4
2024-04-13,Uasin Gishu,0.0,23.8,10.3
2024-04-14,Uasin Gishu,28.2,23.0,9.2
2024-04-15,Uasin Gishu,0.0,24.6,10.4
2024-04-16,Uasin Gishu,0.5,25.1,8.9
2024-04-17,uasin gishu,0.0,23.8,9.5
2024-04-18,Uasin Gishu,10.0,23.8,8.3
2024-04-19,Uasin Gishu,4.8,23.6,7.0
2024-04-20,Uasin Gishu,0.0,22.0,10.5
2024-04-21,Uasin Gishu,0.0,24.5,9.0
2024-04-22,Uasin Gishu,0.5,24.7,9.8
2024-04-23,Uasin Gishu,0.0,23.2,11.0
2024-04-24,Uasin Gishu,0.0,24.9,9.0
2024-04-25,Uasin Gishu,29.0,22.7,10.9
2024-04-26,Uasin Gishu,0.0,24.0,10.6
2024-04-27,Uasin Gishu,3.3,23.3,9.5
2024-04-28,Uasin Gishu,1.9,24.8,10.8
2024-04-29,Uasin Gishu,3.6,25.4,9.2
2024-04-30,Uasin Gishu,18.7,23.0,7.3
2024-05-01,Uasin Gishu,20.5,24.0,10.1
2024-05-02,Uasin Gishu,2.7,26.5,11.0
2024-05-03,UASIN GISHU,0.0,25.8,9.3
2024-05-04,Uasin Gishu,0.0,25.7,10.6
2024-05-05,Uasin Gishu,0.0,21.6,9.5
2024-05-06,Uasin Gishu,0.0,27.5,9.8
2024-05-07,Uasin Gishu,0.0,25.8,9.2
2024-05-08,Uasin Gishu,9.4,21.9,11.5
2024-05-09,Uasin Gishu,3.5,23.6,10.7
2024-05-10,Uasin Gishu,0.0,26.0,10.4
2024-05-11,Uasin-Gishu,0.5,23.9,9.2
2024-05-12,Uasin Gishu,0.0,27.2,8.5
2024-05-13,Uasin Gishu,0.0,22.1,11.3
2024-05-14,UASIN GISHU,12.0,23.4,10.7
2024-05-15,Uasin Gishu,0.0,22.7,10.2
2024-05-16,Uasin Gishu,10.2,22.1,9.5
2024-05-17,Uasin Gishu,2.8,,11.0
2024-05-18,Uasin Gishu,0.0,25.3,10.3
2024-05-19,Uasin Gishu,0.0,24.3,10.5
2024-05-20,Uasin Gishu,26.5,24.3,9.3
2024-05-21,Uasin Gishu,0.0,23.9,10.8
2024-05-22,Uasin Gishu,13.1,24.3,11.6
2024-05-23,Uasin Gishu,2.2,25.9,10.4
2024-05-24,Uasin Gishu,0.0,24.4,10.3
2024-05-25,Uasin Gishu,25.0,22.4,10.5
2024-05-26,uasin gishu,0.0,23.5,11.7
2024-05-27,Uasin Gishu,11.8,21.1,10.0
2024-05-28,Uasin Gishu,4.3,23.5,11.3
2024-05-29,Uasin Gishu,0.0,24.0,12.5
2024-05-30,Uasin Gishu,26.5,25.8,11.7
2024-05-31,Uasin Gishu,0.0,24.9,9.9
2024-06-01,Uasin Gishu,0.0,26.8,9.2
2024-06-02,Uasin Gishu ,0.0,25.3,11.1
2024-06-03,Uasin Gishu,0.0,24.4,11.5
2024-06-04,Uasin Gishu,0.4,22.8,10.3
2024-06-05,Uasin Gishu,0.0,26.4,8.8
2024-06-06,Uasin Gishu,0.0,25.2,9.7
2024-06-07,Uasin Gishu,0.0,27.7,9.3
2024-06-08,Uasin Gishu,0.0,27.7,9.2
2024-06-09,Uasin Gishu,0.0,24.4,11.5
2024-06-10,UASIN GISHU,2.5,23.4,10.8
2024-06-11,Uasin Gishu,0.0,24.3,
2024-06-12,Uasin Gishu,0.0,26.0,10.3
2024-06-13,Uasin Gishu,6.7,21.3,9.1
2024-06-14,Uasin-Gishu,5.3,24.1,13.5
2024-06-15,uasin gishu,27.0,21.1,10.3
2024-06-16,Uasin Gishu,,23.3,9.4
2024-06-17,Uasin Gishu,0.0,22.2,10.6
2024-06-18,Uasin Gishu,0.0,26.7,9.4
2024-06-19,Uasin Gishu,12.7,24.2,11.3
2024-06-20,Uasin Gishu,9.1,22.3,10.2
2024-06-21,UASIN GISHU,0.0,24.5,10.5
2024-06-22,Uasin Gishu,1.0,26.4,12.6
2024-06-23,Uasin Gishu,trace,23.4,11.2
2024-06-24,Uasin Gishu,2.5,23.3,10.1
2024-06-25,uasin gishu,0.4,23.1,11.0
2024-06-26,Uasin Gishu,0.0,,10.5
2024-06-27,Uasin Gishu ,0.0,26.1,10.0
2024-06-28,Uasin Gishu ,0.0,24.2,9.4
2024-06-29,Uasin Gishu,0.0,25.9,10.6
2024-06-30,Uasin Gishu,28.0,21.9,10.4
2024-07-01,Uasin Gishu,0.0,22.6,10.2
2024-07-02,Uasin Gishu,34.0,24.0,8.0
2024-07-03,Uasin Gishu,0.0,23.3,11.0
2024-07-04,Uasin Gishu,0.0,24.9,9.7
2024-07-05,Uasin Gishu,0.0,,9.8
2024-07-06,Uasin Gishu,0.0,24.2,11.6
2024-07-07,Uasin Gishu,0.0,24.8,10.3
2024-07-08,Uasin Gishu,0.0,,10.2
2024-07-09,Uasin Gishu,0.0,25.7,8.7
2024-07-10,Uasin Gishu,0.0,27.1,7.7
2024-07-11,UASIN GISHU,0.0,23.4,10.4
2024-07-12,uasin gishu,0.0,27.1,11.3
2024-07-13,Uasin Gishu,0.0,23.7,11.0
2024-07-14,Uasin Gishu,19.8,22.8,10.4
2024-07-15,Uasin Gishu,5.1,22.1,10.0
2024-07-16,uasin gishu,0.0,25.6,10.6
2024-07-17,Uasin Gishu,0.0,25.5,10.9
2024-07-18,Uasin Gishu,0.0,22.5,9.7
2024-07-19,Uasin Gishu,15.2,23.4,9.0
2024-07-20,Uasin Gishu,0.0,23.3,11.2
2024-07-21,Uasin Gishu,0.0,25.8,11.4
2024-07-22,Uasin Gishu,0.0,24.2,11.5
2024-07-23,Uasin Gishu,,23.1,9.4
2024-07-24,Uasin Gishu,23.3,21.7,9.1
2024-07-25,Uasin Gishu,0.0,23.9,9.6
2024-07-26,Uasin Gishu,24.1,23.6,10.5
2024-07-27,Uasin Gishu,0.3,26.2,10.4
2024-07-28,Uasin Gishu,0.0,23.9,8.7
2024-07-29,Uasin Gishu,0.0,24.0,10.3
2024-07-30,Uasin Gishu,0.7,22.7,11.4
2024-07-31,Uasin Gishu,0.0,21.6,9.7
2024-08-01,Uasin Gishu,7.0,23.4,10.5
2024-08-02,Uasin Gishu,0.0,25.4,7.2
2024-08-03,Uasin Gishu,0.0,22.2,9.3
2024-08-04,Uasin Gishu ,0.0,20.7,8.8
2024-08-05,Uasin Gishu,0.0,22.8,8.5
2024-08-06,Uasin Gishu,0.0,21.7,9.1
2024-08-07,Uasin Gishu,0.0,22.0,8.9
2024-08-08,Uasin Gishu,0.0,23.3,8.3
2024-08-09,Uasin Gishu,0.0,25.7,8.2
2024-08-10,Uasin Gishu,0.0,23.8,8.3
2024-08-11,UASIN GISHU,0.0,24.6,9.0
2024-08-12,Uasin Gishu,0.0,,10.3
2024-08-13,Uasin Gishu,0.0,22.7,11.0
2024-08-14,Uasin Gishu,6.5,21.8,8.4
2024-08-15,Uasin Gishu,15.2,22.4,10.3
2024-08-16,Uasin Gishu ,0.0,23.8,9.5
2024-08-17,Uasin Gishu,0.0,24.8,9.6
2024-08-18,Uasin Gishu,0.0,25.7,11.0
2024-08-19,Uasin Gishu,2.7,22.2,9.5
2024-08-20,Uasin Gishu,0.0,26.2,10.1
2024-08-21,UASIN GISHU,0.0,21.8,10.9
2024-08-22,Uasin Gishu,0.0,24.7,9.6
2024-08-23,Uasin Gishu,0.0,22.5,10.3
2024-08-24,Uasin Gishu,0.0,24.5,10.0
2024-08-25,Uasin Gishu,0.0,25.2,8.3
2024-08-26,Uasin Gishu,0.0,22.8,7.7
2024-08-27,Uasin Gishu,24.6,20.7,11.0
2024-08-28,Uasin Gishu,3.5,22.4,10.4
2024-08-29,UASIN GISHU,0.0,23.6,10.8
2024-08-30,Uasin-Gishu,0.0,21.0,8.1
2024-08-31,uasin gishu,0.0,22.6,8.2
2024-09-01,Uasin Gishu,0.0,25.3,9.2
2024-09-02,Uasin Gishu,0.0,21.1,8.7
2024-09-03,Uasin Gishu ,0.0,22.6,10.6
2024-09-04,Uasin Gishu,2.1,20.7,9.6
2024-09-05,Uasin Gishu,0.0,24.0,9.4
2024-09-06,Uasin Gishu,0.0,21.8,7.3
2024-09-07,Uasin Gishu,1.8,25.4,10.4
2024-09-08,Uasin Gishu,9.6,19.8,9.4
2024-09-09,Uasin Gishu,2.6,23.1,9.0
2024-09-10,Uasin Gishu,0.0,23.9,9.1
2024-09-11,Uasin Gishu,1.2,22.9,8.0
2024-09-12,Uasin Gishu,0.0,24.1,9.1
2024-09-13,Uasin Gishu ,0.0,22.8,10.2
2024-09-14,Uasin Gishu,0.0,24.3,10.4
2024-09-15,Uasin Gishu,12.2,22.2,8.6
2024-09-16,Uasin Gishu,65.8,21.3,9.9
2024-09-17,UASIN GISHU,0.0,21.5,10.2
2024-09-18,Uasin Gishu,0.0,21.1,10.2
2024-09-19,UASIN GISHU,0.0,23.9,9.2
2024-09-20,Uasin Gishu,,23.4,11.1
2024-09-21,Uasin Gishu,,21.4,10.5
2024-09-22,Uasin Gishu,0.0,25.5,11.0
2024-09-23,Uasin Gishu,0.0,23.3,8.2
2024-09-24,Uasin Gishu,0.0,22.0,9.0
2024-09-25,Uasin Gishu,1.0,24.9,8.5
2024-09-26,Uasin Gishu,0.0,23.1,7.0
2024-09-27,UASIN GISHU,0.0,24.9,
2024-09-28,Uasin Gishu,3.7,22.5,9.8
2024-09-29,Uasin Gishu,0.0,23.8,8.3
2024-09-30,Uasin Gishu,11.0,22.3,7.7
2024-10-01,Uasin Gishu,0.6,23.0,9.8
2024-10-02,Uasin Gishu,0.0,22.2,9.8
2024-10-03,Uasin Gishu,29.2,22.5,10.2
2024-10-04,Uasin Gishu,25.3,20.8,9.8
2024-10-05,Uasin Gishu,0.0,21.4,9.8
2024-10-06,Uasin Gishu,0.0,22.7,8.9
2024-10-07,uasin gishu,0.0,20.7,9.2
2024-10-08,Uasin Gishu,,24.1,9.8
2024-10-09,Uasin Gishu,0.0,23.5,8.8
2024-10-10,Uasin Gishu,0.0,21.4,7.5
2024-10-11,Uasin Gishu,12.8,20.2,9.1
2024-10-12,Uasin Gishu,trace,22.7,11.1
2024-10-13,Uasin Gishu,0.0,23.2,8.1
2024-10-14,Uasin Gishu,0.0,21.7,8.8
2024-10-15,Uasin Gishu,0.0,24.5,8.6
2024-10-16,Uasin Gishu,0.0,20.3,8.8
2024-10-17,Uasin Gishu ,0.0,23.3,8.0
2024-10-18,Uasin Gishu,0.0,20.3,8.9
2024-10-19,uasin gishu,26.0,21.9,11.2
2024-10-20,Uasin Gishu,7.5,19.1,8.6
2024-10-21,Uasin Gishu,1.6,22.9,9.1
2024-10-22,Uasin Gishu,61.9,20.7,9.2
2024-10-23,Uasin Gishu,83.0,20.2,10.1
2024-10-24,UASIN GISHU,0.9,23.3,10.7
2024-10-25,Uasin Gishu,0.0,20.7,10.2
2024-10-26,Uasin Gishu,0.0,22.8,8.3
2024-10-27,Uasin Gishu,0.0,21.5,9.8
2024-10-28,Uasin Gishu,0.0,21.6,10.0
2024-10-29,Uasin Gishu,7.5,19.8,9.8
2024-10-30,Uasin Gishu,18.7,18.2,9.2
2024-10-31,Uasin Gishu,0.0,24.9,8.1
2024-11-01,Uasin Gishu,0.0,23.3,7.7
2024-11-02,Uasin Gishu,4.9,21.2,8.1
2024-11-03,Uasin Gishu,22.0,19.6,9.7
2024-11-04,UASIN GISHU,0.0,21.6,10.2
2024-11-05,Uasin Gishu,0.0,23.7,8.3
2024-11-06,Uasin Gishu,26.3,22.6,
2024-11-07,UASIN GISHU,5.3,18.0,7.7
2024-11-08,Uasin-Gishu,0.0,27.0,7.0
2024-11-09,Uasin Gishu,0.0,21.4,7.3
2024-11-10,Uasin Gishu,0.0,21.8,8.0
2024-11-11,Uasin Gishu,0.0,19.9,9.5
2024-11-12,UASIN GISHU,2.3,22.3,9.3
2024-11-13,Uasin Gishu,57.6,19.2,6.5
2024-11-14,Uasin Gishu,0.0,20.2,8.0
2024-11-15,UASIN GISHU,8.9,22.4,6.8
2024-11-16,Uasin Gishu,41.5,18.9,8.6
2024-11-17,uasin gishu,7.7,22.9,7.5
2024-11-18,Uasin Gishu,0.0,21.6,8.6
2024-11-19,Uasin Gishu,0.0,22.0,7.9
2024-11-20,Uasin-Gishu,13.1,16.3,7.4
2024-11-21,Uasin Gishu,5.6,20.7,10.2
2024-11-22,Uasin Gishu,0.0,21.8,7.7
2024-11-23,Uasin Gishu,7.5,18.6,7.7
2024-11-24,Uasin Gishu,0.0,21.1,6.5
2024-11-25,Uasin Gishu,29.5,19.7,9.5
2024-11-26,uasin gishu,1.1,24.6,7.3
2024-11-27,Uasin Gishu,20.6,19.2,7.3
2024-11-28,Uasin Gishu,8.3,24.0,8.1
2024-11-29,Uasin-Gishu,8.0,19.7,8.0
2024-11-30,Uasin Gishu,0.0,22.5,7.3
2024-12-01,Uasin Gishu,39.0,19.9,8.6
2024-12-02,Uasin Gishu,0.0,23.0,9.8
2024-12-03,Uasin Gishu,4.4,22.6,
2024-12-04,Uasin Gishu,2.8,22.2,8.9
2024-12-05,Uasin Gishu,0.0,21.4,7.5
2024-12-06,Uasin Gishu,0.0,21.0,9.1
2024-12-07,Uasin Gishu,0.0,23.1,10.9
2024-12-08,uasin gishu,0.0,22.5,8.0
2024-12-09,Uasin Gishu,0.0,23.2,7.5
2024-12-10,UASIN GISHU,0.0,23.2,9.8
2024-12-11,Uasin Gishu,0.0,22.9,8.8
2024-12-12,Uasin Gishu,0.0,21.3,8.3
2024-12-13,Uasin Gishu,0.0,24.3,8.4
2024-12-14,Uasin Gishu,0.0,21.3,9.9
2024-12-15,Uasin Gishu,,17.4,8.0
2024-12-16,Uasin Gishu,0.0,18.7,9.0
2024-12-17,Uasin Gishu,0.0,20.1,9.4
2024-12-18,Uasin Gishu,11.9,22.1,9.8
2024-12-19,Uasin Gishu,0.0,19.4,10.8
2024-12-20,Uasin-Gishu,0.0,22.1,7.7
2024-12-21,Uasin Gishu,0.0,23.3,8.8
2024-12-22,Uasin Gishu,0.0,22.3,8.7
2024-12-23,Uasin Gishu,6.3,17.9,9.0
2024-12-24,Uasin Gishu,0.0,22.1,10.1
2024-12-25,Uasin Gishu,0.0,18.8,11.2
2024-12-26,Uasin Gishu,0.0,20.7,7.1
2024-12-27,UASIN GISHU,0.0,20.6,9.7
2024-12-28,Uasin Gishu,0.0,22.6,9.0
2024-12-29,Uasin Gishu,0.0,24.9,8.2
2024-12-30,Uasin Gishu,0.0,22.1,10.4
2024-12-31,Uasin Gishu,0.0,23.8,8.0
2025-01-01,Uasin Gishu,0.0,21.1,10.4
2025-01-02,Uasin Gishu,,21.7,7.8
2025-01-03,Uasin Gishu,0.0,26.1,8.5
2025-01-04,Uasin Gishu,0.0,20.6,10.0
2025-01-05,Uasin Gishu,18.3,21.2,7.5
2025-01-06,Uasin Gishu,8.5,21.6,8.1
2025-01-07,Uasin Gishu,0.0,23.9,9.0
2025-01-08,Uasin Gishu,0.0,23.9,8.9
2025-01-09,Uasin Gishu,8.6,21.5,7.8
2025-01-10,Uasin Gishu,0.0,22.4,8.2
2025-01-11,Uasin Gishu,0.0,23.7,9.0
2025-01-12,Uasin Gishu,23.0,20.3,9.9
2025-01-13,Uasin Gishu,33.5,18.2,7.4
2025-01-14,Uasin Gishu,6.6,19.1,6.9
2025-01-15,Uasin Gishu,0.0,23.3,9.7
2025-01-16,Uasin Gishu,3.8,19.8,8.4
2025-01-17,UASIN GISHU,0.0,20.3,8.5
2025-01-18,Uasin Gishu,0.0,18.9,8.7
2025-01-19,Uasin Gishu,0.0,22.5,9.3
2025-01-20,Uasin Gishu,23.5,20.3,9.9
2025-01-21,Uasin Gishu,11.7,19.7,9.3
2025-01-22,Uasin Gishu,0.0,23.2,8.9
2025-01-23,Uasin Gishu,8.1,21.0,10.1
2025-01-24,UASIN GISHU,0.0,20.8,9.8
2025-01-25,Uasin Gishu,0.0,23.9,9.8
2025-01-26,Uasin Gishu,0.0,22.8,10.4
2025-01-27,Uasin Gishu ,0.0,23.1,7.9
2025-01-28,Uasin Gishu,0.0,22.8,7.7
2025-01-29,Uasin Gishu,5.4,19.0,10.0
2025-01-30,Uasin Gishu,0.0,23.1,9.9
2025-01-31,Uasin Gishu,0.0,22.5,8.4
2025-02-01,Uasin Gishu,0.0,23.8,10.0
2025-02-02,Uasin Gishu,1.8,23.4,8.0
2025-02-03,Uasin Gishu,0.0,23.5,8.0
2025-02-04,Uasin Gishu,0.0,25.1,9.5
2025-02-05,UASIN GISHU,0.0,24.9,7.4
2025-02-06,uasin gishu,0.0,22.0,9.6
2025-02-07,uasin gishu,,21.2,7.6
2025-02-08,Uasin Gishu,0.0,19.3,11.5
2025-02-09,UASIN GISHU,0.0,22.1,9.5
2025-02-10,Uasin Gishu,0.0,23.7,8.3
2025-02-11,Uasin Gishu,0.0,21.6,7.7
2025-02-12,Uasin Gishu,0.0,22.8,8.1
2025-02-13,Uasin Gishu,5.0,23.0,9.7
2025-02-14,Uasin Gishu,0.0,23.0,8.2
2025-02-15,Uasin Gishu ,0.0,25.3,8.7
2025-02-16,Uasin Gishu,34.1,20.2,9.7
2025-02-17,Uasin Gishu,0.0,20.6,10.5
2025-02-18,Uasin Gishu,5.7,18.7,8.1
2025-02-19,Uasin Gishu,0.0,25.7,10.5
2025-02-20,Uasin Gishu,,21.6,7.3
2025-02-21,Uasin Gishu,0.0,21.8,10.5
2025-02-22,Uasin Gishu,0.0,23.8,9.7
2025-02-23,Uasin Gishu,0.0,23.1,8.2
2025-02-24,Uasin Gishu,40.8,20.4,7.6
2025-02-25,UASIN GISHU,0.0,23.1,9.4
2025-02-26,Uasin Gishu,19.9,20.3,9.3
2025-02-27,Uasin Gishu,0.0,20.8,8.2
2025-02-28,Uasin Gishu,0.0,25.7,10.1
2025-03-01,Uasin Gishu,8.9,21.4,8.2
2025-03-02,Uasin Gishu,0.0,23.9,8.0
2025-03-03,Uasin Gishu,-999,21.6,10.3
2025-03-04,Uasin Gishu,0.0,23.4,10.5
2025-03-05,Uasin Gishu,5.4,20.7,10.1
2025-03-06,Uasin Gishu,0.0,22.0,11.3
2025-03-07,Uasin Gishu,0.0,26.3,11.9
2025-03-08,Uasin Gishu,41.0,20.7,9.3
2025-03-09,Uasin Gishu,0.0,25.2,9.5
2025-03-10,Uasin Gishu,13.1,23.1,10.0
2025-03-11,Uasin Gishu,0.5,24.7,10.2
2025-03-12,Uasin Gishu,0.0,20.7,10.0
2025-03-13,Uasin Gishu,0.0,21.7,7.9
2025-03-14,Uasin Gishu,8.7,23.8,9.9
2025-03-15,Uasin Gishu,0.0,23.9,9.6
2025-03-16,Uasin Gishu,0.0,23.7,7.4
2025-03-17,Uasin Gishu,1.8,23.5,9.8
2025-03-18,Uasin Gishu ,12.0,23.8,9.3
2025-03-19,UASIN GISHU,0.0,23.5,9.4
2025-03-20,Uasin Gishu,0.0,21.7,7.8
2025-03-21,Uasin Gishu,7.9,19.6,8.0
2025-03-22,Uasin Gishu,0.0,22.7,8.9
2025-03-23,Uasin Gishu,0.0,25.8,9.6
2025-03-24,Uasin Gishu ,46.8,24.7,10.8
2025-03-25,Uasin Gishu,1.7,22.6,8.9
2025-03-26,Uasin Gishu,trace,23.2,10.9
2025-03-27,Uasin Gishu,0.0,24.3,7.9
2025-03-28,Uasin Gishu,10.9,24.0,11.3
2025-03-29,UASIN GISHU,11.1,21.1,9.6
2025-03-30,Uasin Gishu,0.0,23.8,10.2
2025-03-31,Uasin Gishu,0.0,24.9,11.4
2025-04-01,Uasin Gishu,0.0,25.1,9.2
2025-04-02,Uasin Gishu,0.0,23.3,10.5
2025-04-03,Uasin Gishu,0.0,23.9,10.2
2025-04-04,Uasin Gishu,2.0,23.3,9.8
2025-04-05,Uasin Gishu,2.7,22.9,10.0
2025-04-06,uasin gishu,1.6,23.8,8.8
2025-04-07,Uasin Gishu,0.0,23.6,9.9
2025-04-08,UASIN GISHU,0.0,23.9,10.5
2025-04-09,Uasin Gishu,1.7,23.0,10.2
2025-04-10,Uasin Gishu,0.0,25.6,9.8
2025-04-11,Uasin Gishu,25.9,25.1,10.1
2025-04-12,Uasin Gishu,0.0,24.4,9.5
2025-04-13,Uasin Gishu,3.5,27.6,9.3
2025-04-14,Uasin Gishu,6.4,21.1,10.8
2025-04-15,Uasin Gishu,0.0,23.7,9.2
2025-04-16,Uasin Gishu,17.7,23.8,11.0
2025-04-17,Uasin Gishu,0.0,22.2,9.5
2025-04-18,Uasin Gishu,0.0,23.9,12.5
2025-04-19,Uasin Gishu,9.3,23.3,10.5
2025-04-20,Uasin Gishu,0.4,27.1,9.2
2025-04-21,Uasin Gishu,25.6,19.8,11.2
2025-04-22,Uasin Gishu,13.4,21.9,9.8
2025-04-23,Uasin Gishu,0.0,24.3,10.6
2025-04-24,Uasin Gishu,4.1,23.9,12.1
2025-04-25,UASIN GISHU,24.0,21.9,10.3
2025-04-26,Uasin Gishu,0.0,26.7,10.1
2025-04-27,Uasin Gishu,0.0,24.5,10.5
2025-04-28,UASIN GISHU,31.3,23.0,9.5
2025-04-29,Uasin Gishu,0.0,24.7,10.4
2025-04-30,Uasin Gishu,0.0,25.0,8.1
2025-05-01,Uasin Gishu,11.8,23.4,9.7
2025-05-02,Uasin Gishu,29.6,23.8,9.7
2025-05-03,Uasin Gishu,0.0,23.0,9.9
2025-05-04,Uasin Gishu,4.0,26.6,9.4
2025-05-05,Uasin Gishu,3.3,23.9,9.5
2025-05-06,Uasin Gishu,0.0,24.1,10.5
2025-05-07,Uasin Gishu,22.8,23.0,9.6
2025-05-08,Uasin Gishu,0.0,24.8,11.0
2025-05-09,Uasin Gishu,1.6,24.4,12.1
2025-05-10,Uasin Gishu,14.0,24.4,11.2
2025-05-11,Uasin Gishu,0.0,23.8,11.9
2025-05-12,Uasin Gishu,3.5,24.4,11.5
2025-05-13,Uasin Gishu,1.4,27.3,10.9
2025-05-14,Uasin Gishu,trace,24.6,
2025-05-15,Uasin Gishu,6.5,22.5,9.8
2025-05-16,Uasin Gishu,0.0,23.1,10.0
2025-05-17,Uasin Gishu,0.0,25.1,9.1
2025-05-18,Uasin Gishu,0.0,24.3,10.0
2025-05-19,Uasin Gishu,14.6,25.5,9.0
2025-05-20,Uasin Gishu,3.0,24.4,10.5
2025-05-21,Uasin Gishu,0.7,24.1,11.6
2025-05-22,Uasin Gishu,,24.1,9.5
2025-05-23,Uasin Gishu,0.0,26.6,9.4
2025-05-24,UASIN GISHU,0.0,25.6,10.7
2025-05-25,Uasin Gishu,0.0,27.1,10.6
2025-05-26,Uasin Gishu,0.0,24.8,12.1
2025-05-27,Uasin Gishu,1.9,22.5,10.3
2025-05-28,Uasin Gishu,19.1,22.5,11.2
2025-05-29,Uasin Gishu,4.7,24.3,
2025-05-30,Uasin Gishu,0.0,24.5,11.9
2025-05-31,uasin gishu,0.0,24.9,11.0
2025-06-01,uasin gishu,0.0,23.2,11.2
2025-06-02,Uasin Gishu,0.0,27.2,11.5
2025-06-03,Uasin Gishu,6.6,24.3,9.5
2025-06-04,Uasin Gishu ,0.0,25.5,10.6
2025-06-05,Uasin Gishu,0.0,23.5,9.8
2025-06-06,Uasin Gishu,0.0,21.6,11.4
2025-06-07,Uasin Gishu,0.0,25.4,10.5
2025-06-08,Uasin Gishu,0.0,25.5,10.5
2025-06-09,UASIN GISHU,15.0,22.8,10.4
2025-06-10,Uasin Gishu,0.0,25.5,9.7
2025-06-11,Uasin Gishu,0.0,24.8,10.9
2025-06-12,uasin gishu,13.6,21.8,10.4
2025-06-13,Uasin Gishu,0.0,25.8,11.1
2025-06-14,Uasin Gishu,0.0,24.8,10.4
2025-06-15,Uasin Gishu,0.0,26.7,11.0
2025-06-16,Uasin Gishu,0.0,25.4,8.7
2025-06-17,Uasin Gishu,0.0,24.1,10.9
2025-06-18,Uasin Gishu,0.0,23.4,10.2
2025-06-19,Uasin Gishu,0.0,22.0,10.3
2025-06-20,Uasin Gishu,0.0,26.8,11.8
2025-06-21,Uasin Gishu,0.2,23.2,12.1
2025-06-22,Uasin Gishu,7.1,23.9,9.7
2025-06-23,Uasin Gishu ,0.0,24.5,10.8
2025-06-24,uasin gishu,0.0,25.4,10.4
2025-06-25,Uasin Gishu,0.0,24.9,11.0
2025-06-26,Uasin Gishu,22.6,21.9,9.4
2025-06-27,Uasin Gishu,0.0,27.2,10.0
2025-06-28,Uasin Gishu,0.0,,9.4
2025-06-29,Uasin Gishu,0.0,26.1,10.3
2025-06-30,Uasin Gishu,0.0,25.1,10.6
2019-01-01,kakamega,0.0,26.7,14.7
2019-01-02,Kakamega,0.0,27.4,14.8
2019-01-03,Kakamega,0.0,27.3,15.1
2019-01-04,Kakamega,0.0,28.3,13.4
2019-01-05,Kakamega,0.0,27.4,13.8
2019-01-06,Kakamega,0.0,26.3,15.1
2019-01-07,Kakamega,0.0,24.2,14.9
2019-01-08,Kakamega,0.0,26.8,13.9
2019-01-09,Kakamega,0.0,27.7,14.5
2019-01-10,Kakamega,0.0,28.4,14.9
2019-01-11,Kakamega,0.0,27.0,13.8
2019-01-12,Kakamega,0.0,26.7,13.9
2019-01-13,Kakamega,9.0,23.3,14.6
2019-01-14,Kakamega,0.0,25.7,16.2
2019-01-15,Kakamega,0.0,28.2,14.6
2019-01-16,Kakamega,0.0,26.4,13.3
2019-01-17,Kakamega,1.7,26.0,14.3
2019-01-18,Kakamega,2.5,27.7,15.4
2019-01-19,Kakamega,0.0,29.6,16.5
2019-01-20,Kakamega,0.0,24.3,16.8
2019-01-21,Kakamega,0.0,28.9,15.2
2019-01-22,Kakamega,0.0,,16.5
2019-01-23,Kakamega,0.0,22.6,14.7
2019-01-24,Kakamega ,5.0,24.6,14.6
2019-01-25,Kakamega,10.5,27.2,14.1
2019-01-26,Kakamega,0.0,26.7,16.3
2019-01-27,Kakamega,0.0,26.4,14.6
2019-01-28,Kakamega,0.0,29.3,13.6
2019-01-29,Kakamega,0.0,25.2,14.6
2019-01-30,Kakamega,11.9,25.4,14.8
2019-01-31,Kakamega,0.0,26.9,14.9
2019-02-01,Kakamega,0.0,28.3,14.9
2019-02-02,Kakamega,0.0,27.9,14.4
2019-02-03,Kakamega,0.0,26.5,15.4
2019-02-04,Kakamega,19.1,27.4,15.3
2019-02-05,Kakamega,0.0,28.5,14.9
2019-02-06,Kakamega,0.0,22.6,15.4
2019-02-07,Kakamega,5.9,25.2,16.1
2019-02-08,Kakamega,0.0,28.2,14.9
2019-02-09,Kakamega,0.0,29.2,15.2
2019-02-10,Kakamega,34.3,25.4,16.5
2019-02-11,Kakamega,0.0,28.9,17.2
2019-02-12,Kakamega,0.0,26.8,15.5
2019-02-13,Kakamega,0.0,,14.9
2019-02-14,Kakamega,0.0,23.5,16.4
2019-02-15,Kakamega,0.0,27.4,14.0
2019-02-16,Kakamega,0.0,27.0,15.6
2019-02-17,Kakamega,0.0,28.0,15.5
2019-02-18,Kakamega,0.0,28.1,16.1
2019-02-19,Kakamega,0.0,24.7,16.1
2019-02-20,KAKAMEGA,0.0,26.1,14.5
2019-02-21,Kakamega,0.0,28.3,13.6
2019-02-22,Kakamega,0.0,28.7,16.4
2019-02-23,Kakamega,0.0,27.9,13.5
2019-02-24,Kakamega,0.0,25.9,16.6
2019-02-25,Kakamega,5.3,26.1,16.1
2019-02-26,Kakamega,trace,28.5,15.7
2019-02-27,Kakamega,0.0,29.9,15.5
2019-02-28,Kakamega,0.0,28.7,14.8
2019-03-01,Kakamega,0.0,27.8,15.5
2019-03-02,Kakamega,0.0,27.5,15.7
2019-03-03,Kakamega,0.0,27.9,15.2
2019-03-04,Kakamega,5.1,23.8,15.6
2019-03-05,Kakamega,2.3,26.6,13.5
2019-03-06,Kakamega,0.0,26.2,12.8
2019-03-07,Kakamega,0.0,27.9,17.5
2019-03-08,Kakamega,0.0,29.4,16.2
2019-03-09,Kakamega,0.0,27.7,16.6
2019-03-10,Kakamega,0.0,26.3,14.8
2019-03-11,Kakamega ,0.0,27.0,14.7
2019-03-12,Kakamega,trace,29.7,16.6
2019-03-13,Kakamega,-999,28.1,16.6
2019-03-14,Kakamega,0.0,30.4,15.6
2019-03-15,Kakamega,2.5,28.9,17.7
2019-03-16,Kakamega,0.0,27.2,14.8
2019-03-17,Kakamega,0.0,27.9,15.5
2019-03-18,Kakamega,0.0,25.4,15.8
2019-03-19,Kakamega,8.0,26.2,16.0
2019-03-20,Kakamega,0.0,28.7,16.7
2019-03-21,Kakamega,0.0,26.9,17.0
2019-03-22,kakamega,0.4,29.0,15.6
2019-03-23,Kakamega,0.0,29.1,15.5
2019-03-24,Kakamega ,0.0,27.8,16.1
2019-03-25,Kakamega,1.6,28.0,16.6
2019-03-26,Kakamega,18.1,27.4,15.8
2019-03-27,Kakamega,0.0,28.6,16.0
2019-03-28,Kakamega,0.0,29.1,17.0
2019-03-29,Kakamega,0.0,28.0,15.4
2019-03-30,Kakamega,0.0,30.3,14.5
2019-03-31,Kakamega,0.0,28.7,15.4
2019-04-01,Kakamega,0.0,27.5,15.7
2019-04-02,Kakamega,11.7,26.5,15.6
2019-04-03,Kakamega,22.1,25.7,18.1
2019-04-04,Kakamega,0.0,29.3,14.1
2019-04-05,Kakamega,5.5,23.8,16.5
2019-04-06,KAKAMEGA,0.0,29.0,18.4
2019-04-07,Kakamega,,25.3,16.5
2019-04-08,Kakamega,0.0,29.3,16.1
2019-04-09,Kakamega,8.0,28.4,15.5
2019-04-10,Kakamega,0.3,27.5,16.0
2019-04-11,Kakamega,3.2,30.1,15.9
2019-04-12,Kakamega,0.0,31.1,15.5
2019-04-13,Kakamega,14.8,27.4,16.0
2019-04-14,Kakamega,12.0,25.0,16.9
2019-04-15,Kakamega,,25.0,16.6
2019-04-16,Kakamega,7.9,26.5,16.8
2019-04-17,Kakamega,10.1,26.5,15.4
2019-04-18,Kakamega,14.4,26.1,17.1
2019-04-19,Kakamega,7.8,26.1,15.3
2019-04-20,Kakamega,0.0,23.4,16.3
2019-04-21,Kakamega,0.0,29.8,15.9
2019-04-22,kakamega,0.0,31.2,18.2
2019-04-23,Kakamega,14.0,25.8,15.1
2019-04-24,Kakamega,0.0,28.1,17.4
2019-04-25,Kakamega,0.0,29.4,15.4
2019-04-26,KAKAMEGA,0.0,27.2,17.7
2019-04-27,kakamega,trace,30.9,15.9
2019-04-28,Kakamega,18.1,27.4,15.6
2019-04-29,KAKAMEGA,0.0,28.7,17.4
2019-04-30,Kakamega,0.0,27.0,18.0
2019-05-01,Kakamega,10.6,27.0,18.3
2019-05-02,Kakamega,0.0,28.4,16.1
2019-05-03,KAKAMEGA,17.1,28.1,13.8
2019-05-04,Kakamega,27.6,26.9,16.4
2019-05-05,Kakamega,trace,29.1,15.4
2019-05-06,Kakamega,1.6,29.7,17.1
2019-05-07,Kakamega,0.0,28.9,16.3
2019-05-08,Kakamega,2.0,30.4,15.9
2019-05-09,Kakamega,13.5,27.0,15.2
2019-05-10,Kakamega,0.1,28.2,16.9
2019-05-11,Kakamega,3.4,29.0,16.0
2019-05-12,Kakamega,0.0,27.9,16.6
2019-05-13,Kakamega,0.0,30.5,17.0
2019-05-14,Kakamega,0.0,29.6,16.2
2019-05-15,Kakamega,0.0,27.8,16.2
2019-05-16,Kakamega,,31.7,17.6
2019-05-17,kakamega,18.6,27.1,17.1
2019-05-18,Kakamega,8.9,25.8,17.9
2019-05-19,Kakamega,5.0,29.1,16.6
2019-05-20,Kakamega,10.4,27.3,14.0
2019-05-21,Kakamega,0.0,31.1,15.8
2019-05-22,Kakamega,0.0,28.2,15.3
2019-05-23,Kakamega,0.0,31.2,16.4
2019-05-24,Kakamega,0.7,31.5,16.4
2019-05-25,Kakamega,0.0,30.9,17.2
2019-05-26,Kakamega,0.0,30.6,16.8
2019-05-27,Kakamega,0.0,32.0,16.5
2019-05-28,Kakamega,1.2,27.8,17.6
2019-05-29,kakamega,0.0,30.2,15.4
2019-05-30,Kakamega,0.0,29.9,17.2
2019-05-31,Kakamega,1.8,26.3,16.4
2019-06-01,Kakamega,0.0,27.3,16.0
2019-06-02,Kakamega,0.0,27.8,16.5
2019-06-03,Kakamega,0.0,27.3,16.3
2019-06-04,kakamega,0.0,26.6,16.6
2019-06-05,Kakamega,0.0,29.0,15.3
2019-06-06,Kakamega,0.0,27.3,16.8
2019-06-07,Kakamega,0.0,28.8,16.2
2019-06-08,Kakamega,0.0,26.5,16.7
2019-06-09,Kakamega ,0.0,28.1,16.3
2019-06-10,Kakamega,0.0,27.8,15.6
2019-06-11,Kakamega ,2.7,31.5,15.4
2019-06-12,Kakamega,0.0,28.9,16.2
2019-06-13,Kakamega,trace,30.1,16.0
2019-06-14,Kakamega,0.2,25.9,18.6
2019-06-15,Kakamega,0.0,29.3,15.5
2019-06-16,Kakamega,0.0,32.0,18.4
2019-06-17,Kakamega,0.0,28.9,16.8
2019-06-18,Kakamega,0.0,30.3,17.6
2019-06-19,Kakamega,0.1,29.9,14.8
2019-06-20,Kakamega,6.9,17.7,26.8
2019-06-21,Kakamega ,7.7,27.1,17.3
2019-06-22,Kakamega,0.0,28.0,17.0
2019-06-23,Kakamega,13.4,27.3,17.5
2019-06-24,Kakamega,4.6,28.1,16.5
2019-06-25,Kakamega ,0.0,29.3,15.8
2019-06-26,Kakamega,0.0,26.9,15.8
2019-06-27,Kakamega,0.0,27.7,16.7
2019-06-28,Kakamega,18.0,27.5,14.7
2019-06-29,Kakamega,0.0,30.8,16.3
2019-06-30,Kakamega,0.0,31.1,18.2
2019-07-01,Kakamega,19.3,28.4,16.0
2019-07-02,Kakamega,0.0,29.0,15.1
2019-07-03,Kakamega,0.7,28.9,17.1
2019-07-04,Kakamega,10.9,26.8,17.2
2019-07-05,Kakamega,0.0,28.7,15.6
2019-07-06,Kakamega,0.0,16.0,28.2
2019-07-07,Kakamega,1.0,30.5,14.8
2019-07-08,Kakamega,0.0,30.3,17.0
2019-07-09,Kakamega,0.0,29.7,15.9
2019-07-10,Kakamega,0.0,28.4,15.9
2019-07-11,Kakamega,0.0,26.5,17.8
2019-07-12,kakamega,0.0,28.6,13.8
2019-07-13,Kakamega,0.0,26.4,15.9
2019-07-14,Kakamega,2.5,27.5,15.5
2019-07-15,Kakamega,0.0,26.5,15.3
2019-07-16,Kakamega,0.0,29.3,15.6
2019-07-17,Kakamega,0.0,26.9,17.4
2019-07-18,Kakamega,2.1,26.8,15.6
2019-07-19,Kakamega,2.6,30.1,15.8
2019-07-20,Kakamega,11.3,26.9,16.8
2019-07-21,kakamega,0.0,26.5,16.9
2019-07-22,Kakamega,0.0,29.5,17.2
2019-07-23,Kakamega,0.0,24.5,17.6
2019-07-24,Kakamega,0.0,28.0,16.2
2019-07-25,Kakamega,0.0,28.5,
2019-07-26,Kakamega,5.7,,16.4
2019-07-27,kakamega,4.4,27.3,15.8
2019-07-28,Kakamega,0.0,29.0,17.4
2019-07-29,Kakamega,0.0,30.7,15.0
2019-07-30,Kakamega,0.0,29.5,16.1
2019-07-31,Kakamega,5.3,27.9,14.5
2019-08-01,Kakamega,0.0,29.4,16.4
2019-08-02,Kakamega,0.0,26.6,15.7
2019-08-03,Kakamega,,28.5,17.4
2019-08-04,Kakamega,0.0,29.7,15.5
2019-08-05,Kakamega,0.0,30.0,15.0
2019-08-06,Kakamega,0.0,29.2,15.4
2019-08-07,Kakamega,0.0,28.5,15.3
2019-08-08,Kakamega,0.0,28.6,14.3
2019-08-09,Kakamega,0.0,27.1,16.3
2019-08-10,Kakamega,0.0,29.4,15.2
2019-08-11,Kakamega,2.0,28.0,15.7
2019-08-12,Kakamega,3.4,26.0,15.8
2019-08-13,Kakamega,6.9,25.4,15.1
2019-08-14,Kakamega,0.0,29.7,15.5
2019-08-15,Kakamega,0.0,25.0,15.9
2019-08-16,Kakamega,0.0,29.7,16.3
2019-08-17,Kakamega,7.9,25.4,15.5
2019-08-18,Kakamega,0.0,23.4,16.8
2019-08-19,Kakamega,0.0,25.5,14.7
2019-08-20,Kakamega,0.0,29.6,15.7
2019-08-21,Kakamega,0.0,27.2,15.8
2019-08-22,Kakamega,0.0,26.8,15.0
2019-08-23,Kakamega,1.5,27.6,16.4
2019-08-24,Kakamega,0.0,29.1,16.2
2019-08-25,Kakamega,0.0,26.3,16.8
2019-08-26,Kakamega,0.0,15.2,25.4
2019-08-27,Kakamega,trace,26.3,15.0
2019-08-28,Kakamega,0.0,29.0,15.6
2019-08-29,Kakamega,0.9,26.3,13.8
2019-08-30,Kakamega,0.0,25.8,14.8
2019-08-31,Kakamega,0.0,27.9,17.0
2019-09-01,Kakamega,1.0,24.3,15.0
2019-09-02,Kakamega,0.0,27.2,16.6
2019-09-03,Kakamega,trace,28.2,14.4
2019-09-04,Kakamega,0.0,27.5,16.6
2019-09-05,Kakamega,0.0,24.7,15.6
2019-09-06,Kakamega,0.0,29.3,17.0
2019-09-07,Kakamega,0.0,28.7,15.5
2019-09-08,Kakamega,3.7,27.0,17.3
2019-09-09,Kakamega,,28.6,16.8
2019-09-10,Kakamega,4.7,27.1,16.4
2019-09-11,Kakamega,0.0,27.9,13.8
2019-09-12,Kakamega,0.0,26.4,14.7
2019-09-13,Kakamega,0.0,26.1,15.7
2019-09-14,Kakamega,14.3,27.7,15.3
2019-09-15,Kakamega,0.4,,16.1
2019-09-16,Kakamega,0.0,27.9,13.6
2019-09-17,Kakamega,0.0,27.3,15.9
2019-09-18,kakamega,0.0,26.4,14.5
2019-09-19,Kakamega ,0.0,27.3,14.8
2019-09-20,Kakamega,0.0,25.5,15.7
2019-09-21,Kakamega,6.2,24.6,15.8
2019-09-22,Kakamega,16.6,24.7,13.8
2019-09-23,Kakamega,0.3,,14.3
2019-09-24,Kakamega,0.0,26.4,14.2
2019-09-25,Kakamega,0.0,24.6,13.5
2019-09-26,Kakamega,0.0,30.3,14.4
2019-09-27,Kakamega,0.0,26.9,15.1
2019-09-28,Kakamega,0.0,25.5,15.0
2019-09-29,kakamega,,26.8,14.1
2019-09-30,Kakamega,11.8,25.4,14.6
2019-10-01,Kakamega,5.4,26.4,13.0
2019-10-02,Kakamega,2.2,25.9,14.5
2019-10-03,Kakamega,0.0,27.7,15.2
2019-10-04,Kakamega,1.4,27.6,14.3
2019-10-05,Kakamega,0.0,29.9,14.5
2019-10-06,Kakamega,0.0,27.1,15.1
2019-10-07,Kakamega,0.0,28.0,16.1
2019-10-08,Kakamega,0.0,28.3,16.1
2019-10-09,Kakamega,0.0,27.2,13.8
2019-10-10,Kakamega,0.0,26.7,13.7
2019-10-11,Kakamega,6.5,24.5,14.5
2019-10-12,Kakamega,0.0,26.5,14.1
2019-10-13,Kakamega,0.0,26.0,14.1
2019-10-14,Kakamega,25.6,22.8,14.5
2019-10-15,Kakamega,0.0,25.5,15.2
2019-10-16,Kakamega,0.0,30.0,13.9
2019-10-17,Kakamega,trace,26.1,14.4
2019-10-18,kakamega,0.4,27.7,14.5
2019-10-19,Kakamega,0.0,28.3,14.8
2019-10-20,Kakamega,0.0,28.0,17.1
2019-10-21,Kakamega,0.0,24.0,15.7
2019-10-22,Kakamega,0.0,26.2,14.5
2019-10-23,Kakamega,0.0,27.2,13.8
2019-10-24,Kakamega ,0.0,26.0,15.4
2019-10-25,Kakamega,0.0,28.9,14.0
2019-10-26,kakamega,0.0,28.1,12.9
2019-10-27,Kakamega,0.0,26.5,14.4
2019-10-28,kakamega,0.0,28.0,13.7
2019-10-29,Kakamega,0.0,24.9,
2019-10-30,Kakamega,11.6,24.9,15.2
2019-10-31,Kakamega,0.0,22.9,14.4
2019-11-01,Kakamega,0.0,25.2,14.8
2019-11-02,Kakamega,28.2,22.7,15.2
2019-11-03,Kakamega,0.0,28.1,13.5
2019-11-04,Kakamega,0.0,25.2,14.0
2019-11-05,Kakamega,0.0,23.2,14.0
2019-11-06,Kakamega ,20.4,24.0,14.6
2019-11-07,kakamega,35.4,23.7,14.6
2019-11-08,kakamega,0.9,25.3,14.6
2019-11-09,Kakamega,0.0,25.6,15.5
2019-11-10,Kakamega,0.0,26.2,13.2
2019-11-11,Kakamega,4.0,26.1,13.0
2019-11-12,Kakamega,0.0,24.4,14.4
2019-11-13,Kakamega,0.0,27.6,15.1
2019-11-14,Kakamega,3.3,24.9,15.7
2019-11-15,Kakamega,0.0,24.6,14.5
2019-11-16,Kakamega,2.4,26.7,14.4
2019-11-17,Kakamega,2.2,25.0,16.1
2019-11-18,Kakamega,0.0,23.7,14.2
2019-11-19,Kakamega,trace,27.0,13.8
2019-11-20,Kakamega,0.0,24.3,13.0
2019-11-21,Kakamega,14.6,24.5,13.1
2019-11-22,Kakamega,2.3,27.1,14.6
2019-11-23,Kakamega,12.8,23.0,14.2
2019-11-24,Kakamega,0.0,26.7,15.2
2019-11-25,Kakamega,0.0,26.2,13.5
2019-11-26,Kakamega,12.6,24.7,15.6
2019-11-27,Kakamega,0.0,26.5,15.4
2019-11-28,Kakamega,0.0,25.3,15.7
2019-11-29,Kakamega,0.0,26.4,13.7
2019-11-30,Kakamega,27.5,,15.4
2019-12-01,Kakamega,0.0,25.0,15.4
2019-12-02,Kakamega,0.0,26.9,12.7
2019-12-03,kakamega,9.2,24.2,15.5
2019-12-04,Kakamega,0.0,26.6,13.4
2019-12-05,Kakamega,0.0,25.8,14.3
2019-12-06,kakamega,6.0,25.1,12.7
2019-12-07,Kakamega,0.0,25.8,14.1
2019-12-08,Kakamega ,0.0,26.8,15.5
2019-12-09,Kakamega,5.0,25.2,13.1
2019-12-10,Kakamega,0.0,24.0,14.0
2019-12-11,Kakamega,22.6,21.5,14.8
2019-12-12,Kakamega,5.4,23.7,13.4
2019-12-13,Kakamega,0.0,24.4,13.7
2019-12-14,Kakamega,0.0,25.2,15.4
2019-12-15,Kakamega,0.0,25.7,15.4
2019-12-16,kakamega,0.0,21.4,13.7
2019-12-17,Kakamega,0.0,26.7,14.2
2019-12-18,Kakamega,0.0,26.3,14.1
2019-12-19,Kakamega,0.0,23.8,15.0
2019-12-20,Kakamega,0.0,27.3,14.4
2019-12-21,Kakamega,1.9,24.1,14.9
2019-12-22,Kakamega,0.0,24.1,15.3
2019-12-23,Kakamega,2.8,25.1,13.6
2019-12-24,Kakamega,0.0,28.4,14.2
2019-12-25,Kakamega ,0.0,25.8,14.0
2019-12-26,Kakamega,0.0,26.4,13.8
2019-12-27,Kakamega,0.0,25.9,14.0
2019-12-28,Kakamega,0.0,26.1,14.5
2019-12-29,Kakamega,0.0,25.3,15.0
2019-12-30,Kakamega,0.0,23.7,15.3
2019-12-31,Kakamega,0.0,28.7,
2020-01-01,Kakamega ,0.5,26.5,15.6
2020-01-02,Kakamega,0.0,27.8,14.4
2020-01-03,KAKAMEGA,0.0,25.9,16.7
2020-01-04,Kakamega,0.0,24.0,13.8
2020-01-05,Kakamega,14.5,26.7,13.8
2020-01-06,Kakamega,0.0,28.8,12.9
2020-01-07,Kakamega,0.0,24.3,12.1
2020-01-08,Kakamega,0.0,26.3,15.1
2020-01-09,Kakamega,0.0,24.6,13.5
2020-01-10,Kakamega,0.0,27.1,13.8
2020-01-11,Kakamega,0.0,27.0,15.3
2020-01-12,kakamega,0.0,24.9,16.3
2020-01-13,KAKAMEGA,14.3,23.3,14.7
2020-01-14,Kakamega,0.0,,14.5
2020-01-15,Kakamega,0.0,25.6,13.8
2020-01-16,Kakamega,0.0,24.9,16.1
2020-01-17,Kakamega,0.0,26.4,14.8
2020-01-18,Kakamega,0.0,27.5,15.6
2020-01-19,Kakamega,0.0,27.6,16.1
2020-01-20,Kakamega,0.0,26.0,14.5
2020-01-21,Kakamega,9.4,21.1,15.0
2020-01-22,Kakamega,0.0,25.4,15.0
2020-01-23,Kakamega,0.0,27.6,12.9
2020-01-24,Kakamega,0.0,24.1,16.4
2020-01-25,Kakamega,0.0,27.4,15.2
2020-01-26,Kakamega,0.0,28.8,14.4
2020-01-27,Kakamega,20.3,24.0,14.8
2020-01-28,Kakamega,0.0,26.7,14.3
2020-01-29,Kakamega,0.0,26.5,16.0
2020-01-30,Kakamega,0.0,25.7,14.0
2020-01-31,Kakamega,0.0,27.8,14.9
2020-02-01,Kakamega,0.0,27.1,13.9
2020-02-02,KAKAMEGA,0.0,25.7,16.0
2020-02-03,Kakamega,0.0,27.2,15.3
2020-02-04,Kakamega,1.5,24.9,15.6
2020-02-05,Kakamega,0.0,26.8,14.8
2020-02-06,KAKAMEGA,0.0,30.2,15.5
2020-02-07,KAKAMEGA,0.0,28.1,14.4
2020-02-08,Kakamega,0.0,27.7,14.6
2020-02-09,Kakamega,0.0,27.2,15.4
2020-02-10,Kakamega,19.6,27.1,15.1
2020-02-11,Kakamega,0.8,25.3,15.7
2020-02-12,Kakamega,0.0,27.0,15.5
2020-02-13,Kakamega,0.0,27.4,14.5
2020-02-14,Kakamega,0.0,27.1,13.5
2020-02-15,Kakamega,0.0,29.9,14.9
2020-02-16,Kakamega,38.2,25.7,16.2
2020-02-17,Kakamega,0.0,28.3,16.0
2020-02-18,Kakamega,0.0,27.9,15.4
2020-02-19,Kakamega,0.0,27.3,16.5
2020-02-20,Kakamega ,0.0,26.1,16.3
2020-02-21,Kakamega,0.0,27.5,15.5
2020-02-22,Kakamega,0.0,26.4,15.9
2020-02-23,Kakamega,0.0,,16.4
2020-02-24,kakamega,0.0,29.5,14.9
2020-02-25,Kakamega,0.0,28.2,16.5
2020-02-26,kakamega,0.0,28.4,14.3
2020-02-27,Kakamega,0.0,27.7,16.5
2020-02-28,Kakamega,0.0,27.7,17.0
2020-02-29,Kakamega,9.0,27.2,16.0
2020-03-01,Kakamega,0.0,29.1,14.8
2020-03-02,kakamega,0.0,,16.3
2020-03-03,Kakamega,0.0,23.9,13.9
2020-03-04,Kakamega,25.9,25.0,16.7
2020-03-05,Kakamega,0.0,24.8,15.8
2020-03-06,Kakamega,0.0,28.7,14.7
2020-03-07,Kakamega,0.0,25.1,15.2
2020-03-08,Kakamega,2.2,27.0,16.8
2020-03-09,Kakamega,8.5,27.3,15.9
2020-03-10,Kakamega,0.0,26.2,15.7
2020-03-11,Kakamega,0.0,28.0,16.0
2020-03-12,Kakamega,1.4,27.4,14.4
2020-03-13,Kakamega,26.9,23.6,14.9
2020-03-14,Kakamega,,26.3,14.7
2020-03-15,Kakamega,8.2,25.0,16.7
2020-03-16,Kakamega,6.8,26.0,16.3
2020-03-17,Kakamega,7.3,27.4,14.4
2020-03-18,Kakamega,0.0,26.1,16.6
2020-03-19,kakamega,0.0,29.8,15.0
2020-03-20,Kakamega,0.0,26.6,16.5
2020-03-21,Kakamega,0.0,27.9,17.4
2020-03-22,KAKAMEGA,15.3,23.2,15.0
2020-03-23,Kakamega,0.0,28.9,17.6
2020-03-24,Kakamega,0.0,26.4,15.2
2020-03-25,Kakamega,4.2,29.6,15.9
2020-03-26,Kakamega,4.9,28.6,16.3
2020-03-27,KAKAMEGA,0.0,28.6,16.2
2020-03-28,Kakamega,11.3,26.0,18.0
2020-03-29,Kakamega,0.0,27.3,16.4
2020-03-30,Kakamega,0.6,28.3,17.6
2020-03-31,Kakamega,0.0,27.6,16.6
2020-04-01,KAKAMEGA,1.9,29.9,16.2
2020-04-02,kakamega,6.0,25.5,15.4
2020-04-03,Kakamega,0.9,26.8,15.4
2020-04-04,Kakamega,0.0,26.1,15.7
2020-04-05,Kakamega,trace,26.3,14.6
2020-04-06,Kakamega,1.1,28.3,16.5
2020-04-07,Kakamega,13.4,27.1,15.8
2020-04-08,Kakamega,11.8,26.4,15.9
2020-04-09,Kakamega,8.2,27.2,16.1
2020-04-10,kakamega,0.0,28.1,16.5
2020-04-11,Kakamega,30.2,25.9,16.1
2020-04-12,Kakamega,0.0,27.5,15.0
2020-04-13,Kakamega,4.0,30.9,14.9
2020-04-14,Kakamega,0.4,29.8,16.3
2020-04-15,kakamega,0.0,27.2,15.8
2020-04-16,Kakamega,19.8,25.2,17.9
2020-04-17,Kakamega,27.3,26.9,14.8
2020-04-18,Kakamega,9.4,28.1,15.9
2020-04-19,Kakamega,30.5,25.9,14.9
2020-04-20,Kakamega,0.0,31.2,17.5
2020-04-21,Kakamega,5.7,24.0,17.3
2020-04-22,Kakamega,9.1,22.7,16.3
2020-04-23,Kakamega,7.2,26.4,15.1
2020-04-24,Kakamega,27.1,26.3,17.4
2020-04-25,Kakamega,26.3,25.0,15.7
2020-04-26,Kakamega,13.3,28.3,15.7
2020-04-27,KAKAMEGA,4.8,28.4,16.1
2020-04-28,Kakamega,trace,28.4,17.0
2020-04-29,Kakamega,5.3,28.5,15.8
2020-04-30,Kakamega,6.1,26.7,17.3
2020-05-01,kakamega,0.0,28.3,15.9
2020-05-02,Kakamega,0.0,27.9,15.2
2020-05-03,Kakamega,16.0,26.6,16.9
2020-05-04,Kakamega,0.0,27.6,16.4
2020-05-05,Kakamega,1.6,27.7,15.7
2020-05-06,Kakamega,0.0,29.4,14.8
2020-05-07,Kakamega,4.5,,16.6
2020-05-08,Kakamega,0.0,28.9,15.2
2020-05-09,Kakamega,24.9,26.2,16.2
2020-05-10,Kakamega,0.0,28.1,16.9
2020-05-11,Kakamega,0.0,27.6,14.2
2020-05-12,Kakamega ,2.2,,16.8
2020-05-13,Kakamega,3.6,29.2,16.5
2020-05-14,Kakamega,76.1,26.8,16.2
2020-05-15,Kakamega,0.0,,15.3
2020-05-16,Kakamega,0.0,25.4,16.0
2020-05-17,Kakamega,0.0,29.5,16.8
2020-05-18,Kakamega,0.0,29.9,16.9
2020-05-19,Kakamega,4.6,28.4,18.2
2020-05-20,kakamega,0.0,29.5,18.7
2020-05-21,Kakamega,19.7,29.1,16.4
2020-05-22,Kakamega,5.9,27.8,16.8
2020-05-23,Kakamega,1.5,29.6,16.8
2020-05-24,Kakamega,0.0,29.7,17.2
2020-05-25,Kakamega,0.0,29.6,15.7
2020-05-26,Kakamega,12.5,26.7,17.6
2020-05-27,Kakamega,14.3,27.9,17.9
2020-05-28,KAKAMEGA,0.0,28.6,15.9
2020-05-29,Kakamega,0.0,30.4,15.4
2020-05-30,Kakamega ,trace,27.6,17.2
2020-05-31,Kakamega,0.0,30.4,14.4
2020-06-01,Kakamega,0.0,28.0,17.3
2020-06-02,Kakamega,0.0,28.4,14.5
2020-06-03,Kakamega,0.0,27.8,17.1
2020-06-04,kakamega,0.0,28.2,15.2
2020-06-05,Kakamega,47.2,27.0,17.7
2020-06-06,Kakamega,0.0,28.6,14.6
2020-06-07,Kakamega,19.9,26.5,17.2
2020-06-08,Kakamega,,29.1,15.7
2020-06-09,Kakamega,0.0,29.7,16.5
2020-06-10,Kakamega,0.0,28.1,17.5
2020-06-11,Kakamega,,24.2,16.6
2020-06-12,Kakamega,5.5,27.7,16.6
2020-06-13,Kakamega,0.0,28.8,17.5
2020-06-14,Kakamega,0.0,29.5,17.0
2020-06-15,Kakamega,0.0,28.1,16.1
2020-06-16,kakamega,18.0,28.8,16.0
2020-06-17,Kakamega,0.0,29.2,15.4
2020-06-18,Kakamega,0.0,30.0,15.4
2020-06-19,Kakamega ,4.2,27.5,17.0
2020-06-20,kakamega,0.0,,16.9
2020-06-21,Kakamega,0.0,30.6,15.3
2020-06-22,Kakamega,19.5,30.2,16.4
2020-06-23,Kakamega,0.0,28.6,16.3
2020-06-24,kakamega,0.0,27.9,16.0
2020-06-25,Kakamega,0.0,30.6,15.5
2020-06-26,Kakamega ,14.5,25.3,16.9
2020-06-27,Kakamega,0.0,28.3,16.4
2020-06-28,Kakamega,0.0,30.9,18.1
2020-06-29,Kakamega,0.0,28.7,15.6
2020-06-30,Kakamega,0.0,30.0,15.3
2020-07-01,Kakamega,13.8,25.8,18.1
2020-07-02,Kakamega,0.0,30.5,15.3
2020-07-03,Kakamega,0.0,26.7,17.7
2020-07-04,Kakamega,0.0,30.5,16.6
2020-07-05,Kakamega,1.3,26.5,14.8
2020-07-06,Kakamega,8.3,28.1,14.6
2020-07-07,Kakamega,0.0,27.9,17.6
2020-07-08,Kakamega,0.0,28.6,14.1
2020-07-09,Kakamega,0.0,27.4,15.6
2020-07-10,Kakamega,0.0,31.1,15.5
2020-07-11,Kakamega ,0.0,27.0,15.9
2020-07-12,Kakamega,0.0,24.9,16.3
2020-07-13,Kakamega,0.0,30.0,15.4
2020-07-14,Kakamega,8.4,25.0,16.2
2020-07-15,Kakamega,0.0,27.8,16.0
2020-07-16,Kakamega,0.0,27.1,15.1
2020-07-17,Kakamega,0.0,30.7,
2020-07-18,Kakamega,0.0,26.3,16.5
2020-07-19,Kakamega,0.0,28.6,14.6
2020-07-20,Kakamega,0.0,28.9,16.7
2020-07-21,Kakamega,0.0,28.2,16.6
2020-07-22,Kakamega,0.0,29.9,15.0
2020-07-23,kakamega,0.6,27.9,16.0
2020-07-24,Kakamega,0.0,30.9,17.4
2020-07-25,Kakamega,0.0,26.6,16.0
2020-07-26,Kakamega,0.0,28.7,16.0
2020-07-27,Kakamega,2.0,28.0,15.8
2020-07-28,kakamega,0.0,26.6,
2020-07-29,Kakamega,0.0,28.5,14.6
2020-07-30,Kakamega,0.0,27.8,16.9
2020-07-31,Kakamega,0.0,28.1,16.6
2020-08-01,Kakamega,0.0,30.1,16.7
2020-08-02,Kakamega,0.0,28.7,16.2
2020-08-03,Kakamega,7.9,23.2,15.1
2020-08-04,Kakamega,3.5,,14.8
2020-08-05,Kakamega,0.0,28.7,17.6
2020-08-06,KAKAMEGA,0.0,28.5,15.4
2020-08-07,kakamega,0.0,25.5,17.4
2020-08-08,Kakamega,0.0,27.3,15.5
2020-08-09,Kakamega ,3.1,28.7,16.6
2020-08-10,Kakamega,65.2,25.0,14.6
2020-08-11,Kakamega,0.0,26.4,15.1
2020-08-12,Kakamega,6.2,,15.0
2020-08-13,Kakamega,22.2,25.7,13.9
2020-08-14,Kakamega,0.0,25.9,12.6
2020-08-15,Kakamega,0.0,28.2,16.3
2020-08-16,Kakamega,0.0,26.8,14.8
2020-08-17,Kakamega,0.0,25.3,15.8
2020-08-18,Kakamega,7.5,24.6,14.1
2020-08-19,Kakamega,-999,28.7,14.7
2020-08-20,Kakamega,0.0,25.8,17.8
2020-08-21,Kakamega,0.0,30.2,15.3
2020-08-22,Kakamega,0.0,26.6,15.2
2020-08-23,Kakamega,0.0,27.6,14.0
2020-08-24,Kakamega,0.0,27.8,16.7
2020-08-25,Kakamega,0.0,24.7,16.5
2020-08-26,Kakamega,0.0,28.0,15.5
2020-08-27,Kakamega,0.0,26.6,17.0
2020-08-28,Kakamega,0.0,26.6,16.8
2020-08-29,Kakamega,0.0,24.3,16.6
2020-08-30,KAKAMEGA,0.0,28.5,14.6
2020-08-31,Kakamega,0.0,26.7,16.8
2020-09-01,Kakamega ,0.0,26.4,14.2
2020-09-02,Kakamega,0.0,27.5,17.2
2020-09-03,Kakamega,0.0,,17.2
2020-09-04,Kakamega,12.1,27.1,16.2
2020-09-05,Kakamega,0.0,26.5,15.0
2020-09-06,Kakamega,0.0,25.1,15.6
2020-09-07,Kakamega,0.0,26.7,14.1
2020-09-08,Kakamega,0.0,27.9,14.5
2020-09-09,Kakamega,9.1,24.5,14.7
2020-09-10,Kakamega,0.0,26.9,15.3
2020-09-11,Kakamega,4.5,27.9,14.4
2020-09-12,Kakamega,0.0,25.7,17.0
2020-09-13,Kakamega,1.2,27.4,14.3
2020-09-14,Kakamega,0.0,31.2,14.2
2020-09-15,Kakamega,0.0,29.7,16.7
2020-09-16,Kakamega,0.0,26.6,14.3
2020-09-17,Kakamega,0.0,27.5,15.7
2020-09-18,Kakamega,0.0,27.6,13.7
2020-09-19,Kakamega,0.0,25.8,14.3
2020-09-20,Kakamega,0.0,27.5,14.3
2020-09-21,Kakamega,0.0,28.8,15.2
2020-09-22,Kakamega,5.0,27.9,14.5
2020-09-23,Kakamega,0.0,27.6,14.0
2020-09-24,Kakamega,17.0,25.6,14.0
2020-09-25,Kakamega ,0.0,28.3,15.4
2020-09-26,Kakamega,0.0,28.4,15.4
2020-09-27,Kakamega,6.9,26.0,15.6
2020-09-28,Kakamega,15.1,23.4,15.9
2020-09-29,Kakamega,0.0,24.8,15.2
2020-09-30,Kakamega,0.0,26.6,15.1
2020-10-01,Kakamega,0.5,25.7,14.8
2020-10-02,Kakamega,0.0,26.2,16.6
2020-10-03,Kakamega,0.0,24.3,15.7
2020-10-04,KAKAMEGA,0.0,25.8,13.4
2020-10-05,KAKAMEGA,8.1,25.5,15.3
2020-10-06,Kakamega,0.0,24.8,16.4
2020-10-07,Kakamega,0.0,23.0,14.5
2020-10-08,Kakamega,,25.5,14.0
2020-10-09,Kakamega,0.0,27.6,16.4
2020-10-10,Kakamega,0.0,25.4,16.1
2020-10-11,Kakamega,22.7,23.1,13.4
2020-10-12,Kakamega,0.0,24.8,13.2
2020-10-13,Kakamega,27.0,24.8,14.0
2020-10-14,Kakamega,0.0,24.8,15.7
2020-10-15,Kakamega,3.9,25.1,17.5
2020-10-16,Kakamega,3.4,27.8,16.0
2020-10-17,Kakamega,14.3,21.2,16.4
2020-10-18,Kakamega,1.7,26.6,15.9
2020-10-19,Kakamega,0.9,25.3,13.6
2020-10-20,Kakamega,17.9,22.4,13.8
2020-10-21,Kakamega,14.8,24.2,13.9
2020-10-22,Kakamega,0.0,28.0,14.2
2020-10-23,Kakamega,0.0,25.0,15.6
2020-10-24,Kakamega,4.8,28.5,14.9
2020-10-25,Kakamega,trace,26.3,14.5
2020-10-26,KAKAMEGA,0.0,25.4,14.4
2020-10-27,Kakamega,0.0,25.3,13.3
2020-10-28,Kakamega,7.9,24.8,13.7
2020-10-29,Kakamega,0.0,26.4,13.7
2020-10-30,Kakamega,0.2,27.9,13.5
2020-10-31,Kakamega,16.1,23.6,15.3
2020-11-01,Kakamega,0.0,28.5,14.9
2020-11-02,Kakamega,0.0,26.7,15.0
2020-11-03,Kakamega,0.0,26.8,15.3
2020-11-04,Kakamega,0.0,23.7,14.7
2020-11-05,Kakamega,0.0,24.1,13.5
2020-11-06,kakamega,0.0,26.3,15.6
2020-11-07,Kakamega,3.3,23.9,15.5
2020-11-08,Kakamega,0.0,24.9,14.5
2020-11-09,Kakamega,15.9,23.4,14.6
2020-11-10,Kakamega,0.0,26.4,13.6
2020-11-11,Kakamega,0.0,26.2,14.5
2020-11-12,Kakamega,15.2,23.7,16.0
2020-11-13,Kakamega,0.0,25.6,13.8
2020-11-14,Kakamega,0.0,26.0,16.6
2020-11-15,Kakamega ,0.0,27.0,13.0
2020-11-16,Kakamega,8.6,25.2,15.0
2020-11-17,Kakamega,0.0,24.7,15.7
2020-11-18,Kakamega,0.1,27.6,16.1
2020-11-19,Kakamega,1.2,27.4,12.8
2020-11-20,Kakamega,12.0,24.7,14.9
2020-11-21,Kakamega,,26.6,15.2
2020-11-22,Kakamega,0.0,23.9,14.6
2020-11-23,Kakamega,8.9,25.8,14.7
2020-11-24,kakamega,10.8,26.7,15.3
2020-11-25,Kakamega,0.0,24.9,15.6
2020-11-26,Kakamega,0.0,24.4,15.2
2020-11-27,Kakamega,0.0,27.1,13.8
2020-11-28,Kakamega,2.6,25.1,14.7
2020-11-29,Kakamega,0.0,26.6,16.2
2020-11-30,Kakamega,4.1,24.0,
2020-12-01,Kakamega,0.0,,15.5
2020-12-02,Kakamega,0.0,27.8,14.4
2020-12-03,Kakamega,0.0,28.0,15.5
2020-12-04,Kakamega,0.0,25.3,14.7
2020-12-05,KAKAMEGA,0.0,25.1,16.0
2020-12-06,Kakamega,0.0,23.9,12.8
2020-12-07,Kakamega,0.0,24.1,14.4
2020-12-08,Kakamega,0.0,25.9,14.4
2020-12-09,Kakamega,16.0,23.4,15.5
2020-12-10,Kakamega,0.0,25.2,14.7
2020-12-11,Kakamega,40.1,25.7,15.3
2020-12-12,Kakamega,1.1,22.9,13.1
2020-12-13,Kakamega,0.0,25.5,14.1
2020-12-14,Kakamega,5.7,23.5,13.9
2020-12-15,Kakamega,0.3,27.4,16.6
2020-12-16,Kakamega,0.0,26.4,13.4
2020-12-17,Kakamega,0.0,25.6,14.4
2020-12-18,Kakamega,0.0,24.9,14.0
2020-12-19,Kakamega,0.0,30.3,15.8
2020-12-20,Kakamega,0.0,27.1,15.2
2020-12-21,Kakamega,0.0,23.2,14.2
2020-12-22,Kakamega,0.0,25.1,14.0
2020-12-23,Kakamega,0.0,28.7,16.3
2020-12-24,KAKAMEGA,0.0,25.2,14.2
2020-12-25,Kakamega,0.0,27.2,12.9
2020-12-26,Kakamega,2.9,23.1,13.3
2020-12-27,Kakamega,0.0,26.4,14.3
2020-12-28,Kakamega,16.8,24.6,14.9
2020-12-29,Kakamega,trace,25.8,17.0
2020-12-30,Kakamega,0.0,23.3,15.2
2020-12-31,kakamega,0.0,25.7,14.2
2021-01-01,Kakamega,0.0,26.0,15.8
2021-01-02,Kakamega,0.0,24.4,15.0
2021-01-03,Kakamega,0.0,25.2,14.2
2021-01-04,Kakamega,0.0,25.3,15.5
2021-01-05,Kakamega,0.0,25.5,15.8
2021-01-06,Kakamega,0.0,27.1,13.4
2021-01-07,Kakamega,0.0,26.2,14.3
2021-01-08,Kakamega,0.0,25.6,14.9
2021-01-09,Kakamega,0.0,28.8,13.4
2021-01-10,Kakamega,0.0,27.2,14.2
2021-01-11,Kakamega,0.0,28.0,15.2
2021-01-12,Kakamega,0.0,26.2,15.2
2021-01-13,Kakamega,0.0,25.5,16.0
2021-01-14,Kakamega,0.0,26.1,14.8
2021-01-15,Kakamega,13.6,25.4,14.0
2021-01-16,Kakamega,0.0,27.7,15.8
2021-01-17,Kakamega,0.0,27.3,14.0
2021-01-18,Kakamega,0.0,26.0,15.2
2021-01-19,Kakamega,0.0,27.4,14.1
2021-01-20,Kakamega,0.0,28.4,13.7
2021-01-21,KAKAMEGA,0.0,24.5,14.3
2021-01-22,Kakamega,,27.8,15.5
2021-01-23,Kakamega,0.0,30.2,16.5
2021-01-24,Kakamega,2.9,24.0,15.1
2021-01-25,Kakamega,0.0,25.5,13.4
2021-01-26,Kakamega,0.7,26.5,16.0
2021-01-27,Kakamega,0.0,24.0,14.6
2021-01-28,Kakamega,0.0,26.5,15.3
2021-01-29,Kakamega,0.0,30.7,14.5
2021-01-30,Kakamega,0.0,25.8,16.1
2021-01-31,Kakamega,0.0,25.2,14.2
2021-02-01,Kakamega,10.1,23.4,15.4
2021-02-02,Kakamega,0.0,27.1,13.3
2021-02-03,Kakamega,0.0,24.0,15.1
2021-02-04,Kakamega,0.0,26.8,16.3
2021-02-05,Kakamega,0.0,27.7,12.9
2021-02-06,Kakamega,0.0,27.0,17.6
2021-02-07,Kakamega,0.0,28.7,15.7
2021-02-08,Kakamega,9.4,21.7,15.4
2021-02-09,Kakamega,0.0,26.3,16.8
2021-02-10,Kakamega,0.0,,16.2
2021-02-11,Kakamega,0.0,28.0,14.9
2021-02-12,Kakamega,0.0,26.0,16.6
2021-02-13,Kakamega,0.0,28.4,15.4
2021-02-14,Kakamega,0.0,27.2,15.8
2021-02-15,Kakamega,0.0,25.3,14.5
2021-02-16,Kakamega,28.2,26.2,17.3
2021-02-17,Kakamega,0.0,27.0,14.0
2021-02-18,Kakamega,16.7,25.8,14.9
2021-02-19,Kakamega,0.0,26.4,15.5
2021-02-20,Kakamega,0.0,26.6,14.5
2021-02-21,Kakamega,0.0,27.4,16.9
2021-02-22,Kakamega,0.7,26.2,16.2
2021-02-23,Kakamega,0.0,27.5,13.5
2021-02-24,Kakamega,0.0,27.2,14.3
2021-02-25,Kakamega,6.0,24.9,14.9
2021-02-26,Kakamega,0.0,27.9,15.0
2021-02-27,Kakamega,0.0,27.4,14.4
2021-02-28,kakamega,0.0,25.8,15.2
2021-03-01,Kakamega,0.0,29.9,16.0
2021-03-02,Kakamega,1.6,26.5,15.2
2021-03-03,Kakamega,6.0,24.0,14.4
2021-03-04,Kakamega,0.0,28.2,16.0
2021-03-05,Kakamega,0.8,26.9,15.7
2021-03-06,kakamega,0.0,26.7,16.5
2021-03-07,Kakamega,0.0,26.5,16.2
2021-03-08,Kakamega,2.0,27.8,16.7
2021-03-09,Kakamega,0.0,26.4,
2021-03-10,Kakamega,2.1,29.2,15.0
2021-03-11,Kakamega,4.2,27.5,16.0
2021-03-12,KAKAMEGA,6.1,25.3,15.9
2021-03-13,Kakamega,0.0,28.5,16.7
2021-03-14,Kakamega,0.0,29.3,14.7
2021-03-15,Kakamega,0.0,28.1,15.3
2021-03-16,Kakamega ,0.0,27.9,15.3
2021-03-17,KAKAMEGA,10.6,26.1,16.9
2021-03-18,Kakamega,0.5,,15.4
2021-03-19,Kakamega,0.0,30.6,14.4
2021-03-20,kakamega,5.4,24.3,17.4
2021-03-21,Kakamega,3.4,24.3,15.4
2021-03-22,kakamega,0.0,30.3,14.3
2021-03-23,Kakamega,,30.0,14.7
2021-03-24,Kakamega,0.0,27.1,17.8
2021-03-25,Kakamega,0.0,31.7,16.8
2021-03-26,Kakamega,0.0,30.0,16.5
2021-03-27,Kakamega,0.6,26.8,16.2
2021-03-28,Kakamega,0.8,,14.4
2021-03-29,kakamega,0.0,29.5,15.4
2021-03-30,Kakamega,0.0,,15.6
2021-03-31,Kakamega,0.0,28.2,16.4
2021-04-01,Kakamega,0.0,28.9,14.8
2021-04-02,Kakamega,0.0,29.8,14.5
2021-04-03,Kakamega,0.8,28.5,15.5
2021-04-04,Kakamega,0.0,30.4,15.5
2021-04-05,Kakamega,0.0,27.9,14.8
2021-04-06,Kakamega,,29.1,16.0
2021-04-07,Kakamega,9.8,28.1,17.2
2021-04-08,Kakamega,trace,27.7,15.4
2021-04-09,Kakamega,0.0,26.5,15.7
2021-04-10,Kakamega,0.0,30.7,15.5
2021-04-11,Kakamega,0.1,27.2,14.2
2021-04-12,kakamega,1.4,30.9,16.8
2021-04-13,Kakamega,0.0,27.6,17.8
2021-04-14,Kakamega,0.0,27.8,18.1
2021-04-15,Kakamega,0.0,30.2,14.5
2021-04-16,Kakamega,6.3,27.9,14.4
2021-04-17,Kakamega,0.0,26.6,14.7
2021-04-18,Kakamega,0.0,27.4,15.9
2021-04-19,kakamega,0.1,27.8,13.6
2021-04-20,Kakamega,0.4,29.9,17.6
2021-04-21,Kakamega,0.0,30.4,16.9
2021-04-22,Kakamega,0.0,28.9,17.3
2021-04-23,Kakamega,8.2,25.9,16.1
2021-04-24,Kakamega,12.8,24.5,14.8
2021-04-25,Kakamega,0.0,26.5,15.7
2021-04-26,Kakamega,2.4,,15.9
2021-04-27,Kakamega,,99.9,18.5
2021-04-28,Kakamega,0.7,28.7,14.7
2021-04-29,Kakamega,0.0,27.5,16.4
2021-04-30,Kakamega,0.0,30.6,15.6
2021-05-01,Kakamega,0.0,27.3,18.7
2021-05-02,Kakamega ,0.0,27.7,15.0
2021-05-03,Kakamega,0.0,27.9,15.5
2021-05-04,Kakamega,4.7,27.0,17.3
2021-05-05,Kakamega,0.0,30.7,15.3
2021-05-06,Kakamega ,0.0,26.8,14.7
2021-05-07,Kakamega,0.0,27.3,16.3
2021-05-08,kakamega,0.0,28.1,19.7
2021-05-09,KAKAMEGA,0.0,27.6,16.6
2021-05-10,Kakamega,3.0,27.4,16.9
2021-05-11,Kakamega,1.7,30.1,16.2
2021-05-12,Kakamega,0.0,29.3,17.5
2021-05-13,Kakamega,0.0,27.6,17.3
2021-05-14,Kakamega,1.0,27.3,15.4
2021-05-15,Kakamega,2.4,,15.4
2021-05-16,Kakamega,trace,28.9,15.8
2021-05-17,Kakamega,9.4,27.6,16.2
2021-05-18,Kakamega ,9.8,27.0,14.4
2021-05-19,Kakamega,0.0,29.4,16.1
2021-05-20,Kakamega,0.0,27.0,17.6
2021-05-21,Kakamega,8.6,25.6,16.9
2021-05-22,Kakamega,25.0,25.4,17.6
2021-05-23,Kakamega,0.0,30.1,15.4
2021-05-24,Kakamega,0.0,28.3,16.6
2021-05-25,Kakamega,0.0,28.1,18.6
2021-05-26,kakamega,0.0,27.9,13.9
2021-05-27,Kakamega,0.0,29.0,16.6
2021-05-28,Kakamega,4.6,28.6,15.6
2021-05-29,Kakamega,1.2,28.7,16.7
2021-05-30,Kakamega,0.0,29.4,15.4
2021-05-31,Kakamega,0.0,,17.5
2021-06-01,Kakamega,0.0,32.2,18.1
2021-06-02,Kakamega,0.0,31.2,16.2
2021-06-03,Kakamega,0.8,26.9,17.8
2021-06-04,Kakamega,0.0,28.3,15.3
2021-06-05,Kakamega ,17.3,27.3,17.1
2021-06-06,Kakamega,21.3,26.9,15.7
2021-06-07,Kakamega,,29.2,15.0
2021-06-08,Kakamega,0.0,31.0,14.9
2021-06-09,Kakamega,0.0,30.5,17.1
2021-06-10,Kakamega,4.8,30.7,17.7
2021-06-11,Kakamega,0.0,30.0,14.9
2021-06-12,Kakamega ,0.0,28.2,16.8
2021-06-13,Kakamega,0.0,28.3,17.2
2021-06-14,Kakamega,1.8,29.9,16.1
2021-06-15,KAKAMEGA,0.0,30.1,16.3
2021-06-16,Kakamega,0.0,30.0,16.9
2021-06-17,Kakamega,0.0,31.4,15.4
2021-06-18,Kakamega,0.0,29.2,17.3
2021-06-19,Kakamega,2.7,28.5,16.4
2021-06-20,kakamega,3.0,28.9,15.5
2021-06-21,Kakamega,0.0,29.7,16.1
2021-06-22,Kakamega,0.0,26.2,16.1
2021-06-23,kakamega,4.9,30.2,15.6
2021-06-24,Kakamega,0.0,28.6,16.7
2021-06-25,Kakamega,0.0,26.5,18.6
2021-06-26,Kakamega,0.0,27.2,18.3
2021-06-27,Kakamega,0.0,32.0,17.7
2021-06-28,kakamega,0.5,27.1,19.2
2021-06-29,Kakamega,2.4,30.9,16.9
2021-06-30,Kakamega,0.0,30.1,16.0
2021-07-01,Kakamega,0.0,28.3,18.7
2021-07-02,Kakamega,0.0,28.3,14.9
2021-07-03,Kakamega,3.3,28.2,14.2
2021-07-04,Kakamega,0.0,29.4,16.1
2021-07-05,Kakamega,0.0,27.8,15.5
2021-07-06,Kakamega,0.0,27.1,16.9
2021-07-07,Kakamega,0.0,28.0,17.3
2021-07-08,kakamega,0.0,27.5,16.6
2021-07-09,Kakamega,0.0,30.7,17.2
2021-07-10,Kakamega,0.0,27.9,14.9
2021-07-11,Kakamega,0.0,29.3,18.2
2021-07-12,Kakamega,0.0,27.9,16.6
2021-07-13,Kakamega,1.8,32.6,18.8
2021-07-14,KAKAMEGA,1.1,29.5,16.2
2021-07-15,Kakamega ,0.0,31.7,16.7
2021-07-16,Kakamega,0.0,27.3,15.5
2021-07-17,Kakamega,0.0,30.2,16.2
2021-07-18,kakamega,1.1,30.2,15.1
2021-07-19,Kakamega ,0.0,27.6,17.0
2021-07-20,Kakamega,0.0,29.3,16.3
2021-07-21,Kakamega,0.0,26.7,16.8
2021-07-22,Kakamega,0.0,28.0,17.0
2021-07-23,Kakamega,9.7,25.3,16.5
2021-07-24,Kakamega,5.7,,14.2
2021-07-25,Kakamega,0.0,29.3,15.7
2021-07-26,Kakamega,0.0,29.2,16.9
2021-07-27,Kakamega,0.0,28.5,16.2
2021-07-28,Kakamega,0.0,28.1,15.8
2021-07-29,Kakamega,0.0,30.1,16.3
2021-07-30,Kakamega,0.0,29.5,14.5
2021-07-31,kakamega,0.0,27.2,16.2
2021-08-01,Kakamega,0.0,27.8,14.7
2021-08-02,Kakamega,0.0,29.0,
2021-08-03,Kakamega,0.0,31.3,15.7
2021-08-04,Kakamega,0.0,28.5,13.7
2021-08-05,Kakamega,0.0,28.6,15.0
2021-08-06,Kakamega,0.0,28.3,15.3
2021-08-07,Kakamega,0.0,28.5,14.7
2021-08-08,kakamega,,28.0,14.9
2021-08-09,Kakamega,0.0,24.4,14.7
2021-08-10,Kakamega,0.0,29.9,16.4
2021-08-11,Kakamega,0.0,27.9,14.8
2021-08-12,Kakamega,0.0,29.3,16.1
2021-08-13,Kakamega,0.0,27.9,16.9
2021-08-14,Kakamega,0.0,27.7,16.6
2021-08-15,Kakamega,0.6,29.1,15.0
2021-08-16,Kakamega,0.1,25.8,15.6
2021-08-17,Kakamega,4.4,26.2,15.8
2021-08-18,Kakamega,0.0,27.7,15.2
2021-08-19,Kakamega,,26.7,13.5
2021-08-20,Kakamega,0.0,25.5,17.6
2021-08-21,Kakamega,0.0,28.0,15.5
2021-08-22,Kakamega,0.0,25.8,15.5
2021-08-23,Kakamega,0.0,26.9,17.2
2021-08-24,Kakamega,0.0,28.4,16.1
2021-08-25,Kakamega,0.0,26.7,16.1
2021-08-26,Kakamega,0.0,29.6,17.5
2021-08-27,Kakamega,0.0,28.7,13.8
2021-08-28,Kakamega,0.0,28.4,16.5
2021-08-29,Kakamega,0.0,25.2,16.2
2021-08-30,Kakamega,0.0,25.8,16.8
2021-08-31,KAKAMEGA,0.0,30.1,15.3
2021-09-01,Kakamega,0.0,27.5,15.2
2021-09-02,Kakamega,3.2,25.7,
2021-09-03,kakamega,0.0,25.1,16.7
2021-09-04,Kakamega,0.0,24.9,16.3
2021-09-05,Kakamega,2.7,26.4,14.5
2021-09-06,Kakamega,0.0,29.8,17.1
2021-09-07,Kakamega,0.0,25.7,15.5
2021-09-08,Kakamega,0.0,26.6,15.8
2021-09-09,Kakamega,0.0,27.7,17.7
2021-09-10,Kakamega,5.6,26.8,15.5
2021-09-11,Kakamega,0.0,25.5,15.7
2021-09-12,Kakamega,0.0,26.8,16.5
2021-09-13,Kakamega,0.0,28.8,15.8
2021-09-14,Kakamega,0.0,27.5,16.6
2021-09-15,KAKAMEGA,4.9,25.2,15.5
2021-09-16,Kakamega,0.0,25.3,15.7
2021-09-17,Kakamega,0.0,26.1,13.9
2021-09-18,Kakamega,-999,27.3,15.8
2021-09-19,kakamega,0.0,26.5,17.0
2021-09-20,Kakamega,0.0,29.7,14.9
2021-09-21,Kakamega,16.6,24.6,15.8
2021-09-22,Kakamega,0.0,27.6,15.1
2021-09-23,Kakamega,8.8,25.5,13.7
2021-09-24,Kakamega,0.0,28.4,14.2
2021-09-25,Kakamega,1.1,27.3,15.0
2021-09-26,Kakamega,24.2,22.9,15.4
2021-09-27,Kakamega,0.0,31.9,14.3
2021-09-28,Kakamega,0.0,27.1,15.6
2021-09-29,Kakamega,0.0,29.3,15.7
2021-09-30,Kakamega,0.0,23.5,15.0
2021-10-01,kakamega,0.0,27.6,15.3
2021-10-02,Kakamega,5.5,25.1,13.8
2021-10-03,Kakamega,0.0,25.5,16.6
2021-10-04,Kakamega,0.0,26.9,15.8
2021-10-05,Kakamega ,0.0,26.1,13.6
2021-10-06,Kakamega,8.0,25.8,16.7
2021-10-07,kakamega,0.0,26.6,15.1
2021-10-08,Kakamega,0.0,24.8,12.4
2021-10-09,Kakamega,0.0,26.1,15.1
2021-10-10,Kakamega,0.0,25.9,13.9
2021-10-11,Kakamega,0.4,27.1,14.7
2021-10-12,Kakamega,0.0,24.5,14.8
2021-10-13,KAKAMEGA,0.0,27.4,14.8
2021-10-14,Kakamega,0.0,24.0,16.2
2021-10-15,KAKAMEGA,0.0,25.8,15.1
2021-10-16,Kakamega ,0.0,24.8,13.6
2021-10-17,Kakamega,34.1,25.0,16.9
2021-10-18,Kakamega,0.0,25.4,15.1
2021-10-19,Kakamega,0.0,25.7,15.4
2021-10-20,Kakamega,11.1,26.2,14.0
2021-10-21,Kakamega,0.0,25.4,14.5
2021-10-22,Kakamega,0.0,27.6,15.4
2021-10-23,Kakamega,10.5,25.1,15.4
2021-10-24,Kakamega,0.0,24.6,14.9
2021-10-25,Kakamega,0.0,26.4,12.9
2021-10-26,KAKAMEGA,27.8,24.3,13.9
2021-10-27,Kakamega,0.0,25.4,14.5
2021-10-28,Kakamega,0.0,28.2,14.3
2021-10-29,Kakamega,trace,,16.5
2021-10-30,Kakamega,2.2,26.7,15.2
2021-10-31,Kakamega,2.9,25.0,14.6
2021-11-01,Kakamega,21.5,25.7,13.7
2021-11-02,Kakamega,0.0,23.4,15.5
2021-11-03,Kakamega,0.0,25.5,14.9
2021-11-04,Kakamega,0.0,,15.5
2021-11-05,Kakamega,0.0,25.7,14.7
2021-11-06,Kakamega,,24.1,15.0
2021-11-07,Kakamega ,0.0,25.8,13.1
2021-11-08,Kakamega,0.0,13.0,23.1
2021-11-09,Kakamega,24.6,28.2,13.8
2021-11-10,Kakamega,8.8,25.8,15.3
2021-11-11,Kakamega,19.6,21.6,14.8
2021-11-12,KAKAMEGA,0.0,25.6,13.9
2021-11-13,Kakamega,6.0,21.2,13.7
2021-11-14,kakamega,2.3,25.4,11.8
2021-11-15,KAKAMEGA,0.0,24.2,13.8
2021-11-16,Kakamega,7.5,23.6,12.1
2021-11-17,Kakamega,4.9,26.1,13.3
2021-11-18,Kakamega,15.6,23.5,14.6
2021-11-19,Kakamega,15.9,22.1,14.8
2021-11-20,Kakamega,0.0,23.5,15.5
2021-11-21,Kakamega,2.0,25.0,15.5
2021-11-22,Kakamega,4.8,27.1,14.6
2021-11-23,Kakamega,20.6,24.0,15.2
2021-11-24,Kakamega,0.0,23.2,15.0
2021-11-25,Kakamega,18.2,24.7,14.8
2021-11-26,Kakamega,0.0,25.2,15.6
2021-11-27,kakamega,0.0,26.4,15.1
2021-11-28,Kakamega,7.6,23.0,13.2
2021-11-29,Kakamega,25.5,24.3,14.6
2021-11-30,Kakamega,19.4,23.8,15.7
2021-12-01,Kakamega,4.1,,15.3
2021-12-02,Kakamega,,26.0,13.5
2021-12-03,Kakamega,0.0,25.1,15.4
2021-12-04,Kakamega,0.0,26.3,13.9
2021-12-05,Kakamega,0.0,28.8,13.2
2021-12-06,Kakamega,23.4,25.3,15.9
2021-12-07,Kakamega,9.4,23.2,13.2
2021-12-08,Kakamega,0.0,26.3,14.7
2021-12-09,Kakamega,0.0,24.2,12.3
2021-12-10,Kakamega,0.0,24.6,14.6
2021-12-11,Kakamega,8.2,23.2,14.7
2021-12-12,Kakamega,0.0,26.6,15.3
2021-12-13,Kakamega,0.0,27.1,15.6
2021-12-14,Kakamega,0.0,28.0,14.1
2021-12-15,Kakamega,0.0,24.7,15.3
2021-12-16,Kakamega,5.4,25.1,13.8
2021-12-17,Kakamega,10.5,24.2,14.3
2021-12-18,Kakamega,9.4,23.3,13.8
2021-12-19,KAKAMEGA,0.0,25.1,14.4
2021-12-20,Kakamega,9.9,24.0,14.0
2021-12-21,Kakamega,10.9,25.7,12.2
2021-12-22,Kakamega,22.2,26.4,14.2
2021-12-23,kakamega,0.4,24.7,12.8
2021-12-24,Kakamega,0.0,26.5,14.1
2021-12-25,kakamega,0.0,25.6,14.6
2021-12-26,Kakamega,0.0,25.3,14.9
2021-12-27,Kakamega,17.3,23.4,14.1
2021-12-28,Kakamega,0.0,28.6,15.7
2021-12-29,Kakamega ,0.0,28.0,15.0
2021-12-30,Kakamega,0.0,,13.0
2021-12-31,Kakamega,4.5,24.0,15.7
2022-01-01,Kakamega,7.6,22.2,15.4
2022-01-02,Kakamega,0.0,24.7,15.2
2022-01-03,Kakamega,0.0,24.2,15.2
2022-01-04,Kakamega,0.0,27.3,14.7
2022-01-05,Kakamega,7.5,24.4,
2022-01-06,Kakamega,0.0,27.2,14.8
2022-01-07,Kakamega,0.0,26.8,14.6
2022-01-08,Kakamega,0.0,25.7,14.2
2022-01-09,kakamega,0.0,26.1,14.6
2022-01-10,Kakamega,0.0,26.5,14.6
2022-01-11,Kakamega,0.0,26.2,13.9
2022-01-12,Kakamega,0.0,27.1,15.8
2022-01-13,KAKAMEGA,0.0,,15.7
2022-01-14,Kakamega,0.0,26.1,13.5
2022-01-15,Kakamega,0.0,27.1,14.7
2022-01-16,Kakamega,14.4,23.4,14.0
2022-01-17,Kakamega,0.0,23.7,17.3
2022-01-18,Kakamega,0.0,26.8,15.5
2022-01-19,Kakamega,0.0,26.6,
2022-01-20,Kakamega,0.0,27.7,12.8
2022-01-21,Kakamega,0.0,27.6,15.7
2022-01-22,KAKAMEGA,0.0,23.8,16.4
2022-01-23,Kakamega,0.0,25.0,15.6
2022-01-24,Kakamega,0.0,25.6,14.5
2022-01-25,kakamega,0.0,29.0,14.8
2022-01-26,Kakamega,0.0,27.2,15.9
2022-01-27,Kakamega,0.0,25.2,15.1
2022-01-28,Kakamega,0.0,26.3,14.4
2022-01-29,Kakamega,0.0,29.3,14.7
2022-01-30,Kakamega,0.0,27.3,14.8
2022-01-31,Kakamega,0.0,28.0,16.3
2022-02-01,Kakamega,0.0,25.7,13.5
2022-02-02,Kakamega,0.0,25.3,14.4
2022-02-03,Kakamega,0.0,26.1,15.2
2022-02-04,Kakamega,0.0,26.1,15.4
2022-02-05,Kakamega,0.0,26.6,14.3
2022-02-06,Kakamega,0.0,99.9,17.1
2022-02-07,Kakamega,0.0,27.8,15.6
2022-02-08,Kakamega,11.8,26.6,17.1
2022-02-09,Kakamega,0.0,28.9,15.0
2022-02-10,Kakamega,0.0,28.2,15.4
2022-02-11,Kakamega,0.0,28.6,14.1
2022-02-12,Kakamega,0.0,25.6,15.0
2022-02-13,Kakamega,17.4,25.0,16.8
2022-02-14,Kakamega,0.0,27.4,16.2
2022-02-15,Kakamega,9.3,24.6,16.0
2022-02-16,Kakamega,0.0,32.0,15.6
2022-02-17,Kakamega ,0.0,29.8,15.0
2022-02-18,Kakamega,0.0,27.2,15.3
2022-02-19,Kakamega,0.0,27.3,15.4
2022-02-20,Kakamega,0.0,27.4,16.3
2022-02-21,Kakamega,0.0,26.1,13.2
2022-02-22,Kakamega,0.0,27.7,14.4
2022-02-23,Kakamega,66.5,24.4,15.2
2022-02-24,Kakamega,0.0,26.0,14.9
2022-02-25,Kakamega,0.0,26.5,15.2
2022-02-26,Kakamega,0.0,25.0,15.8
2022-02-27,Kakamega,0.0,26.4,13.6
2022-02-28,Kakamega,0.0,26.1,15.4
2022-03-01,Kakamega ,31.3,23.2,15.6
2022-03-02,Kakamega,1.9,30.9,17.1
2022-03-03,kakamega,0.0,27.6,15.9
2022-03-04,Kakamega,0.0,31.8,13.7
2022-03-05,Kakamega,0.0,26.3,15.8
2022-03-06,Kakamega,8.0,27.6,16.3
2022-03-07,Kakamega,0.0,28.3,13.5
2022-03-08,Kakamega,54.9,25.2,15.5
2022-03-09,Kakamega ,0.0,28.5,15.7
2022-03-10,Kakamega,14.5,22.2,13.4
2022-03-11,KAKAMEGA,,27.2,15.4
2022-03-12,Kakamega,0.0,29.3,15.2
2022-03-13,Kakamega,1.3,29.6,15.5
2022-03-14,Kakamega,7.4,26.5,13.8
2022-03-15,Kakamega,13.0,27.3,16.2
2022-03-16,Kakamega,0.0,28.1,16.8
2022-03-17,Kakamega,1.1,27.4,15.3
2022-03-18,Kakamega,50.7,28.0,16.7
2022-03-19,Kakamega,8.6,24.3,15.2
2022-03-20,Kakamega,0.0,27.2,14.4
2022-03-21,Kakamega,12.3,25.8,16.5
2022-03-22,Kakamega,0.0,29.7,14.5
2022-03-23,Kakamega,0.8,26.8,17.3
2022-03-24,Kakamega,34.4,27.6,16.5
2022-03-25,Kakamega,24.3,29.5,15.2
2022-03-26,Kakamega,0.0,27.8,16.3
2022-03-27,Kakamega,0.0,28.1,15.2
2022-03-28,Kakamega,30.6,26.6,16.0
2022-03-29,Kakamega,0.0,29.1,15.7
2022-03-30,Kakamega,0.0,28.6,19.2
2022-03-31,Kakamega ,0.0,28.0,17.1
2022-04-01,Kakamega,9.0,27.4,14.3
2022-04-02,Kakamega,0.0,28.0,17.9
2022-04-03,Kakamega,5.5,25.6,15.8
2022-04-04,Kakamega,3.3,25.4,16.2
2022-04-05,kakamega,0.0,29.3,14.0
2022-04-06,Kakamega ,17.2,25.4,16.8
2022-04-07,Kakamega,14.4,25.9,16.1
2022-04-08,Kakamega,1.2,28.1,15.1
2022-04-09,Kakamega,10.5,28.4,17.5
2022-04-10,Kakamega,0.0,30.7,17.5
2022-04-11,KAKAMEGA,0.9,28.3,15.1
2022-04-12,Kakamega,7.2,27.3,16.7
2022-04-13,Kakamega,0.0,28.9,14.9
2022-04-14,Kakamega,0.0,25.6,16.1
2022-04-15,Kakamega,9.3,27.6,17.8
2022-04-16,Kakamega,3.9,30.3,15.4
2022-04-17,Kakamega,29.6,26.2,16.4
2022-04-18,KAKAMEGA,8.4,27.6,16.5
2022-04-19,Kakamega,trace,26.3,17.4
2022-04-20,Kakamega,4.8,26.8,14.5
2022-04-21,Kakamega,11.5,24.1,15.6
2022-04-22,Kakamega,0.0,30.5,16.3
2022-04-23,Kakamega,11.6,28.1,16.5
2022-04-24,Kakamega,6.2,29.0,16.9
2022-04-25,Kakamega,9.1,26.7,15.4
2022-04-26,Kakamega ,8.1,26.8,16.5
2022-04-27,Kakamega,0.0,29.6,16.7
2022-04-28,Kakamega,4.6,29.2,15.6
2022-04-29,KAKAMEGA,25.0,25.4,14.7
2022-04-30,Kakamega,0.5,30.2,16.7
2022-05-01,Kakamega,7.5,25.4,15.8
2022-05-02,Kakamega,0.0,27.9,15.2
2022-05-03,Kakamega,17.8,26.1,18.2
2022-05-04,Kakamega,12.2,29.0,18.0
2022-05-05,Kakamega,0.0,32.0,17.3
2022-05-06,Kakamega,12.0,24.3,14.1
2022-05-07,Kakamega,0.0,29.1,16.3
2022-05-08,Kakamega,18.8,25.6,15.9
2022-05-09,Kakamega,11.9,27.4,17.0
2022-05-10,Kakamega,6.2,25.5,17.4
2022-05-11,Kakamega,3.1,28.3,16.0
2022-05-12,Kakamega,0.0,30.4,14.5
2022-05-13,Kakamega,18.3,25.4,16.1
2022-05-14,Kakamega ,12.1,24.3,17.6
2022-05-15,Kakamega,1.7,29.3,15.7
2022-05-16,Kakamega,8.6,26.6,16.9
2022-05-17,Kakamega,35.0,26.9,15.8
2022-05-18,Kakamega,19.5,26.7,16.8
2022-05-19,Kakamega,6.7,27.7,14.3
2022-05-20,Kakamega,42.7,29.0,18.1
2022-05-21,Kakamega,1.7,28.0,15.9
2022-05-22,Kakamega,19.9,28.5,13.3
2022-05-23,Kakamega ,0.0,28.0,17.0
2022-05-24,Kakamega,19.5,28.6,17.5
2022-05-25,Kakamega,2.4,26.3,17.1
2022-05-26,Kakamega,trace,27.0,15.2
2022-05-27,Kakamega,8.6,27.5,16.3
2022-05-28,Kakamega,0.0,27.2,16.4
2022-05-29,Kakamega,2.8,30.5,15.8
2022-05-30,kakamega,9.4,26.9,15.2
2022-05-31,Kakamega,13.6,25.6,14.5
2022-06-01,Kakamega,0.0,30.6,16.3
2022-06-02,Kakamega,7.4,26.6,15.4
2022-06-03,Kakamega,1.6,30.2,17.0
2022-06-04,Kakamega,12.1,25.6,16.0
2022-06-05,Kakamega,14.2,25.4,15.9
2022-06-06,Kakamega,0.0,28.6,16.8
2022-06-07,Kakamega,6.9,27.2,16.0
2022-06-08,Kakamega,0.0,28.9,16.6
2022-06-09,Kakamega,,30.4,17.8
2022-06-10,Kakamega,0.0,30.5,16.9
2022-06-11,Kakamega,0.0,27.3,16.7
2022-06-12,Kakamega,0.0,29.4,16.0
2022-06-13,Kakamega,44.5,28.3,16.4
2022-06-14,Kakamega,0.0,30.4,17.9
2022-06-15,Kakamega,0.0,28.3,17.4
2022-06-16,Kakamega,10.1,28.2,17.0
2022-06-17,kakamega,1.5,27.7,16.7
2022-06-18,Kakamega,0.0,30.2,17.3
2022-06-19,Kakamega,0.0,27.9,16.8
2022-06-20,Kakamega,0.0,29.0,16.6
2022-06-21,Kakamega,0.0,28.0,14.7
2022-06-22,Kakamega,16.0,26.1,15.8
2022-06-23,Kakamega,0.0,27.1,15.4
2022-06-24,Kakamega,0.0,30.3,15.8
2022-06-25,Kakamega,5.1,25.3,18.2
2022-06-26,Kakamega,0.0,27.6,18.1
2022-06-27,Kakamega,29.6,26.5,17.2
2022-06-28,Kakamega,0.0,30.6,16.7
2022-06-29,Kakamega,0.0,29.9,15.7
2022-06-30,Kakamega,0.0,27.5,18.2
2022-07-01,kakamega,0.0,31.9,15.2
2022-07-02,Kakamega,0.0,28.9,15.7
2022-07-03,KAKAMEGA,32.4,28.8,16.5
2022-07-04,Kakamega,0.0,31.6,17.0
2022-07-05,Kakamega,38.5,26.8,15.7
2022-07-06,Kakamega,-999,27.3,17.5
2022-07-07,Kakamega,0.0,26.5,17.8
2022-07-08,Kakamega,0.0,25.1,16.3
2022-07-09,Kakamega,0.0,32.2,16.2
2022-07-10,Kakamega,16.1,24.2,15.1
2022-07-11,Kakamega,0.0,29.8,16.2
2022-07-12,Kakamega,0.0,29.0,17.3
2022-07-13,Kakamega,9.4,26.2,17.2
2022-07-14,Kakamega,0.0,26.0,14.9
2022-07-15,Kakamega,0.0,29.2,16.5
2022-07-16,Kakamega,0.0,30.3,16.3
2022-07-17,Kakamega,19.9,22.6,14.1
2022-07-18,Kakamega,5.8,27.7,14.7
2022-07-19,Kakamega,22.4,24.7,16.0
2022-07-20,Kakamega,13.2,27.5,17.0
2022-07-21,Kakamega,0.0,27.9,16.8
2022-07-22,Kakamega,0.0,30.4,16.3
2022-07-23,Kakamega,0.0,31.1,16.0
2022-07-24,Kakamega,0.0,31.2,16.7
2022-07-25,Kakamega,31.4,26.7,15.1
2022-07-26,Kakamega,0.0,28.5,17.3
2022-07-27,Kakamega,0.0,28.2,15.6
2022-07-28,Kakamega,-999,23.8,14.8
2022-07-29,KAKAMEGA,0.0,29.7,14.4
2022-07-30,Kakamega,0.0,24.9,17.3
2022-07-31,Kakamega,0.0,27.6,16.4
2022-08-01,Kakamega,0.0,27.4,16.4
2022-08-02,Kakamega,64.2,24.9,16.5
2022-08-03,Kakamega,0.0,32.1,17.6
2022-08-04,kakamega,0.0,26.8,17.9
2022-08-05,Kakamega,30.8,30.8,16.7
2022-08-06,Kakamega,0.0,27.4,14.7
2022-08-07,Kakamega,0.0,29.6,16.4
2022-08-08,Kakamega,0.0,27.0,14.2
2022-08-09,Kakamega,0.0,28.3,16.5
2022-08-10,Kakamega,trace,26.8,17.6
2022-08-11,Kakamega,0.6,26.5,15.0
2022-08-12,Kakamega,0.0,27.3,15.7
2022-08-13,Kakamega,10.0,29.3,14.3
2022-08-14,Kakamega,0.0,25.8,17.1
2022-08-15,Kakamega,0.0,31.5,15.2
2022-08-16,Kakamega,15.1,25.0,14.9
2022-08-17,KAKAMEGA,0.0,25.3,13.1
2022-08-18,Kakamega,17.8,26.1,15.8
2022-08-19,Kakamega,0.0,27.9,16.0
2022-08-20,Kakamega,1.0,28.6,14.7
2022-08-21,Kakamega,0.0,29.0,14.0
2022-08-22,Kakamega,0.0,27.6,15.5
2022-08-23,Kakamega,0.0,30.5,16.2
2022-08-24,Kakamega,2.8,30.3,14.7
2022-08-25,Kakamega,0.0,27.5,16.0
2022-08-26,Kakamega,17.4,23.6,16.4
2022-08-27,Kakamega,1.6,28.0,16.5
2022-08-28,Kakamega,10.5,26.9,16.8
2022-08-29,Kakamega,4.5,29.6,13.4
2022-08-30,Kakamega,0.0,26.8,14.6
2022-08-31,Kakamega,24.0,26.3,14.9
2022-09-01,Kakamega,0.0,25.1,16.5
2022-09-02,Kakamega,0.0,28.4,16.3
2022-09-03,Kakamega,0.0,28.0,15.1
2022-09-04,Kakamega,62.1,24.8,16.7
2022-09-05,KAKAMEGA,0.0,26.5,16.3
2022-09-06,kakamega,0.0,28.6,15.7
2022-09-07,Kakamega,0.0,26.9,15.5
2022-09-08,Kakamega,0.0,28.3,15.7
2022-09-09,Kakamega,0.0,28.2,13.7
2022-09-10,KAKAMEGA,0.0,,13.3
2022-09-11,Kakamega,0.0,26.2,16.7
2022-09-12,Kakamega,0.0,25.7,15.9
2022-09-13,Kakamega,4.6,27.9,16.2
2022-09-14,Kakamega ,7.2,25.6,17.6
2022-09-15,Kakamega,0.0,25.5,14.8
2022-09-16,Kakamega,0.0,27.5,15.4
2022-09-17,Kakamega,0.0,26.7,14.0
2022-09-18,Kakamega,0.0,25.4,15.7
2022-09-19,Kakamega,0.0,27.6,15.0
2022-09-20,KAKAMEGA,0.0,27.1,14.6
2022-09-21,Kakamega,0.0,25.9,13.8
2022-09-22,Kakamega,0.0,29.2,14.1
2022-09-23,Kakamega,0.0,24.5,14.9
2022-09-24,Kakamega,2.1,28.2,14.2
2022-09-25,Kakamega,0.0,24.9,14.4
2022-09-26,Kakamega,0.0,25.5,16.2
2022-09-27,Kakamega,0.0,26.6,16.3
2022-09-28,Kakamega ,1.0,28.3,15.3
2022-09-29,Kakamega,23.9,24.1,14.5
2022-09-30,Kakamega,0.0,29.4,14.3
2022-10-01,Kakamega,10.9,24.0,16.5
2022-10-02,Kakamega,0.0,25.8,16.2
2022-10-03,Kakamega ,0.0,26.2,15.2
2022-10-04,Kakamega,,26.1,15.6
2022-10-05,Kakamega,4.6,25.6,16.9
2022-10-06,Kakamega ,31.4,25.7,14.8
2022-10-07,Kakamega,28.4,20.8,16.1
2022-10-08,Kakamega,0.0,27.7,14.2
2022-10-09,Kakamega,trace,26.5,16.5
2022-10-10,Kakamega,0.0,25.3,14.3
2022-10-11,Kakamega,0.0,25.5,15.6
2022-10-12,Kakamega,0.0,26.9,13.6
2022-10-13,Kakamega,5.9,25.0,14.3
2022-10-14,Kakamega,0.0,24.5,13.7
2022-10-15,KAKAMEGA,0.0,28.3,16.6
2022-10-16,Kakamega,1.0,25.8,14.6
2022-10-17,Kakamega,3.0,23.1,14.2
2022-10-18,Kakamega,4.1,27.6,15.5
2022-10-19,Kakamega,0.0,24.8,13.9
2022-10-20,Kakamega,0.0,26.5,16.6
2022-10-21,Kakamega,0.0,27.2,16.1
2022-10-22,Kakamega,0.0,23.8,16.6
2022-10-23,Kakamega,2.1,24.3,12.3
2022-10-24,Kakamega,0.0,29.0,14.4
2022-10-25,Kakamega,12.9,26.6,14.0
2022-10-26,Kakamega,0.0,26.9,14.0
2022-10-27,Kakamega,5.4,25.8,13.6
2022-10-28,KAKAMEGA,,25.0,15.0
2022-10-29,Kakamega,21.0,21.2,15.1
2022-10-30,Kakamega,0.5,26.7,15.9
2022-10-31,Kakamega,0.0,25.3,15.3
2022-11-01,Kakamega,8.6,25.5,15.9
2022-11-02,KAKAMEGA,0.0,26.8,15.5
2022-11-03,Kakamega,0.6,24.9,14.1
2022-11-04,Kakamega,5.4,22.7,14.1
2022-11-05,Kakamega,47.4,25.7,
2022-11-06,kakamega,,27.5,14.0
2022-11-07,Kakamega,0.0,24.9,15.6
2022-11-08,Kakamega,0.0,26.8,15.9
2022-11-09,KAKAMEGA,26.7,25.6,15.9
2022-11-10,Kakamega,5.0,24.1,15.5
2022-11-11,Kakamega,11.6,19.1,14.8
2022-11-12,KAKAMEGA,0.0,23.8,16.3
2022-11-13,Kakamega,0.0,25.9,12.7
2022-11-14,Kakamega,0.0,24.3,15.0
2022-11-15,Kakamega,6.1,21.8,14.1
2022-11-16,kakamega,21.2,24.6,13.4
2022-11-17,Kakamega,6.9,24.8,16.2
2022-11-18,Kakamega,4.5,26.0,13.8
2022-11-19,Kakamega,0.0,26.4,12.9
2022-11-20,Kakamega,15.4,23.8,14.6
2022-11-21,Kakamega,2.4,27.3,15.9
2022-11-22,Kakamega,2.8,25.0,14.7
2022-11-23,Kakamega,0.0,23.8,13.8
2022-11-24,Kakamega,0.0,26.0,14.9
2022-11-25,Kakamega,10.0,21.3,13.5
2022-11-26,Kakamega,0.0,23.3,13.8
2022-11-27,Kakamega,23.1,25.9,14.2
2022-11-28,Kakamega,0.0,27.1,15.4
2022-11-29,Kakamega,8.3,23.1,13.5
2022-11-30,Kakamega,0.0,25.4,15.2
2022-12-01,Kakamega,20.8,24.0,13.7
2022-12-02,Kakamega,0.0,25.2,13.9
2022-12-03,Kakamega,40.7,23.8,13.1
2022-12-04,Kakamega,0.1,27.2,13.3
2022-12-05,Kakamega,15.7,24.5,14.2
2022-12-06,Kakamega,0.0,25.7,12.8
2022-12-07,Kakamega,0.0,27.5,14.9
2022-12-08,Kakamega,0.0,25.0,14.8
2022-12-09,Kakamega,22.1,24.9,14.8
2022-12-10,KAKAMEGA,0.0,24.6,14.6
2022-12-11,Kakamega,0.0,26.9,13.8
2022-12-12,Kakamega,0.0,26.9,12.8
2022-12-13,KAKAMEGA,0.0,23.3,12.3
2022-12-14,Kakamega,18.7,23.2,13.3
2022-12-15,Kakamega,0.0,26.1,14.2
2022-12-16,Kakamega,10.3,22.7,13.7
2022-12-17,Kakamega,0.0,27.6,15.4
2022-12-18,Kakamega,0.0,27.8,15.6
2022-12-19,Kakamega,0.0,25.4,14.2
2022-12-20,Kakamega,0.0,25.1,16.1
2022-12-21,Kakamega,14.8,22.0,14.8
2022-12-22,Kakamega,0.0,27.9,14.1
2022-12-23,KAKAMEGA,0.0,25.1,14.6
2022-12-24,Kakamega ,0.0,25.4,
2022-12-25,Kakamega,2.8,25.6,15.2
2022-12-26,Kakamega,0.0,25.6,13.1
2022-12-27,Kakamega,0.0,25.2,13.0
2022-12-28,Kakamega,0.0,24.0,14.8
2022-12-29,Kakamega,0.0,25.7,16.1
2022-12-30,Kakamega,28.3,25.6,14.6
2022-12-31,Kakamega,15.9,25.9,15.0
2023-01-01,Kakamega,0.0,26.6,14.7
2023-01-02,kakamega,0.0,26.6,14.3
2023-01-03,Kakamega,0.0,25.3,16.2
2023-01-04,Kakamega,0.0,26.4,14.1
2023-01-05,Kakamega,0.0,25.7,13.0
2023-01-06,Kakamega,0.0,26.7,15.4
2023-01-07,Kakamega,0.0,27.6,15.8
2023-01-08,KAKAMEGA,0.0,27.2,14.7
2023-01-09,Kakamega,0.0,26.1,14.9
2023-01-10,Kakamega,0.0,24.7,13.1
2023-01-11,Kakamega,0.0,27.6,14.9
2023-01-12,Kakamega,0.0,25.2,
2023-01-13,Kakamega,0.0,,15.0
2023-01-14,Kakamega,17.9,24.3,16.0
2023-01-15,Kakamega,0.1,28.3,13.3
2023-01-16,Kakamega,,25.3,14.8
2023-01-17,Kakamega,63.2,23.0,14.3
2023-01-18,Kakamega,7.6,23.7,15.2
2023-01-19,Kakamega,0.0,26.0,14.9
2023-01-20,Kakamega,0.0,27.9,13.5
2023-01-21,Kakamega,0.0,29.1,14.3
2023-01-22,Kakamega,0.0,26.4,15.4
2023-01-23,Kakamega,0.0,24.2,12.4
2023-01-24,Kakamega,,25.1,14.9
2023-01-25,kakamega,0.0,26.6,14.0
2023-01-26,Kakamega,0.0,27.0,13.9
2023-01-27,Kakamega,0.0,25.6,14.7
2023-01-28,Kakamega,0.0,26.8,13.0
2023-01-29,Kakamega,0.0,26.5,15.9
2023-01-30,Kakamega,0.0,28.4,15.7
2023-01-31,Kakamega,21.8,24.5,14.2
2023-02-01,Kakamega,1.7,26.4,15.5
2023-02-02,Kakamega,0.0,,13.9
2023-02-03,Kakamega,0.0,24.0,17.2
2023-02-04,Kakamega,0.0,26.4,13.2
2023-02-05,Kakamega,0.0,27.3,14.7
2023-02-06,Kakamega,0.0,24.7,16.0
2023-02-07,kakamega,16.1,23.1,17.5
2023-02-08,Kakamega,0.0,27.2,15.7
2023-02-09,Kakamega,0.0,27.7,14.8
2023-02-10,Kakamega,0.0,25.8,13.1
2023-02-11,Kakamega,0.0,28.5,15.8
2023-02-12,Kakamega,0.0,25.1,17.4
2023-02-13,Kakamega,0.0,27.6,16.8
2023-02-14,Kakamega,19.4,27.0,15.7
2023-02-15,Kakamega,0.0,26.8,15.1
2023-02-16,Kakamega,0.0,24.4,15.2
2023-02-17,Kakamega,39.3,25.7,14.0
2023-02-18,Kakamega,0.0,25.1,14.8
2023-02-19,KAKAMEGA,35.7,24.9,14.8
2023-02-20,Kakamega,0.0,27.5,15.0
2023-02-21,Kakamega,14.8,,15.6
2023-02-22,Kakamega,0.0,25.6,15.7
2023-02-23,KAKAMEGA,0.0,26.3,16.0
2023-02-24,Kakamega,0.0,26.4,17.4
2023-02-25,Kakamega,3.4,26.9,14.3
2023-02-26,kakamega,0.0,30.6,15.7
2023-02-27,Kakamega,0.8,27.7,14.9
2023-02-28,Kakamega,0.0,26.0,13.6
2023-03-01,Kakamega,13.5,23.0,16.1
2023-03-02,Kakamega,0.0,28.6,15.4
2023-03-03,Kakamega,16.2,27.5,14.2
2023-03-04,Kakamega,0.0,30.5,14.9
2023-03-05,Kakamega,0.0,28.8,13.7
2023-03-06,Kakamega,0.0,31.8,15.9
2023-03-07,Kakamega ,,28.5,15.4
2023-03-08,Kakamega ,0.0,27.4,14.5
2023-03-09,Kakamega,10.0,25.1,16.9
2023-03-10,Kakamega,0.0,27.6,15.2
2023-03-11,Kakamega,2.5,28.3,16.5
2023-03-12,Kakamega ,3.2,27.6,16.2
2023-03-13,Kakamega,0.0,25.3,13.6
2023-03-14,Kakamega,0.0,26.3,15.9
2023-03-15,Kakamega,0.0,28.7,15.8
2023-03-16,Kakamega,18.3,29.2,16.4
2023-03-17,Kakamega,0.6,28.2,15.3
2023-03-18,Kakamega,0.8,29.5,15.3
2023-03-19,Kakamega,9.4,27.2,15.1
2023-03-20,Kakamega,1.6,28.9,16.0
2023-03-21,Kakamega,0.0,27.3,14.0
2023-03-22,Kakamega,0.0,29.6,15.1
2023-03-23,Kakamega,0.0,27.0,16.1
2023-03-24,Kakamega,73.9,21.3,15.3
2023-03-25,Kakamega,34.3,28.6,15.0
2023-03-26,kakamega,4.8,29.2,16.6
2023-03-27,Kakamega,35.2,28.8,15.6
2023-03-28,Kakamega,0.0,28.3,15.7
2023-03-29,Kakamega,0.0,31.6,16.8
2023-03-30,Kakamega,0.0,27.9,15.5
2023-03-31,Kakamega,3.1,28.1,15.3
2023-04-01,Kakamega,18.8,26.5,16.9
2023-04-02,Kakamega,6.4,28.3,15.4
2023-04-03,Kakamega,0.4,29.0,16.0
2023-04-04,Kakamega,trace,29.6,15.7
2023-04-05,KAKAMEGA,0.0,28.2,16.4
2023-04-06,Kakamega,7.3,26.4,17.2
2023-04-07,kakamega,0.0,29.1,15.8
2023-04-08,Kakamega,3.8,26.3,13.5
2023-04-09,Kakamega,16.2,27.2,17.2
2023-04-10,Kakamega,14.9,24.6,15.4
2023-04-11,Kakamega,2.6,26.4,16.5
2023-04-12,Kakamega,37.6,27.1,17.1
2023-04-13,Kakamega,10.3,25.1,16.1
2023-04-14,Kakamega,5.4,27.9,15.2
2023-04-15,Kakamega,12.2,28.5,16.9
2023-04-16,Kakamega ,0.0,29.9,14.7
2023-04-17,Kakamega,trace,26.4,16.4
2023-04-18,Kakamega,6.5,26.8,16.8
2023-04-19,Kakamega,7.5,26.4,15.2
2023-04-20,Kakamega,48.2,25.5,16.5
2023-04-21,Kakamega,7.4,24.6,16.3
2023-04-22,Kakamega,2.2,27.1,16.3
2023-04-23,KAKAMEGA,54.1,27.9,14.6
2023-04-24,Kakamega,0.0,27.6,17.2
2023-04-25,Kakamega,4.1,29.3,16.0
2023-04-26,Kakamega,3.8,28.0,15.5
2023-04-27,Kakamega,0.0,27.6,16.9
2023-04-28,Kakamega,0.0,29.1,15.6
2023-04-29,KAKAMEGA,0.0,26.5,15.9
2023-04-30,Kakamega,7.6,27.6,16.0
2023-05-01,Kakamega,17.3,26.7,14.8
2023-05-02,Kakamega,0.0,29.5,16.4
2023-05-03,Kakamega,55.4,27.2,17.3
2023-05-04,Kakamega,0.0,29.7,15.6
2023-05-05,Kakamega,6.4,26.6,17.2
2023-05-06,Kakamega,0.0,27.2,15.5
2023-05-07,Kakamega,0.7,,16.3
2023-05-08,Kakamega,10.3,28.2,17.0
2023-05-09,Kakamega,0.0,29.9,17.1
2023-05-10,Kakamega,5.9,28.0,16.3
2023-05-11,Kakamega,36.1,24.4,16.6
2023-05-12,Kakamega,3.8,26.7,17.5
2023-05-13,kakamega,21.3,28.9,15.4
2023-05-14,Kakamega,63.1,24.1,16.4
2023-05-15,Kakamega,0.0,27.7,17.1
2023-05-16,Kakamega,4.0,30.7,16.3
2023-05-17,Kakamega,2.3,28.8,17.3
2023-05-18,Kakamega,2.5,28.6,15.6
2023-05-19,Kakamega,1.6,29.1,16.7
2023-05-20,Kakamega,4.9,28.7,18.8
2023-05-21,Kakamega,0.4,27.4,15.6
2023-05-22,Kakamega,2.9,27.1,16.2
2023-05-23,Kakamega,4.2,29.1,15.4
2023-05-24,Kakamega,3.4,29.2,16.5
2023-05-25,Kakamega,20.6,28.4,16.8
2023-05-26,Kakamega,15.0,27.0,15.7
2023-05-27,Kakamega,7.0,24.3,15.5
2023-05-28,Kakamega,1.7,27.3,15.8
2023-05-29,Kakamega,0.0,29.1,16.6
2023-05-30,Kakamega,18.9,27.8,18.3
2023-05-31,Kakamega,0.6,31.7,15.0
2023-06-01,Kakamega,0.0,28.4,16.1
2023-06-02,Kakamega,0.0,29.6,17.0
2023-06-03,Kakamega,0.0,29.4,15.5
2023-06-04,Kakamega,19.5,28.9,15.2
2023-06-05,kakamega,23.7,25.3,17.1
2023-06-06,Kakamega,0.0,27.4,16.8
2023-06-07,Kakamega,11.6,26.3,16.4
2023-06-08,Kakamega,0.0,,16.4
2023-06-09,Kakamega,0.0,29.0,16.1
2023-06-10,Kakamega,4.2,31.4,
2023-06-11,Kakamega,0.0,29.7,18.1
2023-06-12,Kakamega,0.0,29.3,14.6
2023-06-13,Kakamega,0.0,30.7,16.8
2023-06-14,Kakamega,3.5,26.7,16.9
2023-06-15,Kakamega,1.9,29.1,17.9
2023-06-16,Kakamega,0.0,30.1,14.0
2023-06-17,Kakamega,20.0,26.7,17.3
2023-06-18,Kakamega,0.0,27.9,15.0
2023-06-19,Kakamega,0.0,29.4,15.2
2023-06-20,Kakamega,0.0,27.5,17.3
2023-06-21,Kakamega,4.1,27.3,16.9
2023-06-22,Kakamega,0.0,30.5,15.7
2023-06-23,Kakamega,0.0,31.4,17.7
2023-06-24,Kakamega,4.8,31.3,16.3
2023-06-25,Kakamega,0.0,31.0,15.2
2023-06-26,KAKAMEGA,0.0,30.7,17.5
2023-06-27,Kakamega,0.0,29.5,16.9
2023-06-28,Kakamega,5.1,24.7,15.6
2023-06-29,Kakamega,0.0,25.9,15.1
2023-06-30,kakamega,2.2,30.5,15.5
2023-07-01,Kakamega,47.0,27.8,15.0
2023-07-02,Kakamega,0.7,30.1,14.5
2023-07-03,Kakamega,6.2,26.9,15.7
2023-07-04,Kakamega,0.0,29.9,18.0
2023-07-05,Kakamega,6.0,25.4,18.2
2023-07-06,Kakamega,0.0,28.0,17.1
2023-07-07,Kakamega,0.0,29.1,17.6
2023-07-08,Kakamega,0.0,29.6,17.3
2023-07-09,Kakamega,0.0,29.2,16.8
2023-07-10,Kakamega,0.0,29.5,15.7
2023-07-11,Kakamega,0.0,26.6,16.9
2023-07-12,Kakamega,3.5,26.8,17.3
2023-07-13,Kakamega,0.0,30.0,17.0
2023-07-14,Kakamega,0.0,27.4,16.3
2023-07-15,Kakamega,0.0,29.1,18.2
2023-07-16,Kakamega,0.0,28.8,15.5
2023-07-17,Kakamega,0.0,29.9,17.4
2023-07-18,Kakamega,0.0,28.3,15.1
2023-07-19,Kakamega,13.9,26.8,14.8
2023-07-20,Kakamega,0.0,28.7,16.0
2023-07-21,Kakamega,15.9,25.8,15.8
2023-07-22,Kakamega,0.0,29.6,17.4
2023-07-23,KAKAMEGA,0.0,29.2,16.0
2023-07-24,Kakamega,0.0,29.4,15.4
2023-07-25,Kakamega,0.0,24.7,16.7
2023-07-26,Kakamega,2.9,26.4,16.0
2023-07-27,Kakamega,0.0,28.6,15.8
2023-07-28,Kakamega,0.0,27.7,15.3
2023-07-29,Kakamega,0.1,31.2,17.0
2023-07-30,Kakamega,2.2,28.3,16.0
2023-07-31,Kakamega,9.8,27.1,15.2
2023-08-01,Kakamega,0.0,27.2,15.3
2023-08-02,Kakamega,33.7,24.0,16.3
2023-08-03,Kakamega,0.0,28.4,14.2
2023-08-04,Kakamega,0.4,27.7,16.4
2023-08-05,Kakamega,0.0,29.4,14.5
2023-08-06,Kakamega,0.0,29.3,13.6
2023-08-07,Kakamega,0.0,27.4,16.4
2023-08-08,Kakamega,0.0,29.7,17.0
2023-08-09,Kakamega,0.0,27.0,14.5
2023-08-10,Kakamega,0.0,28.3,16.3
2023-08-11,Kakamega,0.0,29.3,16.0
2023-08-12,kakamega,17.9,27.5,16.2
2023-08-13,Kakamega,0.0,27.5,16.2
2023-08-14,kakamega,0.0,27.6,16.3
2023-08-15,Kakamega,1.2,27.2,17.6
2023-08-16,Kakamega,0.0,28.1,15.0
2023-08-17,Kakamega,0.0,30.6,16.0
2023-08-18,Kakamega,0.0,25.5,15.4
2023-08-19,Kakamega,0.0,29.0,14.9
2023-08-20,Kakamega,0.0,28.3,16.1
2023-08-21,Kakamega,0.0,27.0,16.7
2023-08-22,Kakamega,38.3,22.7,16.5
2023-08-23,Kakamega,0.0,28.1,14.8
2023-08-24,Kakamega,0.0,28.9,15.1
2023-08-25,Kakamega,0.0,28.3,16.1
2023-08-26,Kakamega,0.0,,17.3
2023-08-27,Kakamega,0.0,27.4,16.9
2023-08-28,Kakamega,0.0,26.6,16.4
2023-08-29,KAKAMEGA,0.0,29.0,17.5
2023-08-30,Kakamega,0.0,28.4,16.3
2023-08-31,Kakamega,0.7,26.1,14.8
2023-09-01,Kakamega,1.6,27.8,14.9
2023-09-02,Kakamega,0.0,25.7,14.9
2023-09-03,kakamega,0.0,26.8,15.3
2023-09-04,Kakamega,0.0,27.3,13.2
2023-09-05,Kakamega ,0.0,29.1,14.4
2023-09-06,Kakamega,,25.8,16.1
2023-09-07,Kakamega,0.0,26.6,15.8
2023-09-08,Kakamega,0.0,27.5,14.8
2023-09-09,Kakamega,0.0,27.5,15.9
2023-09-10,KAKAMEGA,0.0,27.6,14.5
2023-09-11,Kakamega,0.0,27.3,16.2
2023-09-12,Kakamega,0.0,26.8,14.5
2023-09-13,Kakamega,0.0,25.2,15.4
2023-09-14,Kakamega,2.3,25.5,14.6
2023-09-15,Kakamega,0.0,25.8,15.6
2023-09-16,Kakamega,14.7,26.0,14.6
2023-09-17,Kakamega,0.0,99.9,14.4
2023-09-18,Kakamega,8.7,28.2,13.6
2023-09-19,Kakamega,3.3,27.2,15.7
2023-09-20,Kakamega,-999,23.5,14.6
2023-09-21,Kakamega,4.4,26.1,16.3
2023-09-22,Kakamega,0.0,25.3,13.4
2023-09-23,Kakamega,0.0,26.8,15.6
2023-09-24,Kakamega,0.0,30.1,15.2
2023-09-25,Kakamega,27.8,24.7,14.6
2023-09-26,Kakamega,14.0,22.9,14.6
2023-09-27,Kakamega,31.8,25.3,16.4
2023-09-28,Kakamega,0.0,28.9,14.9
2023-09-29,Kakamega,0.0,27.9,14.6
2023-09-30,Kakamega,9.2,20.5,16.0
2023-10-01,KAKAMEGA,5.1,24.5,15.4
2023-10-02,Kakamega,7.3,22.8,15.5
2023-10-03,Kakamega,1.2,26.2,16.2
2023-10-04,Kakamega,0.0,24.2,14.8
2023-10-05,Kakamega,10.3,,15.9
2023-10-06,Kakamega,0.0,28.0,15.2
2023-10-07,Kakamega,10.0,22.7,14.5
2023-10-08,Kakamega,0.0,25.0,16.2
2023-10-09,Kakamega,11.0,27.2,13.8
2023-10-10,Kakamega,0.0,26.5,12.5
2023-10-11,Kakamega,0.0,25.7,14.5
2023-10-12,Kakamega,0.0,24.6,14.1
2023-10-13,Kakamega,24.0,22.1,15.1
2023-10-14,Kakamega,0.0,24.2,15.1
2023-10-15,Kakamega,0.0,28.4,14.9
2023-10-16,kakamega,0.0,27.2,13.0
2023-10-17,Kakamega,8.9,25.6,14.7
2023-10-18,Kakamega,0.0,25.3,14.8
2023-10-19,Kakamega,0.0,23.3,14.5
2023-10-20,Kakamega,0.0,28.5,14.4
2023-10-21,kakamega,0.0,26.5,15.7
2023-10-22,kakamega,0.0,27.2,13.4
2023-10-23,kakamega,4.8,25.3,15.3
2023-10-24,Kakamega,2.8,23.7,15.1
2023-10-25,Kakamega,0.0,25.5,15.2
2023-10-26,Kakamega ,12.9,26.4,14.9
2023-10-27,Kakamega,0.0,26.5,14.7
2023-10-28,Kakamega,0.0,25.3,13.6
2023-10-29,Kakamega,0.0,27.0,14.1
2023-10-30,Kakamega,0.0,27.6,15.7
2023-10-31,Kakamega,trace,27.8,15.9
2023-11-01,Kakamega,0.0,26.4,14.4
2023-11-02,Kakamega,0.0,25.9,14.7
2023-11-03,Kakamega ,0.0,29.1,14.6
2023-11-04,Kakamega,0.0,27.7,15.7
2023-11-05,Kakamega ,trace,23.1,14.0
2023-11-06,Kakamega,7.5,24.9,15.1
2023-11-07,Kakamega,0.0,28.8,15.9
2023-11-08,kakamega,11.0,26.2,14.6
2023-11-09,Kakamega,28.3,22.8,14.5
2023-11-10,Kakamega,0.0,28.2,14.6
2023-11-11,KAKAMEGA,0.0,25.7,15.3
2023-11-12,Kakamega,0.0,27.0,15.2
2023-11-13,Kakamega,0.0,25.8,15.3
2023-11-14,Kakamega,0.0,28.2,15.5
2023-11-15,Kakamega,0.0,24.3,14.9
2023-11-16,Kakamega,1.4,27.4,14.0
2023-11-17,Kakamega,0.0,25.1,15.2
2023-11-18,Kakamega,0.0,23.9,13.4
2023-11-19,Kakamega,2.2,25.6,13.9
2023-11-20,Kakamega,0.0,25.0,15.1
2023-11-21,Kakamega,13.8,24.8,16.6
2023-11-22,KAKAMEGA,8.7,22.8,14.8
2023-11-23,Kakamega,0.8,24.2,14.4
2023-11-24,Kakamega,0.0,24.4,14.2
2023-11-25,Kakamega,18.0,23.9,13.9
2023-11-26,Kakamega,3.9,24.9,16.1
2023-11-27,Kakamega,4.4,25.7,15.3
2023-11-28,Kakamega,0.0,26.9,15.0
2023-11-29,Kakamega,0.0,,14.1
2023-11-30,Kakamega,12.0,24.0,14.7
2023-12-01,Kakamega,0.0,26.6,15.7
2023-12-02,Kakamega,0.0,25.7,13.9
2023-12-03,Kakamega,8.6,22.7,14.0
2023-12-04,Kakamega,0.0,24.2,13.6
2023-12-05,Kakamega,0.0,23.3,13.9
2023-12-06,Kakamega,0.0,24.2,15.2
2023-12-07,Kakamega,0.0,27.8,13.7
2023-12-08,Kakamega,0.0,26.5,16.3
2023-12-09,Kakamega,0.0,26.2,14.8
2023-12-10,Kakamega,0.0,26.1,14.2
2023-12-11,Kakamega,,24.6,14.2
2023-12-12,kakamega,0.0,27.3,13.7
2023-12-13,Kakamega,0.0,25.4,13.9
2023-12-14,Kakamega,6.4,24.7,15.4
2023-12-15,Kakamega,0.0,26.2,13.7
2023-12-16,Kakamega,1.9,,15.0
2023-12-17,Kakamega,22.3,23.1,13.4
2023-12-18,Kakamega,0.0,25.6,15.5
2023-12-19,Kakamega,0.0,26.1,15.0
2023-12-20,Kakamega,0.0,25.7,13.5
2023-12-21,Kakamega,7.1,24.7,14.9
2023-12-22,Kakamega,0.0,29.3,14.7
2023-12-23,Kakamega,3.6,25.4,16.3
2023-12-24,Kakamega,0.0,25.6,13.4
2023-12-25,KAKAMEGA,0.0,25.2,15.0
2023-12-26,Kakamega,0.0,25.4,13.4
2023-12-27,Kakamega,0.0,28.6,14.0
2023-12-28,Kakamega,0.0,,14.5
2023-12-29,Kakamega ,0.0,25.9,15.5
2023-12-30,Kakamega,0.0,22.5,14.3
2023-12-31,Kakamega,10.6,22.3,16.1
2024-01-01,Kakamega,2.4,28.2,13.5
2024-01-02,Kakamega,0.0,27.4,14.5
2024-01-03,Kakamega,0.0,27.4,14.5
2024-01-04,Kakamega,0.0,29.2,16.8
2024-01-05,Kakamega,0.0,27.4,14.3
2024-01-06,Kakamega ,0.0,27.4,15.6
2024-01-07,Kakamega,0.0,26.0,13.4
2024-01-08,Kakamega,0.0,28.1,13.8
2024-01-09,Kakamega,0.0,25.3,15.7
2024-01-10,Kakamega,0.0,30.3,15.7
2024-01-11,Kakamega,0.0,27.1,13.1
2024-01-12,Kakamega,0.0,26.8,13.2
2024-01-13,Kakamega,0.0,27.6,15.5
2024-01-14,Kakamega,0.0,25.4,15.2
2024-01-15,kakamega,0.0,25.8,14.5
2024-01-16,Kakamega,26.7,23.3,16.1
2024-01-17,Kakamega,0.0,26.8,15.7
2024-01-18,Kakamega,0.0,25.9,14.4
2024-01-19,Kakamega,0.0,24.7,15.3
2024-01-20,Kakamega,0.0,26.5,15.0
2024-01-21,Kakamega,0.0,23.5,14.2
2024-01-22,Kakamega,23.4,25.6,14.5
2024-01-23,kakamega,0.0,27.1,16.0
2024-01-24,Kakamega,13.5,26.7,15.8
2024-01-25,Kakamega,0.0,26.3,16.2
2024-01-26,Kakamega,1.7,15.1,26.9
2024-01-27,Kakamega,20.0,24.0,14.7
2024-01-28,Kakamega,0.0,28.8,14.6
2024-01-29,Kakamega,0.0,27.6,14.4
2024-01-30,Kakamega,0.0,28.5,14.6
2024-01-31,Kakamega,0.0,24.4,13.4
2024-02-01,Kakamega,10.3,24.8,14.9
2024-02-02,Kakamega,0.0,26.7,17.1
2024-02-03,Kakamega,0.0,24.4,15.9
2024-02-04,Kakamega ,0.0,26.1,15.6
2024-02-05,Kakamega,0.0,28.0,15.6
2024-02-06,Kakamega,0.0,25.8,16.5
2024-02-07,Kakamega,0.0,26.0,16.7
2024-02-08,Kakamega,0.0,26.9,15.1
2024-02-09,Kakamega,0.0,26.0,15.4
2024-02-10,Kakamega,0.0,28.1,15.7
2024-02-11,Kakamega,0.0,26.8,14.4
2024-02-12,Kakamega,0.0,28.8,14.9
2024-02-13,Kakamega,0.0,25.8,15.3
2024-02-14,Kakamega ,0.0,23.5,16.0
2024-02-15,Kakamega,0.0,29.5,15.2
2024-02-16,Kakamega,0.0,29.2,13.7
2024-02-17,Kakamega,0.0,30.4,16.6
2024-02-18,Kakamega,10.6,24.6,14.3
2024-02-19,Kakamega,0.0,29.2,15.4
2024-02-20,Kakamega,0.0,25.3,15.8
2024-02-21,Kakamega,0.0,25.5,14.9
2024-02-22,Kakamega,0.0,26.3,16.1
2024-02-23,Kakamega,0.0,26.9,15.0
2024-02-24,Kakamega,0.0,28.1,16.2
2024-02-25,Kakamega,0.0,29.8,16.7
2024-02-26,Kakamega,8.9,25.0,15.0
2024-02-27,Kakamega,0.0,28.6,17.5
2024-02-28,kakamega,0.0,26.2,14.6
2024-02-29,Kakamega,0.0,26.5,14.7
2024-03-01,Kakamega,4.9,27.7,15.6
2024-03-02,Kakamega,2.7,27.7,15.6
2024-03-03,Kakamega,11.5,26.1,15.9
2024-03-04,kakamega,0.4,26.8,15.3
2024-03-05,Kakamega,11.0,26.2,14.9
2024-03-06,Kakamega,15.8,23.2,16.2
2024-03-07,Kakamega,0.0,29.5,14.9
2024-03-08,Kakamega,0.0,28.8,15.5
2024-03-09,KAKAMEGA,1.9,28.1,16.2
2024-03-10,Kakamega,1.0,27.1,15.8
2024-03-11,Kakamega ,6.7,26.4,15.4
2024-03-12,Kakamega,0.0,28.1,15.4
2024-03-13,Kakamega,0.0,30.3,16.0
2024-03-14,Kakamega,16.6,22.7,14.5
2024-03-15,Kakamega,4.5,27.9,15.8
2024-03-16,Kakamega,0.0,25.3,17.4
2024-03-17,Kakamega,3.0,27.6,16.3
2024-03-18,Kakamega,8.7,22.9,17.7
2024-03-19,Kakamega,0.0,,14.1
2024-03-20,Kakamega,0.0,31.9,16.5
2024-03-21,Kakamega,0.0,28.7,14.9
2024-03-22,Kakamega,0.2,28.0,16.7
2024-03-23,Kakamega,1.9,27.6,15.2
2024-03-24,Kakamega,0.0,28.9,16.8
2024-03-25,Kakamega,35.8,26.2,15.6
2024-03-26,kakamega,24.8,25.9,15.3
2024-03-27,Kakamega,0.0,28.5,16.3
2024-03-28,Kakamega,2.6,27.7,16.2
2024-03-29,Kakamega,0.0,30.8,15.6
2024-03-30,Kakamega,13.1,27.1,16.1
2024-03-31,Kakamega,31.1,25.6,14.6
2024-04-01,Kakamega,1.5,28.8,17.2
2024-04-02,Kakamega,0.0,27.7,15.0
2024-04-03,Kakamega,1.4,26.8,15.2
2024-04-04,Kakamega,0.0,25.0,16.0
2024-04-05,Kakamega,1.4,30.9,15.3
2024-04-06,Kakamega,,30.5,16.3
2024-04-07,Kakamega,4.5,27.8,18.6
2024-04-08,Kakamega,0.0,29.5,17.0
2024-04-09,Kakamega,0.0,28.8,15.8
2024-04-10,Kakamega,16.6,25.9,17.3
2024-04-11,Kakamega,15.2,26.5,16.8
2024-04-12,Kakamega,0.0,29.1,15.1
2024-04-13,Kakamega,11.9,27.0,15.0
2024-04-14,Kakamega,4.6,28.9,16.8
2024-04-15,Kakamega,0.0,27.8,15.7
2024-04-16,Kakamega,22.9,27.5,15.8
2024-04-17,Kakamega,4.7,28.0,18.5
2024-04-18,Kakamega,7.9,25.6,14.4
2024-04-19,Kakamega,0.0,29.9,
2024-04-20,Kakamega,10.4,26.6,15.7
2024-04-21,Kakamega,15.2,27.1,16.4
2024-04-22,Kakamega,0.0,29.3,16.7
2024-04-23,Kakamega,0.0,27.5,16.5
2024-04-24,Kakamega,6.7,24.6,14.9
2024-04-25,Kakamega,,28.5,14.7
2024-04-26,kakamega,0.0,30.2,16.7
2024-04-27,Kakamega,0.0,30.1,17.4
2024-04-28,kakamega,9.1,26.9,15.2
2024-04-29,Kakamega,0.0,30.4,15.0
2024-04-30,Kakamega,51.0,23.0,15.3
2024-05-01,Kakamega ,15.6,28.6,16.9
2024-05-02,KAKAMEGA,21.8,25.6,15.7
2024-05-03,Kakamega,1.8,26.9,15.4
2024-05-04,Kakamega,10.6,25.7,16.4
2024-05-05,Kakamega,25.9,26.8,17.4
2024-05-06,Kakamega,0.0,27.7,16.7
2024-05-07,Kakamega,1.5,29.3,17.7
2024-05-08,Kakamega,3.8,27.3,18.6
2024-05-09,Kakamega,6.0,26.8,17.4
2024-05-10,Kakamega,6.6,26.8,16.5
2024-05-11,Kakamega,0.0,30.3,18.6
2024-05-12,Kakamega,14.8,26.0,16.8
2024-05-13,Kakamega,1.4,27.0,17.9
2024-05-14,Kakamega,8.3,28.3,16.5
2024-05-15,Kakamega,23.7,24.2,17.0
2024-05-16,Kakamega,0.0,29.7,15.7
2024-05-17,Kakamega,,27.8,16.9
2024-05-18,Kakamega,7.7,24.3,17.7
2024-05-19,Kakamega,0.0,31.3,15.8
2024-05-20,Kakamega,1.3,29.3,17.6
2024-05-21,Kakamega,9.8,27.0,17.6
2024-05-22,Kakamega,0.0,29.0,17.3
2024-05-23,Kakamega,1.9,30.3,15.2
2024-05-24,Kakamega,2.8,30.7,
2024-05-25,Kakamega,0.0,29.4,16.9
2024-05-26,Kakamega,1.8,29.2,16.7
2024-05-27,Kakamega,0.0,29.2,16.5
2024-05-28,Kakamega,,26.5,17.1
2024-05-29,Kakamega,0.0,30.3,15.4
2024-05-30,Kakamega,0.0,28.6,16.5
2024-05-31,Kakamega,8.9,25.9,17.3
2024-06-01,Kakamega,15.8,26.7,15.0
2024-06-02,Kakamega,0.0,26.8,17.3
2024-06-03,Kakamega,0.0,29.8,14.9
2024-06-04,Kakamega,1.7,29.2,
2024-06-05,Kakamega,0.0,29.8,14.8
2024-06-06,Kakamega,0.0,29.7,17.3
2024-06-07,Kakamega,12.4,24.9,16.1
2024-06-08,Kakamega,0.0,27.8,16.4
2024-06-09,Kakamega,0.0,31.1,16.1
2024-06-10,Kakamega,0.0,31.0,17.3
2024-06-11,Kakamega,-999,28.1,15.1
2024-06-12,kakamega,0.0,30.8,16.0
2024-06-13,Kakamega,0.0,30.7,17.7
2024-06-14,Kakamega,0.0,29.7,16.1
2024-06-15,Kakamega,0.0,30.1,16.0
2024-06-16,Kakamega,0.0,29.0,17.7
2024-06-17,Kakamega,0.0,29.0,15.5
2024-06-18,Kakamega,0.0,30.5,16.8
2024-06-19,Kakamega,1.7,29.8,14.5
2024-06-20,Kakamega,0.0,29.8,18.4
2024-06-21,Kakamega,0.0,27.7,17.2
2024-06-22,Kakamega,0.0,27.5,17.4
2024-06-23,Kakamega,10.5,26.2,16.1
2024-06-24,Kakamega,0.0,28.9,15.4
2024-06-25,Kakamega,0.0,30.3,17.5
2024-06-26,Kakamega,28.7,26.7,15.7
2024-06-27,Kakamega,9.7,31.0,15.0
2024-06-28,KAKAMEGA,11.1,27.7,15.7
2024-06-29,Kakamega,0.0,27.9,16.6
2024-06-30,Kakamega,0.0,28.6,15.6
2024-07-01,Kakamega,0.0,27.5,16.7
2024-07-02,Kakamega,0.0,29.0,16.8
2024-07-03,Kakamega,0.0,29.5,17.4
2024-07-04,kakamega,0.0,30.9,16.7
2024-07-05,Kakamega,0.0,29.4,15.1
2024-07-06,kakamega,0.0,26.3,15.4
2024-07-07,kakamega,0.0,29.5,17.6
2024-07-08,Kakamega ,0.0,29.3,16.3
2024-07-09,Kakamega,22.6,27.7,15.1
2024-07-10,Kakamega,0.0,27.6,14.8
2024-07-11,Kakamega,0.0,30.0,15.7
2024-07-12,Kakamega,10.0,25.8,16.5
2024-07-13,Kakamega,0.0,28.5,15.4
2024-07-14,Kakamega,0.0,28.6,17.1
2024-07-15,kakamega,0.0,29.1,16.8
2024-07-16,Kakamega,26.9,25.0,17.9
2024-07-17,Kakamega,0.0,28.2,17.5
2024-07-18,Kakamega,0.0,29.1,15.6
2024-07-19,Kakamega,0.0,25.7,18.1
2024-07-20,Kakamega,0.0,28.0,14.9
2024-07-21,Kakamega,8.4,27.2,16.7
2024-07-22,Kakamega,0.0,27.4,16.2
2024-07-23,Kakamega,2.2,29.9,16.6
2024-07-24,Kakamega,0.0,29.1,17.9
2024-07-25,Kakamega,,30.0,17.2
2024-07-26,Kakamega,3.1,29.0,18.0
2024-07-27,kakamega,2.1,27.6,17.4
2024-07-28,Kakamega,0.0,28.3,15.9
2024-07-29,Kakamega,0.0,26.1,15.7
2024-07-30,Kakamega,0.0,28.1,17.0
2024-07-31,Kakamega,0.0,29.8,14.4
2024-08-01,Kakamega,0.0,28.3,16.9
2024-08-02,Kakamega,20.2,26.8,16.7
2024-08-03,Kakamega,0.0,30.1,14.3
2024-08-04,Kakamega,0.4,26.8,15.0
2024-08-05,kakamega,0.0,30.1,15.8
2024-08-06,Kakamega,9.2,26.8,14.3
2024-08-07,Kakamega,0.0,28.5,16.6
2024-08-08,Kakamega,0.0,25.5,15.0
2024-08-09,KAKAMEGA,0.0,29.3,16.2
2024-08-10,Kakamega,0.0,30.0,16.7
2024-08-11,Kakamega,0.0,26.9,15.3
2024-08-12,Kakamega,0.0,30.1,15.6
2024-08-13,Kakamega,0.0,25.6,13.9
2024-08-14,Kakamega,0.0,27.6,15.0
2024-08-15,Kakamega,0.0,26.8,16.7
2024-08-16,Kakamega,0.0,28.9,14.6
2024-08-17,Kakamega,0.0,29.0,14.8
2024-08-18,Kakamega,,26.1,16.5
2024-08-19,Kakamega,0.0,25.4,16.3
2024-08-20,Kakamega,0.0,27.7,15.6
2024-08-21,Kakamega,0.0,23.9,15.2
2024-08-22,kakamega,57.3,25.6,15.6
2024-08-23,Kakamega,0.0,27.6,16.0
2024-08-24,Kakamega ,0.0,28.5,13.5
2024-08-25,Kakamega,0.0,28.8,16.9
2024-08-26,Kakamega,0.0,28.6,17.5
2024-08-27,Kakamega,1.6,28.2,15.7
2024-08-28,kakamega,0.0,29.9,16.7
2024-08-29,Kakamega,0.0,27.1,16.8
2024-08-30,Kakamega,0.0,26.3,16.3
2024-08-31,Kakamega,3.4,27.4,14.0
2024-09-01,Kakamega,2.1,27.9,15.7
2024-09-02,Kakamega,0.0,28.2,15.1
2024-09-03,Kakamega,0.0,25.5,15.6
2024-09-04,Kakamega,2.4,27.1,13.7
2024-09-05,Kakamega,8.1,24.7,17.5
2024-09-06,Kakamega,0.0,25.9,15.4
2024-09-07,Kakamega,0.0,27.9,15.6
2024-09-08,kakamega,,28.5,16.5
2024-09-09,Kakamega,0.0,26.9,14.7
2024-09-10,Kakamega,0.0,26.9,14.8
2024-09-11,Kakamega,0.7,28.0,15.0
2024-09-12,Kakamega,5.0,26.8,13.7
2024-09-13,Kakamega,0.0,,16.8
2024-09-14,Kakamega,0.0,25.5,14.2
2024-09-15,Kakamega,0.0,28.9,14.3
2024-09-16,Kakamega,0.0,26.4,16.2
2024-09-17,kakamega,0.0,24.8,13.7
2024-09-18,KAKAMEGA,15.1,15.9,23.5
2024-09-19,Kakamega,0.0,25.3,14.8
2024-09-20,Kakamega,0.0,26.7,14.8
2024-09-21,Kakamega,0.0,27.2,15.5
2024-09-22,Kakamega,0.0,25.4,15.6
2024-09-23,Kakamega,0.0,25.9,14.2
2024-09-24,Kakamega,0.0,24.3,16.4
2024-09-25,Kakamega,0.0,29.2,14.1
2024-09-26,Kakamega,0.0,30.3,14.2
2024-09-27,Kakamega,6.2,24.5,15.0
2024-09-28,Kakamega,0.0,25.9,16.0
2024-09-29,KAKAMEGA,0.0,26.7,15.0
2024-09-30,Kakamega,0.0,25.8,15.6
2024-10-01,Kakamega ,8.1,24.0,12.8
2024-10-02,Kakamega,16.5,25.8,16.9
2024-10-03,Kakamega,8.8,27.3,15.7
2024-10-04,Kakamega,14.5,26.3,15.4
2024-10-05,Kakamega,12.1,23.5,14.9
2024-10-06,Kakamega,1.6,25.8,12.6
2024-10-07,KAKAMEGA,8.3,23.8,14.4
2024-10-08,Kakamega,12.0,24.5,15.8
2024-10-09,KAKAMEGA,0.0,29.6,15.6
2024-10-10,Kakamega,0.0,29.8,14.8
2024-10-11,Kakamega,0.0,28.2,16.5
2024-10-12,Kakamega,0.0,24.8,16.3
2024-10-13,KAKAMEGA,0.1,27.8,15.8
2024-10-14,kakamega,0.4,25.6,15.0
2024-10-15,Kakamega,8.2,23.5,14.2
2024-10-16,Kakamega,1.3,26.9,16.3
2024-10-17,Kakamega,0.0,27.1,16.3
2024-10-18,Kakamega,5.1,22.7,15.2
2024-10-19,Kakamega,27.1,26.9,14.2
2024-10-20,Kakamega,0.0,26.0,12.8
2024-10-21,Kakamega,0.0,25.2,15.7
2024-10-22,Kakamega,0.0,25.6,15.1
2024-10-23,Kakamega,1.2,26.5,15.8
2024-10-24,Kakamega,0.0,28.6,14.1
2024-10-25,Kakamega,0.0,28.4,12.4
2024-10-26,Kakamega,0.0,23.6,15.5
2024-10-27,Kakamega,0.0,27.9,14.2
2024-10-28,Kakamega,0.0,24.4,15.0
2024-10-29,Kakamega,0.0,25.0,14.6
2024-10-30,Kakamega,18.0,24.3,15.1
2024-10-31,Kakamega,0.0,24.9,15.6
2024-11-01,Kakamega,0.0,24.0,15.3
2024-11-02,Kakamega,0.0,25.0,14.9
2024-11-03,Kakamega,5.7,25.7,15.3
2024-11-04,Kakamega,0.0,22.8,15.5
2024-11-05,Kakamega,1.2,26.4,16.0
2024-11-06,Kakamega,2.7,24.7,14.1
2024-11-07,KAKAMEGA,10.1,20.4,15.0
2024-11-08,Kakamega,0.0,27.0,16.1
2024-11-09,Kakamega,0.4,29.7,15.3
2024-11-10,Kakamega,0.0,26.2,15.9
2024-11-11,Kakamega,0.7,26.3,15.1
2024-11-12,Kakamega,3.3,27.0,15.1
2024-11-13,Kakamega,3.1,25.1,14.5
2024-11-14,Kakamega,0.0,24.2,14.4
2024-11-15,Kakamega,0.0,26.7,16.9
2024-11-16,Kakamega,9.4,23.6,14.5
2024-11-17,Kakamega,0.0,22.5,13.1
2024-11-18,Kakamega,3.4,27.9,14.6
2024-11-19,Kakamega,0.0,26.3,13.4
2024-11-20,Kakamega,0.0,26.8,14.5
2024-11-21,Kakamega,13.8,25.6,16.3
2024-11-22,Kakamega,1.0,27.6,15.6
2024-11-23,kakamega,13.4,24.7,13.0
2024-11-24,KAKAMEGA,43.5,26.5,12.5
2024-11-25,Kakamega,0.0,26.4,14.4
2024-11-26,Kakamega,trace,25.7,14.1
2024-11-27,Kakamega,0.0,26.1,12.4
2024-11-28,Kakamega,4.8,28.1,12.9
2024-11-29,Kakamega,1.4,25.3,12.9
2024-11-30,Kakamega,41.3,23.9,13.3
2024-12-01,kakamega,7.9,22.3,15.4
2024-12-02,Kakamega,5.1,22.5,13.5
2024-12-03,Kakamega,0.0,24.6,13.7
2024-12-04,Kakamega,0.0,25.1,14.1
2024-12-05,Kakamega,0.0,26.2,14.0
2024-12-06,Kakamega,0.0,24.2,17.5
2024-12-07,Kakamega,0.0,26.2,14.2
2024-12-08,Kakamega,0.0,27.7,16.1
2024-12-09,Kakamega,0.0,26.0,16.0
2024-12-10,Kakamega,0.0,24.2,13.6
2024-12-11,Kakamega,0.0,27.4,15.0
2024-12-12,Kakamega,0.0,26.2,14.8
2024-12-13,Kakamega,0.0,27.8,15.0
2024-12-14,Kakamega,2.4,27.2,14.5
2024-12-15,Kakamega,0.0,25.4,13.7
2024-12-16,Kakamega,0.0,26.2,15.3
2024-12-17,Kakamega,,24.2,17.1
2024-12-18,Kakamega,0.0,25.2,15.2
2024-12-19,Kakamega,3.0,24.7,13.7
2024-12-20,Kakamega,0.0,25.9,15.1
2024-12-21,Kakamega,4.0,27.4,13.6
2024-12-22,Kakamega,0.0,28.4,15.8
2024-12-23,Kakamega,7.1,22.0,13.3
2024-12-24,Kakamega,0.0,24.5,16.4
2024-12-25,Kakamega,0.0,26.0,14.1
2024-12-26,Kakamega,0.0,25.3,14.9
2024-12-27,Kakamega,0.0,26.5,16.2
2024-12-28,Kakamega,0.0,26.3,15.7
2024-12-29,Kakamega ,0.0,27.9,14.1
2024-12-30,Kakamega,0.0,24.8,14.9
2024-12-31,Kakamega,5.3,25.7,15.4
2025-01-01,Kakamega,0.0,28.6,15.4
2025-01-02,Kakamega,8.4,25.9,13.0
2025-01-03,Kakamega,9.9,24.3,15.7
2025-01-04,Kakamega,1.3,28.6,16.0
2025-01-05,Kakamega,9.7,28.3,13.7
2025-01-06,Kakamega,0.0,26.8,15.2
2025-01-07,Kakamega,0.0,27.4,14.1
2025-01-08,Kakamega,0.0,26.0,14.4
2025-01-09,KAKAMEGA,14.7,,13.9
2025-01-10,Kakamega,0.0,26.6,16.0
2025-01-11,Kakamega,0.0,22.2,16.7
2025-01-12,Kakamega,0.0,27.3,14.3
2025-01-13,Kakamega,0.0,26.6,13.8
2025-01-14,Kakamega,0.0,24.5,15.5
2025-01-15,Kakamega,0.0,27.2,13.5
2025-01-16,Kakamega,0.0,28.5,15.0
2025-01-17,Kakamega,0.0,29.1,15.4
2025-01-18,Kakamega,10.2,24.0,12.9
2025-01-19,Kakamega,0.0,25.5,15.2
2025-01-20,Kakamega,0.0,23.0,15.4
2025-01-21,Kakamega,0.0,26.8,14.3
2025-01-22,Kakamega,,27.3,15.5
2025-01-23,Kakamega,0.0,27.0,15.6
2025-01-24,Kakamega,0.0,28.4,15.5
2025-01-25,Kakamega,0.0,25.8,14.7
2025-01-26,Kakamega,0.0,26.7,16.0
2025-01-27,Kakamega,0.0,27.2,15.2
2025-01-28,Kakamega,0.0,26.0,14.6
2025-01-29,Kakamega,0.0,29.8,16.2
2025-01-30,Kakamega,0.0,27.6,14.6
2025-01-31,Kakamega,0.0,29.7,15.7
2025-02-01,Kakamega,0.0,24.8,13.9
2025-02-02,Kakamega,0.0,28.0,16.1
2025-02-03,Kakamega,,28.6,16.6
2025-02-04,Kakamega,19.1,22.2,13.4
2025-02-05,Kakamega,0.0,29.2,15.9
2025-02-06,Kakamega,0.0,27.4,14.4
2025-02-07,Kakamega,0.0,28.0,15.1
2025-02-08,Kakamega,0.0,26.8,14.6
2025-02-09,Kakamega,0.0,29.0,15.7
2025-02-10,Kakamega,0.0,27.0,14.2
2025-02-11,Kakamega,0.0,26.5,14.8
2025-02-12,Kakamega,17.2,24.8,16.1
2025-02-13,kakamega,15.1,27.5,15.5
2025-02-14,Kakamega,0.0,26.8,15.0
2025-02-15,Kakamega,,27.6,16.4
2025-02-16,Kakamega,0.0,27.4,14.9
2025-02-17,Kakamega,0.0,25.5,16.8
2025-02-18,Kakamega,0.0,24.8,15.8
2025-02-19,Kakamega,0.0,26.8,14.5
2025-02-20,kakamega,0.0,27.0,16.5
2025-02-21,Kakamega,0.0,27.1,16.1
2025-02-22,Kakamega,0.0,28.1,14.5
2025-02-23,Kakamega,0.0,26.1,15.1
2025-02-24,Kakamega,24.1,25.5,16.1
2025-02-25,Kakamega,0.0,25.9,16.1
2025-02-26,Kakamega,0.0,26.4,13.9
2025-02-27,Kakamega,0.0,24.0,14.8
2025-02-28,Kakamega,0.0,28.2,16.3
2025-03-01,Kakamega ,0.0,25.1,15.4
2025-03-02,Kakamega,44.3,24.2,14.6
2025-03-03,Kakamega,0.0,27.2,15.6
2025-03-04,Kakamega,0.0,26.1,17.6
2025-03-05,Kakamega,0.0,30.1,14.8
2025-03-06,Kakamega,0.0,27.7,
2025-03-07,Kakamega,2.2,24.9,17.5
2025-03-08,Kakamega,23.4,27.1,15.2
2025-03-09,Kakamega,0.0,32.5,16.0
2025-03-10,Kakamega,2.8,28.1,13.3
2025-03-11,Kakamega,0.0,27.4,18.2
2025-03-12,Kakamega,0.0,27.7,16.5
2025-03-13,Kakamega,0.0,,14.7
2025-03-14,Kakamega,14.3,27.3,14.3
2025-03-15,kakamega,37.7,23.4,17.0
2025-03-16,KAKAMEGA,11.6,26.0,17.6
2025-03-17,Kakamega,0.0,29.3,16.2
2025-03-18,KAKAMEGA,9.1,25.3,14.0
2025-03-19,Kakamega,0.0,27.7,16.8
2025-03-20,Kakamega,0.0,30.8,16.9
2025-03-21,Kakamega,0.7,25.0,15.4
2025-03-22,Kakamega,22.5,27.2,17.8
2025-03-23,Kakamega,0.0,26.6,15.8
2025-03-24,Kakamega,2.4,26.3,15.2
2025-03-25,Kakamega,4.2,26.4,14.4
2025-03-26,Kakamega,,26.8,14.0
2025-03-27,Kakamega,1.3,26.8,16.3
2025-03-28,Kakamega,0.0,29.7,14.8
2025-03-29,Kakamega,0.1,26.3,16.6
2025-03-30,KAKAMEGA,8.1,27.5,18.1
2025-03-31,Kakamega,0.0,24.8,15.7
2025-04-01,Kakamega,0.0,27.1,
2025-04-02,Kakamega,8.1,25.5,17.4
2025-04-03,kakamega,4.0,27.7,
2025-04-04,kakamega,0.0,28.7,17.4
2025-04-05,Kakamega,trace,28.2,15.8
2025-04-06,Kakamega,4.6,29.9,15.5
2025-04-07,Kakamega,33.5,26.1,16.9
2025-04-08,Kakamega,0.0,27.1,18.5
2025-04-09,Kakamega,0.0,27.0,16.5
2025-04-10,Kakamega,12.3,27.1,
2025-04-11,Kakamega,9.5,26.5,16.5
2025-04-12,Kakamega,0.0,31.0,15.9
2025-04-13,Kakamega,0.0,27.3,17.2
2025-04-14,KAKAMEGA,3.5,27.8,15.6
2025-04-15,Kakamega,22.0,26.4,17.6
2025-04-16,Kakamega,0.0,26.2,14.0
2025-04-17,Kakamega,0.0,24.3,16.5
2025-04-18,Kakamega,19.2,27.6,15.2
2025-04-19,Kakamega,10.2,23.9,15.2
2025-04-20,Kakamega,15.6,27.0,16.7
2025-04-21,Kakamega,65.0,26.9,16.3
2025-04-22,Kakamega,8.6,27.1,15.6
2025-04-23,Kakamega,0.0,27.0,15.2
2025-04-24,Kakamega,26.4,29.5,15.5
2025-04-25,Kakamega,1.4,26.6,16.7
2025-04-26,Kakamega,3.3,25.6,14.8
2025-04-27,Kakamega,0.0,27.4,14.8
2025-04-28,Kakamega,6.6,26.2,17.3
2025-04-29,Kakamega,14.0,27.1,18.4
2025-04-30,Kakamega,0.0,27.5,15.6
2025-05-01,Kakamega,0.0,28.7,15.9
2025-05-02,Kakamega,3.6,29.3,14.6
2025-05-03,Kakamega,,27.5,16.2
2025-05-04,Kakamega,0.0,31.0,16.0
2025-05-05,Kakamega,1.1,30.7,17.0
2025-05-06,Kakamega,0.0,28.9,15.8
2025-05-07,Kakamega,2.2,29.1,17.8
2025-05-08,Kakamega ,1.8,29.3,15.4
2025-05-09,Kakamega,88.1,28.6,17.8
2025-05-10,Kakamega ,11.0,28.8,15.9
2025-05-11,Kakamega,3.1,28.3,16.2
2025-05-12,Kakamega,trace,28.8,16.5
2025-05-13,Kakamega,-999,27.4,16.5
2025-05-14,Kakamega,trace,26.9,17.6
2025-05-15,Kakamega,3.2,31.2,16.1
2025-05-16,Kakamega,0.0,27.3,17.4
2025-05-17,Kakamega,0.0,28.3,15.7
2025-05-18,Kakamega,3.7,27.3,17.4
2025-05-19,Kakamega,0.0,27.5,16.7
2025-05-20,Kakamega,0.0,29.9,13.6
2025-05-21,Kakamega,1.5,29.6,15.5
2025-05-22,KAKAMEGA,0.0,29.2,17.6
2025-05-23,Kakamega,0.0,29.4,17.9
2025-05-24,kakamega,0.0,28.6,15.3
2025-05-25,Kakamega,trace,27.5,18.2
2025-05-26,Kakamega,0.0,29.7,16.7
2025-05-27,Kakamega,0.0,31.9,17.1
2025-05-28,Kakamega,0.0,27.9,15.6
2025-05-29,Kakamega,0.0,31.2,15.8
2025-05-30,Kakamega,0.5,29.8,15.9
2025-05-31,Kakamega,0.0,27.4,16.6
2025-06-01,Kakamega,2.8,30.0,16.0
2025-06-02,Kakamega,0.7,26.6,18.2
2025-06-03,Kakamega,17.3,27.9,16.1
2025-06-04,Kakamega,0.0,28.8,17.2
2025-06-05,Kakamega,0.0,28.9,17.4
2025-06-06,Kakamega,0.0,30.8,18.9
2025-06-07,Kakamega,21.3,29.4,15.6
2025-06-08,Kakamega,0.0,27.8,
2025-06-09,Kakamega,1.2,30.3,15.3
2025-06-10,Kakamega,0.0,28.7,15.5
2025-06-11,Kakamega,0.0,32.0,17.3
2025-06-12,kakamega,0.0,,15.7
2025-06-13,Kakamega,0.0,29.0,16.7
2025-06-14,Kakamega,1.8,28.4,17.1
2025-06-15,Kakamega,0.0,31.0,17.9
2025-06-16,Kakamega,0.0,27.0,17.3
2025-06-17,Kakamega,0.0,28.6,16.8
2025-06-18,Kakamega,0.0,32.3,16.7
2025-06-19,Kakamega,43.7,25.2,14.6
2025-06-20,Kakamega,0.0,31.0,15.6
2025-06-21,Kakamega,0.0,29.6,15.9
2025-06-22,Kakamega,0.0,30.0,15.9
2025-06-23,Kakamega,0.0,29.5,16.8
2025-06-24,kakamega,2.0,,17.2
2025-06-25,KAKAMEGA,0.7,27.3,15.7
2025-06-26,Kakamega,0.6,27.7,18.0
2025-06-27,Kakamega,0.0,30.4,16.8
2025-06-28,Kakamega,8.3,24.2,16.2
2025-06-29,Kakamega,0.0,29.9,17.4
2025-06-30,Kakamega,0.0,30.9,15.3
2019-01-01,Machakos,0.0,26.8,13.0
2019-01-02,Machakos,0.0,27.6,12.0
2019-01-03,Machakos,0.0,28.2,13.6
2019-01-04,Machakos,0.0,29.3,13.8
2019-01-05,Machakos,0.0,26.1,11.1
2019-01-06,Machakos,0.0,26.8,11.9
2019-01-07,Machakos,0.0,25.1,13.2
2019-01-08,Machakos,0.0,27.9,12.1
2019-01-09,Machakos,24.5,25.6,12.0
2019-01-10,Machakos,0.0,25.5,12.9
2019-01-11,Machakos,0.0,24.5,13.2
2019-01-12,Machakos,0.0,29.5,15.6
2019-01-13,MACHAKOS,0.0,25.1,13.8
2019-01-14,Machakos,0.0,26.1,13.0
2019-01-15,Machakos,0.0,27.2,12.1
2019-01-16,Machakos,0.0,25.1,13.8
2019-01-17,Machakos,0.0,28.6,13.0
2019-01-18,Machakos,0.0,25.2,15.1
2019-01-19,machakos,0.0,25.7,15.4
2019-01-20,Machakos,0.0,26.4,12.7
2019-01-21,Machakos,0.0,25.8,12.9
2019-01-22,Machakos,0.0,26.4,14.3
2019-01-23,Machakos,0.0,25.6,12.1
2019-01-24,Machakos,0.0,26.2,12.5
2019-01-25,Machakos,0.0,25.8,14.0
2019-01-26,Machakos,0.0,29.5,12.2
2019-01-27,Machakos,4.5,27.4,11.7
2019-01-28,Machakos,0.0,26.2,13.3
2019-01-29,Machakos,3.3,25.8,14.5
2019-01-30,Machakos,0.0,27.7,13.8
2019-01-31,machakos,2.2,25.8,13.4
2019-02-01,Machakos,0.0,27.5,13.8
2019-02-02,Machakos,0.0,27.2,12.8
2019-02-03,Machakos,0.0,25.3,11.2
2019-02-04,Machakos,0.0,28.2,12.1
2019-02-05,Machakos,18.0,22.6,15.0
2019-02-06,Machakos,0.0,26.5,14.6
2019-02-07,Machakos,8.2,20.0,14.1
2019-02-08,Machakos,0.0,28.3,13.5
2019-02-09,Machakos,7.1,23.5,15.1
2019-02-10,machakos,0.0,26.5,13.4
2019-02-11,Machakos,0.0,28.0,13.0
2019-02-12,Machakos,0.0,24.4,12.4
2019-02-13,Machakos,4.5,27.1,15.2
2019-02-14,Machakos,0.0,13.5,27.1
2019-02-15,Machakos,0.0,26.5,14.1
2019-02-16,Machakos,0.0,29.1,12.2
2019-02-17,Machakos,0.0,27.9,12.8
2019-02-18,Machakos,19.1,26.7,15.6
2019-02-19,Machakos,0.0,25.8,12.8
2019-02-20,Machakos,0.0,28.1,14.3
2019-02-21,Machakos,0.0,23.4,13.4
2019-02-22,Machakos,0.0,27.6,13.3
2019-02-23,Machakos ,0.0,27.2,14.7
2019-02-24,Machakos,0.0,27.0,11.3
2019-02-25,Machakos,0.0,24.0,12.9
2019-02-26,Machakos,,28.7,13.3
2019-02-27,Machakos,0.0,26.9,15.1
2019-02-28,Machakos,0.0,25.5,13.6
2019-03-01,Machakos,0.0,27.2,11.7
2019-03-02,Machakos,0.0,26.9,14.9
2019-03-03,Machakos,0.0,26.0,14.5
2019-03-04,Machakos,0.0,27.5,12.2
2019-03-05,Machakos,0.0,28.5,13.3
2019-03-06,Machakos,0.0,26.1,12.9
2019-03-07,Machakos,0.0,25.5,13.3
2019-03-08,Machakos ,0.0,29.7,15.0
2019-03-09,Machakos,5.7,26.7,13.1
2019-03-10,Machakos,25.8,25.3,13.8
2019-03-11,Machakos,0.0,30.9,13.9
2019-03-12,MACHAKOS,0.0,28.2,15.2
2019-03-13,Machakos,0.0,29.0,13.8
2019-03-14,Machakos,0.0,26.9,14.4
2019-03-15,Machakos,0.0,27.2,15.2
2019-03-16,Machakos,0.0,30.4,15.9
2019-03-17,Machakos,0.0,29.0,
2019-03-18,Machakos ,0.0,26.4,15.9
2019-03-19,Machakos,0.0,26.3,15.9
2019-03-20,Machakos,0.0,29.2,14.3
2019-03-21,Machakos,1.2,29.6,14.5
2019-03-22,Machakos,0.0,26.2,15.4
2019-03-23,Machakos,5.6,23.6,14.5
2019-03-24,Machakos,0.0,26.1,14.0
2019-03-25,Machakos,0.0,30.6,14.4
2019-03-26,Machakos,0.0,28.6,13.1
2019-03-27,Machakos,0.0,27.1,15.5
2019-03-28,Machakos,0.0,14.3,30.3
2019-03-29,Machakos,0.0,26.4,15.5
2019-03-30,Machakos,0.0,29.6,15.9
2019-03-31,MACHAKOS,0.0,28.8,13.5
2019-04-01,Machakos,8.9,25.7,13.7
2019-04-02,Machakos,0.0,28.5,15.8
2019-04-03,Machakos,0.0,27.5,13.0
2019-04-04,Machakos,0.0,28.1,15.0
2019-04-05,Machakos,0.0,32.4,15.0
2019-04-06,Machakos,0.0,28.2,15.3
2019-04-07,Machakos,15.0,23.1,15.7
2019-04-08,Machakos,13.9,27.7,14.6
2019-04-09,MACHAKOS,0.0,27.5,14.5
2019-04-10,Machakos,0.0,27.8,16.3
2019-04-11,Machakos,trace,31.2,13.0
2019-04-12,Machakos,0.0,28.7,15.9
2019-04-13,Machakos,12.0,25.3,14.1
2019-04-14,Machakos,10.0,25.3,13.8
2019-04-15,Machakos,16.7,26.1,14.0
2019-04-16,Machakos,17.3,27.5,16.2
2019-04-17,Machakos,0.0,29.9,15.5
2019-04-18,MACHAKOS,11.4,28.8,13.7
2019-04-19,Machakos,0.0,29.6,15.7
2019-04-20,Machakos,0.0,30.7,12.8
2019-04-21,Machakos,0.0,27.6,14.2
2019-04-22,Machakos,11.2,25.8,16.1
2019-04-23,Machakos,0.3,29.5,13.6
2019-04-24,Machakos,36.7,25.8,14.2
2019-04-25,Machakos,0.0,28.7,14.5
2019-04-26,Machakos,0.0,28.6,14.2
2019-04-27,Machakos,3.6,29.9,14.3
2019-04-28,Machakos,54.8,25.6,14.4
2019-04-29,Machakos,0.0,29.2,15.6
2019-04-30,Machakos,0.0,30.0,16.5
2019-05-01,Machakos,0.0,25.1,14.9
2019-05-02,Machakos,0.0,31.9,15.5
2019-05-03,MACHAKOS,3.9,30.2,13.5
2019-05-04,Machakos,0.0,30.1,13.9
2019-05-05,Machakos,0.0,29.7,15.8
2019-05-06,Machakos,0.3,29.1,15.8
2019-05-07,Machakos,0.7,28.1,12.8
2019-05-08,Machakos,0.0,27.6,14.1
2019-05-09,Machakos,trace,29.4,15.3
2019-05-10,Machakos,0.0,32.1,15.1
2019-05-11,Machakos ,0.0,27.7,14.8
2019-05-12,Machakos,0.0,29.2,17.3
2019-05-13,machakos,0.6,30.0,14.8
2019-05-14,Machakos,0.0,,15.5
2019-05-15,MACHAKOS,0.8,28.5,15.0
2019-05-16,Machakos,0.0,27.3,14.3
2019-05-17,Machakos,0.0,27.6,14.8
2019-05-18,Machakos,0.0,26.1,16.5
2019-05-19,machakos,7.1,26.2,16.0
2019-05-20,Machakos,0.0,27.5,16.9
2019-05-21,Machakos,31.6,27.1,15.7
2019-05-22,Machakos,0.0,29.4,13.8
2019-05-23,Machakos,0.0,27.0,17.0
2019-05-24,Machakos,0.0,28.7,15.0
2019-05-25,Machakos,3.3,29.9,15.1
2019-05-26,Machakos,0.0,31.0,13.3
2019-05-27,Machakos,0.0,30.2,16.1
2019-05-28,Machakos,0.0,30.6,15.2
2019-05-29,MACHAKOS,0.0,29.5,15.1
2019-05-30,Machakos,0.0,31.1,15.0
2019-05-31,Machakos,2.5,29.7,15.1
2019-06-01,Machakos,0.0,27.7,15.3
2019-06-02,Machakos,0.0,26.6,15.5
2019-06-03,Machakos,0.0,31.7,14.7
2019-06-04,Machakos,27.5,28.9,15.0
2019-06-05,Machakos,0.0,28.5,14.7
2019-06-06,Machakos,0.0,26.8,13.3
2019-06-07,Machakos,0.0,28.9,17.0
2019-06-08,Machakos,0.0,30.8,15.0
2019-06-09,Machakos,0.0,28.4,16.6
2019-06-10,Machakos,0.0,30.0,16.2
2019-06-11,Machakos,0.0,28.2,15.9
2019-06-12,machakos,0.0,32.7,16.5
2019-06-13,MACHAKOS,0.0,30.6,14.4
2019-06-14,Machakos,0.0,29.6,15.4
2019-06-15,Machakos,0.0,26.5,14.2
2019-06-16,Machakos,18.6,25.4,15.5
2019-06-17,Machakos,0.0,27.4,14.7
2019-06-18,Machakos,0.0,28.5,14.5
2019-06-19,Machakos,0.0,29.6,11.5
2019-06-20,Machakos,0.0,27.3,16.2
2019-06-21,Machakos,0.0,29.1,16.0
2019-06-22,Machakos,0.0,,15.4
2019-06-23,Machakos,0.0,28.0,16.8
2019-06-24,Machakos,0.0,29.9,16.4
2019-06-25,Machakos,0.0,27.7,14.0
2019-06-26,Machakos,0.0,29.0,15.8
2019-06-27,Machakos,6.4,26.1,13.9
2019-06-28,Machakos,,28.7,15.4
2019-06-29,MACHAKOS,11.1,24.1,16.3
2019-06-30,Machakos,0.0,31.4,16.5
2019-07-01,Machakos ,0.0,28.7,14.3
2019-07-02,Machakos,0.0,31.0,15.9
2019-07-03,machakos,0.0,27.5,14.1
2019-07-04,Machakos,0.0,30.3,15.9
2019-07-05,Machakos,1.6,31.0,13.5
2019-07-06,Machakos,0.0,28.4,15.2
2019-07-07,Machakos,0.0,31.4,13.9
2019-07-08,Machakos,0.0,30.3,15.0
2019-07-09,Machakos,0.0,28.3,15.8
2019-07-10,Machakos,0.0,31.4,14.2
2019-07-11,Machakos,0.0,31.5,13.7
2019-07-12,Machakos,0.0,27.7,14.0
2019-07-13,machakos,5.4,29.9,14.4
2019-07-14,Machakos,0.0,26.8,15.4
2019-07-15,Machakos,0.0,28.7,16.2
2019-07-16,Machakos,0.0,27.9,14.5
2019-07-17,Machakos ,0.0,29.6,11.6
2019-07-18,Machakos,0.0,24.0,15.4
2019-07-19,Machakos,0.0,26.9,16.6
2019-07-20,Machakos,0.0,25.9,14.6
2019-07-21,Machakos,0.0,30.0,14.7
2019-07-22,Machakos,0.0,27.8,14.4
2019-07-23,Machakos ,0.0,29.4,15.1
2019-07-24,Machakos,0.0,27.9,14.3
2019-07-25,Machakos,26.4,25.5,15.3
2019-07-26,Machakos,0.0,29.2,16.1
2019-07-27,Machakos,0.0,26.1,16.5
2019-07-28,Machakos,0.0,27.4,14.7
2019-07-29,Machakos,0.0,28.3,16.1
2019-07-30,Machakos,0.0,30.6,15.8
2019-07-31,Machakos,0.0,30.2,15.2
2019-08-01,Machakos,0.0,30.4,13.2
2019-08-02,Machakos,0.0,28.4,13.7
2019-08-03,Machakos,0.0,27.6,15.3
2019-08-04,Machakos,0.0,28.3,13.0
2019-08-05,Machakos,0.0,28.4,16.1
2019-08-06,Machakos,0.0,26.6,14.0
2019-08-07,Machakos,9.3,25.6,14.8
2019-08-08,Machakos,0.0,30.4,13.1
2019-08-09,Machakos,8.4,26.6,13.4
2019-08-10,Machakos,0.0,28.3,13.0
2019-08-11,Machakos,0.0,28.6,13.5
2019-08-12,Machakos,0.0,27.1,15.8
2019-08-13,Machakos,3.4,28.0,13.9
2019-08-14,Machakos,0.0,27.0,14.5
2019-08-15,Machakos,0.0,27.5,13.9
2019-08-16,Machakos,0.0,27.4,15.8
2019-08-17,Machakos,0.0,29.5,15.0
2019-08-18,Machakos,0.0,27.9,14.6
2019-08-19,Machakos,0.0,27.3,13.8
2019-08-20,Machakos,0.0,26.3,13.7
2019-08-21,Machakos,0.0,28.9,12.6
2019-08-22,Machakos,0.0,26.7,14.3
2019-08-23,Machakos,5.8,25.3,12.3
2019-08-24,Machakos,0.0,27.0,13.4
2019-08-25,Machakos,0.0,27.6,13.9
2019-08-26,Machakos,0.0,26.6,13.5
2019-08-27,Machakos,0.0,25.7,14.4
2019-08-28,Machakos,0.0,24.8,14.7
2019-08-29,Machakos,0.0,28.2,14.2
2019-08-30,MACHAKOS,1.2,30.7,14.4
2019-08-31,Machakos,0.0,25.5,14.8
2019-09-01,Machakos,0.0,28.8,13.3
2019-09-02,Machakos,0.0,28.1,14.2
2019-09-03,Machakos,0.0,27.3,15.9
2019-09-04,Machakos,0.0,26.5,12.8
2019-09-05,Machakos,0.0,28.1,14.0
2019-09-06,Machakos,0.0,27.3,13.5
2019-09-07,Machakos,0.0,28.1,13.8
2019-09-08,Machakos,,26.9,13.8
2019-09-09,MACHAKOS,0.0,29.1,13.2
2019-09-10,Machakos,0.0,26.3,12.2
2019-09-11,Machakos,0.0,24.5,13.8
2019-09-12,MACHAKOS,0.0,27.1,15.2
2019-09-13,Machakos,0.0,25.8,14.7
2019-09-14,Machakos,0.0,27.2,12.8
2019-09-15,Machakos,0.0,26.7,14.0
2019-09-16,Machakos,19.5,25.8,13.9
2019-09-17,Machakos,0.0,27.7,13.9
2019-09-18,Machakos,0.0,27.0,13.6
2019-09-19,Machakos,0.0,27.5,15.6
2019-09-20,Machakos,0.0,27.9,11.9
2019-09-21,Machakos,0.0,25.9,12.3
2019-09-22,Machakos,0.0,28.9,12.5
2019-09-23,Machakos,0.0,27.1,15.2
2019-09-24,Machakos,0.0,23.7,13.7
2019-09-25,Machakos,0.0,28.1,13.4
2019-09-26,Machakos ,0.0,27.7,14.4
2019-09-27,Machakos,0.0,26.9,12.2
2019-09-28,Machakos,0.0,26.2,14.9
2019-09-29,Machakos,,26.8,14.0
2019-09-30,Machakos,0.1,27.7,11.1
2019-10-01,Machakos,14.6,22.3,14.1
2019-10-02,Machakos,0.0,26.8,13.6
2019-10-03,Machakos ,14.4,24.1,14.1
2019-10-04,Machakos,0.0,27.5,13.6
2019-10-05,Machakos,0.0,29.6,12.4
2019-10-06,Machakos,0.0,25.9,13.7
2019-10-07,Machakos,0.7,28.2,14.2
2019-10-08,Machakos,23.1,26.6,12.7
2019-10-09,Machakos,0.0,27.2,13.3
2019-10-10,Machakos,0.0,29.2,13.1
2019-10-11,Machakos ,0.0,99.9,13.8
2019-10-12,Machakos,15.9,25.1,13.2
2019-10-13,Machakos,15.5,25.1,14.3
2019-10-14,Machakos,14.8,23.3,11.9
2019-10-15,Machakos,1.2,24.6,14.9
2019-10-16,Machakos,0.0,25.6,13.5
2019-10-17,MACHAKOS,0.0,26.7,14.2
2019-10-18,Machakos,0.0,25.7,13.4
2019-10-19,machakos,0.0,23.9,13.7
2019-10-20,Machakos,0.0,28.1,12.6
2019-10-21,Machakos,0.0,24.0,13.5
2019-10-22,Machakos,0.0,26.1,15.3
2019-10-23,Machakos,0.0,26.4,13.1
2019-10-24,Machakos,0.0,26.9,12.9
2019-10-25,Machakos,23.0,26.7,12.7
2019-10-26,Machakos,1.0,27.3,14.1
2019-10-27,MACHAKOS,0.0,27.8,13.7
2019-10-28,Machakos,0.0,25.6,13.5
2019-10-29,Machakos,0.0,26.5,13.5
2019-10-30,Machakos,0.0,26.0,12.7
2019-10-31,Machakos,0.0,26.9,13.1
2019-11-01,Machakos,0.0,25.4,13.1
2019-11-02,Machakos,10.6,24.0,12.4
2019-11-03,Machakos,0.0,25.8,14.4
2019-11-04,Machakos,1.1,,10.7
2019-11-05,Machakos,36.3,22.2,10.6
2019-11-06,Machakos,0.0,26.8,12.9
2019-11-07,Machakos,0.0,23.1,13.9
2019-11-08,Machakos,0.0,26.8,12.4
2019-11-09,Machakos,0.0,24.0,12.3
2019-11-10,Machakos,13.5,28.3,13.4
2019-11-11,Machakos,0.0,26.0,13.2
2019-11-12,Machakos,0.0,29.1,13.0
2019-11-13,Machakos,29.5,24.1,11.9
2019-11-14,Machakos,0.0,26.1,11.3
2019-11-15,Machakos,0.0,26.4,10.6
2019-11-16,machakos,31.2,21.8,12.9
2019-11-17,Machakos,0.8,25.0,12.6
2019-11-18,Machakos,8.7,23.7,13.0
2019-11-19,Machakos,13.6,23.4,
2019-11-20,Machakos,0.0,29.2,13.0
2019-11-21,Machakos,0.0,23.9,12.2
2019-11-22,Machakos,2.1,24.6,12.0
2019-11-23,Machakos,0.0,24.6,12.9
2019-11-24,Machakos ,0.0,26.1,
2019-11-25,Machakos,0.0,26.7,13.5
2019-11-26,Machakos,0.0,26.8,13.5
2019-11-27,Machakos,13.1,23.1,12.3
2019-11-28,Machakos,0.0,23.8,13.5
2019-11-29,Machakos,0.0,26.8,11.9
2019-11-30,Machakos,0.0,24.2,14.8
2019-12-01,Machakos,0.0,26.9,13.5
2019-12-02,Machakos,0.0,25.9,12.2
2019-12-03,Machakos,0.0,26.7,13.1
2019-12-04,machakos,0.0,26.8,11.8
2019-12-05,Machakos,0.0,27.0,14.1
2019-12-06,Machakos,0.0,28.0,13.5
2019-12-07,Machakos,0.0,25.3,12.6
2019-12-08,Machakos,0.0,25.0,
2019-12-09,Machakos,0.0,26.3,13.4
2019-12-10,Machakos,0.0,26.5,13.4
2019-12-11,Machakos,0.0,27.8,14.2
2019-12-12,machakos,3.7,25.5,
2019-12-13,Machakos,0.0,25.2,11.9
2019-12-14,Machakos,0.0,23.7,12.3
2019-12-15,Machakos,0.0,27.8,14.9
2019-12-16,Machakos,0.0,27.4,13.7
2019-12-17,Machakos,0.0,24.5,12.5
2019-12-18,Machakos,0.0,28.6,12.7
2019-12-19,Machakos,0.0,25.2,12.1
2019-12-20,Machakos,0.0,26.4,14.5
2019-12-21,Machakos,0.0,26.6,13.7
2019-12-22,Machakos ,0.0,24.5,13.5
2019-12-23,Machakos,26.3,21.9,12.5
2019-12-24,Machakos,0.0,24.9,14.3
2019-12-25,Machakos,0.0,26.6,14.4
2019-12-26,machakos,0.0,26.3,13.1
2019-12-27,MACHAKOS,0.0,27.6,14.2
2019-12-28,Machakos,17.4,22.7,12.7
2019-12-29,Machakos,0.0,25.0,15.4
2019-12-30,Machakos,0.0,28.0,12.7
2019-12-31,Machakos,0.0,27.6,15.0
2020-01-01,machakos,0.0,25.1,14.9
2020-01-02,Machakos,,23.7,13.4
2020-01-03,Machakos,0.0,24.1,13.1
2020-01-04,Machakos,0.0,27.1,12.8
2020-01-05,Machakos,0.0,26.8,12.7
2020-01-06,Machakos,0.0,28.3,13.2
2020-01-07,Machakos,0.0,26.6,12.9
2020-01-08,Machakos,0.0,99.9,13.1
2020-01-09,Machakos,0.0,24.3,13.2
2020-01-10,Machakos,,26.5,13.4
2020-01-11,Machakos,0.0,27.4,12.7
2020-01-12,Machakos,0.0,27.3,13.9
2020-01-13,Machakos,4.1,25.6,11.4
2020-01-14,Machakos,0.0,26.2,13.9
2020-01-15,Machakos,0.0,25.4,14.1
2020-01-16,Machakos,18.0,25.5,15.2
2020-01-17,MACHAKOS,0.0,23.8,13.1
2020-01-18,Machakos,0.0,25.6,12.1
2020-01-19,Machakos,0.0,25.2,13.3
2020-01-20,Machakos,0.0,26.2,11.7
2020-01-21,MACHAKOS,,23.6,13.1
2020-01-22,Machakos,0.0,27.5,15.0
2020-01-23,Machakos,0.0,24.1,13.5
2020-01-24,MACHAKOS,0.0,24.3,13.3
2020-01-25,Machakos,0.0,24.5,13.5
2020-01-26,Machakos,0.0,25.6,14.3
2020-01-27,Machakos,36.1,24.9,
2020-01-28,Machakos,0.0,29.9,13.8
2020-01-29,Machakos,0.0,27.5,12.4
2020-01-30,Machakos,0.0,25.6,12.7
2020-01-31,Machakos,0.0,28.4,13.9
2020-02-01,Machakos,0.0,28.1,12.8
2020-02-02,Machakos,0.0,28.4,14.0
2020-02-03,Machakos ,0.0,27.5,12.9
2020-02-04,Machakos,0.0,,11.6
2020-02-05,Machakos ,10.0,26.4,13.9
2020-02-06,Machakos,0.0,26.1,13.2
2020-02-07,Machakos,0.0,27.9,12.7
2020-02-08,MACHAKOS,0.0,27.9,14.5
2020-02-09,Machakos,0.0,26.8,14.6
2020-02-10,Machakos,,28.6,11.8
2020-02-11,Machakos,0.0,29.8,13.1
2020-02-12,Machakos,0.0,,14.3
2020-02-13,Machakos,0.7,25.6,13.6
2020-02-14,Machakos,0.0,25.8,14.2
2020-02-15,Machakos,3.2,28.4,15.6
2020-02-16,Machakos,0.0,27.2,15.7
2020-02-17,Machakos,0.0,27.5,15.7
2020-02-18,Machakos,0.0,,13.9
2020-02-19,Machakos ,0.0,26.0,13.5
2020-02-20,MACHAKOS,0.0,25.1,14.5
2020-02-21,Machakos,0.0,26.1,15.0
2020-02-22,Machakos,0.0,27.0,13.1
2020-02-23,Machakos,0.0,27.6,13.0
2020-02-24,Machakos,0.0,27.0,13.0
2020-02-25,Machakos,0.0,28.1,14.7
2020-02-26,Machakos,0.0,25.3,12.8
2020-02-27,MACHAKOS,0.0,24.9,15.4
2020-02-28,Machakos,0.0,26.6,14.3
2020-02-29,Machakos,0.0,27.5,13.8
2020-03-01,Machakos,0.0,29.1,12.8
2020-03-02,Machakos,0.0,28.3,13.0
2020-03-03,Machakos,0.0,28.0,14.0
2020-03-04,Machakos,15.7,27.2,13.8
2020-03-05,Machakos,3.6,27.0,14.0
2020-03-06,Machakos,0.0,26.8,13.5
2020-03-07,Machakos,0.0,27.9,14.2
2020-03-08,Machakos,0.0,29.6,12.5
2020-03-09,Machakos,0.0,28.1,12.3
2020-03-10,Machakos ,0.0,26.0,16.2
2020-03-11,Machakos,0.0,27.0,14.5
2020-03-12,Machakos,7.8,27.7,15.2
2020-03-13,Machakos,8.8,24.6,14.8
2020-03-14,Machakos,46.8,24.4,14.4
2020-03-15,Machakos,0.0,28.9,14.6
2020-03-16,Machakos,1.5,,14.7
2020-03-17,Machakos,0.0,29.4,15.2
2020-03-18,Machakos,0.0,29.2,14.9
2020-03-19,Machakos,0.0,30.9,15.6
2020-03-20,Machakos,0.0,26.1,15.1
2020-03-21,Machakos,0.0,30.0,16.6
2020-03-22,Machakos,0.0,26.6,13.7
2020-03-23,Machakos,0.0,26.0,16.2
2020-03-24,Machakos,0.0,27.7,14.4
2020-03-25,Machakos,0.0,28.8,12.4
2020-03-26,Machakos,0.0,28.8,14.3
2020-03-27,Machakos,10.9,27.0,13.7
2020-03-28,Machakos,2.0,29.1,15.5
2020-03-29,Machakos,0.0,30.7,14.6
2020-03-30,Machakos,0.0,31.7,16.4
2020-03-31,Machakos,0.0,28.3,15.5
2020-04-01,Machakos,0.0,30.4,13.0
2020-04-02,machakos,,27.8,16.1
2020-04-03,Machakos,0.0,28.0,14.7
2020-04-04,Machakos,11.7,27.6,15.8
2020-04-05,Machakos,0.0,27.4,16.1
2020-04-06,Machakos,0.0,27.4,16.6
2020-04-07,Machakos,-999,25.3,14.7
2020-04-08,machakos,0.0,28.7,13.8
2020-04-09,Machakos,0.0,28.9,14.4
2020-04-10,Machakos,0.0,28.5,14.3
2020-04-11,Machakos,0.0,30.5,14.3
2020-04-12,Machakos,4.8,27.1,14.8
2020-04-13,Machakos,0.0,28.0,16.0
2020-04-14,Machakos,3.9,29.9,14.8
2020-04-15,Machakos,,30.7,15.4
2020-04-16,Machakos,,27.7,15.3
2020-04-17,Machakos,3.4,27.7,14.5
2020-04-18,Machakos,0.0,29.5,14.6
2020-04-19,Machakos,10.3,28.6,15.0
2020-04-20,Machakos,0.0,25.8,13.2
2020-04-21,Machakos,14.3,,15.7
2020-04-22,Machakos,0.4,29.6,15.8
2020-04-23,Machakos,0.0,28.3,15.9
2020-04-24,Machakos,0.0,29.0,15.0
2020-04-25,Machakos,0.0,26.6,14.9
2020-04-26,Machakos,0.6,28.5,13.2
2020-04-27,Machakos,0.0,30.1,16.5
2020-04-28,Machakos,62.6,26.8,15.9
2020-04-29,machakos,0.0,29.0,14.0
2020-04-30,Machakos,9.6,29.0,14.7
2020-05-01,Machakos,0.0,26.5,13.1
2020-05-02,Machakos,0.4,30.5,14.0
2020-05-03,Machakos,10.8,28.1,14.1
2020-05-04,Machakos,14.0,25.9,15.3
2020-05-05,Machakos,0.0,27.8,15.8
2020-05-06,Machakos,21.3,26.1,15.0
2020-05-07,machakos,0.0,28.1,15.7
2020-05-08,Machakos,0.0,27.0,15.4
2020-05-09,Machakos,0.0,28.4,14.3
2020-05-10,Machakos,0.0,31.2,15.5
2020-05-11,Machakos,0.0,27.8,16.4
2020-05-12,Machakos,0.1,29.9,15.9
2020-05-13,Machakos,0.0,30.4,15.8
2020-05-14,Machakos,0.0,29.7,14.6
2020-05-15,Machakos,1.3,27.7,15.4
2020-05-16,machakos,0.0,28.4,16.8
2020-05-17,Machakos,13.6,27.2,15.0
2020-05-18,Machakos,8.1,27.5,16.2
2020-05-19,Machakos,0.0,29.0,15.8
2020-05-20,Machakos,0.0,30.6,14.7
2020-05-21,Machakos,0.0,30.2,13.7
2020-05-22,Machakos,0.0,26.6,15.4
2020-05-23,Machakos,6.7,26.8,13.3
2020-05-24,Machakos,0.0,27.8,16.3
2020-05-25,Machakos,0.0,28.3,17.0
2020-05-26,Machakos,0.0,24.0,
2020-05-27,Machakos,0.0,29.1,13.4
2020-05-28,Machakos,0.0,31.7,15.7
2020-05-29,Machakos,2.1,28.6,14.1
2020-05-30,Machakos,2.3,29.8,14.8
2020-05-31,machakos,,30.1,16.1
2020-06-01,Machakos,0.0,27.1,15.0
2020-06-02,Machakos,5.7,26.6,15.8
2020-06-03,Machakos,0.0,30.2,15.9
2020-06-04,Machakos,0.0,29.8,15.7
2020-06-05,Machakos,1.8,28.5,16.7
2020-06-06,machakos,15.2,27.4,14.2
2020-06-07,Machakos,2.8,27.1,15.3
2020-06-08,Machakos,2.3,29.6,15.1
2020-06-09,Machakos,0.0,29.3,15.6
2020-06-10,Machakos,,29.2,15.0
2020-06-11,Machakos,0.0,28.7,14.6
2020-06-12,Machakos,0.0,31.8,14.9
2020-06-13,Machakos,0.0,30.1,15.4
2020-06-14,Machakos,0.0,26.9,14.3
2020-06-15,Machakos,0.0,28.4,15.4
2020-06-16,Machakos,0.0,31.1,15.1
2020-06-17,Machakos,8.7,27.8,14.1
2020-06-18,Machakos,0.0,28.4,14.6
2020-06-19,Machakos,0.0,27.9,15.7
2020-06-20,Machakos,7.2,28.2,14.7
2020-06-21,MACHAKOS,0.0,28.4,15.0
2020-06-22,Machakos,0.0,28.4,13.4
2020-06-23,Machakos,0.0,26.8,14.5
2020-06-24,Machakos,0.0,30.3,14.8
2020-06-25,Machakos ,0.0,29.0,14.5
2020-06-26,Machakos,,29.8,16.0
2020-06-27,Machakos,0.0,27.8,14.0
2020-06-28,Machakos,1.4,28.3,15.7
2020-06-29,Machakos,0.0,29.1,14.6
2020-06-30,Machakos,0.0,29.9,14.5
2020-07-01,Machakos,0.0,29.4,15.4
2020-07-02,Machakos,0.0,28.7,13.9
2020-07-03,Machakos,0.0,29.4,14.5
2020-07-04,MACHAKOS,0.0,27.8,15.0
2020-07-05,machakos,0.0,27.8,13.8
2020-07-06,Machakos,0.0,27.2,14.8
2020-07-07,Machakos,0.0,29.3,16.5
2020-07-08,Machakos,0.0,29.0,14.2
2020-07-09,Machakos,0.0,29.0,13.4
2020-07-10,Machakos,0.0,27.4,14.4
2020-07-11,Machakos,0.0,28.6,12.5
2020-07-12,Machakos,0.0,28.2,15.4
2020-07-13,Machakos,0.0,27.3,14.6
2020-07-14,Machakos,0.0,29.0,14.7
2020-07-15,Machakos,0.0,27.9,13.9
2020-07-16,Machakos,0.0,31.3,15.4
2020-07-17,Machakos,0.0,29.0,15.2
2020-07-18,Machakos,0.0,28.1,13.9
2020-07-19,Machakos,0.0,27.0,15.2
2020-07-20,Machakos,0.0,28.8,14.5
2020-07-21,Machakos,0.0,30.0,15.0
2020-07-22,Machakos,0.0,27.4,14.1
2020-07-23,Machakos,0.0,28.0,13.6
2020-07-24,Machakos,0.0,28.0,15.4
2020-07-25,Machakos,0.0,27.4,13.2
2020-07-26,Machakos,14.7,22.1,15.0
2020-07-27,Machakos,20.3,13.6,25.7
2020-07-28,machakos,0.0,28.8,15.3
2020-07-29,Machakos,0.0,26.9,12.5
2020-07-30,Machakos,0.0,28.4,13.7
2020-07-31,Machakos,2.4,,14.4
2020-08-01,Machakos,0.0,28.8,15.4
2020-08-02,Machakos,1.6,26.7,13.1
2020-08-03,machakos,0.0,26.5,14.4
2020-08-04,Machakos,2.9,28.7,14.9
2020-08-05,Machakos,0.0,24.1,14.3
2020-08-06,Machakos,0.0,28.3,14.2
2020-08-07,Machakos,0.0,27.7,15.2
2020-08-08,Machakos,0.0,27.4,13.3
2020-08-09,Machakos,0.0,28.2,15.4
2020-08-10,Machakos,0.0,26.1,13.4
2020-08-11,Machakos,0.0,28.3,13.5
2020-08-12,Machakos ,0.0,29.8,12.8
2020-08-13,Machakos,3.2,31.3,15.6
2020-08-14,Machakos,0.0,27.9,14.6
2020-08-15,Machakos,0.0,29.3,14.1
2020-08-16,Machakos,0.0,28.5,
2020-08-17,Machakos,0.0,25.4,12.0
2020-08-18,Machakos,0.0,29.4,15.2
2020-08-19,Machakos,0.0,26.6,14.2
2020-08-20,Machakos,0.0,27.8,13.7
2020-08-21,Machakos,0.0,27.0,15.3
2020-08-22,machakos,0.0,29.2,15.2
2020-08-23,Machakos,0.0,27.6,13.8
2020-08-24,Machakos,0.0,27.7,12.1
2020-08-25,Machakos,0.0,28.0,13.3
2020-08-26,Machakos,2.4,26.3,12.0
2020-08-27,Machakos,0.0,26.2,14.5
2020-08-28,Machakos,0.5,26.6,14.6
2020-08-29,Machakos,0.0,26.4,15.8
2020-08-30,Machakos,11.1,27.4,12.6
2020-08-31,Machakos,0.0,29.6,14.0
2020-09-01,machakos,0.0,30.0,14.5
2020-09-02,Machakos,0.0,26.9,14.3
2020-09-03,Machakos,0.0,29.9,16.3
2020-09-04,Machakos,2.6,27.2,12.5
2020-09-05,machakos,0.0,29.1,15.0
2020-09-06,Machakos,3.8,27.8,14.9
2020-09-07,Machakos,0.0,27.7,14.1
2020-09-08,machakos,0.0,26.2,15.1
2020-09-09,machakos,0.0,28.7,14.1
2020-09-10,Machakos,0.0,26.2,12.7
2020-09-11,Machakos,0.0,29.0,14.1
2020-09-12,Machakos,0.0,25.6,13.7
2020-09-13,Machakos,0.0,27.5,14.4
2020-09-14,Machakos,0.0,28.1,13.9
2020-09-15,Machakos,0.0,28.8,11.8
2020-09-16,Machakos,9.8,24.5,13.7
2020-09-17,Machakos,0.0,27.5,12.8
2020-09-18,Machakos,10.5,23.4,13.0
2020-09-19,Machakos,0.0,26.6,14.2
2020-09-20,Machakos,0.0,28.8,13.4
2020-09-21,Machakos,0.0,27.3,15.2
2020-09-22,Machakos,0.0,26.8,14.7
2020-09-23,Machakos,0.0,25.9,15.0
2020-09-24,Machakos,0.0,26.5,16.0
2020-09-25,Machakos,0.0,28.1,14.1
2020-09-26,Machakos,0.0,26.9,13.6
2020-09-27,Machakos,0.0,26.8,13.8
2020-09-28,machakos,0.0,25.1,12.9
2020-09-29,Machakos,0.0,27.7,13.4
2020-09-30,Machakos,0.0,25.8,13.6
2020-10-01,Machakos,0.0,30.3,13.6
2020-10-02,Machakos,0.0,28.4,13.1
2020-10-03,Machakos,0.0,27.2,16.3
2020-10-04,Machakos,0.0,25.3,13.0
2020-10-05,Machakos,0.0,27.3,12.3
2020-10-06,Machakos,0.0,25.1,14.2
2020-10-07,Machakos,0.0,28.8,13.5
2020-10-08,Machakos,0.0,25.7,14.5
2020-10-09,Machakos,0.0,27.5,13.6
2020-10-10,Machakos,0.0,29.2,14.6
2020-10-11,Machakos,0.0,25.3,13.7
2020-10-12,Machakos,0.0,26.8,13.7
2020-10-13,Machakos,21.5,24.1,13.5
2020-10-14,Machakos,0.0,27.2,12.0
2020-10-15,Machakos,0.0,24.6,13.7
2020-10-16,Machakos,11.8,24.9,13.1
2020-10-17,Machakos,0.0,26.5,13.1
2020-10-18,Machakos,0.0,29.5,14.6
2020-10-19,Machakos,0.0,27.7,13.4
2020-10-20,Machakos,0.0,29.7,12.8
2020-10-21,Machakos,0.0,28.2,12.1
2020-10-22,Machakos,0.0,27.4,12.2
2020-10-23,Machakos,12.6,23.7,13.5
2020-10-24,Machakos,0.0,28.6,13.7
2020-10-25,Machakos,42.5,27.1,13.8
2020-10-26,Machakos,6.2,26.4,12.5
2020-10-27,Machakos,0.0,29.4,12.4
2020-10-28,Machakos,0.0,25.8,13.3
2020-10-29,Machakos,0.0,26.4,12.5
2020-10-30,Machakos,0.0,25.9,12.2
2020-10-31,Machakos,10.7,25.0,13.3
2020-11-01,Machakos,0.0,28.3,14.1
2020-11-02,Machakos,14.5,26.0,13.1
2020-11-03,Machakos,12.2,23.9,13.1
2020-11-04,Machakos,6.0,24.4,14.5
2020-11-05,Machakos,0.0,29.0,12.6
2020-11-06,Machakos,0.0,27.7,13.2
2020-11-07,Machakos ,0.0,26.5,13.4
2020-11-08,Machakos,0.0,25.9,12.1
2020-11-09,Machakos,0.0,26.6,13.5
2020-11-10,Machakos,0.0,28.6,13.1
2020-11-11,Machakos,1.1,25.9,13.1
2020-11-12,machakos,0.0,26.6,12.6
2020-11-13,MACHAKOS,0.0,26.5,13.9
2020-11-14,Machakos,7.0,27.6,13.4
2020-11-15,Machakos,0.0,26.3,12.4
2020-11-16,Machakos,0.0,26.9,12.0
2020-11-17,Machakos,0.0,26.1,11.8
2020-11-18,Machakos,0.0,26.8,14.1
2020-11-19,Machakos,8.3,23.3,13.6
2020-11-20,Machakos,0.0,25.4,12.7
2020-11-21,Machakos,5.9,23.2,12.5
2020-11-22,Machakos,0.0,26.2,15.4
2020-11-23,Machakos,0.0,24.7,13.3
2020-11-24,Machakos,0.0,26.7,
2020-11-25,Machakos,41.9,,13.3
2020-11-26,Machakos,0.0,27.2,15.1
2020-11-27,Machakos,21.5,23.0,11.8
2020-11-28,Machakos,0.0,27.2,13.0
2020-11-29,Machakos,0.0,24.4,13.2
2020-11-30,Machakos,0.0,26.0,13.7
2020-12-01,Machakos,0.0,25.7,12.7
2020-12-02,Machakos,16.0,23.7,13.5
2020-12-03,Machakos,0.8,26.2,13.7
2020-12-04,Machakos,0.0,24.3,12.4
2020-12-05,Machakos,0.0,27.4,11.3
2020-12-06,Machakos,0.0,26.4,12.0
2020-12-07,Machakos,0.0,25.5,13.7
2020-12-08,Machakos,2.9,25.9,
2020-12-09,Machakos,0.0,24.3,12.2
2020-12-10,Machakos,0.0,24.1,11.3
2020-12-11,Machakos,16.4,23.2,11.0
2020-12-12,Machakos,0.0,24.7,13.6
2020-12-13,Machakos,0.0,,12.4
2020-12-14,Machakos,0.0,27.7,12.8
2020-12-15,Machakos,0.0,27.3,13.5
2020-12-16,Machakos,0.0,25.1,13.7
2020-12-17,Machakos ,0.0,24.6,14.0
2020-12-18,Machakos ,0.0,23.6,15.5
2020-12-19,MACHAKOS,0.9,21.8,15.5
2020-12-20,Machakos,0.0,26.3,13.2
2020-12-21,Machakos,0.0,28.4,14.9
2020-12-22,Machakos,0.0,25.7,12.6
2020-12-23,Machakos,0.0,25.6,15.4
2020-12-24,Machakos,0.0,27.2,12.9
2020-12-25,Machakos,0.0,28.0,12.3
2020-12-26,machakos,0.0,28.8,14.7
2020-12-27,Machakos,0.0,27.0,12.9
2020-12-28,Machakos,0.0,22.2,13.0
2020-12-29,MACHAKOS,0.0,26.5,
2020-12-30,Machakos,0.0,27.1,14.2
2020-12-31,Machakos,0.0,27.4,14.4
2021-01-01,Machakos,0.0,26.9,12.1
2021-01-02,Machakos,41.5,27.0,14.3
2021-01-03,Machakos,0.0,26.2,12.8
2021-01-04,Machakos,0.0,28.3,13.1
2021-01-05,Machakos,20.6,26.1,13.0
2021-01-06,Machakos,0.0,23.8,13.5
2021-01-07,Machakos,0.0,25.8,13.6
2021-01-08,Machakos,0.0,27.5,13.1
2021-01-09,machakos,0.0,26.2,13.5
2021-01-10,machakos,0.0,25.0,13.5
2021-01-11,Machakos,0.0,26.8,14.4
2021-01-12,Machakos,0.0,26.0,14.4
2021-01-13,machakos,0.0,26.7,12.4
2021-01-14,Machakos,0.0,24.8,13.3
2021-01-15,Machakos,0.0,28.0,13.2
2021-01-16,Machakos,0.0,27.3,12.8
2021-01-17,Machakos,0.0,26.5,11.6
2021-01-18,Machakos,0.0,29.0,12.1
2021-01-19,Machakos,trace,26.8,14.5
2021-01-20,machakos,0.0,28.5,14.9
2021-01-21,Machakos,-999,25.0,14.9
2021-01-22,Machakos,0.0,26.2,13.0
2021-01-23,Machakos,0.0,26.9,13.5
2021-01-24,Machakos,0.0,26.3,13.1
2021-01-25,Machakos,0.0,24.8,13.8
2021-01-26,Machakos,0.0,26.4,14.4
2021-01-27,Machakos,22.1,24.2,14.1
2021-01-28,Machakos,0.0,24.8,10.9
2021-01-29,Machakos,0.0,25.9,12.8
2021-01-30,Machakos,0.0,26.3,13.0
2021-01-31,Machakos,0.0,25.8,13.5
2021-02-01,Machakos,0.0,25.4,13.4
2021-02-02,Machakos,11.7,26.7,12.7
2021-02-03,Machakos,0.0,27.3,14.2
2021-02-04,Machakos,0.0,27.8,13.4
2021-02-05,Machakos,0.0,28.5,12.2
2021-02-06,Machakos,0.0,30.2,14.4
2021-02-07,Machakos,0.0,28.1,14.0
2021-02-08,Machakos,0.0,26.3,15.3
2021-02-09,Machakos,0.0,28.1,13.2
2021-02-10,Machakos,0.0,28.4,14.6
2021-02-11,Machakos,0.0,27.4,14.0
2021-02-12,Machakos,0.0,26.5,12.4
2021-02-13,Machakos,0.0,28.0,13.3
2021-02-14,Machakos,0.0,28.4,14.6
2021-02-15,Machakos,0.0,28.1,12.6
2021-02-16,Machakos,0.0,28.2,14.4
2021-02-17,Machakos,0.0,25.2,12.5
2021-02-18,Machakos,0.0,24.4,12.7
2021-02-19,Machakos,0.0,,13.4
2021-02-20,Machakos,0.0,28.1,14.8
2021-02-21,Machakos,0.0,25.2,12.0
2021-02-22,machakos,0.0,26.9,15.2
2021-02-23,Machakos ,6.7,26.5,13.7
2021-02-24,Machakos,1.4,26.1,13.0
2021-02-25,Machakos,0.0,28.4,13.2
2021-02-26,Machakos,17.1,26.0,14.6
2021-02-27,Machakos,0.0,26.0,13.9
2021-02-28,Machakos,0.0,27.3,14.0
2021-03-01,Machakos,0.0,28.3,13.8
2021-03-02,Machakos,-999,27.0,13.1
2021-03-03,Machakos,0.0,27.1,12.6
2021-03-04,Machakos ,0.0,26.9,13.6
2021-03-05,Machakos,,29.7,15.0
2021-03-06,Machakos,6.8,26.3,14.8
2021-03-07,Machakos,1.3,27.3,14.2
2021-03-08,MACHAKOS,0.0,30.0,14.4
2021-03-09,Machakos,0.0,25.8,14.4
2021-03-10,Machakos,0.0,26.2,12.8
2021-03-11,Machakos,0.0,30.7,13.6
2021-03-12,MACHAKOS,0.0,26.6,14.3
2021-03-13,Machakos ,0.0,27.9,13.3
2021-03-14,Machakos,0.0,24.6,14.8
2021-03-15,Machakos,0.0,28.6,15.1
2021-03-16,Machakos,0.0,29.5,
2021-03-17,Machakos,0.0,28.6,13.0
2021-03-18,Machakos,0.0,28.9,13.8
2021-03-19,Machakos,0.0,28.7,15.1
2021-03-20,Machakos,0.9,29.3,14.2
2021-03-21,machakos,0.0,31.9,12.5
2021-03-22,Machakos,0.0,26.8,14.2
2021-03-23,Machakos ,0.0,27.5,15.0
2021-03-24,Machakos,0.0,26.5,13.8
2021-03-25,Machakos,0.0,28.2,16.4
2021-03-26,Machakos,0.0,26.9,13.9
2021-03-27,Machakos,0.0,24.7,14.2
2021-03-28,Machakos,0.0,27.4,15.2
2021-03-29,Machakos,0.0,29.5,14.4
2021-03-30,Machakos,0.0,29.4,15.6
2021-03-31,Machakos,0.0,28.3,13.8
2021-04-01,Machakos,0.0,27.3,14.5
2021-04-02,Machakos,0.0,29.4,14.5
2021-04-03,Machakos,0.0,29.2,15.9
2021-04-04,Machakos,0.0,28.2,14.2
2021-04-05,Machakos,1.7,29.9,16.2
2021-04-06,Machakos,0.3,29.8,15.2
2021-04-07,Machakos,0.5,28.5,16.2
2021-04-08,Machakos,0.8,29.3,13.4
2021-04-09,Machakos,0.0,28.5,13.3
2021-04-10,Machakos,0.0,29.6,16.3
2021-04-11,Machakos,0.0,27.8,15.6
2021-04-12,Machakos,0.0,31.4,13.4
2021-04-13,MACHAKOS,0.0,26.2,16.6
2021-04-14,MACHAKOS,0.0,30.6,15.0
2021-04-15,Machakos,0.0,27.3,14.7
2021-04-16,Machakos ,0.0,30.8,15.7
2021-04-17,Machakos,0.0,28.3,13.1
2021-04-18,Machakos,0.0,28.8,12.1
2021-04-19,Machakos,9.8,26.5,15.0
2021-04-20,Machakos,3.4,27.7,17.1
2021-04-21,MACHAKOS,0.0,29.2,15.0
2021-04-22,Machakos,1.4,31.2,13.4
2021-04-23,MACHAKOS,0.0,27.8,14.3
2021-04-24,Machakos,0.0,27.1,15.2
2021-04-25,Machakos,0.0,27.7,15.5
2021-04-26,Machakos,0.0,30.3,15.2
2021-04-27,Machakos,3.6,27.7,15.4
2021-04-28,MACHAKOS,0.0,28.0,13.8
2021-04-29,Machakos,0.0,29.7,15.4
2021-04-30,Machakos,5.5,30.6,13.3
2021-05-01,Machakos,0.0,29.3,16.3
2021-05-02,MACHAKOS,11.2,23.3,15.1
2021-05-03,Machakos,0.0,30.2,14.2
2021-05-04,Machakos,0.0,28.8,14.8
2021-05-05,MACHAKOS,0.0,31.4,15.6
2021-05-06,Machakos,trace,27.6,16.1
2021-05-07,machakos,0.0,29.0,15.7
2021-05-08,Machakos,3.8,27.7,15.0
2021-05-09,Machakos,0.0,27.4,14.3
2021-05-10,Machakos,1.0,27.9,14.7
2021-05-11,Machakos,0.0,29.7,16.2
2021-05-12,Machakos,1.6,28.2,14.8
2021-05-13,Machakos,0.0,26.4,14.6
2021-05-14,Machakos,0.0,28.8,16.8
2021-05-15,Machakos,trace,30.4,15.8
2021-05-16,machakos,20.5,27.7,15.2
2021-05-17,Machakos,,26.4,16.7
2021-05-18,Machakos,0.0,26.9,15.1
2021-05-19,Machakos ,0.0,29.0,14.7
2021-05-20,Machakos,0.0,,15.3
2021-05-21,Machakos,1.8,31.0,14.7
2021-05-22,Machakos,0.0,27.8,14.9
2021-05-23,Machakos,13.6,24.4,15.3
2021-05-24,Machakos,0.0,27.7,16.4
2021-05-25,Machakos,trace,29.4,15.0
2021-05-26,Machakos,,26.5,15.5
2021-05-27,Machakos,0.0,33.2,
2021-05-28,Machakos,0.0,29.6,16.5
2021-05-29,Machakos,0.0,31.3,13.4
2021-05-30,Machakos,0.0,28.8,15.4
2021-05-31,Machakos,0.0,29.8,15.4
2021-06-01,machakos,0.0,28.7,15.2
2021-06-02,Machakos,0.0,27.9,14.3
2021-06-03,Machakos,0.0,27.5,15.8
2021-06-04,Machakos,10.4,24.8,14.2
2021-06-05,Machakos,0.0,29.3,14.9
2021-06-06,Machakos,0.0,31.0,14.6
2021-06-07,Machakos,6.9,27.4,15.1
2021-06-08,Machakos,0.0,29.3,16.0
2021-06-09,machakos,0.0,27.1,15.5
2021-06-10,Machakos,14.7,28.6,15.3
2021-06-11,Machakos,0.0,28.5,15.2
2021-06-12,Machakos ,0.0,30.0,15.0
2021-06-13,Machakos,0.0,29.6,
2021-06-14,Machakos,0.0,29.1,17.0
2021-06-15,Machakos,0.0,29.3,14.7
2021-06-16,MACHAKOS,0.0,29.7,13.7
2021-06-17,Machakos,0.0,27.3,15.7
2021-06-18,Machakos,0.0,31.4,12.9
2021-06-19,Machakos,0.0,29.1,15.9
2021-06-20,Machakos,0.0,29.1,14.9
2021-06-21,Machakos,0.0,28.7,13.9
2021-06-22,Machakos,,31.3,12.4
2021-06-23,Machakos,0.0,30.7,15.9
2021-06-24,machakos,16.7,26.1,14.6
2021-06-25,Machakos,0.0,28.7,15.1
2021-06-26,Machakos,0.0,,12.5
2021-06-27,MACHAKOS,0.0,28.1,15.0
2021-06-28,machakos,0.0,28.9,15.1
2021-06-29,Machakos,0.0,30.9,15.3
2021-06-30,Machakos,,31.2,13.4
2021-07-01,Machakos,0.0,30.8,14.5
2021-07-02,MACHAKOS,0.0,28.9,13.3
2021-07-03,Machakos,0.0,30.1,16.4
2021-07-04,Machakos,5.0,27.3,
2021-07-05,Machakos,0.0,28.1,15.1
2021-07-06,Machakos,0.0,30.7,13.6
2021-07-07,Machakos ,0.0,28.7,15.1
2021-07-08,Machakos,0.0,29.2,15.7
2021-07-09,Machakos,0.0,30.2,16.4
2021-07-10,Machakos,0.0,28.4,14.8
2021-07-11,Machakos,0.0,28.3,15.1
2021-07-12,Machakos,0.0,28.5,13.6
2021-07-13,machakos,0.0,28.7,14.4
2021-07-14,Machakos,0.0,14.2,27.9
2021-07-15,Machakos,,27.3,14.6
2021-07-16,Machakos,0.0,28.4,14.7
2021-07-17,Machakos,0.0,29.5,14.4
2021-07-18,Machakos,2.6,29.7,14.9
2021-07-19,Machakos,0.0,26.1,14.8
2021-07-20,Machakos,0.0,27.9,15.0
2021-07-21,Machakos,0.0,26.3,12.8
2021-07-22,Machakos,0.0,27.9,14.1
2021-07-23,Machakos,0.0,28.4,14.4
2021-07-24,Machakos,0.0,28.7,16.1
2021-07-25,Machakos,0.0,25.8,13.6
2021-07-26,Machakos,0.0,28.9,15.4
2021-07-27,Machakos,0.0,29.9,14.1
2021-07-28,Machakos,0.0,26.5,12.9
2021-07-29,MACHAKOS,0.0,29.2,13.2
2021-07-30,Machakos,0.0,28.5,14.9
2021-07-31,Machakos,0.0,28.8,13.6
2021-08-01,Machakos,0.0,26.2,13.1
2021-08-02,MACHAKOS,0.0,26.5,15.7
2021-08-03,Machakos,0.0,29.1,14.2
2021-08-04,Machakos,0.0,28.1,14.1
2021-08-05,Machakos,0.0,30.8,15.0
2021-08-06,Machakos,0.0,28.1,14.9
2021-08-07,Machakos,0.0,26.1,12.5
2021-08-08,Machakos,0.0,27.6,15.5
2021-08-09,Machakos,0.0,26.3,15.1
2021-08-10,machakos,0.0,28.1,15.3
2021-08-11,Machakos,0.0,28.4,14.9
2021-08-12,machakos,0.0,30.1,16.4
2021-08-13,Machakos,0.0,29.4,14.5
2021-08-14,Machakos,0.0,26.5,14.6
2021-08-15,Machakos,0.0,26.6,13.2
2021-08-16,Machakos,0.0,24.9,16.2
2021-08-17,Machakos,0.0,27.8,14.9
2021-08-18,machakos,0.0,31.0,15.4
2021-08-19,Machakos,0.0,29.7,15.2
2021-08-20,Machakos,0.0,27.6,15.6
2021-08-21,Machakos,0.0,28.4,13.4
2021-08-22,Machakos,0.0,28.1,16.2
2021-08-23,Machakos,0.0,26.0,12.3
2021-08-24,Machakos,0.0,30.0,13.3
2021-08-25,Machakos,0.0,28.3,14.6
2021-08-26,Machakos,0.0,26.2,15.5
2021-08-27,Machakos,0.0,28.2,14.6
2021-08-28,Machakos,0.0,26.4,13.0
2021-08-29,Machakos,0.0,26.3,14.8
2021-08-30,Machakos,0.0,26.6,16.1
2021-08-31,Machakos,0.0,29.1,12.3
2021-09-01,Machakos,0.0,30.2,13.4
2021-09-02,Machakos,0.0,27.1,14.4
2021-09-03,Machakos ,0.0,27.9,14.3
2021-09-04,Machakos,0.0,28.0,14.1
2021-09-05,Machakos,0.0,26.0,12.7
2021-09-06,Machakos,0.0,27.4,14.4
2021-09-07,Machakos,0.0,27.1,13.4
2021-09-08,Machakos ,1.7,24.7,14.9
2021-09-09,Machakos,0.0,26.1,15.2
2021-09-10,Machakos,51.2,24.8,13.3
2021-09-11,Machakos,,,28.3
2021-09-12,Machakos,0.0,26.8,13.5
2021-09-13,Machakos ,0.0,24.8,14.8
2021-09-14,Machakos,0.0,26.4,13.5
2021-09-15,MACHAKOS,0.0,26.6,14.1
2021-09-16,Machakos ,0.0,27.4,14.1
2021-09-17,machakos,0.0,29.5,
2021-09-18,machakos,71.0,25.7,15.2
2021-09-19,Machakos,0.0,30.7,15.3
2021-09-20,Machakos,34.6,22.6,12.9
2021-09-21,Machakos,0.0,27.3,13.4
2021-09-22,machakos,4.2,27.6,13.3
2021-09-23,Machakos,0.0,27.5,12.4
2021-09-24,Machakos,0.0,23.5,14.2
2021-09-25,Machakos,0.0,27.7,12.8
2021-09-26,Machakos,5.4,25.0,13.9
2021-09-27,Machakos,0.0,27.1,13.2
2021-09-28,Machakos,0.0,26.0,14.5
2021-09-29,Machakos,22.3,25.4,14.0
2021-09-30,Machakos,0.0,24.6,13.5
2021-10-01,Machakos,0.0,24.9,12.5
2021-10-02,Machakos,0.0,26.8,12.5
2021-10-03,Machakos ,0.0,26.3,14.0
2021-10-04,Machakos,40.4,23.6,13.5
2021-10-05,Machakos,0.0,24.2,13.1
2021-10-06,Machakos,0.0,27.0,14.0
2021-10-07,Machakos,0.0,28.1,12.7
2021-10-08,Machakos,0.0,26.4,15.2
2021-10-09,Machakos,0.0,13.6,25.1
2021-10-10,Machakos,1.2,27.6,13.1
2021-10-11,MACHAKOS,2.3,25.8,12.2
2021-10-12,Machakos,0.0,27.6,12.8
2021-10-13,Machakos,0.0,27.7,11.9
2021-10-14,Machakos,0.0,27.1,13.1
2021-10-15,Machakos,0.0,27.1,12.5
2021-10-16,Machakos,0.0,25.2,11.8
2021-10-17,machakos,1.5,26.8,13.6
2021-10-18,Machakos,0.0,28.3,14.1
2021-10-19,machakos,0.0,27.4,15.0
2021-10-20,Machakos,0.0,28.4,14.2
2021-10-21,Machakos,0.0,28.7,11.7
2021-10-22,Machakos,trace,29.2,13.0
2021-10-23,Machakos,,21.4,15.8
2021-10-24,MACHAKOS,8.5,22.6,12.4
2021-10-25,machakos,15.4,26.6,13.9
2021-10-26,Machakos,0.0,27.4,14.1
2021-10-27,machakos,0.0,27.1,12.1
2021-10-28,Machakos,0.0,25.3,12.8
2021-10-29,Machakos,2.3,24.8,14.5
2021-10-30,machakos,0.0,26.3,13.8
2021-10-31,Machakos,0.0,25.1,13.7
2021-11-01,Machakos,29.3,26.1,12.6
2021-11-02,machakos,4.9,24.8,13.4
2021-11-03,Machakos,0.0,26.8,13.4
2021-11-04,Machakos,0.0,25.9,14.5
2021-11-05,Machakos,0.0,26.6,13.7
2021-11-06,Machakos,4.4,26.9,10.9
2021-11-07,Machakos,13.1,24.2,12.3
2021-11-08,Machakos,0.0,26.7,13.2
2021-11-09,Machakos,,25.7,12.7
2021-11-10,Machakos,0.0,25.8,12.8
2021-11-11,Machakos,0.0,26.3,14.0
2021-11-12,Machakos,5.4,26.8,12.7
2021-11-13,Machakos,7.2,25.7,14.3
2021-11-14,Machakos,0.0,25.2,14.3
2021-11-15,Machakos,0.0,23.8,12.5
2021-11-16,Machakos,0.0,28.3,13.2
2021-11-17,Machakos,0.0,27.5,13.1
2021-11-18,Machakos,7.3,21.8,13.2
2021-11-19,Machakos,3.8,27.0,14.2
2021-11-20,Machakos,0.0,27.4,
2021-11-21,Machakos,0.0,24.6,11.0
2021-11-22,Machakos,0.0,30.0,12.8
2021-11-23,Machakos,8.7,24.4,12.5
2021-11-24,Machakos,,25.1,12.6
2021-11-25,Machakos,0.0,25.4,11.5
2021-11-26,Machakos,0.0,26.9,14.7
2021-11-27,Machakos,,28.7,10.8
2021-11-28,machakos,1.4,23.7,12.5
2021-11-29,Machakos,0.0,,12.6
2021-11-30,machakos,15.9,25.6,12.6
2021-12-01,Machakos,0.0,28.2,11.8
2021-12-02,Machakos,0.0,25.1,11.2
2021-12-03,Machakos,27.0,21.7,13.0
2021-12-04,Machakos,0.0,28.8,13.7
2021-12-05,Machakos,0.0,28.2,12.1
2021-12-06,Machakos,0.0,23.0,14.2
2021-12-07,Machakos,20.0,23.7,13.4
2021-12-08,Machakos,0.0,27.4,14.2
2021-12-09,MACHAKOS,,27.4,14.2
2021-12-10,Machakos,0.0,25.4,13.5
2021-12-11,Machakos,6.4,24.6,15.1
2021-12-12,Machakos,0.0,27.0,12.4
2021-12-13,Machakos,0.0,25.1,12.3
2021-12-14,Machakos ,0.0,25.7,13.7
2021-12-15,Machakos,20.4,25.2,12.6
2021-12-16,Machakos,0.0,24.7,12.2
2021-12-17,Machakos,0.0,25.4,11.9
2021-12-18,Machakos,0.0,27.2,14.6
2021-12-19,Machakos,0.0,26.6,12.5
2021-12-20,Machakos,,28.5,
2021-12-21,MACHAKOS,0.0,26.6,13.6
2021-12-22,Machakos,,13.8,27.8
2021-12-23,Machakos,0.0,27.9,12.5
2021-12-24,Machakos,0.0,27.8,12.0
2021-12-25,Machakos,0.0,26.4,13.7
2021-12-26,Machakos,0.0,26.6,14.1
2021-12-27,Machakos,16.7,23.7,14.6
2021-12-28,machakos,0.0,25.0,12.4
2021-12-29,Machakos,0.0,25.7,13.9
2021-12-30,Machakos,0.0,28.5,12.7
2021-12-31,Machakos,0.0,26.8,12.3
2022-01-01,Machakos,49.8,21.4,13.1
2022-01-02,Machakos,0.0,26.4,14.2
2022-01-03,machakos,0.0,25.2,14.2
2022-01-04,Machakos,0.0,28.0,14.0
2022-01-05,Machakos,0.0,27.0,12.3
2022-01-06,Machakos,0.0,27.0,13.5
2022-01-07,Machakos,0.0,28.9,13.3
2022-01-08,Machakos,33.6,23.9,10.4
2022-01-09,machakos,0.0,27.9,13.9
2022-01-10,Machakos,0.0,26.4,14.0
2022-01-11,Machakos,0.0,25.3,14.0
2022-01-12,Machakos,,26.8,13.8
2022-01-13,Machakos,0.0,27.1,12.9
2022-01-14,Machakos,0.0,26.3,11.9
2022-01-15,machakos,0.0,26.1,13.0
2022-01-16,Machakos,1.8,27.4,12.8
2022-01-17,MACHAKOS,0.0,25.9,13.8
2022-01-18,Machakos,0.0,25.3,15.4
2022-01-19,Machakos,0.0,27.3,14.0
2022-01-20,Machakos,0.0,25.5,14.6
2022-01-21,Machakos,0.0,24.6,12.9
2022-01-22,Machakos,0.0,25.4,11.8
2022-01-23,Machakos,6.5,25.0,13.7
2022-01-24,Machakos,0.0,29.7,13.4
2022-01-25,Machakos,0.0,25.0,13.5
2022-01-26,MACHAKOS,0.0,,11.3
2022-01-27,Machakos,0.0,26.2,13.5
2022-01-28,Machakos,0.0,27.4,13.5
2022-01-29,Machakos,0.0,28.3,13.4
2022-01-30,Machakos,4.0,99.9,13.0
2022-01-31,Machakos,0.0,29.3,12.3
2022-02-01,Machakos,0.0,28.9,12.2
2022-02-02,machakos,0.0,24.2,14.4
2022-02-03,Machakos,0.0,27.1,13.8
2022-02-04,Machakos,0.0,26.3,13.1
2022-02-05,Machakos,0.0,28.8,14.6
2022-02-06,Machakos,0.0,27.9,10.9
2022-02-07,machakos,0.0,25.1,13.5
2022-02-08,Machakos,0.0,29.4,12.8
2022-02-09,Machakos,0.0,25.8,15.1
2022-02-10,Machakos,0.0,27.9,14.1
2022-02-11,Machakos,0.0,29.8,16.4
2022-02-12,Machakos,18.3,24.9,14.5
2022-02-13,Machakos,0.0,26.0,12.8
2022-02-14,Machakos,0.0,26.0,12.8
2022-02-15,Machakos,0.0,25.6,15.4
2022-02-16,Machakos,14.9,24.7,13.5
2022-02-17,Machakos,0.0,23.3,13.5
2022-02-18,Machakos,0.0,28.3,11.6
2022-02-19,machakos,0.0,26.5,14.1
2022-02-20,Machakos,,26.7,14.3
2022-02-21,Machakos,0.0,27.6,12.6
2022-02-22,Machakos,0.0,31.1,13.8
2022-02-23,Machakos,0.0,28.1,12.1
2022-02-24,Machakos,0.0,23.7,14.3
2022-02-25,Machakos,0.0,25.3,14.6
2022-02-26,Machakos,0.0,27.5,15.5
2022-02-27,Machakos,0.0,27.8,14.5
2022-02-28,Machakos,0.0,26.9,14.7
2022-03-01,Machakos,17.2,24.6,14.7
2022-03-02,Machakos,0.0,27.8,14.5
2022-03-03,Machakos,0.0,24.6,14.3
2022-03-04,Machakos,5.2,25.4,11.9
2022-03-05,Machakos,17.5,22.3,12.5
2022-03-06,Machakos,11.6,27.1,15.3
2022-03-07,Machakos,4.7,25.7,13.8
2022-03-08,Machakos,0.0,27.0,13.5
2022-03-09,Machakos,,28.7,13.0
2022-03-10,Machakos,0.0,24.9,13.9
2022-03-11,Machakos,0.0,27.0,12.2
2022-03-12,Machakos,0.0,30.2,13.8
2022-03-13,Machakos,20.5,23.2,14.3
2022-03-14,Machakos,0.0,26.3,13.8
2022-03-15,Machakos,0.0,23.7,14.4
2022-03-16,Machakos,0.0,30.3,14.2
2022-03-17,Machakos,0.0,27.0,13.4
2022-03-18,Machakos,0.0,26.9,14.0
2022-03-19,Machakos,2.6,28.4,15.8
2022-03-20,Machakos,0.0,28.1,15.4
2022-03-21,Machakos,0.0,26.6,14.0
2022-03-22,machakos,0.0,26.7,14.5
2022-03-23,Machakos,trace,27.5,17.5
2022-03-24,Machakos,0.9,27.6,14.9
2022-03-25,Machakos,0.0,29.9,15.6
2022-03-26,Machakos,0.0,29.9,14.4
2022-03-27,Machakos,0.0,26.2,14.4
2022-03-28,Machakos,0.0,28.1,14.3
2022-03-29,Machakos,5.3,26.6,14.2
2022-03-30,Machakos,0.0,28.4,15.6
2022-03-31,Machakos,0.0,28.5,14.4
2022-04-01,Machakos,6.2,26.7,14.5
2022-04-02,Machakos,0.9,24.8,12.9
2022-04-03,Machakos,8.3,27.4,14.2
2022-04-04,Machakos,0.0,29.2,14.2
2022-04-05,Machakos,0.0,29.5,14.8
2022-04-06,Machakos,12.6,26.9,13.0
2022-04-07,Machakos,8.4,25.9,13.4
2022-04-08,Machakos,19.8,30.4,14.3
2022-04-09,Machakos,0.3,27.7,14.1
2022-04-10,Machakos,0.0,28.7,15.1
2022-04-11,MACHAKOS,10.8,25.6,15.3
2022-04-12,Machakos,34.0,27.7,14.1
2022-04-13,Machakos ,2.9,28.6,14.0
2022-04-14,Machakos,18.5,27.4,14.8
2022-04-15,Machakos,10.3,27.2,13.5
2022-04-16,Machakos,0.0,27.5,13.6
2022-04-17,Machakos,1.6,30.7,12.9
2022-04-18,Machakos,1.2,28.3,14.3
2022-04-19,Machakos,12.6,24.9,15.1
2022-04-20,Machakos,0.0,25.7,13.7
2022-04-21,Machakos,,30.8,15.4
2022-04-22,Machakos,64.2,27.7,13.5
2022-04-23,Machakos ,52.1,27.8,15.0
2022-04-24,Machakos,0.0,28.0,15.7
2022-04-25,Machakos,1.2,29.9,15.1
2022-04-26,machakos,21.5,27.2,15.4
2022-04-27,Machakos,4.2,26.7,13.3
2022-04-28,Machakos,6.0,,15.5
2022-04-29,Machakos,0.5,27.8,15.6
2022-04-30,Machakos,21.1,25.8,15.5
2022-05-01,Machakos,2.7,30.3,14.2
2022-05-02,Machakos,0.0,27.7,13.7
2022-05-03,Machakos,0.0,25.8,15.5
2022-05-04,Machakos,0.0,29.0,15.2
2022-05-05,Machakos,15.7,25.7,14.2
2022-05-06,Machakos,0.0,29.4,16.5
2022-05-07,MACHAKOS,0.0,29.8,14.0
2022-05-08,Machakos,0.0,29.9,15.5
2022-05-09,Machakos,17.8,27.3,14.7
2022-05-10,Machakos,0.0,30.5,14.0
2022-05-11,Machakos,40.8,27.6,14.0
2022-05-12,Machakos,13.7,24.8,14.9
2022-05-13,Machakos,22.5,29.8,13.4
2022-05-14,Machakos,0.0,28.6,13.5
2022-05-15,Machakos,14.7,27.8,14.6
2022-05-16,Machakos,0.0,26.2,15.7
2022-05-17,Machakos,0.0,30.5,15.9
2022-05-18,Machakos,0.0,28.5,14.9
2022-05-19,Machakos,0.0,28.6,14.3
2022-05-20,Machakos,25.5,29.0,13.1
2022-05-21,Machakos,13.3,27.8,14.7
2022-05-22,Machakos,20.5,29.6,13.6
2022-05-23,Machakos,0.0,28.2,14.2
2022-05-24,Machakos,86.5,28.5,15.0
2022-05-25,Machakos,0.0,27.9,16.7
2022-05-26,Machakos,9.2,24.7,14.3
2022-05-27,Machakos,0.0,28.1,13.7
2022-05-28,Machakos,0.0,26.9,16.4
2022-05-29,Machakos,0.0,27.9,15.1
2022-05-30,Machakos,22.7,24.4,14.7
2022-05-31,Machakos,0.0,25.8,13.5
2022-06-01,Machakos,0.0,27.8,13.0
2022-06-02,Machakos,0.0,29.0,15.5
2022-06-03,Machakos,15.4,28.3,15.9
2022-06-04,Machakos,0.0,28.0,17.5
2022-06-05,Machakos,0.0,29.0,14.3
2022-06-06,machakos,0.0,30.9,15.3
2022-06-07,Machakos,0.0,29.6,14.5
2022-06-08,Machakos,0.0,30.7,14.2
2022-06-09,Machakos,,14.2,27.6
2022-06-10,MACHAKOS,0.0,28.7,16.0
2022-06-11,Machakos,0.0,27.4,14.5
2022-06-12,Machakos,0.0,26.4,14.0
2022-06-13,Machakos,0.0,28.0,15.6
2022-06-14,Machakos,0.0,26.2,16.2
2022-06-15,MACHAKOS,0.0,31.7,15.0
2022-06-16,Machakos,0.0,30.1,16.7
2022-06-17,Machakos,15.9,27.9,13.9
2022-06-18,Machakos,0.0,29.9,14.2
2022-06-19,Machakos,0.0,31.3,15.9
2022-06-20,Machakos,22.7,28.3,12.5
2022-06-21,MACHAKOS,0.0,28.4,15.7
2022-06-22,Machakos,0.0,27.6,14.7
2022-06-23,machakos,0.0,27.8,14.8
2022-06-24,Machakos,0.0,31.9,15.2
2022-06-25,Machakos,0.0,28.7,14.0
2022-06-26,Machakos,0.0,29.0,
2022-06-27,Machakos,0.0,28.1,13.9
2022-06-28,Machakos,0.0,27.0,14.3
2022-06-29,Machakos,0.0,30.2,16.0
2022-06-30,Machakos,0.0,29.4,13.4
2022-07-01,Machakos,0.0,29.2,15.5
2022-07-02,Machakos,9.4,28.2,14.6
2022-07-03,Machakos,0.0,29.2,15.6
2022-07-04,Machakos ,0.0,27.5,15.4
2022-07-05,Machakos,0.0,28.6,13.0
2022-07-06,Machakos,21.5,26.7,15.3
2022-07-07,MACHAKOS,0.0,27.8,14.6
2022-07-08,Machakos,6.2,26.5,15.5
2022-07-09,Machakos,0.0,27.8,14.4
2022-07-10,Machakos,0.0,27.6,
2022-07-11,Machakos,0.0,26.2,13.3
2022-07-12,Machakos,0.0,28.5,13.6
2022-07-13,Machakos,0.0,28.3,14.7
2022-07-14,Machakos,19.3,24.7,15.4
2022-07-15,Machakos,0.0,27.0,13.9
2022-07-16,Machakos,1.7,30.6,14.1
2022-07-17,Machakos,0.0,28.9,14.7
2022-07-18,Machakos,0.0,25.3,15.8
2022-07-19,Machakos,0.0,29.3,15.3
2022-07-20,Machakos,0.0,29.5,14.1
2022-07-21,Machakos,0.0,26.9,15.2
2022-07-22,Machakos,0.0,29.6,12.8
2022-07-23,Machakos,0.0,13.5,28.5
2022-07-24,Machakos,0.0,28.3,15.5
2022-07-25,Machakos,0.0,27.7,14.5
2022-07-26,machakos,0.0,29.2,15.0
2022-07-27,Machakos,0.0,28.2,15.0
2022-07-28,Machakos,0.0,27.8,15.9
2022-07-29,Machakos,0.0,27.7,14.6
2022-07-30,Machakos,0.0,27.3,15.0
2022-07-31,MACHAKOS,17.9,27.1,13.6
2022-08-01,Machakos,0.0,29.1,15.5
2022-08-02,Machakos,0.0,26.4,14.7
2022-08-03,Machakos,3.5,29.6,12.9
2022-08-04,Machakos,0.0,26.1,14.4
2022-08-05,Machakos,0.0,27.4,15.8
2022-08-06,Machakos,17.0,26.5,15.3
2022-08-07,Machakos,0.0,24.9,14.6
2022-08-08,Machakos,23.6,26.3,14.5
2022-08-09,Machakos ,0.0,23.9,13.8
2022-08-10,Machakos,12.1,26.6,15.0
2022-08-11,Machakos,0.0,25.0,14.0
2022-08-12,Machakos,0.0,28.0,12.6
2022-08-13,Machakos,6.9,25.7,14.6
2022-08-14,Machakos ,6.1,23.2,13.9
2022-08-15,Machakos,0.0,28.9,14.0
2022-08-16,Machakos,0.0,28.9,15.3
2022-08-17,Machakos,0.0,28.0,16.2
2022-08-18,Machakos,18.2,25.5,14.8
2022-08-19,Machakos,0.0,29.5,12.1
2022-08-20,Machakos,0.0,27.3,13.8
2022-08-21,Machakos,0.0,25.5,14.1
2022-08-22,Machakos,0.0,27.3,13.8
2022-08-23,Machakos,0.0,24.8,11.6
2022-08-24,Machakos,0.0,27.0,13.8
2022-08-25,Machakos,,31.7,12.7
2022-08-26,Machakos,0.0,30.2,14.5
2022-08-27,MACHAKOS,0.0,29.7,12.8
2022-08-28,Machakos,0.0,27.0,14.8
2022-08-29,Machakos,0.0,29.7,
2022-08-30,Machakos,20.3,26.2,14.5
2022-08-31,Machakos,0.0,29.3,14.2
2022-09-01,Machakos,0.0,27.5,12.6
2022-09-02,Machakos,0.0,27.5,13.6
2022-09-03,Machakos,0.0,28.1,13.1
2022-09-04,Machakos,9.9,25.5,13.9
2022-09-05,Machakos,0.0,27.3,13.9
2022-09-06,Machakos,4.7,28.1,13.4
2022-09-07,Machakos,17.7,25.3,14.5
2022-09-08,Machakos,0.0,25.6,12.5
2022-09-09,Machakos,0.0,26.7,14.4
2022-09-10,Machakos,0.0,27.5,11.7
2022-09-11,Machakos ,0.0,27.2,12.2
2022-09-12,Machakos,0.0,28.0,13.4
2022-09-13,Machakos,0.0,22.9,12.6
2022-09-14,Machakos,0.0,30.0,11.9
2022-09-15,Machakos,0.0,24.0,14.0
2022-09-16,Machakos,0.0,26.9,14.3
2022-09-17,Machakos ,0.0,27.6,14.0
2022-09-18,Machakos,0.0,29.6,14.7
2022-09-19,Machakos,0.0,26.8,13.8
2022-09-20,Machakos,0.0,25.4,12.1
2022-09-21,Machakos,0.0,25.7,13.8
2022-09-22,Machakos,0.0,27.3,15.4
2022-09-23,Machakos,0.5,26.9,13.8
2022-09-24,MACHAKOS,0.0,25.8,13.9
2022-09-25,Machakos,0.0,24.9,13.9
2022-09-26,Machakos,0.0,25.5,13.3
2022-09-27,Machakos,0.0,27.0,15.0
2022-09-28,Machakos,0.0,25.5,13.0
2022-09-29,Machakos,0.0,26.1,13.0
2022-09-30,Machakos,0.0,,12.7
2022-10-01,machakos,0.0,31.1,12.1
2022-10-02,Machakos,0.0,29.3,12.7
2022-10-03,Machakos,1.1,30.2,12.6
2022-10-04,Machakos,0.0,25.6,13.0
2022-10-05,Machakos,0.0,26.3,13.7
2022-10-06,Machakos,0.0,24.9,13.1
2022-10-07,Machakos,0.0,26.0,13.7
2022-10-08,Machakos,0.8,27.1,14.2
2022-10-09,Machakos,0.0,26.7,14.3
2022-10-10,Machakos,14.0,27.1,13.8
2022-10-11,Machakos,0.0,27.3,13.3
2022-10-12,Machakos,0.0,28.7,12.7
2022-10-13,Machakos,9.3,23.5,14.6
2022-10-14,Machakos,0.0,25.3,13.2
2022-10-15,MACHAKOS,0.0,24.6,11.5
2022-10-16,Machakos,17.1,24.9,13.1
2022-10-17,MACHAKOS,0.0,27.1,13.9
2022-10-18,Machakos,0.0,25.1,14.6
2022-10-19,Machakos,8.2,24.0,11.5
2022-10-20,MACHAKOS,0.7,27.8,11.3
2022-10-21,Machakos,0.0,25.6,14.0
2022-10-22,machakos,0.0,29.1,12.0
2022-10-23,Machakos,0.0,24.7,14.0
2022-10-24,Machakos,26.9,25.3,13.0
2022-10-25,Machakos,1.2,25.8,12.5
2022-10-26,Machakos,,26.0,12.2
2022-10-27,Machakos,41.2,27.0,13.6
2022-10-28,Machakos,0.0,27.9,13.8
2022-10-29,Machakos,0.0,27.4,12.9
2022-10-30,Machakos,0.0,25.8,12.2
2022-10-31,Machakos ,0.0,26.6,12.1
2022-11-01,Machakos,13.0,28.0,12.4
2022-11-02,Machakos,0.0,25.2,14.0
2022-11-03,Machakos,trace,28.9,14.8
2022-11-04,Machakos,0.0,26.7,14.2
2022-11-05,Machakos,0.0,28.3,11.8
2022-11-06,Machakos,0.0,25.8,13.3
2022-11-07,MACHAKOS,0.0,26.7,12.9
2022-11-08,MACHAKOS,10.2,22.6,13.5
2022-11-09,Machakos,11.3,22.6,13.6
2022-11-10,Machakos,0.0,25.1,12.4
2022-11-11,Machakos,0.0,27.4,12.9
2022-11-12,Machakos,17.8,24.7,12.5
2022-11-13,MACHAKOS,0.0,26.9,12.2
2022-11-14,Machakos,16.8,23.8,13.1
2022-11-15,Machakos,,26.2,12.4
2022-11-16,Machakos,0.0,27.5,14.1
2022-11-17,machakos,0.0,27.1,12.5
2022-11-18,Machakos,15.3,24.6,13.6
2022-11-19,Machakos,12.5,26.4,13.0
2022-11-20,Machakos,0.0,28.1,14.3
2022-11-21,MACHAKOS,0.0,24.5,12.4
2022-11-22,Machakos,0.0,23.2,12.1
2022-11-23,machakos,1.1,,10.2
2022-11-24,Machakos,0.0,27.0,13.9
2022-11-25,Machakos,0.0,26.2,13.1
2022-11-26,MACHAKOS,0.0,25.8,13.8
2022-11-27,Machakos,0.0,27.4,13.9
2022-11-28,machakos,0.0,25.8,13.7
2022-11-29,Machakos,0.0,27.0,12.6
2022-11-30,Machakos,0.0,24.6,13.8
2022-12-01,Machakos,0.0,29.1,11.6
2022-12-02,Machakos,14.3,24.9,12.2
2022-12-03,Machakos,0.0,25.2,11.6
2022-12-04,Machakos,18.8,25.1,12.8
2022-12-05,Machakos,0.0,26.7,14.3
2022-12-06,machakos,0.0,27.9,12.9
2022-12-07,Machakos,0.0,28.4,13.7
2022-12-08,Machakos ,20.9,24.7,12.1
2022-12-09,Machakos,0.0,29.6,15.0
2022-12-10,Machakos,0.0,25.2,13.0
2022-12-11,Machakos,1.9,25.4,12.4
2022-12-12,Machakos,0.0,26.4,13.5
2022-12-13,Machakos,0.0,25.8,
2022-12-14,Machakos,13.3,22.9,13.0
2022-12-15,Machakos,0.0,27.0,13.9
2022-12-16,Machakos,,27.0,11.8
2022-12-17,Machakos,1.9,25.5,13.3
2022-12-18,Machakos,6.8,24.8,12.5
2022-12-19,Machakos,0.0,27.8,14.2
2022-12-20,Machakos,0.9,29.4,12.7
2022-12-21,Machakos,49.6,24.6,13.1
2022-12-22,Machakos,0.0,25.2,11.6
2022-12-23,Machakos,0.0,26.8,13.3
2022-12-24,Machakos,0.0,24.6,13.8
2022-12-25,Machakos,8.3,26.8,12.8
2022-12-26,Machakos,1.6,27.6,12.0
2022-12-27,Machakos,0.0,26.0,14.6
2022-12-28,MACHAKOS,0.0,26.6,13.6
2022-12-29,Machakos,0.0,27.0,13.4
2022-12-30,Machakos,0.0,24.8,13.1
2022-12-31,Machakos,0.0,26.4,13.5
2023-01-01,Machakos,0.0,26.0,13.2
2023-01-02,Machakos,0.0,29.4,13.3
2023-01-03,Machakos,0.0,28.0,12.5
2023-01-04,Machakos,0.0,29.4,12.1
2023-01-05,Machakos,0.0,27.9,14.2
2023-01-06,Machakos,0.0,26.6,14.1
2023-01-07,Machakos ,0.0,27.5,12.8
2023-01-08,Machakos,0.0,27.3,14.3
2023-01-09,Machakos,0.0,24.4,13.4
2023-01-10,Machakos,0.0,25.8,11.8
2023-01-11,Machakos,0.0,24.9,14.2
2023-01-12,Machakos,0.0,23.8,12.5
2023-01-13,Machakos ,0.0,25.4,12.7
2023-01-14,Machakos,,27.9,14.2
2023-01-15,Machakos,0.0,25.0,13.9
2023-01-16,Machakos,0.0,24.9,10.4
2023-01-17,Machakos,0.0,27.0,13.9
2023-01-18,machakos,0.0,23.9,13.4
2023-01-19,Machakos,0.0,24.9,13.0
2023-01-20,Machakos,0.0,25.5,13.7
2023-01-21,MACHAKOS,0.0,25.1,14.8
2023-01-22,Machakos,0.0,28.6,13.7
2023-01-23,Machakos,0.0,24.8,13.5
2023-01-24,Machakos,0.0,24.3,14.2
2023-01-25,Machakos,0.0,27.3,13.1
2023-01-26,Machakos,0.0,28.6,13.0
2023-01-27,MACHAKOS,0.0,29.2,12.0
2023-01-28,Machakos,0.0,27.9,12.8
2023-01-29,Machakos ,0.0,26.3,12.3
2023-01-30,Machakos,0.0,26.7,12.2
2023-01-31,Machakos,0.0,26.7,12.5
2023-02-01,machakos,0.0,25.9,12.4
2023-02-02,Machakos,1.6,26.0,13.2
2023-02-03,machakos,0.0,26.4,15.2
2023-02-04,Machakos,,27.2,13.5
2023-02-05,machakos,0.0,28.9,13.1
2023-02-06,Machakos,0.0,26.1,12.7
2023-02-07,Machakos,0.0,30.1,13.1
2023-02-08,Machakos,0.0,25.7,14.0
2023-02-09,Machakos,1.7,27.8,14.0
2023-02-10,Machakos,0.0,25.4,13.3
2023-02-11,Machakos,0.0,24.7,13.5
2023-02-12,Machakos,0.0,29.0,12.9
2023-02-13,Machakos,0.0,26.6,14.2
2023-02-14,Machakos,0.0,28.0,15.9
2023-02-15,Machakos,0.0,28.9,14.8
2023-02-16,Machakos,0.0,28.4,13.8
2023-02-17,Machakos,,28.5,15.2
2023-02-18,Machakos,0.0,27.8,14.4
2023-02-19,Machakos,0.0,27.8,15.5
2023-02-20,Machakos,0.0,30.4,14.7
2023-02-21,Machakos,0.0,29.5,15.2
2023-02-22,Machakos,0.0,27.3,13.7
2023-02-23,Machakos,0.0,26.8,13.2
2023-02-24,MACHAKOS,0.0,25.7,13.8
2023-02-25,Machakos,0.0,26.7,13.8
2023-02-26,Machakos,0.0,27.3,14.1
2023-02-27,machakos,37.8,26.1,14.2
2023-02-28,Machakos,4.2,25.3,13.8
2023-03-01,Machakos,0.0,23.3,14.0
2023-03-02,Machakos,3.9,31.5,15.9
2023-03-03,Machakos,0.0,24.9,14.5
2023-03-04,machakos,0.0,27.6,14.6
2023-03-05,Machakos,0.0,28.0,14.1
2023-03-06,Machakos,0.0,27.2,14.5
2023-03-07,machakos,0.0,25.8,13.7
2023-03-08,Machakos,0.0,26.1,12.3
2023-03-09,Machakos,0.0,28.5,13.2
2023-03-10,Machakos,0.0,27.7,15.2
2023-03-11,Machakos,0.0,25.9,15.0
2023-03-12,Machakos,9.3,27.4,15.8
2023-03-13,Machakos,0.0,27.9,14.6
2023-03-14,Machakos,4.3,29.3,13.7
2023-03-15,Machakos,0.0,29.5,13.3
2023-03-16,Machakos,0.0,28.3,14.6
2023-03-17,Machakos,0.0,27.6,14.4
2023-03-18,Machakos,0.0,28.3,12.8
2023-03-19,Machakos,0.0,28.6,12.9
2023-03-20,machakos,24.0,23.8,14.1
2023-03-21,Machakos,1.9,28.0,15.0
2023-03-22,Machakos,0.0,30.8,13.9
2023-03-23,MACHAKOS,0.0,27.1,14.6
2023-03-24,Machakos,0.0,,13.7
2023-03-25,Machakos,0.0,24.8,13.2
2023-03-26,Machakos,0.0,26.6,15.1
2023-03-27,Machakos,0.0,28.3,14.2
2023-03-28,Machakos,0.0,27.3,14.3
2023-03-29,machakos,0.0,25.4,
2023-03-30,Machakos,0.0,27.8,13.8
2023-03-31,Machakos,5.6,24.3,14.9
2023-04-01,Machakos,22.5,25.5,12.6
2023-04-02,Machakos,6.4,26.0,15.5
2023-04-03,Machakos,0.0,27.3,16.7
2023-04-04,Machakos,0.0,28.7,13.7
2023-04-05,Machakos,0.8,30.2,15.9
2023-04-06,Machakos,7.4,25.8,
2023-04-07,Machakos,0.0,29.5,14.4
2023-04-08,Machakos,0.0,29.8,14.7
2023-04-09,Machakos,0.0,26.8,14.1
2023-04-10,Machakos,28.6,27.3,13.9
2023-04-11,machakos,0.0,26.9,14.4
2023-04-12,Machakos,25.5,25.9,14.1
2023-04-13,Machakos,0.0,28.6,15.0
2023-04-14,Machakos,13.3,25.0,16.5
2023-04-15,Machakos,0.0,27.9,12.7
2023-04-16,Machakos,0.0,27.1,
2023-04-17,Machakos,0.0,29.7,15.6
2023-04-18,Machakos,2.9,26.6,15.7
2023-04-19,Machakos,12.6,25.6,15.7
2023-04-20,Machakos,5.2,30.2,14.1
2023-04-21,Machakos,1.8,26.8,15.6
2023-04-22,machakos,0.0,28.9,14.7
2023-04-23,Machakos,0.0,27.7,12.5
2023-04-24,Machakos,0.0,30.0,13.2
2023-04-25,Machakos,13.1,25.5,15.4
2023-04-26,Machakos,8.7,26.4,13.4
2023-04-27,Machakos,24.6,27.6,14.8
2023-04-28,Machakos,0.0,30.3,16.5
2023-04-29,Machakos,trace,29.5,16.1
2023-04-30,Machakos,0.0,26.0,15.8
2023-05-01,Machakos,0.0,26.9,15.1
2023-05-02,Machakos ,0.0,29.2,13.8
2023-05-03,Machakos,3.9,30.1,14.0
2023-05-04,Machakos,4.1,29.7,16.6
2023-05-05,Machakos,0.0,29.9,15.2
2023-05-06,Machakos,0.0,27.0,15.5
2023-05-07,Machakos,33.3,24.1,14.4
2023-05-08,Machakos,0.0,27.9,13.8
2023-05-09,Machakos,0.0,27.7,16.5
2023-05-10,Machakos,0.0,27.6,14.6
2023-05-11,Machakos,0.0,27.3,15.2
2023-05-12,Machakos,0.0,27.8,14.6
2023-05-13,Machakos,9.4,26.3,16.1
2023-05-14,Machakos,0.0,28.0,15.0
2023-05-15,Machakos,40.2,26.3,14.6
2023-05-16,Machakos,0.0,99.9,15.4
2023-05-17,Machakos,0.0,27.7,13.3
2023-05-18,Machakos,0.0,28.5,15.0
2023-05-19,Machakos,2.3,30.3,13.9
2023-05-20,Machakos,0.0,29.4,14.3
2023-05-21,Machakos,0.0,27.2,15.0
2023-05-22,Machakos,7.8,27.0,14.6
2023-05-23,Machakos,0.0,29.8,15.6
2023-05-24,Machakos,0.0,31.0,16.0
2023-05-25,Machakos,1.2,29.6,15.1
2023-05-26,Machakos,,29.8,14.9
2023-05-27,Machakos,0.0,28.3,15.1
2023-05-28,Machakos,0.0,29.8,13.9
2023-05-29,Machakos,0.0,27.0,14.4
2023-05-30,Machakos,0.0,28.6,16.0
2023-05-31,Machakos,0.0,30.8,14.8
2023-06-01,Machakos,42.9,26.9,14.1
2023-06-02,Machakos,0.0,29.8,15.4
2023-06-03,Machakos,5.7,26.7,16.6
2023-06-04,Machakos,0.0,28.4,16.3
2023-06-05,Machakos,0.0,28.3,15.6
2023-06-06,Machakos,0.0,27.9,15.0
2023-06-07,Machakos,0.0,31.5,14.5
2023-06-08,MACHAKOS,0.0,28.5,14.4
2023-06-09,Machakos,0.0,26.0,14.5
2023-06-10,Machakos,0.0,25.8,17.5
2023-06-11,Machakos,17.4,28.7,12.6
2023-06-12,Machakos,0.0,27.1,15.0
2023-06-13,Machakos,0.0,29.1,16.1
2023-06-14,Machakos,0.0,31.7,16.4
2023-06-15,Machakos,8.4,22.1,14.6
2023-06-16,Machakos,0.0,27.9,13.5
2023-06-17,Machakos,10.4,26.1,16.7
2023-06-18,Machakos,0.7,27.9,16.4
2023-06-19,Machakos,1.1,26.9,12.8
2023-06-20,machakos,33.1,27.3,15.2
2023-06-21,Machakos,0.0,28.7,14.8
2023-06-22,Machakos,2.0,28.5,15.3
2023-06-23,Machakos,7.4,26.8,16.0
2023-06-24,Machakos,0.0,27.1,14.4
2023-06-25,Machakos,0.0,29.5,14.5
2023-06-26,Machakos,0.0,27.7,16.5
2023-06-27,machakos,0.0,29.8,16.1
2023-06-28,Machakos,4.7,28.4,17.3
2023-06-29,Machakos,0.0,29.2,13.4
2023-06-30,Machakos,0.0,30.1,14.2
2023-07-01,Machakos,0.0,29.4,14.8
2023-07-02,Machakos,3.0,28.7,14.2
2023-07-03,Machakos ,0.0,27.9,15.8
2023-07-04,Machakos,0.0,29.7,15.9
2023-07-05,Machakos,0.0,99.9,15.8
2023-07-06,Machakos,0.0,27.9,15.0
2023-07-07,Machakos ,0.0,28.1,13.6
2023-07-08,Machakos,0.0,26.5,14.9
2023-07-09,Machakos,0.0,29.0,14.9
2023-07-10,Machakos,0.0,28.7,15.1
2023-07-11,Machakos,0.0,29.8,15.1
2023-07-12,Machakos,14.7,27.1,15.5
2023-07-13,MACHAKOS,0.0,30.3,12.2
2023-07-14,Machakos,0.0,29.3,12.3
2023-07-15,Machakos,0.0,27.3,15.5
2023-07-16,machakos,0.0,28.9,15.6
2023-07-17,Machakos,0.0,28.4,14.5
2023-07-18,Machakos,0.0,28.6,14.4
2023-07-19,Machakos,0.0,29.9,14.1
2023-07-20,Machakos,0.0,28.9,13.9
2023-07-21,Machakos,0.0,27.8,16.7
2023-07-22,Machakos,33.8,25.5,14.5
2023-07-23,MACHAKOS,trace,25.8,15.4
2023-07-24,Machakos,0.0,28.9,14.6
2023-07-25,Machakos,0.0,30.6,15.0
2023-07-26,Machakos,0.0,29.4,16.6
2023-07-27,Machakos,0.0,27.6,12.5
2023-07-28,Machakos,0.0,30.2,14.7
2023-07-29,Machakos,0.0,29.7,14.4
2023-07-30,Machakos,0.0,30.8,14.7
2023-07-31,Machakos,0.0,29.4,14.0
2023-08-01,Machakos,0.0,25.7,12.9
2023-08-02,Machakos,11.4,28.5,14.3
2023-08-03,Machakos,0.0,26.2,14.1
2023-08-04,Machakos,0.0,28.9,14.3
2023-08-05,Machakos,0.0,29.9,14.2
2023-08-06,Machakos,0.0,27.1,14.9
2023-08-07,Machakos ,0.0,29.7,14.4
2023-08-08,Machakos,-999,26.2,14.5
2023-08-09,Machakos,0.0,29.0,14.9
2023-08-10,MACHAKOS,0.0,29.2,14.1
2023-08-11,Machakos,0.0,29.4,14.8
2023-08-12,Machakos,0.0,27.6,14.8
2023-08-13,Machakos,0.0,26.6,12.3
2023-08-14,Machakos,0.0,,14.4
2023-08-15,Machakos,30.3,29.9,13.4
2023-08-16,Machakos,6.2,23.7,14.2
2023-08-17,Machakos,0.0,23.1,13.9
2023-08-18,Machakos,0.0,30.6,13.7
2023-08-19,machakos,0.0,26.9,14.5
2023-08-20,Machakos,0.0,29.3,15.0
2023-08-21,MACHAKOS,0.0,27.3,13.5
2023-08-22,Machakos,0.0,27.3,14.8
2023-08-23,Machakos,0.0,28.2,
2023-08-24,Machakos,0.0,27.7,13.9
2023-08-25,Machakos,0.0,27.6,12.7
2023-08-26,Machakos,0.0,25.7,11.9
2023-08-27,Machakos ,0.0,27.9,14.7
2023-08-28,Machakos,0.0,14.3,26.2
2023-08-29,Machakos,21.0,25.5,13.8
2023-08-30,Machakos ,22.6,26.2,13.3
2023-08-31,Machakos,0.0,30.0,13.9
2023-09-01,Machakos,0.0,27.9,13.5
2023-09-02,Machakos,13.2,25.8,13.3
2023-09-03,MACHAKOS,0.0,28.3,12.9
2023-09-04,MACHAKOS,0.0,28.3,13.5
2023-09-05,Machakos,0.0,27.3,13.4
2023-09-06,Machakos,0.0,27.3,13.5
2023-09-07,Machakos,0.0,28.1,13.5
2023-09-08,Machakos,,24.0,15.7
2023-09-09,Machakos,0.0,28.4,13.5
2023-09-10,Machakos,0.0,27.7,12.7
2023-09-11,Machakos,0.0,30.5,15.0
2023-09-12,Machakos,13.3,25.6,13.3
2023-09-13,Machakos,0.0,27.5,12.2
2023-09-14,Machakos,0.0,26.8,16.2
2023-09-15,Machakos,0.0,25.2,13.8
2023-09-16,Machakos,0.0,24.8,12.2
2023-09-17,Machakos,0.0,26.9,11.8
2023-09-18,Machakos,0.0,31.0,14.3
2023-09-19,Machakos,0.0,27.2,14.6
2023-09-20,Machakos,0.0,27.9,14.3
2023-09-21,Machakos,0.0,26.9,14.5
2023-09-22,Machakos,0.0,27.5,13.5
2023-09-23,Machakos,0.0,28.2,13.3
2023-09-24,Machakos,0.0,25.6,12.8
2023-09-25,Machakos,0.0,26.5,12.9
2023-09-26,Machakos,0.0,26.8,14.9
2023-09-27,Machakos,0.0,27.1,12.0
2023-09-28,Machakos,9.7,24.3,11.6
2023-09-29,Machakos,12.8,25.4,11.5
2023-09-30,Machakos,0.0,24.6,14.9
2023-10-01,Machakos,0.0,27.5,14.4
2023-10-02,Machakos,0.0,25.8,12.5
2023-10-03,Machakos,2.3,28.1,15.2
2023-10-04,Machakos,1.3,25.4,14.0
2023-10-05,Machakos,0.0,26.9,14.4
2023-10-06,Machakos,0.0,27.2,13.3
2023-10-07,Machakos,14.0,24.5,14.1
2023-10-08,Machakos,0.0,25.8,12.3
2023-10-09,Machakos,0.0,28.2,13.3
2023-10-10,Machakos,12.7,25.3,14.4
2023-10-11,Machakos,0.0,27.1,14.1
2023-10-12,MACHAKOS,0.0,27.5,13.0
2023-10-13,Machakos,0.0,28.2,13.2
2023-10-14,Machakos,36.8,23.9,12.0
2023-10-15,Machakos,0.0,25.4,13.5
2023-10-16,Machakos,0.0,25.6,13.7
2023-10-17,MACHAKOS,0.0,26.1,12.9
2023-10-18,Machakos,9.9,25.1,12.0
2023-10-19,machakos,0.0,25.5,12.9
2023-10-20,Machakos,0.0,28.1,13.2
2023-10-21,Machakos,0.0,26.5,14.8
2023-10-22,Machakos,0.0,25.5,15.0
2023-10-23,Machakos,0.0,25.1,12.9
2023-10-24,MACHAKOS,0.0,23.7,14.3
2023-10-25,Machakos,0.0,22.6,12.6
2023-10-26,Machakos,13.4,24.9,12.9
2023-10-27,Machakos,0.0,25.2,11.8
2023-10-28,Machakos,0.0,27.0,15.0
2023-10-29,Machakos,0.0,27.5,12.8
2023-10-30,Machakos,0.8,22.6,14.6
2023-10-31,Machakos,0.0,23.2,13.8
2023-11-01,machakos,11.1,22.2,13.8
2023-11-02,Machakos,0.0,28.0,13.4
2023-11-03,Machakos,0.0,27.2,12.4
2023-11-04,Machakos,23.9,27.5,11.0
2023-11-05,Machakos,6.1,22.4,14.3
2023-11-06,Machakos,,22.5,12.7
2023-11-07,Machakos,0.0,23.8,14.5
2023-11-08,Machakos,10.7,22.0,13.5
2023-11-09,Machakos,0.0,24.1,13.8
2023-11-10,Machakos,0.0,26.2,13.2
2023-11-11,Machakos,9.8,24.8,13.2
2023-11-12,Machakos,0.0,26.3,13.2
2023-11-13,Machakos,0.0,26.0,11.7
2023-11-14,Machakos,0.0,24.3,10.8
2023-11-15,Machakos,1.7,25.4,12.2
2023-11-16,Machakos ,1.0,23.5,
2023-11-17,Machakos,0.0,27.0,11.5
2023-11-18,Machakos,0.0,26.2,12.9
2023-11-19,Machakos,0.0,24.5,13.2
2023-11-20,Machakos,0.0,26.3,12.8
2023-11-21,Machakos,14.4,25.3,12.6
2023-11-22,Machakos,0.0,25.9,11.9
2023-11-23,Machakos,0.0,27.4,13.5
2023-11-24,Machakos,4.2,23.8,11.0
2023-11-25,Machakos,0.0,23.4,13.6
2023-11-26,Machakos,0.0,25.6,13.3
2023-11-27,MACHAKOS,10.2,23.7,12.5
2023-11-28,Machakos,6.0,,12.3
2023-11-29,Machakos,0.0,27.5,11.5
2023-11-30,Machakos,31.7,23.4,12.8
2023-12-01,Machakos,0.0,25.1,13.9
2023-12-02,Machakos,0.0,23.8,12.2
2023-12-03,Machakos,0.0,25.0,12.0
2023-12-04,Machakos,19.4,22.7,12.8
2023-12-05,Machakos,0.0,25.4,
2023-12-06,Machakos,0.0,25.7,13.1
2023-12-07,Machakos,0.0,25.6,14.6
2023-12-08,Machakos,,25.8,13.1
2023-12-09,Machakos,0.0,27.0,13.5
2023-12-10,Machakos,0.0,24.9,13.8
2023-12-11,Machakos,28.1,24.5,13.7
2023-12-12,Machakos,0.0,24.7,12.5
2023-12-13,Machakos,0.0,26.4,12.9
2023-12-14,Machakos,13.1,25.4,13.7
2023-12-15,Machakos,0.0,25.7,12.1
2023-12-16,Machakos,0.0,26.2,14.2
2023-12-17,Machakos,0.0,26.6,12.6
2023-12-18,Machakos,0.6,26.6,12.0
2023-12-19,machakos,18.9,25.8,13.2
2023-12-20,MACHAKOS,40.5,23.5,12.4
2023-12-21,machakos,0.0,26.0,13.1
2023-12-22,Machakos,0.0,,12.6
2023-12-23,Machakos,0.0,25.5,12.6
2023-12-24,Machakos,0.7,26.1,13.4
2023-12-25,Machakos,0.0,26.2,13.0
2023-12-26,Machakos,0.0,25.0,13.2
2023-12-27,Machakos,0.7,25.7,15.2
2023-12-28,Machakos,0.0,26.1,12.2
2023-12-29,Machakos,0.0,28.9,14.2
2023-12-30,Machakos,0.0,26.9,13.9
2023-12-31,Machakos,0.0,27.8,13.3
2024-01-01,Machakos,0.0,25.5,11.9
2024-01-02,Machakos,0.0,27.3,13.3
2024-01-03,Machakos,0.0,27.5,13.2
2024-01-04,Machakos,4.8,26.2,13.6
2024-01-05,Machakos,0.0,25.9,13.2
2024-01-06,Machakos,0.0,28.1,14.2
2024-01-07,Machakos,0.0,25.0,14.4
2024-01-08,Machakos,0.0,25.9,15.1
2024-01-09,Machakos,0.0,24.6,12.3
2024-01-10,machakos,0.0,27.0,14.3
2024-01-11,Machakos,0.0,28.1,11.5
2024-01-12,Machakos,0.0,27.9,13.2
2024-01-13,Machakos,0.0,26.1,12.7
2024-01-14,Machakos,0.0,25.7,11.9
2024-01-15,Machakos,0.0,25.1,13.4
2024-01-16,Machakos,0.0,25.6,13.0
2024-01-17,Machakos ,0.0,27.8,12.0
2024-01-18,Machakos,0.0,25.7,12.1
2024-01-19,Machakos,0.0,24.8,13.5
2024-01-20,Machakos,0.0,27.2,13.3
2024-01-21,Machakos,0.0,26.3,15.0
2024-01-22,Machakos,0.0,24.2,13.3
2024-01-23,Machakos,0.0,23.6,
2024-01-24,Machakos,0.0,23.4,13.9
2024-01-25,Machakos,0.0,26.0,12.8
2024-01-26,Machakos,0.0,24.9,14.0
2024-01-27,Machakos,0.0,26.5,13.6
2024-01-28,Machakos,0.0,27.8,13.7
2024-01-29,Machakos,0.0,27.6,11.9
2024-01-30,Machakos,0.3,25.5,14.4
2024-01-31,Machakos,0.0,27.0,13.5
2024-02-01,Machakos,0.0,26.1,13.7
2024-02-02,MACHAKOS,0.0,28.1,13.9
2024-02-03,Machakos,0.0,23.2,15.5
2024-02-04,Machakos,42.7,24.9,13.5
2024-02-05,Machakos,0.0,27.6,12.3
2024-02-06,Machakos,28.4,22.9,13.1
2024-02-07,Machakos ,0.0,25.3,14.4
2024-02-08,machakos,0.0,26.8,12.7
2024-02-09,Machakos,0.0,26.7,12.9
2024-02-10,Machakos,0.0,25.5,12.5
2024-02-11,Machakos,0.0,25.2,11.8
2024-02-12,Machakos,0.0,25.3,14.0
2024-02-13,Machakos ,0.0,26.6,14.2
2024-02-14,Machakos,0.0,27.2,15.1
2024-02-15,Machakos,0.0,25.8,13.1
2024-02-16,Machakos,0.0,25.3,14.5
2024-02-17,Machakos,0.0,25.8,16.1
2024-02-18,Machakos,0.0,26.5,14.9
2024-02-19,Machakos,0.0,27.2,13.9
2024-02-20,Machakos,0.0,26.4,13.9
2024-02-21,Machakos,0.0,27.0,14.1
2024-02-22,Machakos,0.0,27.8,13.6
2024-02-23,Machakos,0.0,29.3,13.7
2024-02-24,MACHAKOS,0.0,30.4,14.5
2024-02-25,Machakos,0.0,32.7,12.8
2024-02-26,Machakos,0.0,26.1,15.4
2024-02-27,machakos,0.0,27.7,13.6
2024-02-28,Machakos,0.0,28.4,14.4
2024-02-29,Machakos,0.0,27.1,
2024-03-01,machakos,0.0,25.8,15.1
2024-03-02,Machakos,0.0,29.5,14.1
2024-03-03,MACHAKOS,0.0,28.5,13.2
2024-03-04,Machakos,2.1,26.0,13.1
2024-03-05,Machakos ,0.0,28.0,12.9
2024-03-06,Machakos,0.0,28.2,14.9
2024-03-07,Machakos,5.1,29.0,13.4
2024-03-08,Machakos,4.9,25.8,14.1
2024-03-09,Machakos,0.0,26.3,12.7
2024-03-10,Machakos,24.8,28.5,14.3
2024-03-11,Machakos,10.5,25.3,14.8
2024-03-12,Machakos,5.8,25.2,14.3
2024-03-13,Machakos,0.0,24.0,15.6
2024-03-14,Machakos,9.3,26.0,13.3
2024-03-15,Machakos ,10.6,26.6,16.6
2024-03-16,Machakos,0.0,27.5,13.9
2024-03-17,Machakos,0.0,28.3,15.3
2024-03-18,Machakos,0.0,27.3,15.5
2024-03-19,Machakos,0.0,28.3,13.7
2024-03-20,machakos,10.5,23.2,15.2
2024-03-21,Machakos,0.1,25.1,14.6
2024-03-22,machakos,0.0,29.2,15.6
2024-03-23,Machakos,0.0,29.3,14.9
2024-03-24,Machakos,0.0,27.5,12.8
2024-03-25,Machakos,0.0,28.6,14.2
2024-03-26,Machakos,0.0,27.5,12.8
2024-03-27,Machakos,0.0,99.9,14.1
2024-03-28,Machakos,0.0,27.5,13.3
2024-03-29,Machakos ,0.0,29.7,13.4
2024-03-30,Machakos,1.4,27.8,14.5
2024-03-31,Machakos,0.0,28.3,13.9
2024-04-01,Machakos,0.0,27.9,14.9
2024-04-02,Machakos,0.0,27.8,14.3
2024-04-03,MACHAKOS,0.0,28.9,13.3
2024-04-04,Machakos ,9.1,27.5,14.5
2024-04-05,Machakos,0.0,26.4,13.9
2024-04-06,Machakos,4.7,28.5,13.4
2024-04-07,Machakos,3.5,25.8,15.2
2024-04-08,Machakos,13.2,26.1,15.9
2024-04-09,Machakos,0.0,28.2,16.5
2024-04-10,Machakos,15.7,24.8,14.6
2024-04-11,Machakos,0.0,27.6,14.2
2024-04-12,Machakos,2.0,27.9,14.4
2024-04-13,Machakos,0.0,29.6,14.3
2024-04-14,Machakos,0.0,27.8,14.8
2024-04-15,Machakos,0.0,27.7,13.3
2024-04-16,Machakos,0.0,25.6,14.3
2024-04-17,Machakos,0.0,25.8,15.3
2024-04-18,Machakos,0.0,28.5,14.9
2024-04-19,Machakos,0.0,26.9,15.2
2024-04-20,Machakos,0.0,29.7,12.2
2024-04-21,Machakos,0.0,28.3,13.0
2024-04-22,Machakos,36.3,25.4,14.2
2024-04-23,Machakos,16.2,25.1,15.2
2024-04-24,Machakos,17.4,27.4,15.5
2024-04-25,MACHAKOS,0.0,28.2,15.3
2024-04-26,Machakos,0.0,29.8,16.9
2024-04-27,Machakos,0.0,29.2,12.3
2024-04-28,Machakos,0.0,29.7,13.2
2024-04-29,Machakos,0.0,25.5,15.8
2024-04-30,Machakos,23.8,29.0,14.0
2024-05-01,Machakos,0.0,29.3,17.8
2024-05-02,Machakos,0.8,29.8,13.8
2024-05-03,Machakos,0.0,15.1,27.7
2024-05-04,Machakos ,0.7,28.6,15.3
2024-05-05,Machakos,1.1,31.4,14.8
2024-05-06,Machakos,0.0,29.2,16.3
2024-05-07,Machakos,0.0,28.5,15.8
2024-05-08,Machakos,20.6,27.2,14.5
2024-05-09,Machakos,0.0,31.6,14.7
2024-05-10,Machakos,25.2,28.1,17.1
2024-05-11,Machakos,4.6,27.7,14.2
2024-05-12,Machakos,7.3,26.4,16.7
2024-05-13,Machakos,0.0,27.4,16.2
2024-05-14,Machakos,18.7,28.4,16.3
2024-05-15,Machakos ,0.0,30.3,14.3
2024-05-16,Machakos,0.0,29.8,14.9
2024-05-17,Machakos,8.4,25.1,15.1
2024-05-18,Machakos,0.0,29.3,16.1
2024-05-19,Machakos ,0.0,27.8,17.1
2024-05-20,Machakos,14.5,27.0,16.3
2024-05-21,Machakos,5.5,26.3,15.1
2024-05-22,Machakos,0.0,27.5,17.5
2024-05-23,Machakos,2.3,29.7,14.0
2024-05-24,Machakos ,11.5,29.7,14.6
2024-05-25,Machakos,0.0,27.2,16.4
2024-05-26,Machakos,17.6,27.6,15.8
2024-05-27,Machakos,0.0,29.0,16.5
2024-05-28,Machakos,34.6,24.5,12.8
2024-05-29,Machakos,0.8,29.9,16.4
2024-05-30,Machakos,,28.8,
2024-05-31,Machakos,0.0,27.1,15.8
2024-06-01,Machakos,2.0,29.2,14.5
2024-06-02,Machakos,,25.5,15.5
2024-06-03,Machakos,0.0,30.6,15.6
2024-06-04,Machakos,0.0,29.1,15.0
2024-06-05,Machakos,0.0,31.9,15.3
2024-06-06,Machakos,25.9,26.4,14.8
2024-06-07,Machakos,0.0,31.5,17.0
2024-06-08,Machakos,20.3,25.6,15.0
2024-06-09,Machakos,0.0,28.7,14.7
2024-06-10,Machakos,0.0,31.5,15.4
2024-06-11,Machakos,0.0,29.1,15.3
2024-06-12,Machakos,1.7,26.8,13.0
2024-06-13,Machakos,0.0,26.9,14.5
2024-06-14,Machakos,0.0,30.6,13.8
2024-06-15,Machakos,0.0,31.4,16.3
2024-06-16,Machakos,0.0,31.4,14.7
2024-06-17,Machakos,,28.5,15.7
2024-06-18,Machakos,1.4,29.3,14.1
2024-06-19,Machakos,0.0,28.5,15.9
2024-06-20,Machakos,7.9,26.1,15.2
2024-06-21,Machakos,6.9,26.3,17.1
2024-06-22,Machakos,1.8,27.2,14.5
2024-06-23,Machakos,0.0,27.9,13.3
2024-06-24,Machakos,0.0,26.4,14.6
2024-06-25,Machakos,0.0,29.8,15.8
2024-06-26,Machakos,11.5,27.2,14.3
2024-06-27,Machakos,0.0,28.1,15.3
2024-06-28,Machakos,0.0,30.6,14.2
2024-06-29,Machakos,0.0,27.2,14.9
2024-06-30,Machakos,0.0,29.0,13.9
2024-07-01,Machakos,0.0,28.4,15.4
2024-07-02,Machakos,0.0,29.5,
2024-07-03,Machakos,9.8,27.0,15.2
2024-07-04,MACHAKOS,0.0,27.6,14.4
2024-07-05,machakos,1.4,31.9,15.6
2024-07-06,Machakos,0.0,26.3,14.9
2024-07-07,Machakos,0.0,26.1,14.9
2024-07-08,Machakos,0.0,27.9,14.7
2024-07-09,Machakos,2.9,29.9,13.7
2024-07-10,MACHAKOS,0.0,28.8,14.1
2024-07-11,Machakos,0.0,29.2,13.3
2024-07-12,Machakos,0.0,27.4,16.0
2024-07-13,Machakos,0.0,28.6,15.5
2024-07-14,Machakos,12.6,26.7,13.3
2024-07-15,Machakos,0.0,26.4,14.7
2024-07-16,Machakos,0.0,26.4,15.2
2024-07-17,Machakos,0.0,29.3,14.1
2024-07-18,Machakos,0.0,26.7,12.9
2024-07-19,Machakos,0.0,28.6,14.9
2024-07-20,Machakos,0.0,30.9,15.2
2024-07-21,Machakos,0.0,25.3,16.8
2024-07-22,Machakos,0.0,29.7,13.3
2024-07-23,Machakos,10.1,26.4,13.6
2024-07-24,Machakos,0.0,27.6,15.2
2024-07-25,Machakos,0.0,27.5,14.1
2024-07-26,Machakos ,0.0,28.5,13.5
2024-07-27,Machakos,0.0,28.4,14.4
2024-07-28,Machakos,3.2,27.9,16.3
2024-07-29,Machakos,0.0,29.0,15.0
2024-07-30,Machakos,0.0,26.7,14.9
2024-07-31,MACHAKOS,0.0,28.1,14.4
2024-08-01,Machakos,0.0,27.0,12.8
2024-08-02,Machakos,0.0,26.5,15.6
2024-08-03,Machakos,0.0,28.4,14.7
2024-08-04,Machakos,0.0,29.8,14.6
2024-08-05,Machakos,0.0,26.0,16.1
2024-08-06,Machakos,0.0,27.0,15.0
2024-08-07,Machakos,0.0,26.0,14.4
2024-08-08,Machakos,0.0,29.0,16.4
2024-08-09,Machakos,0.0,28.3,13.0
2024-08-10,Machakos,0.0,27.4,13.4
2024-08-11,Machakos,0.0,27.7,14.0
2024-08-12,Machakos,0.0,25.6,14.8
2024-08-13,Machakos,0.0,29.1,14.3
2024-08-14,machakos,0.0,25.9,16.6
2024-08-15,Machakos,0.0,24.6,14.3
2024-08-16,Machakos,0.0,28.5,11.2
2024-08-17,Machakos,0.0,25.6,14.7
2024-08-18,Machakos,5.7,27.5,15.3
2024-08-19,Machakos,0.0,29.4,14.4
2024-08-20,Machakos,0.0,27.8,14.1
2024-08-21,machakos,0.0,26.7,13.3
2024-08-22,Machakos,0.0,25.8,12.7
2024-08-23,Machakos,0.0,27.6,14.7
2024-08-24,Machakos,7.3,25.6,15.0
2024-08-25,Machakos,0.0,25.7,13.6
2024-08-26,Machakos,0.0,28.2,14.0
2024-08-27,Machakos ,35.0,26.7,15.0
2024-08-28,Machakos,11.8,23.8,16.1
2024-08-29,Machakos,0.0,27.9,15.0
2024-08-30,Machakos ,0.0,25.5,13.2
2024-08-31,Machakos,0.0,28.3,
2024-09-01,Machakos,5.4,27.4,15.7
2024-09-02,Machakos,0.0,28.1,15.4
2024-09-03,MACHAKOS,0.0,28.6,14.3
2024-09-04,Machakos,0.0,25.5,13.6
2024-09-05,Machakos,0.0,28.6,13.7
2024-09-06,Machakos,0.0,27.9,14.0
2024-09-07,Machakos,0.0,25.3,15.3
2024-09-08,Machakos,0.0,27.9,14.0
2024-09-09,Machakos,0.0,27.0,14.6
2024-09-10,Machakos,0.0,25.8,12.8
2024-09-11,Machakos,0.0,26.9,13.6
2024-09-12,Machakos,1.5,26.0,14.4
2024-09-13,Machakos,0.0,26.1,14.5
2024-09-14,Machakos,0.0,28.9,14.8
2024-09-15,Machakos,0.0,26.5,13.1
2024-09-16,Machakos,18.3,24.9,14.6
2024-09-17,Machakos,0.0,27.9,14.4
2024-09-18,Machakos,10.6,23.8,11.6
2024-09-19,Machakos,0.0,27.5,13.0
2024-09-20,Machakos,0.0,28.6,13.3
2024-09-21,Machakos,0.0,26.5,15.9
2024-09-22,MACHAKOS,0.0,26.1,14.4
2024-09-23,Machakos,0.0,28.6,13.4
2024-09-24,Machakos,40.0,26.3,12.9
2024-09-25,Machakos,-999,27.9,12.6
2024-09-26,Machakos,0.0,25.2,13.1
2024-09-27,Machakos,0.0,29.5,13.8
2024-09-28,Machakos,0.0,24.4,14.2
2024-09-29,Machakos,0.0,28.7,13.7
2024-09-30,Machakos,0.0,28.7,14.5
2024-10-01,Machakos,0.0,26.7,13.1
2024-10-02,Machakos,5.9,26.4,14.2
2024-10-03,Machakos,8.8,22.6,13.6
2024-10-04,Machakos,0.0,28.5,12.5
2024-10-05,Machakos,2.1,26.7,14.6
2024-10-06,Machakos,13.4,24.6,12.6
2024-10-07,Machakos,0.0,26.0,14.1
2024-10-08,Machakos,0.0,24.7,13.7
2024-10-09,Machakos,1.5,26.3,14.0
2024-10-10,Machakos,0.0,27.6,12.3
2024-10-11,machakos,0.0,25.5,12.5
2024-10-12,Machakos,2.2,28.2,12.8
2024-10-13,Machakos,0.0,25.9,14.0
2024-10-14,Machakos,0.0,27.0,13.5
2024-10-15,Machakos,0.1,25.5,14.1
2024-10-16,Machakos,0.0,27.8,12.7
2024-10-17,Machakos,0.0,28.9,13.9
2024-10-18,Machakos,0.0,26.6,14.6
2024-10-19,Machakos,0.0,28.6,13.5
2024-10-20,Machakos ,0.0,,12.9
2024-10-21,Machakos,59.6,26.0,13.8
2024-10-22,Machakos,0.0,26.8,13.5
2024-10-23,Machakos,0.0,29.4,11.9
2024-10-24,Machakos,0.0,25.5,12.7
2024-10-25,Machakos,58.6,26.5,11.3
2024-10-26,Machakos,,27.0,12.5
2024-10-27,MACHAKOS,0.0,26.3,13.7
2024-10-28,MACHAKOS,0.0,26.2,12.6
2024-10-29,Machakos,0.0,28.1,15.0
2024-10-30,Machakos,0.0,29.1,13.2
2024-10-31,Machakos,0.0,27.2,13.5
2024-11-01,Machakos,6.4,25.7,12.1
2024-11-02,Machakos,40.4,23.4,12.6
2024-11-03,Machakos,0.0,25.3,13.6
2024-11-04,MACHAKOS,0.0,25.8,12.9
2024-11-05,Machakos,16.9,25.2,12.2
2024-11-06,Machakos,0.0,26.9,12.9
2024-11-07,Machakos,0.0,27.1,12.4
2024-11-08,Machakos,0.0,27.5,13.3
2024-11-09,Machakos,0.0,24.2,13.2
2024-11-10,Machakos,0.0,26.7,13.4
2024-11-11,machakos,1.5,26.1,14.2
2024-11-12,Machakos,0.0,23.5,11.5
2024-11-13,Machakos,0.0,27.7,13.1
2024-11-14,machakos,30.0,23.9,10.5
2024-11-15,Machakos,0.0,28.1,12.2
2024-11-16,Machakos,20.0,27.4,13.3
2024-11-17,Machakos,0.0,24.9,12.9
2024-11-18,Machakos,0.0,23.1,12.7
2024-11-19,Machakos ,0.0,25.8,12.1
2024-11-20,Machakos,0.0,25.0,13.6
2024-11-21,Machakos ,0.0,28.6,11.2
2024-11-22,Machakos,0.8,23.6,12.3
2024-11-23,Machakos,0.0,26.4,13.4
2024-11-24,Machakos,0.0,28.0,12.5
2024-11-25,Machakos,28.8,22.1,12.2
2024-11-26,Machakos,0.0,25.0,12.9
2024-11-27,Machakos,21.9,22.8,11.6
2024-11-28,Machakos,0.0,26.9,14.5
2024-11-29,Machakos,0.0,25.4,13.0
2024-11-30,Machakos,4.2,26.7,13.6
2024-12-01,Machakos,0.0,28.4,13.7
2024-12-02,Machakos,0.0,26.0,13.2
2024-12-03,Machakos,0.0,24.6,13.8
2024-12-04,MACHAKOS,0.0,28.0,14.4
2024-12-05,Machakos,0.0,23.5,12.1
2024-12-06,Machakos,11.8,22.8,13.7
2024-12-07,Machakos,0.0,24.5,13.9
2024-12-08,Machakos,10.8,23.3,12.0
2024-12-09,Machakos,0.0,24.6,
2024-12-10,Machakos,0.0,26.2,12.8
2024-12-11,Machakos,0.0,29.8,13.9
2024-12-12,Machakos,0.0,22.6,11.6
2024-12-13,Machakos,0.0,27.2,14.7
2024-12-14,Machakos,6.7,23.7,13.3
2024-12-15,Machakos,0.0,26.6,12.9
2024-12-16,Machakos,0.0,25.2,13.6
2024-12-17,machakos,0.0,26.8,13.9
2024-12-18,Machakos,38.4,21.7,
2024-12-19,Machakos ,0.0,25.7,13.1
2024-12-20,Machakos,0.0,24.9,13.6
2024-12-21,Machakos,2.5,26.6,13.0
2024-12-22,Machakos,0.9,27.2,13.6
2024-12-23,machakos,0.0,24.3,14.3
2024-12-24,Machakos,0.0,26.2,14.0
2024-12-25,Machakos,0.0,28.5,14.4
2024-12-26,Machakos,0.0,28.0,12.9
2024-12-27,Machakos,2.3,28.1,11.7
2024-12-28,Machakos,0.0,23.5,12.7
2024-12-29,Machakos,28.7,24.4,14.0
2024-12-30,Machakos,27.5,23.8,11.8
2024-12-31,Machakos,0.0,26.3,12.7
2025-01-01,machakos,0.0,26.4,12.5
2025-01-02,Machakos,0.0,27.7,14.0
2025-01-03,Machakos,0.0,23.1,14.2
2025-01-04,Machakos,10.7,26.3,13.4
2025-01-05,Machakos,0.0,27.9,12.9
2025-01-06,Machakos,0.0,25.9,12.7
2025-01-07,Machakos ,0.0,26.1,13.4
2025-01-08,Machakos,0.0,25.1,13.9
2025-01-09,Machakos,,25.6,13.8
2025-01-10,Machakos,0.0,25.5,11.9
2025-01-11,Machakos,0.0,24.8,12.8
2025-01-12,Machakos,0.0,26.5,14.6
2025-01-13,Machakos,0.0,24.7,14.1
2025-01-14,Machakos,0.0,24.6,12.8
2025-01-15,machakos,0.0,26.2,14.0
2025-01-16,Machakos,,26.4,13.5
2025-01-17,Machakos,7.9,26.0,14.6
2025-01-18,Machakos,0.0,24.8,13.5
2025-01-19,Machakos,0.0,26.5,13.5
2025-01-20,Machakos,0.0,26.7,13.2
2025-01-21,Machakos,0.0,25.2,15.7
2025-01-22,Machakos,0.0,28.9,13.5
2025-01-23,Machakos,0.0,24.5,12.0
2025-01-24,Machakos,0.0,25.3,11.8
2025-01-25,Machakos,0.0,28.0,13.7
2025-01-26,Machakos,0.0,24.2,14.4
2025-01-27,Machakos,0.0,26.2,12.1
2025-01-28,Machakos,0.0,25.5,14.5
2025-01-29,Machakos,0.0,25.7,12.8
2025-01-30,Machakos,6.8,24.9,15.3
2025-01-31,Machakos,,27.9,13.6
2025-02-01,Machakos ,0.0,27.5,14.6
2025-02-02,Machakos,60.2,24.5,15.0
2025-02-03,Machakos,0.0,26.3,13.7
2025-02-04,Machakos,0.0,29.3,14.9
2025-02-05,Machakos,0.0,25.6,13.6
2025-02-06,Machakos,0.0,28.1,13.3
2025-02-07,Machakos,14.8,24.8,15.1
2025-02-08,Machakos,0.0,25.7,13.2
2025-02-09,Machakos ,0.0,29.0,13.8
2025-02-10,Machakos,60.8,27.0,14.5
2025-02-11,Machakos,18.6,21.9,13.0
2025-02-12,Machakos,0.0,28.0,15.7
2025-02-13,Machakos,0.0,27.4,12.8
2025-02-14,Machakos,0.0,25.7,13.6
2025-02-15,Machakos,0.0,28.8,15.0
2025-02-16,Machakos,0.0,25.1,14.6
2025-02-17,Machakos,0.0,25.2,15.2
2025-02-18,Machakos,0.0,27.3,13.4
2025-02-19,Machakos,0.0,26.7,13.8
2025-02-20,Machakos,0.0,27.0,12.7
2025-02-21,Machakos,0.0,27.2,12.9
2025-02-22,Machakos,0.0,28.2,14.6
2025-02-23,Machakos,0.0,,14.8
2025-02-24,Machakos,0.0,27.5,12.8
2025-02-25,Machakos,0.0,27.2,13.9
2025-02-26,Machakos,0.0,25.9,14.3
2025-02-27,Machakos ,0.0,25.2,13.8
2025-02-28,Machakos,0.0,25.9,13.2
2025-03-01,Machakos,16.6,25.4,14.9
2025-03-02,Machakos,0.0,26.9,13.8
2025-03-03,machakos,20.3,25.8,14.0
2025-03-04,Machakos,0.0,28.6,15.6
2025-03-05,Machakos,0.0,27.0,14.4
2025-03-06,Machakos,0.0,27.9,14.4
2025-03-07,Machakos,0.0,28.0,13.1
2025-03-08,Machakos,0.0,29.6,15.4
2025-03-09,Machakos,0.0,25.7,12.1
2025-03-10,Machakos,8.2,28.2,15.2
2025-03-11,Machakos,0.0,26.3,15.2
2025-03-12,Machakos,9.7,24.3,13.2
2025-03-13,Machakos,6.6,26.1,13.8
2025-03-14,Machakos,0.0,27.9,16.0
2025-03-15,Machakos,1.2,28.9,14.5
2025-03-16,Machakos,0.0,27.3,13.6
2025-03-17,Machakos,14.6,22.0,14.6
2025-03-18,Machakos,0.0,26.5,13.3
2025-03-19,Machakos,17.1,22.8,14.9
2025-03-20,Machakos,0.0,28.5,13.9
2025-03-21,Machakos,0.0,26.7,14.7
2025-03-22,Machakos,0.0,28.7,11.8
2025-03-23,MACHAKOS,0.0,26.2,16.6
2025-03-24,Machakos,0.0,29.9,14.0
2025-03-25,machakos,0.0,30.7,12.4
2025-03-26,Machakos,0.0,27.8,14.2
2025-03-27,Machakos,0.0,28.1,13.6
2025-03-28,Machakos,0.0,27.6,15.1
2025-03-29,Machakos,0.0,28.9,14.3
2025-03-30,Machakos,0.0,30.2,15.0
2025-03-31,Machakos,0.0,29.6,14.4
2025-04-01,Machakos,6.5,24.9,15.8
2025-04-02,Machakos,0.0,27.2,14.3
2025-04-03,Machakos,0.6,28.6,16.0
2025-04-04,Machakos,1.1,24.7,15.8
2025-04-05,Machakos,0.0,29.3,14.5
2025-04-06,Machakos,22.1,25.4,14.9
2025-04-07,Machakos,2.7,29.9,14.4
2025-04-08,MACHAKOS,,31.1,13.8
2025-04-09,Machakos,0.0,27.8,14.8
2025-04-10,machakos,0.0,28.1,15.4
2025-04-11,Machakos,0.0,30.1,14.4
2025-04-12,Machakos,0.0,26.9,14.3
2025-04-13,Machakos,14.2,26.1,15.7
2025-04-14,Machakos,0.0,27.7,14.3
2025-04-15,Machakos,18.8,24.8,13.1
2025-04-16,Machakos,0.0,27.4,13.4
2025-04-17,Machakos,0.0,30.2,15.0
2025-04-18,MACHAKOS,0.0,29.2,14.3
2025-04-19,Machakos,34.2,26.8,12.9
2025-04-20,Machakos,0.0,28.2,14.4
2025-04-21,Machakos,0.0,29.7,15.7
2025-04-22,Machakos,0.0,31.9,12.6
2025-04-23,MACHAKOS,0.0,26.0,15.5
2025-04-24,Machakos,0.0,26.9,14.9
2025-04-25,Machakos,,25.8,14.6
2025-04-26,Machakos,7.9,27.8,17.1
2025-04-27,Machakos,0.0,30.1,14.8
2025-04-28,MACHAKOS,0.0,26.7,13.8
2025-04-29,Machakos,8.1,29.2,16.2
2025-04-30,Machakos,4.4,31.1,14.9
2025-05-01,Machakos,0.0,30.2,14.3
2025-05-02,Machakos,0.0,27.1,14.9
2025-05-03,Machakos,0.0,29.8,16.4
2025-05-04,Machakos,0.1,28.4,12.3
2025-05-05,Machakos,0.7,29.3,15.5
2025-05-06,Machakos,0.0,27.5,15.6
2025-05-07,Machakos,0.0,28.6,14.2
2025-05-08,Machakos,0.0,26.2,14.8
2025-05-09,Machakos,0.0,29.9,15.1
2025-05-10,Machakos,0.0,28.9,15.9
2025-05-11,machakos,0.0,29.0,15.4
2025-05-12,Machakos,0.0,27.2,14.0
2025-05-13,Machakos,0.0,31.8,15.0
2025-05-14,Machakos,4.0,29.0,15.4
2025-05-15,Machakos,10.6,29.4,14.1
2025-05-16,Machakos,5.3,27.2,16.1
2025-05-17,Machakos,1.1,30.1,17.2
2025-05-18,Machakos,0.0,29.7,16.0
2025-05-19,Machakos,0.0,28.1,15.6
2025-05-20,Machakos,0.0,27.9,14.0
2025-05-21,Machakos,0.0,,14.1
2025-05-22,MACHAKOS,0.0,31.0,15.1
2025-05-23,Machakos,20.1,26.0,16.1
2025-05-24,machakos,0.0,31.4,15.3
2025-05-25,Machakos ,0.0,28.9,16.1
2025-05-26,Machakos,19.1,26.9,15.3
2025-05-27,Machakos,0.0,28.9,14.9
2025-05-28,Machakos,0.0,30.4,14.9
2025-05-29,Machakos,0.0,27.1,14.5
2025-05-30,Machakos,2.2,25.8,15.5
2025-05-31,Machakos,0.0,29.1,15.0
2025-06-01,Machakos,0.0,29.0,14.2
2025-06-02,Machakos,,29.8,14.2
2025-06-03,Machakos,3.8,27.4,15.4
2025-06-04,Machakos,24.3,26.4,14.0
2025-06-05,Machakos,15.4,28.1,13.2
2025-06-06,Machakos ,0.0,31.3,14.5
2025-06-07,Machakos,0.0,30.9,13.6
2025-06-08,MACHAKOS,0.0,26.1,15.7
2025-06-09,Machakos,0.0,27.8,16.6
2025-06-10,Machakos,0.0,28.1,14.0
2025-06-11,machakos,0.0,31.3,15.4
2025-06-12,Machakos,0.0,27.9,14.8
2025-06-13,Machakos,0.0,28.0,15.7
2025-06-14,Machakos,0.0,30.9,17.0
2025-06-15,Machakos,0.0,28.4,14.8
2025-06-16,Machakos,0.0,26.9,15.9
2025-06-17,Machakos,13.1,25.2,16.0
2025-06-18,Machakos,0.0,28.2,16.5
2025-06-19,machakos,0.0,27.5,15.2
2025-06-20,MACHAKOS,0.0,28.3,13.4
2025-06-21,MACHAKOS,0.0,28.6,14.2
2025-06-22,Machakos,17.7,25.8,13.5
2025-06-23,Machakos,0.0,26.6,14.9
2025-06-24,Machakos,14.1,28.0,13.3
2025-06-25,Machakos,0.0,29.2,15.3
2025-06-26,Machakos,0.0,32.1,13.7
2025-06-27,Machakos,18.0,27.6,15.9
2025-06-28,MACHAKOS,50.9,27.1,15.0
2025-06-29,MACHAKOS,0.0,26.5,13.4
2025-06-30,Machakos,0.0,29.8,14.3
01/01/2019,Meru,0.0,26.4,14.2
02/01/2019,Meru,0.0,25.1,12.8
03/01/2019,Meru,0.0,25.2,13.6
04/01/2019,Meru,0.0,25.8,14.8
05/01/2019,Meru,0.0,24.9,12.1
06/01/2019,Meru,10.0,23.0,14.1
07/01/2019,Meru,0.0,25.2,12.7
08/01/2019,Meru,0.0,21.5,11.9
09/01/2019,Meru,0.0,25.6,13.7
10/01/2019,Meru,0.0,24.8,11.5
11/01/2019,Meru,0.0,23.8,12.5
12/01/2019,Meru,4.8,24.7,14.6
13/01/2019,Meru,0.0,22.7,14.7
14/01/2019,Meru,0.0,26.0,14.3
15/01/2019,Meru,0.0,23.2,12.4
16/01/2019,MERU,0.0,25.6,13.7
17/01/2019,Meru,0.0,25.3,13.5
18/01/2019,Meru,0.0,23.3,14.4
19/01/2019,Meru,0.0,23.9,14.0
20/01/2019,Meru,0.0,24.0,13.5
21/01/2019,Meru,0.0,24.8,11.8
22/01/2019,Meru,14.0,22.2,14.3
23/01/2019,Meru,0.0,22.6,14.1
24/01/2019,Meru,0.0,26.5,13.1
25/01/2019,Meru ,0.0,25.5,12.8
26/01/2019,Meru,0.0,25.8,13.8
27/01/2019,Meru ,0.0,23.1,12.7
28/01/2019,Meru,0.0,25.2,14.2
29/01/2019,meru,0.0,25.4,15.0
30/01/2019,Meru ,0.0,27.9,13.6
31/01/2019,Meru,0.0,24.0,12.8
01/02/2019,meru,0.0,25.6,12.5
02/02/2019,Meru,0.0,24.6,14.0
03/02/2019,Meru,47.7,,11.8
04/02/2019,Meru,0.0,24.4,12.4
05/02/2019,Meru,0.0,24.8,13.8
06/02/2019,Meru,0.0,23.6,12.8
07/02/2019,Meru,0.0,25.8,14.3
08/02/2019,Meru,0.0,26.1,12.5
09/02/2019,Meru ,0.0,25.0,13.1
10/02/2019,Meru,12.8,23.5,15.2
11/02/2019,Meru,0.0,25.6,14.1
12/02/2019,Meru,0.0,26.2,13.5
13/02/2019,Meru,0.0,20.8,13.2
14/02/2019,Meru,0.0,20.8,13.4
15/02/2019,Meru,0.0,25.6,13.4
16/02/2019,Meru,0.0,24.2,14.2
17/02/2019,Meru,0.0,26.5,12.9
18/02/2019,Meru,0.0,25.4,13.5
19/02/2019,meru,0.0,29.0,13.2
20/02/2019,Meru,0.0,23.2,11.3
21/02/2019,Meru,0.0,23.9,12.1
22/02/2019,MERU,0.0,24.5,12.4
23/02/2019,Meru,3.4,24.5,16.7
24/02/2019,Meru,0.0,24.5,12.7
25/02/2019,Meru,0.0,26.2,11.6
26/02/2019,Meru,3.2,23.9,13.3
27/02/2019,Meru,0.0,25.5,14.3
28/02/2019,Meru,0.0,24.5,13.8
01/03/2019,Meru,0.0,27.0,13.9
02/03/2019,Meru,0.0,,14.4
03/03/2019,Meru,2.4,22.9,13.8
04/03/2019,Meru,2.9,26.3,14.3
05/03/2019,Meru,0.0,28.3,14.7
06/03/2019,Meru ,0.0,25.2,12.0
07/03/2019,Meru,7.5,23.9,13.2
08/03/2019,Meru ,0.0,26.7,15.5
09/03/2019,Meru,0.0,30.4,13.9
10/03/2019,Meru,0.0,28.7,14.3
11/03/2019,Meru,0.0,25.8,15.1
12/03/2019,Meru,0.0,26.5,14.5
13/03/2019,Meru,0.0,24.8,14.0
14/03/2019,Meru,0.0,25.5,13.0
15/03/2019,Meru ,0.0,27.3,13.9
16/03/2019,meru,5.1,25.2,14.7
17/03/2019,Meru,0.0,21.4,14.9
18/03/2019,Meru,1.0,27.0,15.2
19/03/2019,Meru,0.0,26.8,13.3
20/03/2019,Meru,12.1,24.0,16.0
21/03/2019,Meru,0.0,27.8,14.3
22/03/2019,Meru,0.0,25.6,15.0
23/03/2019,Meru,0.0,26.5,13.0
24/03/2019,Meru,18.7,23.7,14.6
25/03/2019,Meru,8.6,22.5,14.4
26/03/2019,Meru,0.0,26.4,14.1
27/03/2019,Meru,0.0,27.0,14.7
28/03/2019,Meru,0.0,24.6,16.4
29/03/2019,Meru,5.1,26.1,15.2
30/03/2019,Meru,19.3,22.2,14.6
31/03/2019,Meru ,0.0,26.9,14.6
01/04/2019,Meru,0.0,26.9,15.7
02/04/2019,Meru,1.5,25.7,15.6
03/04/2019,Meru,3.6,25.2,14.7
04/04/2019,Meru,0.0,27.7,13.2
05/04/2019,Meru,0.0,30.0,12.6
06/04/2019,Meru,,23.6,15.0
07/04/2019,Meru,5.8,25.9,14.1
08/04/2019,Meru,0.0,24.8,13.6
09/04/2019,Meru ,0.0,27.4,13.2
10/04/2019,Meru,0.0,25.7,14.8
11/04/2019,MERU,0.0,24.9,15.2
12/04/2019,Meru,0.0,26.0,16.2
13/04/2019,Meru,0.0,27.9,14.0
14/04/2019,Meru,0.0,27.9,15.5
15/04/2019,Meru,0.0,27.5,14.4
16/04/2019,Meru,5.7,,14.3
17/04/2019,meru,0.0,25.1,14.6
18/04/2019,Meru,0.0,25.8,15.1
19/04/2019,Meru,1.6,27.5,15.5
20/04/2019,MERU,5.6,24.2,15.2
21/04/2019,Meru,2.4,28.1,13.9
22/04/2019,Meru ,3.1,26.0,14.9
23/04/2019,Meru ,0.0,24.2,16.1
24/04/2019,Meru,0.6,26.6,15.7
25/04/2019,Meru,0.0,27.2,15.0
26/04/2019,Meru,0.0,24.7,
27/04/2019,Meru,0.0,25.0,13.2
28/04/2019,Meru,0.0,28.5,14.3
29/04/2019,Meru,0.9,27.3,13.7
30/04/2019,Meru,0.0,29.1,13.5
01/05/2019,Meru,0.0,28.2,15.8
02/05/2019,Meru,0.0,25.1,14.3
03/05/2019,Meru,0.0,26.0,15.1
04/05/2019,Meru,22.1,24.5,13.9
05/05/2019,Meru,28.2,24.4,15.0
06/05/2019,Meru,0.0,27.4,15.0
07/05/2019,Meru,4.8,26.6,14.2
08/05/2019,Meru,10.1,25.2,15.6
09/05/2019,Meru,11.8,20.8,16.4
10/05/2019,MERU,1.3,28.6,13.6
11/05/2019,Meru,1.4,26.8,14.5
12/05/2019,Meru,,25.8,16.2
13/05/2019,Meru,29.1,24.2,15.0
14/05/2019,Meru,0.0,24.2,15.3
15/05/2019,Meru,13.5,24.8,16.8
16/05/2019,Meru,0.0,28.0,15.2
17/05/2019,Meru,16.6,23.7,15.4
18/05/2019,Meru,0.0,27.6,14.2
19/05/2019,Meru,0.0,29.1,14.6
20/05/2019,Meru,3.1,27.0,13.0
21/05/2019,Meru,1.2,26.6,13.8
22/05/2019,Meru,9.4,25.3,14.3
23/05/2019,Meru,15.1,23.9,15.1
24/05/2019,Meru,0.0,25.0,14.7
25/05/2019,meru,0.0,25.2,15.9
26/05/2019,Meru,0.0,28.9,16.0
27/05/2019,Meru,0.8,24.6,12.8
28/05/2019,Meru,0.0,29.3,16.4
29/05/2019,Meru,0.0,26.7,14.8
30/05/2019,Meru,0.0,26.7,13.5
31/05/2019,Meru,4.6,27.1,14.1
01/06/2019,Meru,0.0,27.4,13.5
02/06/2019,Meru,0.5,28.4,15.1
03/06/2019,Meru,0.0,25.7,14.8
04/06/2019,Meru ,0.0,26.8,16.3
05/06/2019,Meru,0.0,26.8,13.6
06/06/2019,Meru,4.4,28.3,14.8
07/06/2019,Meru,11.6,28.5,15.4
08/06/2019,Meru,0.0,27.9,16.6
09/06/2019,MERU,0.0,25.2,15.3
10/06/2019,Meru,14.0,24.8,14.7
11/06/2019,Meru,0.0,26.9,14.6
12/06/2019,Meru,0.0,26.1,15.7
13/06/2019,meru,0.0,26.0,15.5
14/06/2019,Meru,0.0,29.1,14.6
15/06/2019,Meru,3.5,27.4,14.7
16/06/2019,Meru,11.4,24.7,14.9
17/06/2019,Meru,6.0,24.7,13.6
18/06/2019,Meru,0.0,,13.9
19/06/2019,Meru,0.0,27.1,14.3
20/06/2019,Meru,0.0,27.8,13.6
21/06/2019,Meru,0.0,28.8,13.6
22/06/2019,meru,0.0,28.0,16.1
23/06/2019,Meru,0.0,27.3,14.6
24/06/2019,Meru,0.0,27.3,16.8
25/06/2019,Meru,0.0,26.7,16.0
26/06/2019,Meru,11.1,24.3,15.7
27/06/2019,Meru,0.0,24.2,14.1
28/06/2019,Meru,0.0,26.8,14.2
29/06/2019,Meru,0.0,28.3,15.5
30/06/2019,Meru,0.0,29.2,14.4
01/07/2019,Meru,0.0,25.5,13.3
02/07/2019,Meru ,0.0,24.7,14.1
03/07/2019,Meru,11.3,23.9,13.0
04/07/2019,Meru,0.0,27.9,15.3
05/07/2019,MERU,0.0,26.9,
06/07/2019,Meru,0.0,26.6,14.1
07/07/2019,Meru,,27.7,15.2
08/07/2019,Meru,0.0,26.5,15.2
09/07/2019,Meru,0.0,26.3,14.1
10/07/2019,Meru,4.1,24.8,
11/07/2019,meru,0.0,27.0,15.4
12/07/2019,Meru,0.0,26.1,13.5
13/07/2019,Meru,0.0,28.8,15.0
14/07/2019,Meru,3.2,27.0,14.2
15/07/2019,Meru,0.0,28.2,15.5
16/07/2019,Meru,0.0,25.2,15.4
17/07/2019,MERU,0.0,27.7,15.0
18/07/2019,Meru,0.0,26.4,13.6
19/07/2019,Meru,4.0,26.1,13.2
20/07/2019,meru,0.0,26.2,14.8
21/07/2019,Meru,0.0,27.2,12.7
22/07/2019,Meru,0.0,26.1,16.4
23/07/2019,Meru,0.0,27.9,15.3
24/07/2019,Meru,0.0,26.4,14.8
25/07/2019,Meru,0.0,25.4,13.8
26/07/2019,Meru,0.0,26.3,13.9
27/07/2019,Meru,0.0,25.7,15.9
28/07/2019,Meru,0.0,30.3,13.8
29/07/2019,Meru,0.0,26.4,14.5
30/07/2019,Meru,0.0,25.8,15.7
31/07/2019,Meru,5.7,24.1,13.2
01/08/2019,Meru,10.1,26.3,16.3
02/08/2019,Meru,0.0,25.5,13.6
03/08/2019,Meru,0.0,27.1,14.3
04/08/2019,MERU,0.0,22.3,15.2
05/08/2019,meru,0.0,29.1,14.2
06/08/2019,Meru,0.0,26.4,16.3
07/08/2019,Meru ,0.0,26.7,12.8
08/08/2019,Meru,0.0,28.1,14.6
09/08/2019,Meru,0.0,25.7,14.8
10/08/2019,Meru,0.3,26.7,14.0
11/08/2019,Meru,7.5,24.4,13.8
12/08/2019,MERU,0.0,26.9,13.8
13/08/2019,Meru,0.0,24.0,15.1
14/08/2019,meru,0.0,27.1,13.4
15/08/2019,Meru,36.0,24.9,14.9
16/08/2019,Meru,0.0,25.3,13.2
17/08/2019,Meru,0.0,26.2,15.2
18/08/2019,Meru,0.0,25.6,14.8
19/08/2019,Meru,0.0,25.2,13.4
20/08/2019,Meru,0.0,26.1,
21/08/2019,MERU,0.0,24.0,12.9
22/08/2019,Meru,0.0,25.9,14.5
23/08/2019,Meru,0.0,27.3,14.8
24/08/2019,Meru,0.0,21.7,14.0
25/08/2019,Meru,0.0,23.4,13.4
26/08/2019,Meru,19.1,21.2,13.1
27/08/2019,Meru,5.0,26.3,15.4
28/08/2019,meru,2.8,25.3,14.6
29/08/2019,Meru,0.0,24.1,14.3
30/08/2019,Meru,1.8,29.2,12.2
31/08/2019,Meru,0.0,25.4,16.7
01/09/2019,MERU,0.0,23.4,13.5
02/09/2019,Meru,0.0,27.5,13.8
03/09/2019,Meru,0.0,24.9,14.6
04/09/2019,Meru,0.0,24.2,13.1
05/09/2019,MERU,0.0,27.7,15.5
06/09/2019,Meru,7.4,21.9,13.9
07/09/2019,Meru,0.0,27.3,14.2
08/09/2019,Meru,0.0,26.0,15.1
09/09/2019,Meru,trace,24.3,14.3
10/09/2019,MERU,33.1,23.2,14.4
11/09/2019,Meru,0.0,23.9,13.0
12/09/2019,Meru,0.0,24.4,14.6
13/09/2019,Meru,0.5,26.2,14.2
14/09/2019,Meru,0.0,26.8,14.0
15/09/2019,Meru ,0.0,25.0,15.2
16/09/2019,Meru,0.0,27.1,14.0
17/09/2019,Meru,0.0,,12.7
18/09/2019,Meru,5.8,22.9,12.9
19/09/2019,Meru,0.0,22.7,13.4
20/09/2019,Meru,0.0,25.1,13.8
21/09/2019,Meru,0.0,,13.4
22/09/2019,Meru,10.9,24.8,14.5
23/09/2019,Meru,0.0,26.2,12.6
24/09/2019,Meru,0.0,25.5,14.4
25/09/2019,Meru,0.0,24.7,16.4
26/09/2019,Meru,0.0,26.2,14.6
27/09/2019,Meru,17.6,22.9,13.1
28/09/2019,Meru,0.0,,12.3
29/09/2019,Meru,0.0,28.1,12.9
30/09/2019,Meru,0.0,23.1,13.3
01/10/2019,Meru,19.4,22.9,12.3
02/10/2019,Meru,0.0,22.9,13.2
03/10/2019,Meru,0.0,25.9,16.0
04/10/2019,Meru,0.0,26.6,14.9
05/10/2019,Meru,3.0,24.7,14.1
06/10/2019,Meru,0.0,25.0,12.6
07/10/2019,Meru,0.0,26.4,13.7
08/10/2019,Meru,0.0,23.5,13.5
09/10/2019,Meru,16.4,20.4,13.1
10/10/2019,Meru,0.0,24.1,11.9
11/10/2019,Meru,10.1,20.7,12.3
12/10/2019,Meru,6.4,23.4,14.7
13/10/2019,Meru,0.0,24.9,12.7
14/10/2019,Meru,0.0,25.7,14.0
15/10/2019,meru,0.0,23.8,12.0
16/10/2019,Meru,0.0,26.9,13.8
17/10/2019,Meru,0.0,22.7,13.6
18/10/2019,Meru,9.3,23.1,12.6
19/10/2019,Meru,0.0,25.0,13.4
20/10/2019,Meru,35.1,21.7,
21/10/2019,Meru,0.0,25.1,13.6
22/10/2019,Meru,0.0,25.9,12.0
23/10/2019,Meru,0.0,23.8,13.3
24/10/2019,Meru,2.7,24.6,10.4
25/10/2019,meru,0.0,22.9,12.7
26/10/2019,Meru,0.0,22.4,11.4
27/10/2019,Meru,0.0,21.9,12.7
28/10/2019,Meru,0.0,25.3,13.2
29/10/2019,Meru,0.0,23.0,12.6
30/10/2019,Meru,0.0,24.3,14.1
31/10/2019,Meru,0.0,23.1,12.8
01/11/2019,Meru,13.5,22.5,15.1
02/11/2019,Meru,,26.5,13.4
03/11/2019,Meru,0.0,27.1,13.4
04/11/2019,Meru,0.0,23.1,13.3
05/11/2019,Meru,0.0,24.9,15.2
06/11/2019,Meru,,24.3,10.9
07/11/2019,Meru,7.2,21.3,14.4
08/11/2019,meru,5.7,24.5,14.4
09/11/2019,Meru,0.0,25.7,13.3
10/11/2019,Meru,0.0,25.1,13.5
11/11/2019,Meru,0.0,24.3,14.2
12/11/2019,Meru,7.3,19.5,13.3
13/11/2019,MERU,13.1,22.7,14.7
14/11/2019,Meru,0.0,25.8,13.0
15/11/2019,Meru,0.8,24.8,13.8
16/11/2019,Meru,0.0,24.7,14.3
17/11/2019,Meru ,2.3,22.7,12.8
18/11/2019,Meru,0.0,23.4,12.9
19/11/2019,Meru,0.5,22.9,14.7
20/11/2019,Meru,5.6,23.4,13.1
21/11/2019,MERU,0.0,21.5,13.5
22/11/2019,Meru,0.0,23.3,13.1
23/11/2019,Meru,0.0,25.5,12.5
24/11/2019,Meru,0.1,26.1,12.2
25/11/2019,Meru,3.7,,11.6
26/11/2019,Meru,1.4,23.0,13.0
27/11/2019,Meru,0.0,25.0,14.2
28/11/2019,Meru,0.0,25.9,13.2
29/11/2019,Meru,0.0,22.8,13.6
30/11/2019,Meru,0.0,22.9,14.5
01/12/2019,Meru ,0.0,24.0,12.8
02/12/2019,meru,0.0,26.0,14.2
03/12/2019,Meru,0.7,25.0,11.2
04/12/2019,Meru,0.0,24.4,
05/12/2019,MERU,0.0,24.3,12.7
06/12/2019,Meru,1.8,25.9,13.2
07/12/2019,Meru,0.0,24.0,13.8
08/12/2019,Meru,0.0,24.5,12.2
09/12/2019,Meru,0.0,26.9,13.8
10/12/2019,Meru,0.0,23.7,13.1
11/12/2019,Meru,0.9,24.1,
12/12/2019,Meru,0.0,25.4,11.7
13/12/2019,Meru,3.2,24.4,14.0
14/12/2019,Meru,0.0,24.1,11.3
15/12/2019,meru,0.0,22.0,12.6
16/12/2019,Meru,,24.1,14.2
17/12/2019,Meru,0.0,22.7,12.2
18/12/2019,MERU,0.0,23.9,12.0
19/12/2019,Meru,0.0,25.0,12.1
20/12/2019,Meru,0.0,23.7,14.5
21/12/2019,Meru,0.0,23.8,12.9
22/12/2019,Meru,0.0,24.3,12.2
23/12/2019,Meru,0.0,22.6,14.7
24/12/2019,Meru,0.0,24.1,13.6
25/12/2019,Meru,,23.6,11.2
26/12/2019,Meru,,19.5,13.5
27/12/2019,Meru,0.0,24.0,
28/12/2019,Meru,15.9,23.3,13.1
29/12/2019,Meru,4.2,25.3,13.5
30/12/2019,Meru,0.0,22.3,12.8
31/12/2019,Meru,20.6,22.2,12.9
01/01/2020,Meru ,0.0,25.7,12.4
02/01/2020,Meru,0.0,26.6,12.3
03/01/2020,MERU,3.3,23.7,13.4
04/01/2020,MERU,0.0,26.5,13.2
05/01/2020,Meru,0.0,27.0,13.7
06/01/2020,Meru,0.0,25.1,14.2
07/01/2020,Meru,0.0,,12.6
08/01/2020,meru,0.0,23.9,13.8
09/01/2020,Meru,0.0,24.4,13.8
10/01/2020,Meru,0.0,25.6,13.5
11/01/2020,Meru,0.0,,12.7
12/01/2020,Meru,0.0,23.7,15.3
13/01/2020,Meru,0.0,25.2,11.7
14/01/2020,Meru,0.0,24.3,13.9
15/01/2020,Meru,0.0,25.5,14.3
16/01/2020,MERU,14.2,23.0,11.7
17/01/2020,Meru,0.0,22.9,12.1
18/01/2020,Meru,0.0,22.1,13.8
19/01/2020,Meru,0.0,24.4,13.9
20/01/2020,Meru,4.5,25.3,11.2
21/01/2020,Meru,0.0,,14.8
22/01/2020,Meru,0.0,25.5,12.3
23/01/2020,Meru ,0.0,27.6,12.9
24/01/2020,Meru,0.0,25.7,13.3
25/01/2020,Meru,0.0,23.1,14.4
26/01/2020,Meru,0.0,24.5,11.3
27/01/2020,Meru,0.0,23.7,12.1
28/01/2020,Meru,0.0,26.2,13.2
29/01/2020,Meru,0.0,22.6,12.8
30/01/2020,Meru ,53.7,20.9,14.0
31/01/2020,Meru,0.0,27.8,13.9
01/02/2020,Meru,0.0,27.1,14.5
02/02/2020,Meru,0.0,22.5,13.4
03/02/2020,Meru,,25.3,13.4
04/02/2020,Meru,0.0,24.9,13.8
05/02/2020,Meru,0.0,28.1,12.9
06/02/2020,Meru,0.0,24.6,13.6
07/02/2020,Meru,0.0,25.1,
08/02/2020,Meru,0.0,25.0,14.9
09/02/2020,Meru,0.0,24.5,13.4
10/02/2020,Meru,2.0,27.5,14.0
11/02/2020,Meru,13.2,23.8,14.2
12/02/2020,Meru,29.9,22.1,12.9
13/02/2020,Meru,13.4,21.9,13.9
14/02/2020,Meru,0.0,,14.3
15/02/2020,Meru,0.0,25.0,13.6
16/02/2020,Meru,0.0,26.8,12.7
17/02/2020,Meru,0.0,23.7,13.4
18/02/2020,Meru ,0.0,23.5,13.1
19/02/2020,Meru,0.0,24.5,14.5
20/02/2020,Meru,0.0,,15.1
21/02/2020,Meru,0.0,24.8,13.2
22/02/2020,Meru,29.7,23.6,13.0
23/02/2020,Meru ,0.0,27.5,12.6
24/02/2020,Meru,0.0,26.4,15.3
25/02/2020,meru,0.0,26.9,12.8
26/02/2020,Meru,0.0,23.4,13.6
27/02/2020,Meru,0.0,26.7,16.5
28/02/2020,Meru,0.0,26.3,14.4
29/02/2020,Meru ,0.0,25.5,15.2
01/03/2020,Meru,19.1,22.7,15.2
02/03/2020,Meru,0.0,27.8,13.7
03/03/2020,Meru,0.0,22.9,14.0
04/03/2020,Meru,6.5,24.7,13.1
05/03/2020,Meru,6.1,22.8,15.4
06/03/2020,Meru,0.0,26.6,13.2
07/03/2020,Meru,0.0,24.8,13.9
08/03/2020,Meru,0.0,26.9,
09/03/2020,Meru ,0.0,27.5,13.5
10/03/2020,Meru,0.0,25.8,14.8
11/03/2020,Meru,15.5,25.2,14.6
12/03/2020,Meru,0.0,26.1,13.3
13/03/2020,Meru,6.4,21.3,15.1
14/03/2020,Meru,0.0,24.6,15.4
15/03/2020,Meru,0.0,24.2,14.6
16/03/2020,Meru,,24.6,13.2
17/03/2020,Meru,33.2,25.1,13.9
18/03/2020,Meru,3.2,26.9,14.7
19/03/2020,Meru,29.6,21.9,14.3
20/03/2020,Meru,0.0,26.5,13.4
21/03/2020,Meru ,0.0,26.0,13.7
22/03/2020,Meru,1.8,,13.5
23/03/2020,Meru,0.4,26.5,14.5
24/03/2020,Meru,0.0,25.0,14.7
25/03/2020,Meru,10.0,23.7,14.2
26/03/2020,Meru,0.0,26.9,15.5
27/03/2020,Meru,11.1,20.3,15.3
28/03/2020,Meru,0.0,24.7,13.9
29/03/2020,Meru,0.0,24.7,13.2
30/03/2020,Meru,34.4,,14.1
31/03/2020,Meru,0.0,26.8,15.8
01/04/2020,Meru,0.0,26.2,14.6
02/04/2020,Meru,0.0,27.9,14.3
03/04/2020,Meru,23.1,24.3,14.7
04/04/2020,Meru,9.5,21.5,16.3
05/04/2020,Meru,12.0,24.7,14.3
06/04/2020,Meru,0.0,26.6,14.9
07/04/2020,Meru,0.0,27.3,15.4
08/04/2020,Meru,0.0,25.3,16.3
09/04/2020,meru,,25.7,14.2
10/04/2020,Meru,5.2,22.2,15.6
11/04/2020,Meru,1.2,25.0,15.9
12/04/2020,Meru,0.0,25.5,14.2
13/04/2020,Meru,0.0,28.4,14.5
14/04/2020,Meru,7.4,26.4,13.4
15/04/2020,Meru,4.3,27.0,15.6
16/04/2020,Meru,3.5,24.9,14.0
17/04/2020,Meru,4.2,25.6,12.7
18/04/2020,Meru,0.0,,14.6
19/04/2020,Meru,0.0,27.6,14.6
20/04/2020,Meru,28.4,26.3,13.3
21/04/2020,MERU,0.0,27.8,13.8
22/04/2020,Meru,15.9,26.0,15.3
23/04/2020,Meru,0.0,26.9,13.9
24/04/2020,Meru,0.0,26.5,14.2
25/04/2020,Meru,0.0,26.7,14.7
26/04/2020,Meru,0.0,25.1,13.4
27/04/2020,Meru ,18.4,25.7,15.8
28/04/2020,Meru,0.0,27.1,16.8
29/04/2020,Meru,6.5,24.3,14.8
30/04/2020,Meru ,10.3,14.1,25.3
01/05/2020,Meru,0.0,28.0,14.7
02/05/2020,Meru,13.4,25.7,
03/05/2020,Meru,0.0,29.8,16.4
04/05/2020,Meru,3.1,25.3,14.0
05/05/2020,MERU,11.2,27.8,14.4
06/05/2020,Meru,37.0,25.1,13.0
07/05/2020,Meru,9.2,27.0,13.9
08/05/2020,Meru ,0.0,27.9,14.7
09/05/2020,Meru,11.6,22.7,14.2
10/05/2020,Meru,0.0,28.3,13.1
11/05/2020,Meru,0.0,25.6,15.3
12/05/2020,Meru,0.1,26.8,15.1
13/05/2020,Meru,21.4,22.5,12.9
14/05/2020,Meru,0.0,26.8,13.0
15/05/2020,Meru,15.4,25.2,16.0
16/05/2020,Meru,0.0,26.4,13.2
17/05/2020,Meru,1.1,27.1,13.4
18/05/2020,Meru,22.0,26.5,15.2
19/05/2020,Meru,0.0,25.1,15.3
20/05/2020,Meru,0.0,26.1,15.6
21/05/2020,Meru,3.3,27.8,13.9
22/05/2020,Meru,13.3,24.2,14.3
23/05/2020,Meru,14.7,23.8,15.0
24/05/2020,Meru,,28.0,16.3
25/05/2020,Meru,19.9,23.0,15.0
26/05/2020,Meru,0.3,25.1,16.1
27/05/2020,Meru,0.0,26.1,14.8
28/05/2020,Meru,0.0,27.6,14.6
29/05/2020,meru,0.0,26.1,14.9
30/05/2020,Meru,2.5,28.5,15.3
31/05/2020,Meru,0.0,27.8,15.8
01/06/2020,Meru,0.0,29.6,15.6
02/06/2020,Meru,2.8,26.8,17.1
03/06/2020,Meru,0.0,25.8,15.8
04/06/2020,Meru,0.0,29.4,14.5
05/06/2020,MERU,0.0,28.6,14.6
06/06/2020,Meru,0.0,25.7,15.4
07/06/2020,Meru,0.0,28.6,15.0
08/06/2020,Meru,0.0,29.2,16.4
09/06/2020,Meru,0.0,24.1,16.7
10/06/2020,Meru,0.0,27.5,15.8
11/06/2020,Meru,,24.8,16.0
12/06/2020,Meru,0.0,26.6,14.2
13/06/2020,Meru,0.0,27.6,15.2
14/06/2020,Meru,10.0,26.2,15.0
15/06/2020,MERU,0.0,26.2,15.1
16/06/2020,Meru,0.0,25.2,13.9
17/06/2020,Meru,0.0,26.2,17.2
18/06/2020,Meru,0.0,27.1,14.8
19/06/2020,Meru,0.0,30.2,15.0
20/06/2020,Meru,1.5,26.4,14.5
21/06/2020,Meru,0.0,27.0,15.5
22/06/2020,Meru,2.3,27.3,11.9
23/06/2020,Meru,0.0,25.5,15.2
24/06/2020,Meru,0.7,24.7,12.3
25/06/2020,Meru,0.0,27.4,17.0
26/06/2020,Meru,0.0,24.5,16.6
27/06/2020,Meru,0.0,24.0,15.2
28/06/2020,Meru,0.0,27.2,13.9
29/06/2020,Meru,0.0,23.7,14.9
30/06/2020,Meru,1.7,26.2,13.7
01/07/2020,Meru,0.0,26.6,15.2
02/07/2020,Meru,23.1,21.0,16.2
03/07/2020,Meru,0.0,25.6,15.7
04/07/2020,Meru,0.0,27.5,16.7
05/07/2020,meru,0.0,28.2,16.0
06/07/2020,Meru,0.0,26.2,13.4
07/07/2020,Meru,0.0,26.4,16.1
08/07/2020,Meru,0.0,24.7,17.0
09/07/2020,Meru,0.0,29.0,12.2
10/07/2020,Meru,0.0,26.3,14.9
11/07/2020,Meru,0.0,26.1,13.9
12/07/2020,MERU,0.0,25.3,16.3
13/07/2020,Meru,5.7,22.2,15.6
14/07/2020,Meru,7.6,27.3,15.5
15/07/2020,Meru,0.0,23.7,15.8
16/07/2020,Meru,0.0,27.7,14.0
17/07/2020,Meru,0.0,28.1,15.2
18/07/2020,Meru,0.0,24.9,13.4
19/07/2020,Meru ,0.0,25.1,15.5
20/07/2020,Meru,6.9,22.0,14.9
21/07/2020,Meru,0.0,27.1,13.6
22/07/2020,Meru,0.0,25.9,13.3
23/07/2020,meru,3.1,29.4,14.9
24/07/2020,MERU,13.7,23.0,14.6
25/07/2020,MERU,0.0,25.9,14.4
26/07/2020,Meru,36.3,24.0,14.0
27/07/2020,Meru,0.0,25.3,11.9
28/07/2020,Meru,17.8,24.0,15.4
29/07/2020,Meru,0.0,25.9,14.8
30/07/2020,Meru,0.0,27.0,14.6
31/07/2020,Meru,0.0,26.8,15.6
01/08/2020,Meru,0.0,24.4,13.8
02/08/2020,Meru,40.9,23.8,14.4
03/08/2020,Meru,0.0,23.3,14.5
04/08/2020,Meru,0.0,25.7,14.6
05/08/2020,Meru,0.0,26.6,14.2
06/08/2020,Meru,0.0,25.5,14.2
07/08/2020,Meru,9.8,23.7,14.1
08/08/2020,Meru,1.1,26.2,14.8
09/08/2020,Meru,15.2,25.2,14.1
10/08/2020,Meru,0.0,24.9,15.4
11/08/2020,Meru,0.0,25.6,13.3
12/08/2020,Meru,0.0,23.6,12.7
13/08/2020,Meru,-999,27.0,12.2
14/08/2020,Meru,0.0,25.8,13.8
15/08/2020,Meru,,25.5,14.0
16/08/2020,Meru,11.7,24.4,15.9
17/08/2020,Meru,0.0,25.8,15.2
18/08/2020,Meru ,0.0,26.4,14.5
19/08/2020,Meru,0.0,23.5,16.4
20/08/2020,Meru,0.0,24.8,13.8
21/08/2020,Meru,0.0,26.2,15.3
22/08/2020,Meru,0.0,27.7,15.9
23/08/2020,Meru,0.0,23.4,14.9
24/08/2020,Meru,0.0,25.5,12.5
25/08/2020,Meru,3.8,26.4,14.5
26/08/2020,Meru,0.7,23.1,15.0
27/08/2020,Meru,0.0,25.9,14.4
28/08/2020,Meru,0.0,26.8,14.7
29/08/2020,Meru,0.0,24.6,15.1
30/08/2020,Meru,0.0,25.4,13.4
31/08/2020,Meru,0.0,,13.2
01/09/2020,Meru,0.0,29.2,14.1
02/09/2020,Meru,0.0,27.2,16.2
03/09/2020,Meru,0.0,24.5,14.5
04/09/2020,Meru,0.0,28.2,14.0
05/09/2020,Meru,0.0,27.4,13.0
06/09/2020,Meru,14.0,23.0,13.5
07/09/2020,meru,0.0,24.6,12.8
08/09/2020,MERU,0.0,26.6,14.9
09/09/2020,Meru,0.0,27.6,14.4
10/09/2020,Meru,6.3,26.1,14.0
11/09/2020,Meru,0.0,27.3,14.5
12/09/2020,Meru,0.0,24.8,14.6
13/09/2020,Meru,0.0,23.6,13.0
14/09/2020,Meru,10.6,23.0,13.1
15/09/2020,Meru,1.6,26.1,14.0
16/09/2020,Meru,0.0,24.2,13.2
17/09/2020,Meru,0.0,23.7,12.9
18/09/2020,Meru,0.0,24.4,15.6
19/09/2020,meru,28.6,28.0,13.7
20/09/2020,MERU,0.0,24.0,14.0
21/09/2020,Meru,0.0,24.8,13.9
22/09/2020,Meru,0.0,26.3,11.6
23/09/2020,MERU,0.0,26.0,12.8
24/09/2020,Meru,12.7,25.0,12.9
25/09/2020,Meru,0.0,24.2,13.4
26/09/2020,Meru,0.0,26.0,14.6
27/09/2020,Meru,0.0,24.4,11.8
28/09/2020,Meru,0.0,26.6,14.3
29/09/2020,Meru,0.0,24.1,13.6
30/09/2020,Meru,0.0,24.5,12.3
01/10/2020,MERU,0.0,26.8,13.0
02/10/2020,Meru,6.2,23.5,13.6
03/10/2020,Meru,14.4,23.1,13.7
04/10/2020,Meru,0.0,24.7,13.5
05/10/2020,Meru,4.5,23.7,13.2
06/10/2020,Meru,13.3,23.5,14.8
07/10/2020,Meru,0.0,24.0,14.2
08/10/2020,Meru,0.7,26.3,12.9
09/10/2020,Meru,6.5,23.4,14.8
10/10/2020,meru,0.0,25.1,13.3
11/10/2020,Meru,0.0,24.4,10.6
12/10/2020,Meru,0.0,26.2,13.2
13/10/2020,MERU,16.7,21.9,12.5
14/10/2020,Meru,3.8,23.1,13.0
15/10/2020,Meru,0.0,25.5,14.4
16/10/2020,Meru,0.1,26.2,11.8
17/10/2020,Meru,0.0,22.5,13.3
18/10/2020,Meru,0.0,24.6,13.3
19/10/2020,Meru,0.0,25.2,13.5
20/10/2020,Meru,2.3,24.7,12.1
21/10/2020,Meru,5.9,23.5,13.8
22/10/2020,Meru,5.1,24.0,12.5
23/10/2020,Meru,0.0,24.9,14.1
24/10/2020,Meru,0.0,24.2,12.6
25/10/2020,Meru,0.0,24.1,14.2
26/10/2020,Meru,0.0,25.2,12.3
27/10/2020,Meru,0.8,,13.6
28/10/2020,Meru,11.1,21.9,13.9
29/10/2020,Meru,,23.7,12.1
30/10/2020,Meru,0.0,24.4,10.8
31/10/2020,Meru,0.0,25.0,11.3
01/11/2020,Meru,5.5,24.4,11.6
02/11/2020,Meru,1.3,24.1,12.7
03/11/2020,Meru,15.2,19.2,11.1
04/11/2020,Meru,0.0,24.8,11.2
05/11/2020,Meru,0.0,24.0,12.4
06/11/2020,Meru,13.0,22.8,
07/11/2020,Meru,0.0,21.3,
08/11/2020,Meru,0.0,21.4,12.5
09/11/2020,Meru,0.0,23.7,10.5
10/11/2020,Meru,0.0,25.2,12.3
11/11/2020,Meru,0.0,,13.3
12/11/2020,Meru,8.2,23.2,12.0
13/11/2020,Meru,0.0,24.9,13.0
14/11/2020,Meru,11.1,22.2,12.7
15/11/2020,Meru,14.4,24.0,13.6
16/11/2020,Meru,35.5,21.3,13.0
17/11/2020,Meru,18.2,21.1,14.1
18/11/2020,Meru,2.5,25.2,13.8
19/11/2020,Meru,0.0,22.4,13.3
20/11/2020,Meru,0.0,22.5,12.9
21/11/2020,MERU,53.2,19.8,11.8
22/11/2020,Meru,0.0,23.5,12.5
23/11/2020,Meru,25.2,23.2,12.6
24/11/2020,Meru,0.0,25.9,14.9
25/11/2020,Meru,4.4,22.4,13.0
26/11/2020,MERU,18.8,25.4,13.2
27/11/2020,Meru,0.0,21.6,14.6
28/11/2020,Meru,21.0,22.7,12.4
29/11/2020,Meru,20.9,21.9,11.7
30/11/2020,Meru,11.7,22.7,15.1
01/12/2020,Meru,0.0,23.1,12.7
02/12/2020,Meru,0.0,24.9,14.0
03/12/2020,Meru,0.0,23.5,13.9
04/12/2020,Meru,10.2,23.4,13.6
05/12/2020,meru,0.0,25.1,14.3
06/12/2020,Meru,0.0,23.9,13.2
07/12/2020,Meru,,22.8,13.1
08/12/2020,Meru,0.0,23.2,13.2
09/12/2020,Meru,1.2,25.4,12.8
10/12/2020,Meru,0.0,23.8,12.4
11/12/2020,Meru,trace,24.1,12.1
12/12/2020,Meru,5.1,,13.4
13/12/2020,Meru,0.0,25.4,15.6
14/12/2020,Meru,0.0,22.3,12.4
15/12/2020,Meru,0.0,25.5,13.8
16/12/2020,Meru ,9.7,21.5,13.0
17/12/2020,Meru,0.0,24.7,11.8
18/12/2020,Meru,0.0,21.6,15.1
19/12/2020,Meru ,0.0,22.9,14.4
20/12/2020,Meru,24.5,22.3,12.3
21/12/2020,Meru,0.0,24.6,14.1
22/12/2020,meru,0.0,24.6,12.3
23/12/2020,Meru,4.4,22.6,13.4
24/12/2020,Meru,0.0,24.8,12.1
25/12/2020,Meru,0.0,26.6,14.2
26/12/2020,Meru,0.0,24.2,12.2
27/12/2020,Meru,0.0,23.0,14.3
28/12/2020,Meru,0.0,24.6,11.8
29/12/2020,Meru,0.0,23.6,14.0
30/12/2020,Meru,0.0,24.0,14.7
31/12/2020,Meru,0.0,24.6,12.5
01/01/2021,Meru,0.0,22.0,15.3
02/01/2021,Meru,0.0,27.1,11.1
03/01/2021,Meru,0.0,28.0,14.2
04/01/2021,Meru,0.0,26.9,13.4
05/01/2021,Meru,0.0,,12.9
06/01/2021,Meru,0.0,21.5,11.7
07/01/2021,Meru,0.0,23.2,10.7
08/01/2021,Meru,0.0,25.6,13.7
09/01/2021,Meru,0.0,24.0,13.6
10/01/2021,MERU,0.0,24.5,12.9
11/01/2021,Meru,1.6,25.4,15.7
12/01/2021,Meru,0.0,25.4,12.5
13/01/2021,MERU,0.0,24.5,15.7
14/01/2021,Meru,0.0,25.3,14.6
15/01/2021,Meru,,21.0,13.8
16/01/2021,Meru,0.0,22.5,14.4
17/01/2021,Meru,10.3,22.3,12.4
18/01/2021,Meru,12.6,21.9,12.0
19/01/2021,Meru,0.0,24.0,13.0
20/01/2021,Meru,0.0,24.8,12.1
21/01/2021,Meru,24.5,23.0,13.0
22/01/2021,Meru,0.0,24.5,13.4
23/01/2021,Meru,22.1,24.0,12.5
24/01/2021,Meru,1.7,24.9,12.8
25/01/2021,Meru,0.0,26.5,11.3
26/01/2021,MERU,0.0,23.7,
27/01/2021,Meru,6.8,21.2,12.5
28/01/2021,Meru,0.0,24.0,11.9
29/01/2021,Meru,0.0,26.7,13.5
30/01/2021,Meru,-999,24.2,11.0
31/01/2021,Meru,0.0,26.7,12.2
01/02/2021,Meru,44.8,23.0,13.5
02/02/2021,meru,0.0,24.2,12.5
03/02/2021,Meru,0.0,24.9,13.4
04/02/2021,Meru,0.0,22.2,15.4
05/02/2021,Meru,0.0,25.6,15.4
06/02/2021,Meru,9.9,22.8,12.6
07/02/2021,Meru,0.0,25.4,13.8
08/02/2021,Meru,0.0,26.4,15.0
09/02/2021,Meru,0.0,25.8,13.2
10/02/2021,Meru,0.0,26.2,14.4
11/02/2021,Meru,0.0,23.3,14.1
12/02/2021,Meru,0.0,27.6,13.8
13/02/2021,MERU,0.0,26.4,13.3
14/02/2021,Meru,0.0,27.1,14.5
15/02/2021,Meru,0.0,25.4,12.0
16/02/2021,Meru,0.0,25.7,13.4
17/02/2021,Meru,0.0,27.2,13.3
18/02/2021,meru,8.6,23.0,12.6
19/02/2021,Meru,12.9,21.8,15.0
20/02/2021,Meru,5.4,23.3,13.0
21/02/2021,Meru,0.0,23.5,15.1
22/02/2021,Meru,1.2,25.1,14.1
23/02/2021,Meru ,0.0,24.2,13.0
24/02/2021,Meru,0.0,25.2,13.6
25/02/2021,Meru,0.0,25.4,15.4
26/02/2021,Meru,0.0,25.7,14.4
27/02/2021,Meru,0.0,26.2,13.9
28/02/2021,Meru,0.0,14.4,27.7
01/03/2021,Meru,0.0,25.2,13.6
02/03/2021,Meru,0.0,26.3,13.7
03/03/2021,Meru,0.0,24.9,14.6
04/03/2021,Meru,0.0,24.9,13.8
05/03/2021,Meru,0.0,24.9,14.2
06/03/2021,Meru,0.0,25.9,13.4
07/03/2021,Meru,0.0,23.4,14.5
08/03/2021,Meru,,28.6,14.4
09/03/2021,Meru,0.0,27.4,14.5
10/03/2021,Meru,0.0,28.1,13.9
11/03/2021,Meru,1.7,24.8,
12/03/2021,Meru,0.0,25.1,15.0
13/03/2021,Meru,0.0,26.6,14.9
14/03/2021,Meru,10.3,23.9,16.1
15/03/2021,MERU,0.0,26.2,13.6
16/03/2021,Meru,4.7,25.5,14.9
17/03/2021,Meru,0.0,24.4,13.7
18/03/2021,meru,0.0,24.0,14.5
19/03/2021,Meru,0.0,26.1,14.3
20/03/2021,Meru,7.4,24.6,14.8
21/03/2021,Meru,0.0,26.4,16.1
22/03/2021,Meru,0.0,25.7,15.6
23/03/2021,Meru,2.6,24.8,14.5
24/03/2021,Meru,0.0,,13.9
25/03/2021,Meru,3.2,28.8,13.7
26/03/2021,Meru ,0.0,25.9,14.6
27/03/2021,Meru,0.0,26.6,14.5
28/03/2021,Meru,0.0,30.1,15.3
29/03/2021,Meru,0.0,28.5,11.6
30/03/2021,Meru,0.0,23.3,13.8
31/03/2021,Meru,0.0,27.5,14.0
01/04/2021,Meru,0.7,28.6,16.2
02/04/2021,Meru,0.0,27.7,15.6
03/04/2021,Meru,13.4,25.8,13.0
04/04/2021,Meru,3.3,29.6,14.7
05/04/2021,Meru,0.0,25.3,15.5
06/04/2021,Meru,0.0,26.1,14.0
07/04/2021,Meru,12.3,23.1,14.7
08/04/2021,Meru,,25.1,14.6
09/04/2021,MERU,0.0,28.1,16.1
10/04/2021,Meru,6.6,25.7,14.2
11/04/2021,Meru,0.0,24.8,12.8
12/04/2021,Meru,0.0,26.4,14.5
13/04/2021,Meru,20.6,23.9,14.7
14/04/2021,Meru,10.4,25.8,14.1
15/04/2021,Meru,0.0,27.5,15.0
16/04/2021,Meru,0.0,26.5,14.5
17/04/2021,Meru,0.0,27.7,14.5
18/04/2021,meru,0.0,27.2,14.4
19/04/2021,Meru,,22.7,15.2
20/04/2021,Meru,0.0,28.7,14.3
21/04/2021,Meru,0.0,27.0,13.3
22/04/2021,Meru,1.3,27.2,15.6
23/04/2021,Meru,0.0,25.9,13.4
24/04/2021,Meru,0.0,26.8,14.2
25/04/2021,Meru,0.0,26.7,16.6
26/04/2021,Meru,0.0,26.1,14.8
27/04/2021,Meru,0.0,26.7,14.9
28/04/2021,Meru,trace,26.6,14.9
29/04/2021,Meru,1.2,,14.8
30/04/2021,Meru,0.0,26.5,15.1
01/05/2021,Meru,0.0,26.9,14.1
02/05/2021,Meru,,24.5,15.5
03/05/2021,Meru ,4.5,25.5,16.5
04/05/2021,meru,0.0,24.0,16.2
05/05/2021,Meru,0.0,25.9,13.8
06/05/2021,Meru,0.0,25.1,13.9
07/05/2021,Meru,0.0,25.4,13.9
08/05/2021,Meru,0.0,24.6,14.8
09/05/2021,Meru,3.5,24.9,16.1
10/05/2021,meru,0.0,28.2,14.6
11/05/2021,Meru,0.0,26.4,15.3
12/05/2021,Meru,0.0,26.2,17.9
13/05/2021,Meru,2.7,24.5,14.7
14/05/2021,Meru,0.0,25.2,15.2
15/05/2021,Meru,0.0,26.5,15.8
16/05/2021,Meru,0.0,26.6,14.1
17/05/2021,Meru ,trace,27.7,14.4
18/05/2021,Meru,0.0,25.8,12.8
19/05/2021,meru,0.0,25.6,13.7
20/05/2021,Meru,14.6,23.9,14.5
21/05/2021,Meru,0.0,25.8,15.3
22/05/2021,Meru,0.0,29.4,15.6
23/05/2021,Meru,2.2,23.0,14.3
24/05/2021,Meru,0.0,25.7,15.8
25/05/2021,Meru,0.0,26.8,14.5
26/05/2021,Meru,11.2,26.0,13.3
27/05/2021,Meru,0.0,27.3,14.3
28/05/2021,Meru,0.0,29.0,16.3
29/05/2021,Meru,0.0,26.9,15.0
30/05/2021,Meru,0.0,27.9,16.0
31/05/2021,Meru,,26.5,16.6
01/06/2021,Meru,0.0,25.5,13.0
02/06/2021,MERU,,24.3,14.4
03/06/2021,Meru,0.0,28.0,16.1
04/06/2021,Meru,0.9,27.3,15.6
05/06/2021,Meru,0.0,26.3,14.2
06/06/2021,Meru,0.0,27.3,14.6
07/06/2021,Meru,2.3,26.4,14.6
08/06/2021,Meru,0.0,26.7,14.4
09/06/2021,Meru,0.0,28.5,14.3
10/06/2021,Meru,0.0,29.5,16.0
11/06/2021,Meru,0.0,28.1,14.9
12/06/2021,Meru,0.0,27.2,15.4
13/06/2021,Meru,3.0,28.3,14.9
14/06/2021,Meru,0.0,25.6,16.4
15/06/2021,meru,0.0,25.9,14.1
16/06/2021,Meru,0.0,27.7,14.5
17/06/2021,Meru,11.3,26.9,15.1
18/06/2021,Meru,1.8,27.9,15.3
19/06/2021,Meru,0.0,26.0,15.8
20/06/2021,Meru,0.0,28.5,13.9
21/06/2021,Meru,0.0,24.9,14.9
22/06/2021,MERU,0.0,26.0,17.1
23/06/2021,Meru,0.0,26.6,14.0
24/06/2021,Meru,0.0,25.8,15.8
25/06/2021,Meru,0.0,28.0,13.9
26/06/2021,Meru,0.0,26.2,16.5
27/06/2021,Meru,0.0,26.1,12.8
28/06/2021,Meru,0.0,26.6,12.7
29/06/2021,Meru,0.0,25.9,14.9
30/06/2021,Meru,0.0,27.4,15.9
01/07/2021,Meru,0.0,28.5,14.3
02/07/2021,Meru,0.0,27.0,14.1
03/07/2021,MERU,0.0,27.8,16.0
04/07/2021,Meru,0.0,29.4,13.9
05/07/2021,Meru,1.9,26.2,15.6
06/07/2021,Meru,0.0,27.5,12.6
07/07/2021,Meru,0.0,27.3,12.7
08/07/2021,Meru,0.0,24.0,14.8
09/07/2021,meru,0.0,26.6,15.8
10/07/2021,Meru,0.0,27.0,13.0
11/07/2021,Meru,0.0,28.2,14.0
12/07/2021,Meru,0.0,27.8,14.6
13/07/2021,Meru,0.0,27.5,14.6
14/07/2021,Meru,0.0,26.8,14.4
15/07/2021,Meru,0.0,27.8,12.9
16/07/2021,Meru,0.0,29.0,14.3
17/07/2021,Meru,0.0,26.0,13.8
18/07/2021,Meru,0.0,28.4,15.7
19/07/2021,Meru,0.0,28.5,14.6
20/07/2021,Meru,0.0,25.4,14.7
21/07/2021,Meru,0.0,29.1,14.2
22/07/2021,MERU,0.0,26.9,15.5
23/07/2021,Meru,0.0,27.8,14.8
24/07/2021,Meru,0.0,27.4,14.3
25/07/2021,Meru,0.0,25.9,14.6
26/07/2021,Meru,0.0,28.4,14.3
27/07/2021,Meru,0.0,25.6,14.0
28/07/2021,Meru,0.0,28.7,13.9
29/07/2021,Meru,0.0,27.1,14.9
30/07/2021,Meru,0.0,25.3,13.5
31/07/2021,Meru,0.0,24.8,14.3
01/08/2021,Meru,0.0,25.8,15.4
02/08/2021,Meru,0.0,27.1,14.3
03/08/2021,Meru,5.7,24.6,16.0
04/08/2021,Meru,0.0,27.0,15.1
05/08/2021,Meru,0.0,27.2,15.4
06/08/2021,Meru,1.6,28.4,13.8
07/08/2021,Meru,0.0,25.4,13.7
08/08/2021,Meru,0.0,24.7,14.5
09/08/2021,Meru,0.0,25.6,14.1
10/08/2021,Meru,0.0,25.5,14.5
11/08/2021,Meru,0.0,26.4,13.3
12/08/2021,Meru,0.0,27.3,12.6
13/08/2021,Meru,0.0,25.4,13.7
14/08/2021,Meru,1.3,22.3,15.5
15/08/2021,Meru,0.0,24.7,11.7
16/08/2021,Meru,0.0,24.2,13.8
17/08/2021,Meru,0.0,26.5,15.3
18/08/2021,Meru,0.0,25.9,12.5
19/08/2021,Meru,0.0,26.6,13.5
20/08/2021,Meru,0.0,26.0,14.2
21/08/2021,Meru,0.0,26.5,15.5
22/08/2021,Meru,0.0,28.7,13.0
23/08/2021,MERU,0.0,24.3,14.9
24/08/2021,Meru,0.0,27.0,14.2
25/08/2021,Meru,0.0,27.4,12.5
26/08/2021,Meru,0.0,25.7,13.9
27/08/2021,Meru,0.0,25.3,15.5
28/08/2021,Meru,0.0,27.7,13.7
29/08/2021,Meru,0.0,22.9,15.0
30/08/2021,meru,0.0,27.4,16.4
31/08/2021,Meru,0.0,27.8,13.8
01/09/2021,Meru,9.1,25.2,13.0
02/09/2021,Meru,0.0,25.4,14.0
03/09/2021,Meru,0.0,24.4,14.2
04/09/2021,Meru,0.0,23.8,14.2
05/09/2021,Meru,0.0,25.8,14.4
06/09/2021,Meru,0.0,27.0,13.0
07/09/2021,Meru,0.0,,14.1
08/09/2021,Meru,0.0,24.6,13.8
09/09/2021,Meru,0.0,27.0,12.6
10/09/2021,Meru,0.0,27.6,14.3
11/09/2021,Meru,0.0,24.6,13.3
12/09/2021,Meru,0.0,26.0,12.3
13/09/2021,Meru,0.0,24.5,14.9
14/09/2021,Meru,0.0,24.1,12.4
15/09/2021,Meru,0.0,23.8,15.1
16/09/2021,Meru,0.0,25.8,13.1
17/09/2021,Meru,0.0,24.8,14.5
18/09/2021,Meru,0.0,25.7,11.4
19/09/2021,Meru,0.0,24.2,13.1
20/09/2021,Meru,0.0,24.1,13.1
21/09/2021,Meru,0.0,25.1,15.4
22/09/2021,Meru,19.5,24.2,13.3
23/09/2021,Meru,0.0,25.3,13.8
24/09/2021,Meru,0.0,24.5,13.9
25/09/2021,Meru,0.0,24.2,13.4
26/09/2021,Meru,35.6,23.5,13.2
27/09/2021,Meru,0.0,27.9,13.6
28/09/2021,Meru,0.0,28.9,12.8
29/09/2021,Meru,0.0,25.2,12.5
30/09/2021,Meru,0.0,24.3,12.6
01/10/2021,Meru,0.0,26.6,12.7
02/10/2021,Meru,5.2,22.5,14.0
03/10/2021,Meru,0.0,21.3,15.1
04/10/2021,Meru,17.6,22.2,13.2
05/10/2021,Meru,0.0,25.7,13.6
06/10/2021,Meru,2.7,24.2,14.1
07/10/2021,Meru,0.0,26.3,13.6
08/10/2021,Meru,0.0,24.5,12.8
09/10/2021,Meru,0.6,24.5,13.2
10/10/2021,Meru,0.0,25.7,15.8
11/10/2021,Meru,0.0,22.5,14.4
12/10/2021,Meru,14.1,21.3,11.8
13/10/2021,MERU,0.0,26.6,12.3
14/10/2021,Meru,0.5,23.3,13.4
15/10/2021,Meru,0.0,25.8,12.0
16/10/2021,Meru,0.0,23.4,15.0
17/10/2021,Meru,0.0,24.2,13.4
18/10/2021,Meru,0.0,21.2,13.4
19/10/2021,Meru,0.0,25.8,12.3
20/10/2021,Meru,0.0,23.8,14.5
21/10/2021,Meru,0.0,23.5,13.4
22/10/2021,Meru,0.0,22.7,13.8
23/10/2021,Meru,1.9,23.1,12.1
24/10/2021,Meru,29.6,21.2,14.4
25/10/2021,Meru,0.0,25.7,14.3
26/10/2021,Meru,0.0,24.4,11.5
27/10/2021,Meru,0.0,24.5,11.4
28/10/2021,Meru,0.0,,13.0
29/10/2021,Meru,2.1,23.5,12.9
30/10/2021,Meru ,0.0,25.3,13.1
31/10/2021,Meru,0.0,25.2,12.3
01/11/2021,Meru ,0.0,24.3,13.2
02/11/2021,Meru,11.6,21.9,13.1
03/11/2021,Meru,0.0,27.3,13.6
04/11/2021,Meru,0.0,23.2,14.6
05/11/2021,Meru,0.0,,13.8
06/11/2021,Meru,11.4,22.6,12.7
07/11/2021,Meru,9.2,20.8,12.7
08/11/2021,Meru,0.0,24.2,14.6
09/11/2021,Meru,9.5,23.6,12.9
10/11/2021,Meru,0.0,24.1,12.4
11/11/2021,Meru,15.4,19.4,14.4
12/11/2021,Meru,0.0,26.0,11.6
13/11/2021,Meru ,,23.8,12.9
14/11/2021,Meru,0.1,23.5,14.3
15/11/2021,Meru,43.6,22.9,14.8
16/11/2021,Meru,11.4,21.2,13.5
17/11/2021,Meru,5.2,23.5,12.4
18/11/2021,Meru,2.6,23.9,11.7
19/11/2021,Meru,,23.2,13.2
20/11/2021,Meru,12.4,21.9,13.3
21/11/2021,Meru,0.0,22.0,13.4
22/11/2021,Meru,0.0,21.6,12.4
23/11/2021,Meru,0.0,25.5,12.1
24/11/2021,Meru,16.7,23.0,13.3
25/11/2021,Meru,0.0,20.9,12.1
26/11/2021,Meru,2.8,24.6,
27/11/2021,Meru,2.5,24.5,12.4
28/11/2021,Meru,0.0,23.9,11.9
29/11/2021,Meru,6.4,21.8,13.6
30/11/2021,Meru,0.0,21.9,13.1
01/12/2021,Meru,0.0,24.8,14.1
02/12/2021,Meru,1.7,25.5,11.2
03/12/2021,Meru,,23.2,13.5
04/12/2021,Meru,0.0,23.3,13.3
05/12/2021,meru,3.5,24.7,12.5
06/12/2021,Meru,4.2,22.0,14.7
07/12/2021,Meru,0.0,23.6,11.2
08/12/2021,Meru,1.6,,11.3
09/12/2021,Meru,0.0,27.0,12.6
10/12/2021,Meru,0.0,22.9,14.3
11/12/2021,Meru,7.6,,11.5
12/12/2021,meru,10.8,19.1,14.1
13/12/2021,Meru,0.0,23.8,12.8
14/12/2021,meru,0.0,24.6,13.3
15/12/2021,Meru,0.0,25.9,12.2
16/12/2021,Meru,8.7,20.3,12.5
17/12/2021,MERU,0.0,,
18/12/2021,Meru,0.0,20.9,12.2
19/12/2021,MERU,0.0,24.1,11.5
20/12/2021,Meru,0.0,22.5,13.1
21/12/2021,Meru,0.0,19.4,13.8
22/12/2021,Meru,3.0,23.8,13.3
23/12/2021,Meru,0.0,25.0,11.9
24/12/2021,Meru,0.0,24.1,14.5
25/12/2021,Meru,0.0,22.9,14.2
26/12/2021,Meru,5.4,24.2,11.8
27/12/2021,Meru,0.0,23.5,11.7
28/12/2021,Meru,4.5,24.2,13.5
29/12/2021,Meru,0.0,25.0,14.0
30/12/2021,MERU,0.0,24.2,14.5
31/12/2021,Meru,2.7,,12.6
01/01/2022,Meru,0.0,21.0,16.6
02/01/2022,Meru,0.0,26.4,15.2
03/01/2022,Meru,0.0,24.8,13.2
04/01/2022,Meru,,23.9,12.0
05/01/2022,Meru,,,14.7
06/01/2022,Meru,29.1,18.2,12.5
07/01/2022,Meru,0.0,24.5,14.8
08/01/2022,Meru,0.0,23.7,14.0
09/01/2022,Meru,0.0,25.6,13.0
10/01/2022,Meru,0.0,26.1,11.3
11/01/2022,Meru ,0.0,25.0,12.7
12/01/2022,Meru,0.0,22.9,14.2
13/01/2022,Meru,0.0,26.2,12.6
14/01/2022,Meru,0.0,24.6,12.6
15/01/2022,Meru,2.1,23.5,11.9
16/01/2022,Meru,,23.8,12.3
17/01/2022,Meru,0.0,22.9,13.0
18/01/2022,Meru,0.0,23.4,13.0
19/01/2022,Meru,0.0,24.3,12.5
20/01/2022,Meru,0.0,22.0,13.9
21/01/2022,Meru,0.0,25.7,14.7
22/01/2022,Meru,42.5,24.1,11.1
23/01/2022,MERU,0.0,22.1,13.3
24/01/2022,Meru,0.0,24.9,12.7
25/01/2022,Meru,0.0,22.8,14.8
26/01/2022,Meru,0.0,22.6,14.6
27/01/2022,MERU,0.0,27.3,13.5
28/01/2022,Meru,0.0,25.8,14.2
29/01/2022,Meru,33.0,23.5,13.7
30/01/2022,Meru,0.0,24.3,14.8
31/01/2022,Meru,0.0,23.9,14.5
01/02/2022,Meru,0.0,22.8,14.9
02/02/2022,Meru,14.7,25.8,16.0
03/02/2022,Meru,0.0,25.1,12.4
04/02/2022,meru,26.2,24.7,15.2
05/02/2022,Meru,0.9,25.2,14.2
06/02/2022,Meru,0.0,23.6,13.3
07/02/2022,Meru,0.0,26.3,14.5
08/02/2022,Meru,27.7,22.5,14.2
09/02/2022,Meru,0.0,23.5,12.6
10/02/2022,Meru,,27.4,14.4
11/02/2022,Meru ,0.0,24.9,12.2
12/02/2022,Meru,0.0,25.0,14.6
13/02/2022,Meru,0.0,24.2,11.4
14/02/2022,Meru,0.0,25.1,13.3
15/02/2022,Meru,0.0,28.2,14.4
16/02/2022,Meru ,1.6,24.5,14.2
17/02/2022,Meru,0.0,26.1,14.8
18/02/2022,Meru,0.0,26.2,13.6
19/02/2022,MERU,0.0,26.5,11.7
20/02/2022,Meru,0.0,26.8,12.8
21/02/2022,Meru,0.0,25.5,13.7
22/02/2022,Meru,0.0,27.4,12.9
23/02/2022,Meru,0.0,23.2,13.2
24/02/2022,Meru,0.0,26.2,14.3
25/02/2022,Meru,0.0,28.1,16.8
26/02/2022,Meru,0.0,26.1,12.8
27/02/2022,Meru,12.1,25.1,15.1
28/02/2022,Meru,0.0,27.1,13.6
01/03/2022,MERU,0.0,25.0,15.6
02/03/2022,Meru,11.1,26.8,13.4
03/03/2022,Meru,25.5,23.2,13.9
04/03/2022,Meru,0.0,24.8,13.5
05/03/2022,Meru,0.0,26.1,14.8
06/03/2022,Meru,35.2,22.3,12.3
07/03/2022,Meru,0.0,23.4,14.5
08/03/2022,MERU,0.0,24.4,12.5
09/03/2022,Meru ,0.0,28.2,12.8
10/03/2022,Meru,0.0,23.8,13.4
11/03/2022,Meru,11.5,23.3,15.2
12/03/2022,Meru,1.0,26.9,13.7
13/03/2022,Meru,2.7,25.8,15.7
14/03/2022,Meru,0.0,25.9,13.3
15/03/2022,Meru,26.8,26.8,14.4
16/03/2022,Meru,15.8,24.3,14.5
17/03/2022,Meru,0.0,27.0,13.3
18/03/2022,Meru,0.0,26.9,13.2
19/03/2022,Meru,1.8,27.4,16.4
20/03/2022,Meru,0.0,26.8,15.7
21/03/2022,Meru,0.0,25.6,14.6
22/03/2022,Meru,0.0,24.9,13.2
23/03/2022,Meru,7.5,27.5,13.0
24/03/2022,Meru,0.0,27.9,14.9
25/03/2022,Meru,,20.9,15.5
26/03/2022,Meru,6.0,23.7,16.0
27/03/2022,Meru,0.0,25.6,11.5
28/03/2022,Meru,0.0,24.5,15.1
29/03/2022,MERU,0.0,24.3,14.1
30/03/2022,MERU,0.0,27.1,11.9
31/03/2022,Meru,26.6,21.8,12.7
01/04/2022,Meru,0.0,27.0,14.7
02/04/2022,Meru,38.1,24.4,14.7
03/04/2022,Meru,9.8,25.3,14.7
04/04/2022,Meru,5.7,24.3,14.5
05/04/2022,MERU,32.2,26.7,13.3
06/04/2022,Meru,0.1,26.8,16.0
07/04/2022,Meru,4.9,25.7,15.1
08/04/2022,Meru,0.0,27.5,16.4
09/04/2022,Meru,16.5,24.9,14.5
10/04/2022,Meru,0.0,29.7,15.7
11/04/2022,Meru,8.1,25.0,15.9
12/04/2022,Meru,0.0,27.1,14.5
13/04/2022,Meru,12.3,24.1,15.2
14/04/2022,Meru ,1.3,28.0,15.3
15/04/2022,Meru,35.6,24.9,13.6
16/04/2022,Meru,0.2,25.9,16.1
17/04/2022,Meru,2.9,31.2,14.3
18/04/2022,Meru,8.0,23.5,14.6
19/04/2022,Meru,0.0,23.3,16.2
20/04/2022,Meru,,22.9,15.2
21/04/2022,Meru,4.1,27.5,14.4
22/04/2022,Meru,27.2,26.1,14.8
23/04/2022,Meru,14.8,24.1,14.4
24/04/2022,Meru,0.0,25.9,14.2
25/04/2022,Meru,3.9,28.9,13.2
26/04/2022,MERU,0.8,26.7,14.4
27/04/2022,Meru,0.0,28.4,15.3
28/04/2022,Meru,5.9,23.8,15.6
29/04/2022,Meru,0.0,29.9,14.8
30/04/2022,MERU,40.7,23.3,15.8
01/05/2022,Meru,0.0,27.4,15.4
02/05/2022,MERU,5.3,24.0,15.4
03/05/2022,Meru,0.0,26.6,16.6
04/05/2022,Meru,14.0,25.6,15.3
05/05/2022,Meru,7.7,27.2,16.0
06/05/2022,Meru,0.0,27.8,14.5
07/05/2022,Meru,0.0,25.6,13.8
08/05/2022,Meru,87.6,25.2,16.3
09/05/2022,Meru,21.5,19.9,13.3
10/05/2022,Meru,0.0,26.9,15.3
11/05/2022,Meru,3.9,27.8,13.5
12/05/2022,Meru,8.8,26.3,14.6
13/05/2022,Meru,0.0,29.1,16.4
14/05/2022,MERU,0.0,25.3,15.7
15/05/2022,Meru,45.9,25.6,14.1
16/05/2022,Meru,0.0,25.0,14.9
17/05/2022,Meru,75.3,21.7,14.9
18/05/2022,Meru,0.0,28.0,14.0
19/05/2022,Meru,0.0,25.2,14.6
20/05/2022,Meru,0.0,27.4,14.5
21/05/2022,Meru,0.0,27.4,15.2
22/05/2022,Meru,0.0,25.7,14.8
23/05/2022,meru,trace,26.9,14.9
24/05/2022,Meru,6.7,25.7,14.3
25/05/2022,Meru,0.0,26.9,17.2
26/05/2022,Meru,3.6,23.7,13.3
27/05/2022,Meru,0.0,25.9,15.8
28/05/2022,Meru,10.3,28.0,14.9
29/05/2022,Meru,0.0,,14.8
30/05/2022,Meru,0.0,28.1,16.3
31/05/2022,Meru,5.5,24.9,14.8
01/06/2022,Meru,0.0,31.0,14.2
02/06/2022,Meru,,28.5,16.1
03/06/2022,Meru,0.1,26.9,16.2
04/06/2022,Meru,0.0,25.5,15.2
05/06/2022,Meru,0.0,28.5,15.5
06/06/2022,Meru,0.0,24.9,13.6
07/06/2022,Meru,0.0,25.7,15.2
08/06/2022,Meru,0.0,29.7,15.6
09/06/2022,Meru,0.0,26.3,16.1
10/06/2022,Meru,0.0,26.8,15.8
11/06/2022,Meru,0.0,28.9,17.6
12/06/2022,Meru,0.0,28.0,16.7
13/06/2022,Meru,0.0,25.0,15.7
14/06/2022,Meru,0.0,26.5,14.8
15/06/2022,Meru,2.3,27.9,15.6
16/06/2022,Meru,0.0,27.4,13.2
17/06/2022,Meru,28.1,24.3,14.8
18/06/2022,Meru,0.0,27.2,13.7
19/06/2022,meru,0.0,28.1,13.2
20/06/2022,Meru ,0.0,27.7,15.1
21/06/2022,Meru,0.0,26.1,13.5
22/06/2022,Meru,3.1,27.4,13.4
23/06/2022,Meru,0.0,27.6,15.3
24/06/2022,Meru ,36.3,26.3,14.7
25/06/2022,Meru ,0.0,27.3,16.0
26/06/2022,Meru,0.0,26.6,16.0
27/06/2022,Meru,0.0,27.0,16.1
28/06/2022,Meru,0.0,29.2,13.5
29/06/2022,Meru,0.0,28.7,15.7
30/06/2022,Meru,0.0,26.5,16.7
01/07/2022,Meru,0.0,27.4,14.5
02/07/2022,Meru,0.0,26.2,16.1
03/07/2022,Meru,0.0,25.6,17.1
04/07/2022,Meru,0.0,27.5,14.9
05/07/2022,Meru,34.3,26.3,15.2
06/07/2022,Meru,0.0,24.7,14.9
07/07/2022,Meru,0.0,28.7,15.1
08/07/2022,MERU,0.0,25.7,15.4
09/07/2022,Meru,,26.1,14.7
10/07/2022,Meru,0.0,30.1,13.2
11/07/2022,Meru,0.0,26.1,14.2
12/07/2022,Meru,0.0,26.2,14.8
13/07/2022,Meru,0.0,24.7,15.2
14/07/2022,Meru,0.0,27.9,14.4
15/07/2022,Meru,0.0,25.4,15.0
16/07/2022,MERU,0.0,26.2,
17/07/2022,Meru,0.0,23.6,15.0
18/07/2022,Meru,0.0,30.8,13.3
19/07/2022,Meru,0.4,25.0,13.7
20/07/2022,Meru,0.0,28.4,14.5
21/07/2022,Meru,0.0,28.6,13.6
22/07/2022,Meru,0.0,24.6,15.2
23/07/2022,Meru,0.0,25.0,13.8
24/07/2022,Meru,0.0,28.7,15.2
25/07/2022,Meru,0.0,25.4,14.5
26/07/2022,Meru,0.0,27.1,14.3
27/07/2022,Meru,0.0,27.5,14.7
28/07/2022,Meru,1.7,28.3,13.7
29/07/2022,Meru,0.0,24.7,14.8
30/07/2022,Meru,13.9,24.4,15.9
31/07/2022,meru,27.5,24.8,13.6
01/08/2022,Meru,0.0,28.5,13.8
02/08/2022,Meru,0.0,28.0,13.1
03/08/2022,Meru,0.0,26.3,14.0
04/08/2022,Meru,0.0,25.3,12.5
05/08/2022,Meru,0.0,23.7,12.8
06/08/2022,Meru,21.4,21.8,15.4
07/08/2022,meru,0.0,23.2,14.7
08/08/2022,Meru,0.0,25.8,13.5
09/08/2022,Meru,5.6,25.5,13.6
10/08/2022,Meru,0.0,26.4,14.2
11/08/2022,Meru,0.0,22.8,14.3
12/08/2022,Meru ,59.9,25.4,13.7
13/08/2022,meru,12.5,22.0,14.4
14/08/2022,Meru,0.0,26.1,14.0
15/08/2022,Meru,0.0,26.1,15.0
16/08/2022,Meru,33.3,25.6,13.5
17/08/2022,Meru,0.0,27.6,15.1
18/08/2022,Meru,0.0,27.1,13.3
19/08/2022,Meru,0.0,25.2,12.9
20/08/2022,Meru,,99.9,13.9
21/08/2022,Meru,0.0,27.8,14.7
22/08/2022,Meru,0.0,26.4,13.3
23/08/2022,Meru,0.0,25.9,14.6
24/08/2022,Meru,0.0,24.5,13.4
25/08/2022,Meru,0.0,25.7,14.2
26/08/2022,Meru,19.8,23.7,12.8
27/08/2022,Meru,0.0,25.6,13.1
28/08/2022,Meru,9.6,26.3,14.6
29/08/2022,Meru,48.9,25.5,14.7
30/08/2022,Meru,0.0,25.3,13.9
31/08/2022,Meru,0.0,25.4,14.1
01/09/2022,Meru,0.0,25.8,13.1
02/09/2022,Meru,7.4,22.4,15.4
03/09/2022,Meru,0.0,27.0,13.2
04/09/2022,Meru,0.0,25.6,11.8
05/09/2022,Meru,0.0,25.4,14.1
06/09/2022,Meru,0.0,26.2,13.3
07/09/2022,Meru,0.0,24.4,14.2
08/09/2022,Meru,5.1,24.0,12.4
09/09/2022,MERU,0.0,24.6,14.7
10/09/2022,Meru,4.5,23.2,14.5
11/09/2022,Meru,0.0,23.9,12.1
12/09/2022,Meru,0.0,25.7,12.6
13/09/2022,Meru,0.0,24.9,14.4
14/09/2022,Meru,0.0,28.8,15.5
15/09/2022,Meru ,14.8,22.2,15.0
16/09/2022,Meru,0.0,26.2,13.6
17/09/2022,meru,0.0,26.3,12.5
18/09/2022,Meru,0.0,25.1,12.7
19/09/2022,Meru,1.2,27.8,14.0
20/09/2022,Meru,0.0,27.2,13.2
21/09/2022,Meru,5.2,22.5,13.8
22/09/2022,Meru,0.0,25.2,13.9
23/09/2022,Meru,0.0,23.7,13.3
24/09/2022,Meru,0.0,28.2,14.3
25/09/2022,Meru,0.0,25.8,
26/09/2022,Meru,0.0,25.8,13.2
27/09/2022,Meru,0.0,26.1,11.6
28/09/2022,MERU,0.0,26.0,13.0
29/09/2022,Meru,5.8,21.8,12.6
30/09/2022,Meru,0.0,25.5,13.5
01/10/2022,meru,-999,26.5,12.8
02/10/2022,Meru,0.0,24.9,14.5
03/10/2022,Meru,0.0,25.1,11.8
04/10/2022,Meru,0.0,25.5,11.8
05/10/2022,Meru,0.0,25.6,12.7
06/10/2022,Meru,0.0,26.4,13.7
07/10/2022,Meru,0.0,23.9,13.2
08/10/2022,Meru,0.0,21.0,10.6
09/10/2022,Meru,0.0,23.6,15.1
10/10/2022,Meru,1.4,28.2,13.3
11/10/2022,Meru,0.0,15.1,24.8
12/10/2022,meru,0.0,26.1,13.2
13/10/2022,meru,trace,24.4,12.2
14/10/2022,Meru,0.0,22.5,
15/10/2022,Meru,0.0,24.4,13.6
16/10/2022,MERU,0.0,22.9,14.1
17/10/2022,meru,0.0,25.6,14.0
18/10/2022,Meru,27.6,22.1,12.6
19/10/2022,Meru,0.7,24.1,11.7
20/10/2022,Meru,0.0,24.2,11.6
21/10/2022,Meru,0.0,23.8,13.2
22/10/2022,Meru,15.3,20.6,11.3
23/10/2022,Meru,0.0,23.0,12.8
24/10/2022,Meru,8.7,26.3,12.4
25/10/2022,Meru,0.0,25.1,12.3
26/10/2022,Meru,0.0,22.8,13.0
27/10/2022,Meru,11.6,,14.8
28/10/2022,Meru,0.0,22.8,13.1
29/10/2022,Meru,0.0,23.3,
30/10/2022,Meru,0.0,25.6,13.4
31/10/2022,Meru,0.0,26.2,12.2
01/11/2022,Meru,0.0,,14.2
02/11/2022,Meru,9.3,22.0,13.6
03/11/2022,MERU,0.0,24.8,14.0
04/11/2022,Meru,2.9,22.4,12.5
05/11/2022,Meru,1.2,24.1,12.3
06/11/2022,Meru,trace,23.1,13.1
07/11/2022,Meru,0.0,26.6,12.5
08/11/2022,Meru ,3.5,23.1,12.4
09/11/2022,meru,5.2,22.9,12.9
10/11/2022,Meru,15.7,23.7,12.8
11/11/2022,Meru,0.0,20.1,13.8
12/11/2022,Meru,0.0,23.0,14.9
13/11/2022,Meru,0.0,23.7,13.9
14/11/2022,Meru,6.0,22.9,13.8
15/11/2022,Meru,12.4,23.4,15.1
16/11/2022,Meru,0.0,27.7,12.8
17/11/2022,Meru,2.2,22.1,
18/11/2022,Meru,12.9,20.8,13.6
19/11/2022,Meru,1.9,24.1,13.3
20/11/2022,Meru,0.0,21.5,14.3
21/11/2022,meru,3.8,25.2,13.8
22/11/2022,Meru,0.0,23.8,13.2
23/11/2022,MERU,5.9,24.6,13.0
24/11/2022,Meru,0.0,23.1,13.7
25/11/2022,Meru,0.0,23.6,12.9
26/11/2022,Meru,0.0,24.0,12.7
27/11/2022,Meru,0.0,27.4,11.5
28/11/2022,Meru,1.2,23.4,13.9
29/11/2022,Meru,0.0,26.2,13.3
30/11/2022,Meru,0.0,23.8,10.8
01/12/2022,Meru,20.3,21.9,14.5
02/12/2022,Meru ,0.0,25.8,13.4
03/12/2022,Meru,9.3,20.5,14.2
04/12/2022,Meru,0.0,25.3,12.1
05/12/2022,Meru,3.3,26.2,14.2
06/12/2022,Meru,0.0,23.7,13.8
07/12/2022,Meru,0.0,23.4,
08/12/2022,Meru,10.3,22.3,14.5
09/12/2022,Meru ,7.9,23.8,13.8
10/12/2022,Meru,0.0,24.1,13.9
11/12/2022,Meru,0.0,21.5,14.5
12/12/2022,Meru,32.0,21.1,14.6
13/12/2022,Meru,0.0,26.5,13.8
14/12/2022,Meru,0.0,28.1,12.4
15/12/2022,Meru,0.0,22.4,12.5
16/12/2022,Meru,,23.3,13.4
17/12/2022,Meru,4.8,27.0,14.2
18/12/2022,Meru,0.0,26.9,13.2
19/12/2022,Meru,0.9,22.6,14.1
20/12/2022,Meru,0.0,24.0,13.2
21/12/2022,Meru,0.0,24.7,13.7
22/12/2022,Meru,24.6,22.3,12.2
23/12/2022,Meru,39.0,25.1,13.5
24/12/2022,Meru,0.0,22.6,13.0
25/12/2022,Meru,0.0,23.7,13.4
26/12/2022,meru,0.0,23.0,14.5
27/12/2022,meru,0.0,26.3,12.7
28/12/2022,Meru ,0.0,24.5,11.8
29/12/2022,Meru,15.9,21.6,11.2
30/12/2022,Meru,7.0,26.0,13.9
31/12/2022,Meru,7.8,22.9,13.3
01/01/2023,Meru,0.0,25.4,11.7
02/01/2023,meru,0.0,23.6,14.2
03/01/2023,Meru,0.0,24.2,13.6
04/01/2023,Meru,0.0,21.9,13.0
05/01/2023,Meru,18.3,23.2,13.0
06/01/2023,Meru,0.0,25.8,12.9
07/01/2023,Meru,5.9,23.1,11.6
08/01/2023,Meru,0.0,25.6,12.1
09/01/2023,Meru,0.0,25.4,13.4
10/01/2023,Meru,0.0,22.7,14.6
11/01/2023,Meru,8.7,22.3,14.0
12/01/2023,Meru,0.0,24.3,14.6
13/01/2023,Meru,0.0,26.3,12.9
14/01/2023,Meru,0.0,22.9,11.5
15/01/2023,Meru,0.0,23.7,13.5
16/01/2023,Meru,0.0,25.0,12.2
17/01/2023,Meru,0.0,24.5,11.0
18/01/2023,Meru ,0.0,24.9,14.8
19/01/2023,Meru,0.0,25.2,12.9
20/01/2023,Meru,4.5,23.1,13.3
21/01/2023,Meru,0.0,21.8,13.2
22/01/2023,Meru,0.0,23.7,14.8
23/01/2023,MERU,0.0,22.9,12.0
24/01/2023,Meru,0.0,27.7,14.1
25/01/2023,Meru,,25.1,11.8
26/01/2023,Meru,0.0,21.3,13.9
27/01/2023,Meru,0.0,25.2,12.6
28/01/2023,meru,0.0,25.4,11.9
29/01/2023,Meru,0.0,25.1,13.3
30/01/2023,Meru,0.0,25.0,12.6
31/01/2023,Meru,0.0,24.1,15.7
01/02/2023,MERU,0.0,22.7,13.9
02/02/2023,Meru,0.0,24.6,12.2
03/02/2023,meru,1.2,24.7,13.0
04/02/2023,Meru,0.0,23.5,14.1
05/02/2023,Meru,0.0,23.5,12.9
06/02/2023,Meru,0.0,25.0,13.3
07/02/2023,Meru,0.0,23.1,15.2
08/02/2023,Meru,0.0,26.0,15.2
09/02/2023,Meru,0.0,25.6,13.7
10/02/2023,Meru,4.8,25.2,14.2
11/02/2023,Meru,0.0,28.8,13.8
12/02/2023,Meru,0.0,24.3,14.6
13/02/2023,Meru,0.0,23.6,12.8
14/02/2023,Meru,0.0,28.8,14.2
15/02/2023,Meru,0.0,29.2,13.3
16/02/2023,Meru,23.0,22.3,12.2
17/02/2023,Meru,0.0,25.4,13.1
18/02/2023,Meru,0.0,25.5,15.4
19/02/2023,Meru ,14.2,21.2,13.6
20/02/2023,meru,0.0,23.1,15.2
21/02/2023,Meru,0.0,25.4,14.1
22/02/2023,Meru,0.0,25.1,14.6
23/02/2023,meru,0.0,23.3,15.7
24/02/2023,meru,0.0,24.9,12.8
25/02/2023,Meru,0.0,22.6,13.3
26/02/2023,Meru,0.0,25.3,13.9
27/02/2023,Meru,0.0,26.4,16.3
28/02/2023,Meru,0.0,25.9,13.8
01/03/2023,Meru,6.9,23.0,14.6
02/03/2023,Meru,-999,27.2,12.1
03/03/2023,Meru,0.0,25.1,14.4
04/03/2023,Meru,0.0,25.5,14.3
05/03/2023,MERU,0.0,25.4,15.2
06/03/2023,Meru,47.1,23.4,14.2
07/03/2023,Meru,0.0,25.6,14.5
08/03/2023,Meru,0.0,25.3,
09/03/2023,Meru,0.0,25.9,
10/03/2023,Meru,0.0,27.4,12.7
11/03/2023,MERU,0.0,24.7,13.9
12/03/2023,Meru,11.4,22.2,13.6
13/03/2023,Meru,0.0,27.7,12.9
14/03/2023,Meru,0.0,24.4,14.8
15/03/2023,Meru,35.0,23.7,15.1
16/03/2023,Meru,3.9,27.0,15.0
17/03/2023,Meru,trace,26.8,13.7
18/03/2023,Meru,0.0,26.5,13.5
19/03/2023,Meru,0.0,28.4,15.2
20/03/2023,MERU,31.7,23.0,14.0
21/03/2023,Meru,2.4,24.9,11.6
22/03/2023,Meru,0.0,28.6,13.5
23/03/2023,Meru,0.0,27.2,14.6
24/03/2023,Meru,0.0,24.8,12.9
25/03/2023,Meru,5.7,25.6,15.1
26/03/2023,Meru,-999,24.4,14.2
27/03/2023,Meru,0.0,25.3,12.6
28/03/2023,Meru,5.4,23.9,13.3
29/03/2023,Meru,0.0,26.8,14.9
30/03/2023,Meru,0.0,28.3,14.9
31/03/2023,Meru,6.1,22.4,15.1
01/04/2023,Meru,5.7,20.8,14.9
02/04/2023,Meru,0.0,99.9,13.8
03/04/2023,Meru ,43.3,24.1,15.0
04/04/2023,meru,0.0,25.4,13.7
05/04/2023,Meru,8.0,27.0,15.9
06/04/2023,Meru,12.3,24.4,13.6
07/04/2023,Meru,0.6,26.3,15.2
08/04/2023,Meru,0.0,26.8,14.8
09/04/2023,Meru,0.0,26.9,14.6
10/04/2023,meru,0.0,25.8,13.4
11/04/2023,Meru,0.0,28.2,15.6
12/04/2023,Meru,0.0,29.3,15.7
13/04/2023,MERU,4.8,27.6,14.0
14/04/2023,Meru,5.1,25.6,14.5
15/04/2023,meru,0.6,24.7,14.7
16/04/2023,Meru,0.0,28.4,12.4
17/04/2023,Meru,0.0,26.9,14.9
18/04/2023,Meru,34.6,25.0,14.6
19/04/2023,Meru,0.0,28.0,13.8
20/04/2023,Meru,2.8,27.6,16.4
21/04/2023,Meru,trace,24.6,14.8
22/04/2023,Meru,4.8,26.8,14.9
23/04/2023,meru,20.3,24.7,14.4
24/04/2023,Meru,0.0,26.8,13.9
25/04/2023,Meru,0.0,23.2,13.8
26/04/2023,Meru,13.9,22.4,14.7
27/04/2023,Meru,4.2,27.5,15.8
28/04/2023,Meru,0.0,25.8,15.6
29/04/2023,Meru,0.0,23.0,15.6
30/04/2023,Meru,10.2,24.5,14.2
01/05/2023,Meru,19.9,23.9,17.0
02/05/2023,Meru,0.0,,15.5
03/05/2023,Meru,4.7,28.2,15.3
04/05/2023,Meru,7.7,24.9,14.0
05/05/2023,Meru,19.0,22.4,14.2
06/05/2023,Meru,26.4,24.4,15.7
07/05/2023,meru,0.5,28.6,15.6
08/05/2023,Meru,15.0,22.6,15.0
09/05/2023,meru,0.0,26.1,13.5
10/05/2023,Meru,14.3,23.6,14.4
11/05/2023,Meru,0.0,28.1,15.8
12/05/2023,Meru,0.0,27.4,15.9
13/05/2023,MERU,0.0,27.2,14.8
14/05/2023,Meru,9.0,22.2,14.1
15/05/2023,Meru,2.9,,15.0
16/05/2023,Meru,13.3,22.2,14.6
17/05/2023,Meru,0.0,25.5,16.4
18/05/2023,Meru,0.0,,15.3
19/05/2023,Meru ,8.9,26.5,14.4
20/05/2023,Meru,0.0,27.4,14.3
21/05/2023,Meru,0.0,24.3,12.3
22/05/2023,Meru,0.0,25.7,14.1
23/05/2023,Meru,0.0,26.8,13.8
24/05/2023,Meru,19.1,27.6,14.7
25/05/2023,Meru ,5.9,27.2,15.4
26/05/2023,Meru ,0.0,28.1,12.8
27/05/2023,meru,2.3,29.1,15.0
28/05/2023,Meru,1.9,26.7,15.0
29/05/2023,Meru,0.0,26.4,13.9
30/05/2023,meru,3.1,25.1,15.3
31/05/2023,meru,11.0,21.5,15.8
01/06/2023,meru,0.5,25.9,14.7
02/06/2023,Meru,0.0,25.3,14.6
03/06/2023,Meru,0.0,26.1,17.3
04/06/2023,Meru,43.9,25.4,17.4
05/06/2023,Meru,0.0,23.7,15.8
06/06/2023,Meru,0.0,32.2,15.0
07/06/2023,Meru,0.0,28.6,14.4
08/06/2023,MERU,39.3,25.1,16.8
09/06/2023,Meru,0.0,28.1,13.5
10/06/2023,Meru,0.0,26.8,16.1
11/06/2023,Meru,3.2,27.1,16.6
12/06/2023,Meru,0.0,24.3,15.8
13/06/2023,Meru,0.0,27.6,13.2
14/06/2023,Meru,1.2,28.6,14.6
15/06/2023,Meru,0.0,26.9,
16/06/2023,Meru,,29.0,13.5
17/06/2023,Meru,0.0,25.0,15.2
18/06/2023,Meru,,25.1,14.4
19/06/2023,Meru,0.0,26.6,15.1
20/06/2023,Meru,0.0,26.0,15.9
21/06/2023,Meru,0.0,27.2,13.7
22/06/2023,Meru,-999,27.2,
23/06/2023,Meru,4.6,25.9,13.9
24/06/2023,MERU,0.0,27.0,16.0
25/06/2023,Meru,0.0,25.6,13.5
26/06/2023,Meru,,26.3,15.3
27/06/2023,Meru,0.0,24.5,14.4
28/06/2023,Meru,0.0,27.6,14.5
29/06/2023,Meru,6.7,26.3,14.5
30/06/2023,MERU,14.0,22.7,14.9
01/07/2023,Meru,0.0,,14.9
02/07/2023,Meru,0.0,25.8,16.0
03/07/2023,Meru ,0.0,25.5,14.5
04/07/2023,Meru,34.6,24.7,15.5
05/07/2023,Meru,6.1,26.8,15.9
06/07/2023,Meru,0.0,26.6,13.3
07/07/2023,Meru,4.4,27.4,14.9
08/07/2023,Meru,0.0,25.7,16.9
09/07/2023,Meru,0.0,27.0,15.1
10/07/2023,Meru,0.0,26.8,14.0
11/07/2023,Meru,66.2,23.4,14.5
12/07/2023,Meru,0.0,28.7,14.7
13/07/2023,Meru,,27.2,15.1
14/07/2023,Meru,0.0,27.8,13.6
15/07/2023,Meru,0.0,24.3,14.1
16/07/2023,Meru,0.0,26.5,14.7
17/07/2023,Meru,0.0,23.1,15.9
18/07/2023,Meru,0.0,27.9,14.1
19/07/2023,MERU,0.0,27.9,15.2
20/07/2023,Meru,12.7,25.3,16.0
21/07/2023,Meru,0.0,23.6,12.6
22/07/2023,MERU,0.0,26.8,13.3
23/07/2023,Meru,0.0,26.3,14.0
24/07/2023,Meru,0.0,25.1,13.6
25/07/2023,Meru,2.0,25.3,13.7
26/07/2023,Meru,0.0,25.4,14.1
27/07/2023,Meru,0.0,27.9,13.0
28/07/2023,Meru,0.0,24.3,16.1
29/07/2023,Meru,0.0,25.7,15.5
30/07/2023,meru,38.0,25.4,14.7
31/07/2023,Meru,0.0,27.2,11.9
01/08/2023,Meru,0.0,28.2,14.5
02/08/2023,Meru,0.0,25.9,15.7
03/08/2023,Meru ,0.0,26.4,14.5
04/08/2023,Meru,40.7,23.2,14.5
05/08/2023,Meru,24.5,22.9,14.3
06/08/2023,Meru,0.0,26.8,13.1
07/08/2023,Meru,0.0,26.0,14.8
08/08/2023,Meru,0.0,99.9,13.3
09/08/2023,Meru,15.7,21.7,13.5
10/08/2023,Meru,0.0,27.9,14.1
11/08/2023,Meru,0.0,26.1,14.1
12/08/2023,Meru,0.0,24.3,16.3
13/08/2023,Meru,0.0,24.5,15.0
14/08/2023,Meru,0.0,26.5,15.8
15/08/2023,Meru,0.0,27.7,14.2
16/08/2023,Meru,0.0,25.9,14.4
17/08/2023,MERU,2.4,24.0,14.4
18/08/2023,Meru,0.0,26.6,14.0
19/08/2023,Meru ,0.0,26.7,14.6
20/08/2023,Meru,0.0,25.0,13.5
21/08/2023,MERU,0.0,24.9,12.3
22/08/2023,Meru,0.0,25.1,13.1
23/08/2023,Meru,0.0,25.6,16.1
24/08/2023,Meru,0.0,26.6,14.1
25/08/2023,MERU,0.0,25.7,16.7
26/08/2023,Meru,0.0,29.0,15.2
27/08/2023,Meru,0.0,26.1,15.0
28/08/2023,Meru,3.7,23.2,13.9
29/08/2023,Meru,0.0,23.1,14.9
30/08/2023,Meru,0.5,,14.4
31/08/2023,Meru,0.0,24.7,13.5
01/09/2023,meru,0.0,24.7,14.0
02/09/2023,Meru,0.0,25.4,12.9
03/09/2023,Meru,0.0,22.3,17.2
04/09/2023,Meru,0.0,25.3,13.3
05/09/2023,Meru,0.0,26.9,11.9
06/09/2023,Meru,0.0,25.9,12.0
07/09/2023,Meru,0.0,26.5,12.6
08/09/2023,Meru,0.0,25.9,15.0
09/09/2023,Meru,5.4,24.0,14.8
10/09/2023,Meru,0.0,23.9,12.6
11/09/2023,Meru,0.0,24.6,13.3
12/09/2023,Meru,0.0,24.1,12.1
13/09/2023,Meru,0.0,25.0,13.0
14/09/2023,Meru,3.4,22.2,14.9
15/09/2023,Meru,7.6,24.8,13.3
16/09/2023,Meru,0.0,25.4,14.8
17/09/2023,Meru,0.0,26.6,13.6
18/09/2023,Meru,0.0,24.8,14.0
19/09/2023,Meru,4.7,25.0,14.1
20/09/2023,Meru,0.0,23.8,12.9
21/09/2023,Meru,0.0,23.5,12.8
22/09/2023,Meru,0.0,22.9,16.3
23/09/2023,Meru ,0.0,23.7,14.0
24/09/2023,Meru,0.0,22.9,12.5
25/09/2023,Meru,0.0,24.2,13.5
26/09/2023,MERU,0.0,25.8,13.4
27/09/2023,Meru,0.0,27.1,14.4
28/09/2023,Meru,0.0,23.9,12.7
29/09/2023,Meru,0.0,26.5,14.2
30/09/2023,Meru,1.7,25.8,12.9
01/10/2023,meru,0.0,25.6,12.5
02/10/2023,Meru,0.0,24.5,14.3
03/10/2023,Meru,0.0,25.3,13.3
04/10/2023,Meru,25.8,26.0,11.2
05/10/2023,meru,1.0,24.1,12.0
06/10/2023,Meru,0.0,23.1,13.7
07/10/2023,Meru,0.0,23.8,12.3
08/10/2023,Meru,12.6,25.3,14.3
09/10/2023,meru,0.0,26.9,14.7
10/10/2023,Meru,0.0,26.0,13.2
11/10/2023,Meru,,23.8,15.6
12/10/2023,meru,2.3,26.2,13.3
13/10/2023,Meru,0.0,23.6,12.5
14/10/2023,meru,0.0,25.7,13.4
15/10/2023,Meru,0.0,25.7,14.3
16/10/2023,Meru,0.0,25.8,12.9
17/10/2023,Meru,0.8,23.1,12.6
18/10/2023,meru,18.0,22.0,12.7
19/10/2023,Meru,9.6,21.6,13.7
20/10/2023,Meru,0.0,27.8,11.9
21/10/2023,Meru,0.0,24.6,13.9
22/10/2023,meru,0.0,23.0,14.1
23/10/2023,Meru,4.1,24.6,12.5
24/10/2023,Meru,0.0,24.6,13.7
25/10/2023,Meru,0.0,24.6,13.4
26/10/2023,Meru,0.0,23.9,11.3
27/10/2023,Meru,0.0,25.2,13.3
28/10/2023,Meru,38.0,21.2,15.5
29/10/2023,Meru,15.0,22.8,14.1
30/10/2023,Meru,0.0,,14.9
31/10/2023,Meru,0.0,22.7,15.3
01/11/2023,Meru,15.4,22.3,14.6
02/11/2023,Meru,0.0,24.7,13.4
03/11/2023,Meru,10.6,20.3,12.4
04/11/2023,Meru,1.0,25.7,13.6
05/11/2023,Meru,trace,21.7,13.1
06/11/2023,Meru,0.0,21.6,12.0
07/11/2023,Meru,0.0,23.7,14.2
08/11/2023,Meru,0.0,25.7,12.7
09/11/2023,Meru,0.0,24.3,13.5
10/11/2023,Meru,0.0,24.1,12.3
11/11/2023,MERU,0.0,22.9,12.7
12/11/2023,Meru,0.0,24.5,14.6
13/11/2023,Meru,0.0,24.7,13.1
14/11/2023,Meru,7.0,22.9,13.4
15/11/2023,Meru,7.5,20.1,12.2
16/11/2023,Meru,,26.1,12.7
17/11/2023,Meru,4.0,24.1,12.8
18/11/2023,Meru,7.8,24.0,13.6
19/11/2023,Meru,16.7,23.4,13.8
20/11/2023,Meru,0.0,24.3,15.3
21/11/2023,Meru,0.0,24.6,11.4
22/11/2023,Meru,0.0,23.5,14.0
23/11/2023,Meru,0.0,22.8,14.0
24/11/2023,Meru,0.0,25.9,12.9
25/11/2023,Meru,0.0,,13.5
26/11/2023,Meru,0.0,23.5,13.3
27/11/2023,Meru,13.9,19.7,11.7
28/11/2023,Meru,0.0,21.6,13.3
29/11/2023,MERU,21.2,22.9,13.2
30/11/2023,Meru,0.0,24.3,11.6
01/12/2023,meru,0.0,27.5,13.8
02/12/2023,Meru,3.7,22.8,12.2
03/12/2023,Meru,0.0,22.8,12.9
04/12/2023,Meru,0.0,21.7,11.4
05/12/2023,Meru,0.0,22.9,13.2
06/12/2023,Meru,3.4,24.0,
07/12/2023,Meru,10.1,22.5,13.1
08/12/2023,Meru,0.0,24.8,12.7
09/12/2023,Meru,0.0,22.4,13.4
10/12/2023,Meru,1.3,22.8,12.6
11/12/2023,Meru,0.0,24.2,14.2
12/12/2023,Meru,0.0,22.7,12.1
13/12/2023,Meru,1.8,26.6,13.4
14/12/2023,Meru,0.0,23.1,14.0
15/12/2023,Meru,0.0,23.8,13.9
16/12/2023,Meru,0.0,23.0,13.2
17/12/2023,Meru,0.0,26.9,13.3
18/12/2023,Meru,0.0,23.0,14.2
19/12/2023,Meru,0.0,23.4,13.8
20/12/2023,Meru,8.1,23.4,14.2
21/12/2023,Meru,19.4,23.4,12.2
22/12/2023,Meru,0.0,24.6,12.9
23/12/2023,Meru,0.0,25.8,13.6
24/12/2023,Meru,0.0,24.1,13.4
25/12/2023,Meru,0.0,24.3,10.9
26/12/2023,Meru,3.9,24.7,14.8
27/12/2023,Meru,,24.7,12.7
28/12/2023,Meru,15.2,23.9,13.4
29/12/2023,Meru,30.7,25.4,13.1
30/12/2023,Meru,0.0,24.2,12.4
31/12/2023,Meru,0.0,23.3,14.1
01/01/2024,Meru,0.0,23.9,13.0
02/01/2024,meru,0.0,26.4,13.3
03/01/2024,Meru,0.0,,13.5
04/01/2024,MERU,0.0,23.9,11.7
05/01/2024,Meru,0.0,24.7,12.2
06/01/2024,Meru,0.0,24.1,14.0
07/01/2024,Meru,0.0,25.8,13.5
08/01/2024,Meru,0.0,24.2,13.2
09/01/2024,Meru,0.0,26.7,12.0
10/01/2024,Meru,0.0,22.4,13.0
11/01/2024,Meru,0.0,23.6,13.4
12/01/2024,Meru,0.0,24.5,12.4
13/01/2024,Meru,0.0,25.1,12.4
14/01/2024,Meru,0.0,25.0,14.3
15/01/2024,Meru,10.4,19.9,15.6
16/01/2024,Meru,0.0,25.0,13.6
17/01/2024,meru,-999,22.7,12.7
18/01/2024,Meru,0.0,23.5,13.0
19/01/2024,Meru,0.0,26.6,15.5
20/01/2024,Meru,0.0,24.5,15.2
21/01/2024,Meru,0.0,24.4,13.4
22/01/2024,Meru,0.0,21.8,14.3
23/01/2024,Meru,23.3,21.0,13.2
24/01/2024,Meru,0.0,26.6,13.3
25/01/2024,Meru,0.0,26.3,14.6
26/01/2024,Meru ,0.0,26.1,13.7
27/01/2024,Meru,0.0,24.8,13.8
28/01/2024,Meru,0.0,24.2,13.4
29/01/2024,Meru,0.0,25.9,16.1
30/01/2024,Meru,0.0,23.9,11.8
31/01/2024,Meru,0.0,24.9,
01/02/2024,Meru,0.0,,14.1
02/02/2024,Meru,0.0,23.4,12.8
03/02/2024,Meru,0.0,24.2,13.6
04/02/2024,Meru,0.0,23.7,14.7
05/02/2024,Meru,0.0,23.9,13.9
06/02/2024,Meru,0.0,24.3,13.9
07/02/2024,Meru,6.1,24.1,14.7
08/02/2024,Meru,36.6,27.9,14.5
09/02/2024,Meru,,24.2,13.1
10/02/2024,Meru,0.0,25.5,13.1
11/02/2024,Meru ,0.0,25.1,15.1
12/02/2024,Meru,0.0,23.0,14.1
13/02/2024,Meru,0.0,24.8,13.0
14/02/2024,Meru,0.0,27.4,12.9
15/02/2024,Meru,0.0,27.3,13.4
16/02/2024,Meru,0.0,25.7,13.9
17/02/2024,Meru,0.0,26.2,15.1
18/02/2024,Meru,0.0,25.5,13.5
19/02/2024,Meru,0.0,27.8,15.4
20/02/2024,Meru,0.0,25.0,14.3
21/02/2024,Meru,trace,23.3,15.0
22/02/2024,Meru,0.0,29.2,13.1
23/02/2024,Meru,0.0,27.5,13.0
24/02/2024,Meru,0.0,22.1,
25/02/2024,Meru ,7.5,25.7,14.5
26/02/2024,MERU,0.0,24.4,14.7
27/02/2024,Meru,0.0,23.0,14.3
28/02/2024,Meru,0.0,25.6,13.8
29/02/2024,Meru,0.0,25.7,11.5
01/03/2024,Meru,10.5,23.8,13.9
02/03/2024,Meru,0.0,25.0,14.6
03/03/2024,Meru,0.0,25.3,11.9
04/03/2024,meru,0.0,26.1,13.7
05/03/2024,Meru,0.0,25.6,14.0
06/03/2024,Meru,0.0,26.6,15.8
07/03/2024,Meru,1.2,25.0,11.9
08/03/2024,Meru,0.0,26.6,13.1
09/03/2024,Meru,7.5,25.8,13.1
10/03/2024,Meru,0.0,23.6,14.2
11/03/2024,Meru,0.0,24.1,13.3
12/03/2024,Meru,0.0,22.7,14.1
13/03/2024,Meru,0.0,25.7,14.1
14/03/2024,Meru,0.0,26.8,13.4
15/03/2024,Meru,0.0,26.3,16.4
16/03/2024,Meru ,0.0,,14.7
17/03/2024,Meru,11.0,24.2,14.0
18/03/2024,Meru,0.0,23.3,13.1
19/03/2024,meru,0.0,28.6,12.3
20/03/2024,Meru,1.1,27.3,14.4
21/03/2024,Meru,15.9,24.7,14.9
22/03/2024,Meru,14.8,25.1,13.1
23/03/2024,Meru,9.2,23.9,13.1
24/03/2024,Meru,0.0,27.3,14.6
25/03/2024,Meru,0.0,28.2,15.8
26/03/2024,Meru,10.7,22.6,13.6
27/03/2024,MERU,0.0,22.8,13.8
28/03/2024,Meru,13.0,23.0,14.9
29/03/2024,Meru,0.0,99.9,16.0
30/03/2024,meru,4.5,22.1,15.1
31/03/2024,Meru,0.0,26.2,14.2
01/04/2024,MERU,0.0,25.5,14.4
02/04/2024,Meru,43.3,26.2,15.2
03/04/2024,Meru,0.0,26.6,16.2
04/04/2024,Meru,,25.6,14.0
05/04/2024,Meru ,0.4,26.3,16.6
06/04/2024,Meru,0.0,26.2,14.4
07/04/2024,Meru,4.8,26.7,12.9
08/04/2024,Meru,4.0,24.8,13.7
09/04/2024,Meru,4.0,24.5,12.7
10/04/2024,Meru,5.2,25.1,14.2
11/04/2024,Meru,0.0,27.2,14.0
12/04/2024,Meru,7.3,24.0,14.6
13/04/2024,Meru ,0.0,28.0,13.9
14/04/2024,Meru,0.4,27.6,13.7
15/04/2024,Meru,,26.8,14.2
16/04/2024,Meru,9.6,23.8,16.0
17/04/2024,Meru,0.4,28.0,15.2
18/04/2024,Meru,1.8,25.1,16.4
19/04/2024,Meru,0.0,26.0,15.5
20/04/2024,Meru,0.0,24.2,12.8
21/04/2024,Meru,0.0,28.5,13.9
22/04/2024,Meru,,24.5,15.5
23/04/2024,Meru,0.0,27.9,16.0
24/04/2024,Meru,0.0,26.8,15.1
25/04/2024,Meru,3.8,26.2,14.3
26/04/2024,Meru,12.0,23.3,15.8
27/04/2024,Meru,0.0,29.2,14.3
28/04/2024,Meru,0.4,25.3,14.6
29/04/2024,MERU,8.9,24.0,15.6
30/04/2024,Meru,0.0,26.0,14.5
01/05/2024,meru,0.0,29.7,13.9
02/05/2024,Meru ,,29.5,14.5
03/05/2024,Meru,27.5,22.5,14.3
04/05/2024,Meru ,0.0,26.1,15.7
05/05/2024,Meru,0.0,27.1,15.3
06/05/2024,Meru,6.7,26.8,15.4
07/05/2024,Meru,1.3,24.2,15.3
08/05/2024,Meru,19.0,25.1,16.0
09/05/2024,Meru,0.3,25.8,14.5
10/05/2024,Meru,0.0,28.6,15.5
11/05/2024,Meru,4.0,,16.4
12/05/2024,Meru,0.0,28.5,14.5
13/05/2024,Meru,13.9,26.0,14.7
14/05/2024,Meru,0.0,29.0,14.9
15/05/2024,Meru,0.0,28.8,13.8
16/05/2024,Meru,3.6,26.7,14.7
17/05/2024,Meru,5.9,25.0,14.0
18/05/2024,Meru,,23.4,15.1
19/05/2024,Meru,3.3,26.3,13.9
20/05/2024,Meru,5.0,23.4,15.4
21/05/2024,Meru,0.0,26.5,14.4
22/05/2024,Meru,5.9,21.4,12.7
23/05/2024,Meru,0.0,28.9,12.2
24/05/2024,Meru,45.7,24.4,15.3
25/05/2024,Meru,0.0,25.8,13.3
26/05/2024,Meru,0.0,28.3,16.0
27/05/2024,Meru,11.2,,14.1
28/05/2024,MERU,5.0,25.8,15.5
29/05/2024,Meru,0.0,25.9,13.6
30/05/2024,Meru,4.6,27.1,15.6
31/05/2024,Meru,0.0,27.6,13.9
01/06/2024,Meru,0.0,29.3,16.6
02/06/2024,Meru,4.1,27.1,13.7
03/06/2024,Meru,0.0,25.4,15.6
04/06/2024,Meru,0.0,25.1,14.6
05/06/2024,Meru,0.0,29.0,14.8
06/06/2024,Meru,0.0,25.4,15.5
07/06/2024,Meru,0.0,28.7,15.6
08/06/2024,Meru,0.0,28.0,15.0
09/06/2024,Meru,0.0,24.1,15.0
10/06/2024,Meru,2.5,26.3,13.8
11/06/2024,Meru,0.0,28.1,14.3
12/06/2024,Meru,13.7,25.7,15.5
13/06/2024,Meru,0.0,25.9,15.0
14/06/2024,meru,10.4,25.6,15.5
15/06/2024,Meru,0.0,27.7,14.8
16/06/2024,Meru,7.1,27.7,13.6
17/06/2024,Meru,0.0,26.5,14.1
18/06/2024,Meru,40.7,25.7,15.7
19/06/2024,Meru,0.0,26.3,14.0
20/06/2024,Meru,0.0,,13.1
21/06/2024,Meru,0.0,30.4,13.2
22/06/2024,Meru,0.0,24.6,14.7
23/06/2024,MERU,0.0,27.8,14.5
24/06/2024,Meru,0.0,28.7,12.8
25/06/2024,Meru,1.3,26.9,14.4
26/06/2024,Meru,16.6,25.1,13.1
27/06/2024,Meru,0.0,27.4,15.6
28/06/2024,Meru,0.0,27.3,14.3
29/06/2024,Meru,0.1,27.0,14.9
30/06/2024,Meru,0.0,28.2,14.2
01/07/2024,Meru,0.0,28.3,14.0
02/07/2024,Meru ,9.2,24.4,15.2
03/07/2024,Meru,5.0,25.8,14.6
04/07/2024,Meru,0.0,25.9,12.2
05/07/2024,Meru,0.0,25.0,14.6
06/07/2024,Meru,0.0,28.4,14.8
07/07/2024,MERU,0.0,27.3,16.8
08/07/2024,Meru,5.0,26.6,15.4
09/07/2024,Meru,0.0,26.4,13.6
10/07/2024,Meru,0.0,22.3,13.8
11/07/2024,Meru,0.0,27.3,16.2
12/07/2024,Meru,0.0,28.0,14.7
13/07/2024,Meru,0.0,26.4,15.4
14/07/2024,Meru,0.0,26.3,16.8
15/07/2024,Meru,0.0,26.3,14.1
16/07/2024,Meru,0.0,26.3,15.5
17/07/2024,Meru,0.0,26.6,16.5
18/07/2024,Meru,5.8,23.2,14.8
19/07/2024,Meru,0.0,26.5,15.4
20/07/2024,Meru,0.9,27.4,13.9
21/07/2024,Meru,0.0,28.7,16.2
22/07/2024,Meru,0.0,25.9,14.9
23/07/2024,Meru,0.0,26.9,16.3
24/07/2024,Meru,0.0,23.8,14.3
25/07/2024,Meru,0.0,26.3,15.7
26/07/2024,Meru,0.0,23.2,13.6
27/07/2024,Meru,24.7,24.6,16.7
28/07/2024,Meru,0.0,26.2,15.7
29/07/2024,Meru,0.0,24.3,13.6
30/07/2024,Meru,0.0,27.6,14.8
31/07/2024,Meru,0.0,25.7,12.8
01/08/2024,Meru,0.0,23.3,13.9
02/08/2024,Meru,0.0,24.7,15.0
03/08/2024,Meru,0.0,14.5,27.4
04/08/2024,Meru,0.0,28.1,13.5
05/08/2024,meru,0.0,27.2,14.0
06/08/2024,Meru,0.0,25.2,15.0
07/08/2024,Meru,0.0,27.5,14.6
08/08/2024,Meru ,0.0,26.9,12.4
09/08/2024,Meru,0.0,26.8,13.4
10/08/2024,Meru,0.0,26.5,16.2
11/08/2024,Meru,4.2,27.5,14.1
12/08/2024,Meru,0.0,26.9,13.7
13/08/2024,Meru,,25.7,14.1
14/08/2024,Meru,0.0,26.0,13.7
15/08/2024,Meru,0.0,26.2,14.0
16/08/2024,Meru,6.6,23.9,13.2
17/08/2024,Meru,0.0,25.5,15.4
18/08/2024,Meru,0.0,25.2,15.1
19/08/2024,Meru,0.0,29.7,14.5
20/08/2024,Meru,0.0,26.1,13.7
21/08/2024,Meru,,26.2,14.5
22/08/2024,Meru,0.0,24.2,15.5
23/08/2024,Meru,6.6,25.8,14.4
24/08/2024,Meru,30.1,21.2,14.0
25/08/2024,Meru,0.0,26.2,13.7
26/08/2024,Meru,0.0,27.3,15.5
27/08/2024,Meru,0.0,26.8,14.7
28/08/2024,Meru,0.0,23.3,15.4
29/08/2024,Meru,0.0,24.6,13.8
30/08/2024,Meru,0.0,26.9,13.0
31/08/2024,Meru,0.0,26.0,13.1
01/09/2024,Meru,4.3,24.4,13.6
02/09/2024,Meru,0.0,26.6,15.4
03/09/2024,MERU,7.3,21.2,14.5
04/09/2024,Meru,23.6,25.5,15.9
05/09/2024,Meru,0.0,25.1,14.6
06/09/2024,Meru,0.0,25.5,14.7
07/09/2024,Meru,0.0,23.8,13.8
08/09/2024,Meru,0.0,24.0,13.4
09/09/2024,Meru,0.0,26.8,13.3
10/09/2024,Meru,0.0,26.0,13.5
11/09/2024,Meru,0.0,28.9,13.2
12/09/2024,Meru,0.0,26.4,14.9
13/09/2024,Meru,42.3,21.9,13.6
14/09/2024,Meru,0.0,23.5,13.2
15/09/2024,Meru,0.0,23.4,15.5
16/09/2024,Meru,0.0,24.5,15.3
17/09/2024,Meru,0.0,25.0,14.4
18/09/2024,MERU,0.0,26.3,15.5
19/09/2024,Meru,0.0,27.9,13.1
20/09/2024,Meru,0.0,24.1,13.5
21/09/2024,Meru,0.0,25.7,13.0
22/09/2024,meru,1.1,23.1,15.7
23/09/2024,Meru,0.0,24.5,12.0
24/09/2024,Meru,,28.5,13.6
25/09/2024,Meru,0.0,25.6,12.9
26/09/2024,Meru,0.0,26.0,12.4
27/09/2024,Meru,0.0,23.6,11.9
28/09/2024,Meru,0.0,23.9,13.7
29/09/2024,Meru,0.0,25.1,14.7
30/09/2024,Meru,0.0,24.7,14.1
01/10/2024,Meru ,0.0,22.2,12.5
02/10/2024,Meru,52.2,24.1,15.1
03/10/2024,MERU,0.0,25.1,15.1
04/10/2024,Meru,0.0,25.8,14.0
05/10/2024,Meru ,8.6,22.4,13.8
06/10/2024,Meru,0.0,25.1,12.9
07/10/2024,Meru ,0.0,22.6,12.3
08/10/2024,meru,0.0,23.3,14.7
09/10/2024,Meru,8.4,22.0,12.8
10/10/2024,Meru ,0.0,23.4,
11/10/2024,Meru,0.0,24.9,12.8
12/10/2024,Meru,2.1,25.4,14.9
13/10/2024,Meru,5.4,23.5,12.8
14/10/2024,Meru,3.3,24.7,13.1
15/10/2024,Meru,1.4,21.4,12.0
16/10/2024,meru,26.5,23.7,12.6
17/10/2024,Meru,0.5,25.5,12.7
18/10/2024,Meru,0.0,23.1,14.1
19/10/2024,MERU,2.0,24.1,13.6
20/10/2024,Meru,0.0,26.9,14.1
21/10/2024,Meru,0.0,25.1,14.1
22/10/2024,Meru,0.0,22.8,12.1
23/10/2024,meru,1.4,23.6,11.4
24/10/2024,Meru,0.0,21.8,11.5
25/10/2024,Meru ,1.9,25.2,11.5
26/10/2024,meru,10.3,22.4,12.5
27/10/2024,Meru,32.1,22.9,14.9
28/10/2024,Meru,23.8,20.9,12.4
29/10/2024,Meru,5.7,22.8,11.9
30/10/2024,MERU,0.0,24.8,13.3
31/10/2024,MERU,18.7,20.6,13.6
01/11/2024,Meru,0.0,27.4,12.6
02/11/2024,Meru,0.0,26.1,12.8
03/11/2024,Meru,0.0,23.2,13.3
04/11/2024,Meru,1.7,21.7,13.3
05/11/2024,Meru,,21.4,13.0
06/11/2024,Meru,0.0,22.8,13.6
07/11/2024,Meru,4.3,23.2,12.8
08/11/2024,Meru,0.0,22.4,14.6
09/11/2024,Meru,0.0,23.7,14.5
10/11/2024,Meru,0.0,24.1,14.3
11/11/2024,Meru,0.0,25.0,13.1
12/11/2024,Meru,0.0,23.3,13.5
13/11/2024,Meru,0.0,24.4,13.3
14/11/2024,Meru,0.0,24.6,12.7
15/11/2024,Meru,0.5,22.2,14.2
16/11/2024,Meru,,19.5,14.3
17/11/2024,Meru,4.3,27.6,13.3
18/11/2024,Meru,0.0,22.3,12.4
19/11/2024,Meru,3.2,24.8,13.2
20/11/2024,meru,,20.8,11.2
21/11/2024,Meru,11.3,22.6,12.2
22/11/2024,Meru,0.0,,13.4
23/11/2024,Meru,10.3,19.4,12.4
24/11/2024,Meru,2.7,25.7,11.8
25/11/2024,Meru,0.9,25.0,13.3
26/11/2024,Meru,0.0,25.0,12.9
27/11/2024,Meru ,0.0,24.1,13.9
28/11/2024,Meru ,0.0,24.1,13.0
29/11/2024,Meru,6.1,22.4,14.1
30/11/2024,Meru,0.0,20.8,12.9
01/12/2024,MERU,0.0,25.8,13.9
02/12/2024,Meru,0.0,24.8,12.7
03/12/2024,Meru,0.0,23.3,14.5
04/12/2024,Meru,0.0,25.9,11.9
05/12/2024,Meru,0.0,25.0,12.3
06/12/2024,MERU,0.0,24.2,13.1
07/12/2024,Meru,0.0,25.4,12.4
08/12/2024,Meru,0.0,25.0,13.6
09/12/2024,Meru,,22.0,16.3
10/12/2024,Meru,0.0,24.3,14.3
11/12/2024,meru,0.0,23.8,14.4
12/12/2024,Meru,1.8,24.2,11.9
13/12/2024,Meru,0.3,21.9,12.5
14/12/2024,Meru,0.0,23.1,12.7
15/12/2024,Meru,0.0,22.9,13.3
16/12/2024,Meru ,0.0,24.1,14.8
17/12/2024,Meru,0.0,24.9,15.8
18/12/2024,Meru,1.9,23.3,13.3
19/12/2024,Meru,9.8,20.1,12.4
20/12/2024,Meru,0.0,23.3,12.6
21/12/2024,Meru,0.0,23.8,13.0
22/12/2024,Meru,9.0,24.4,14.7
23/12/2024,Meru,0.0,22.9,11.8
24/12/2024,Meru,0.0,21.3,11.7
25/12/2024,Meru,0.0,21.8,14.6
26/12/2024,meru,0.0,22.4,12.3
27/12/2024,Meru,0.0,24.7,14.1
28/12/2024,Meru,0.0,23.8,14.3
29/12/2024,Meru,0.0,23.0,13.0
30/12/2024,Meru,7.1,25.6,13.7
31/12/2024,Meru,0.0,22.8,12.4
01/01/2025,Meru,0.0,25.2,11.6
02/01/2025,Meru,0.0,24.5,12.6
03/01/2025,Meru,0.0,27.3,
04/01/2025,Meru,0.1,24.8,13.1
05/01/2025,Meru,0.0,23.1,14.4
06/01/2025,Meru,0.0,26.9,11.9
07/01/2025,Meru,0.0,24.7,13.4
08/01/2025,Meru,0.0,22.5,13.6
09/01/2025,MERU,0.0,25.7,
10/01/2025,Meru,14.5,22.2,13.0
11/01/2025,Meru,0.0,25.5,12.1
12/01/2025,Meru,0.0,25.5,13.2
13/01/2025,Meru,0.0,22.8,11.2
14/01/2025,Meru,0.0,22.4,13.4
15/01/2025,Meru,0.0,22.4,13.2
16/01/2025,Meru,0.0,24.3,13.1
17/01/2025,Meru,0.0,23.5,13.6
18/01/2025,Meru,0.0,25.3,12.0
19/01/2025,Meru,0.0,25.4,14.1
20/01/2025,Meru,4.5,22.0,13.2
21/01/2025,Meru,0.0,25.0,14.5
22/01/2025,Meru,0.0,24.7,14.0
23/01/2025,Meru,0.0,23.8,13.4
24/01/2025,Meru,0.0,25.1,13.6
25/01/2025,Meru,0.0,26.1,12.9
26/01/2025,Meru,0.0,27.8,12.9
27/01/2025,Meru,4.6,24.9,12.2
28/01/2025,Meru,9.9,22.3,12.7
29/01/2025,Meru,0.0,24.5,11.4
30/01/2025,Meru,0.4,24.5,14.5
31/01/2025,Meru,0.0,25.8,14.0
01/02/2025,meru,-999,21.0,13.3
02/02/2025,MERU,0.0,22.4,12.6
03/02/2025,Meru,0.0,23.8,13.7
04/02/2025,Meru,0.0,25.5,13.7
05/02/2025,Meru,0.0,24.6,14.0
06/02/2025,Meru,0.0,25.0,14.0
07/02/2025,Meru,0.0,24.1,13.7
08/02/2025,Meru,0.0,24.8,15.1
09/02/2025,Meru,0.0,24.2,14.2
10/02/2025,Meru,0.0,28.3,13.7
11/02/2025,MERU,0.0,24.5,13.5
12/02/2025,Meru,0.0,25.6,13.3
13/02/2025,Meru,0.0,23.9,13.3
14/02/2025,Meru,0.0,23.7,15.1
15/02/2025,Meru,6.2,23.0,14.6
16/02/2025,Meru,7.2,,12.6
17/02/2025,Meru,16.8,22.0,13.1
18/02/2025,Meru,0.0,26.5,12.5
19/02/2025,Meru,7.0,24.3,12.0
20/02/2025,Meru,0.0,25.5,13.5
21/02/2025,Meru,0.0,24.1,13.3
22/02/2025,Meru,-999,28.4,13.7
23/02/2025,Meru,0.0,27.0,14.6
24/02/2025,Meru,0.0,26.3,14.1
25/02/2025,meru,0.0,23.7,15.4
26/02/2025,Meru,24.4,22.0,14.9
27/02/2025,Meru,0.0,23.7,13.7
28/02/2025,Meru,0.0,26.3,13.8
01/03/2025,Meru,0.0,24.4,13.0
02/03/2025,Meru,7.2,23.3,14.8
03/03/2025,Meru,2.4,25.7,12.7
04/03/2025,Meru,0.0,26.7,14.1
05/03/2025,Meru,0.0,23.8,14.1
06/03/2025,Meru,,25.5,14.6
07/03/2025,Meru,0.0,26.4,12.5
08/03/2025,Meru,0.0,25.0,12.4
09/03/2025,Meru,0.0,23.5,12.7
10/03/2025,Meru ,0.0,25.6,12.7
11/03/2025,Meru,12.4,23.2,14.4
12/03/2025,Meru,6.7,23.6,13.0
13/03/2025,Meru,4.6,27.7,12.8
14/03/2025,Meru,6.7,24.7,13.6
15/03/2025,Meru,15.4,23.3,14.4
16/03/2025,Meru,28.4,26.0,15.7
17/03/2025,Meru ,0.0,27.7,14.5
18/03/2025,Meru,0.0,25.3,13.6
19/03/2025,meru,0.0,25.1,13.3
20/03/2025,Meru,0.0,25.5,17.0
21/03/2025,Meru,0.0,24.3,12.7
22/03/2025,Meru,8.3,23.0,13.6
23/03/2025,Meru,0.0,24.3,15.8
24/03/2025,Meru,0.0,25.5,14.6
25/03/2025,meru,0.0,24.9,14.6
26/03/2025,Meru,0.0,26.3,15.7
27/03/2025,Meru,0.0,28.6,14.9
28/03/2025,Meru ,0.5,26.5,13.5
29/03/2025,Meru,0.0,27.9,15.3
30/03/2025,Meru,0.0,25.5,14.8
31/03/2025,Meru,5.3,22.6,13.9
01/04/2025,Meru,0.0,23.3,14.8
02/04/2025,Meru,4.2,26.3,13.4
03/04/2025,Meru,0.0,26.0,15.2
04/04/2025,Meru,30.6,24.5,13.2
05/04/2025,Meru,2.0,27.2,15.4
06/04/2025,Meru,0.0,27.3,15.2
07/04/2025,Meru,5.3,23.3,13.2
08/04/2025,MERU,0.0,27.2,15.9
09/04/2025,Meru,1.5,26.6,14.4
10/04/2025,Meru,11.4,25.0,15.0
11/04/2025,Meru,3.4,25.8,15.8
12/04/2025,Meru,9.9,24.2,13.1
13/04/2025,Meru,0.0,29.4,12.4
14/04/2025,Meru,1.1,25.2,14.6
15/04/2025,Meru,0.0,24.5,13.7
16/04/2025,Meru,12.3,26.6,
17/04/2025,Meru,0.0,28.8,15.5
18/04/2025,Meru,0.0,28.7,12.4
19/04/2025,Meru,0.0,27.9,14.1
20/04/2025,Meru,11.9,24.3,14.9
21/04/2025,Meru,1.2,24.6,16.9
22/04/2025,Meru,1.4,27.7,15.5
23/04/2025,Meru,0.0,27.7,15.4
24/04/2025,meru,11.9,23.0,14.9
25/04/2025,Meru,0.0,25.4,15.6
26/04/2025,Meru,0.0,26.0,13.6
27/04/2025,Meru,0.0,27.7,16.3
28/04/2025,Meru,9.0,,15.5
29/04/2025,Meru,0.0,25.9,15.3
30/04/2025,meru,0.0,29.7,16.7
01/05/2025,Meru,0.0,26.4,17.1
02/05/2025,Meru,0.0,26.4,14.4
03/05/2025,Meru,8.6,28.3,14.0
04/05/2025,Meru,10.0,23.9,15.1
05/05/2025,Meru,1.3,26.6,12.8
06/05/2025,Meru,,29.9,14.9
07/05/2025,Meru ,0.0,27.6,14.4
08/05/2025,Meru,9.6,24.7,14.8
09/05/2025,Meru,0.0,26.4,15.8
10/05/2025,Meru,12.5,24.1,16.1
11/05/2025,Meru,19.5,26.1,16.4
12/05/2025,Meru,0.0,25.5,14.2
13/05/2025,MERU,1.6,26.7,15.4
14/05/2025,Meru,27.5,25.0,13.8
15/05/2025,Meru,0.0,27.1,15.9
16/05/2025,Meru,0.0,27.1,14.4
17/05/2025,Meru,0.0,28.0,15.2
18/05/2025,Meru,23.7,24.7,14.9
19/05/2025,Meru,1.7,26.8,16.0
20/05/2025,Meru,0.0,27.3,14.9
21/05/2025,Meru,14.0,25.0,16.7
22/05/2025,MERU,8.4,26.0,16.0
23/05/2025,Meru,4.5,25.1,16.1
24/05/2025,Meru,0.0,25.5,15.9
25/05/2025,Meru,,26.0,15.6
26/05/2025,Meru,0.0,30.0,14.4
27/05/2025,meru,0.0,24.9,16.7
28/05/2025,Meru,0.0,25.1,15.7
29/05/2025,Meru,0.0,24.6,13.2
30/05/2025,meru,7.1,27.1,15.1
31/05/2025,Meru ,3.8,28.9,13.5
01/06/2025,Meru,0.0,26.9,14.0
02/06/2025,Meru,0.0,27.9,14.2
03/06/2025,Meru,0.0,25.4,14.8
04/06/2025,Meru ,0.0,24.8,14.7
05/06/2025,Meru,0.0,26.9,16.6
06/06/2025,meru,2.2,26.3,15.9
07/06/2025,meru,0.0,26.3,14.4
08/06/2025,Meru,0.0,27.2,15.0
09/06/2025,Meru,,26.2,15.1
10/06/2025,Meru,18.2,26.2,15.5
11/06/2025,Meru,0.0,26.9,15.2
12/06/2025,Meru,0.0,27.6,13.3
13/06/2025,Meru,1.5,25.8,14.8
14/06/2025,Meru,5.7,24.2,15.2
15/06/2025,Meru,0.0,25.6,13.4
16/06/2025,Meru ,59.5,26.1,15.1
17/06/2025,Meru,0.0,27.1,15.4
18/06/2025,Meru,13.4,26.7,16.0
19/06/2025,Meru,0.0,27.7,15.0
20/06/2025,Meru,0.0,27.9,15.7
21/06/2025,Meru,0.0,25.9,15.9
22/06/2025,Meru,0.0,25.7,14.1
23/06/2025,Meru,0.0,25.3,14.5
24/06/2025,Meru,0.0,26.4,16.5
25/06/2025,Meru,0.0,26.8,15.0
26/06/2025,Meru,0.0,28.4,13.5
27/06/2025,Meru,2.5,,15.5
28/06/2025,Meru,9.0,21.7,13.6
29/06/2025,Meru,0.0,28.8,14.2
30/06/2025,Meru,16.6,22.2,15.3
2019-01-01,Bungoma,0.0,26.6,
2019-01-02,Bungoma,0.1,24.1,12.0
2019-01-03,Bungoma,0.0,24.8,14.6
2019-01-04,Bungoma,0.0,28.7,13.4
2019-01-05,Bungoma,0.0,26.8,14.9
2019-01-06,Bungoma,10.0,24.1,14.7
2019-01-07,Bungoma,0.0,25.4,14.5
2019-01-08,Bungoma,0.0,24.9,13.8
2019-01-09,Bungoma,3.3,27.5,14.2
2019-01-10,Bungoma,0.0,26.8,13.5
2019-01-11,Bungoma,0.0,27.2,14.7
2019-01-12,Bungoma,0.5,26.7,12.4
2019-01-13,Bungoma,0.0,24.9,13.2
2019-01-14,Bungoma,0.0,24.3,15.8
2019-01-15,Bungoma,0.0,26.7,13.0
2019-01-16,Bungoma,0.0,27.3,14.3
2019-01-17,Bungoma,0.0,25.3,
2019-01-18,Bungoma,0.0,25.0,14.4
2019-01-19,Bungoma ,10.2,25.3,14.4
2019-01-20,Bungoma,0.0,28.6,13.7
2019-01-21,Bungoma,0.0,25.3,17.4
2019-01-22,Bungoma,0.0,29.4,14.5
2019-01-23,Bungoma,0.0,25.9,13.4
2019-01-24,Bungoma,0.0,28.0,15.2
2019-01-25,Bungoma,0.0,24.4,14.5
2019-01-26,Bungoma,0.0,28.6,15.5
2019-01-27,Bungoma,0.0,24.4,15.1
2019-01-28,Bungoma,0.0,26.5,11.8
2019-01-29,Bungoma,21.6,26.5,15.3
2019-01-30,bungoma,0.0,25.5,14.4
2019-01-31,Bungoma,0.0,28.3,14.0
2019-02-01,Bungoma,0.0,27.7,14.6
2019-02-02,Bungoma,-999,26.4,14.2
2019-02-03,bungoma,0.0,24.1,14.8
2019-02-04,Bungoma,0.0,26.1,16.2
2019-02-05,Bungoma,0.0,25.2,14.5
2019-02-06,Bungoma,57.9,22.0,13.4
2019-02-07,Bungoma,0.0,26.6,13.5
2019-02-08,Bungoma,0.0,28.4,12.7
2019-02-09,Bungoma,16.3,26.2,16.0
2019-02-10,Bungoma,0.0,28.3,14.8
2019-02-11,Bungoma,10.5,24.9,16.6
2019-02-12,Bungoma,0.0,26.7,13.4
2019-02-13,Bungoma,0.0,28.1,15.8
2019-02-14,Bungoma,0.0,28.9,16.6
2019-02-15,Bungoma,0.0,28.5,14.1
2019-02-16,Bungoma,3.5,27.4,15.1
2019-02-17,Bungoma,0.0,28.9,13.9
2019-02-18,Bungoma,0.0,27.0,15.7
2019-02-19,Bungoma,0.0,26.5,14.1
2019-02-20,Bungoma,0.0,24.2,15.7
2019-02-21,Bungoma,0.0,25.3,14.5
2019-02-22,Bungoma,23.5,28.1,14.5
2019-02-23,Bungoma,0.0,28.7,16.2
2019-02-24,Bungoma,0.0,26.2,16.1
2019-02-25,Bungoma,0.0,27.3,15.5
2019-02-26,Bungoma,0.0,27.3,14.6
2019-02-27,Bungoma,0.0,29.1,14.8
2019-02-28,Bungoma,6.0,26.5,15.2
2019-03-01,Bungoma,0.0,24.1,14.3
2019-03-02,Bungoma,0.0,26.5,13.9
2019-03-03,Bungoma,0.0,29.0,14.2
2019-03-04,Bungoma,0.0,29.5,13.8
2019-03-05,Bungoma,0.0,25.2,14.7
2019-03-06,Bungoma,0.0,27.8,14.2
2019-03-07,Bungoma,0.0,27.4,14.7
2019-03-08,Bungoma,0.0,28.5,16.1
2019-03-09,Bungoma,0.0,26.0,16.3
2019-03-10,Bungoma,0.0,28.5,16.4
2019-03-11,Bungoma,0.0,28.1,15.5
2019-03-12,Bungoma,0.0,26.7,14.8
2019-03-13,Bungoma,0.0,24.8,15.3
2019-03-14,Bungoma,0.0,26.8,15.5
2019-03-15,Bungoma,0.4,26.9,14.7
2019-03-16,Bungoma,0.0,26.9,14.5
2019-03-17,Bungoma,0.0,29.2,13.9
2019-03-18,Bungoma,2.1,28.7,14.2
2019-03-19,Bungoma,0.0,28.2,12.3
2019-03-20,bungoma,0.0,27.4,15.8
2019-03-21,Bungoma,0.0,31.4,15.8
2019-03-22,Bungoma,0.0,26.6,15.3
2019-03-23,Bungoma,0.0,26.3,16.0
2019-03-24,Bungoma,0.0,29.4,16.2
2019-03-25,Bungoma,11.0,26.5,16.1
2019-03-26,Bungoma,0.0,27.3,14.5
2019-03-27,BUNGOMA,0.0,27.3,15.1
2019-03-28,Bungoma,0.0,28.8,16.1
2019-03-29,Bungoma,0.0,29.1,17.3
2019-03-30,Bungoma,39.4,27.4,14.6
2019-03-31,Bungoma,0.0,29.0,15.9
2019-04-01,Bungoma,29.1,28.8,14.4
2019-04-02,Bungoma,19.9,28.9,16.6
2019-04-03,Bungoma,20.2,25.6,15.7
2019-04-04,Bungoma,11.7,23.8,16.3
2019-04-05,Bungoma ,0.0,28.7,15.6
2019-04-06,Bungoma,2.5,29.8,15.2
2019-04-07,Bungoma,7.0,27.3,15.9
2019-04-08,Bungoma,0.0,29.4,16.7
2019-04-09,bungoma,1.2,29.1,15.8
2019-04-10,Bungoma,11.0,27.9,14.7
2019-04-11,Bungoma,0.0,27.4,16.0
2019-04-12,Bungoma,1.3,27.5,16.7
2019-04-13,Bungoma ,10.6,22.8,15.4
2019-04-14,Bungoma,0.8,28.6,14.0
2019-04-15,Bungoma,0.5,28.9,14.9
2019-04-16,Bungoma,0.0,25.9,15.8
2019-04-17,BUNGOMA,4.7,28.6,
2019-04-18,Bungoma,2.1,26.0,16.9
2019-04-19,Bungoma,17.9,27.4,15.8
2019-04-20,Bungoma,0.0,28.4,16.5
2019-04-21,Bungoma,8.4,29.0,16.0
2019-04-22,Bungoma,0.0,29.7,15.1
2019-04-23,Bungoma,0.8,24.0,17.4
2019-04-24,Bungoma,0.0,29.2,15.7
2019-04-25,Bungoma ,,31.7,14.0
2019-04-26,Bungoma,0.0,33.4,15.4
2019-04-27,Bungoma,0.6,29.7,15.5
2019-04-28,Bungoma,5.5,26.2,16.0
2019-04-29,Bungoma,0.0,27.8,13.5
2019-04-30,Bungoma,0.0,27.4,15.9
2019-05-01,Bungoma,4.4,29.4,13.6
2019-05-02,BUNGOMA,0.0,30.1,14.8
2019-05-03,Bungoma,0.0,27.2,16.8
2019-05-04,bungoma,0.0,30.3,13.9
2019-05-05,Bungoma,1.8,30.0,16.4
2019-05-06,Bungoma,0.0,29.0,17.1
2019-05-07,Bungoma,0.0,30.4,14.7
2019-05-08,Bungoma,1.9,30.4,16.3
2019-05-09,BUNGOMA,7.1,26.1,14.5
2019-05-10,Bungoma,0.0,27.6,15.4
2019-05-11,Bungoma,0.0,28.3,15.6
2019-05-12,Bungoma,22.3,28.5,15.3
2019-05-13,Bungoma,7.2,28.4,15.7
2019-05-14,Bungoma,0.0,29.5,16.3
2019-05-15,Bungoma,0.0,29.0,16.5
2019-05-16,Bungoma,0.0,29.6,16.7
2019-05-17,Bungoma,10.6,27.8,18.0
2019-05-18,Bungoma,5.3,26.6,15.9
2019-05-19,Bungoma,1.2,28.2,16.0
2019-05-20,Bungoma,19.1,28.5,14.9
2019-05-21,Bungoma,7.0,25.8,17.1
2019-05-22,Bungoma,1.0,29.6,15.7
2019-05-23,Bungoma,0.0,30.1,17.5
2019-05-24,Bungoma,0.0,28.7,18.3
2019-05-25,Bungoma,0.0,28.8,15.6
2019-05-26,Bungoma,0.0,31.1,17.5
2019-05-27,BUNGOMA,0.0,27.3,13.3
2019-05-28,Bungoma,10.9,26.1,14.3
2019-05-29,Bungoma,1.0,29.4,14.8
2019-05-30,Bungoma,0.0,28.6,13.2
2019-05-31,Bungoma,0.0,30.3,15.6
2019-06-01,Bungoma,7.0,29.0,16.6
2019-06-02,Bungoma,9.2,30.5,17.5
2019-06-03,Bungoma,6.1,24.9,15.5
2019-06-04,Bungoma,15.4,25.1,16.4
2019-06-05,Bungoma,2.0,28.3,16.1
2019-06-06,bungoma,0.0,27.3,15.6
2019-06-07,Bungoma,2.9,28.7,15.8
2019-06-08,Bungoma,0.0,27.0,16.0
2019-06-09,bungoma,0.0,31.0,13.6
2019-06-10,Bungoma,0.0,29.0,15.9
2019-06-11,Bungoma,0.0,27.0,16.8
2019-06-12,Bungoma,0.0,31.6,16.1
2019-06-13,Bungoma,0.0,29.5,14.9
2019-06-14,Bungoma,,29.2,15.3
2019-06-15,Bungoma,0.0,31.7,16.9
2019-06-16,Bungoma,0.0,27.9,16.1
2019-06-17,Bungoma,0.0,27.1,15.2
2019-06-18,bungoma,0.0,,
2019-06-19,bungoma,0.0,30.4,14.6
2019-06-20,Bungoma,0.0,28.7,14.1
2019-06-21,Bungoma,0.0,30.4,17.1
2019-06-22,Bungoma,0.0,29.8,15.4
2019-06-23,Bungoma,7.6,26.1,16.4
2019-06-24,Bungoma,13.7,26.3,16.4
2019-06-25,Bungoma,0.0,27.0,13.8
2019-06-26,Bungoma,1.3,28.6,17.4
2019-06-27,Bungoma,4.1,29.8,14.7
2019-06-28,Bungoma,0.0,28.0,15.1
2019-06-29,Bungoma,0.0,28.6,16.1
2019-06-30,BUNGOMA,0.5,29.1,14.9
2019-07-01,Bungoma,0.0,27.5,15.3
2019-07-02,Bungoma,0.0,27.7,15.4
2019-07-03,Bungoma ,0.0,27.8,16.9
2019-07-04,bungoma,0.0,,
2019-07-05,Bungoma,-999,29.0,16.4
2019-07-06,Bungoma,0.0,29.6,16.1
2019-07-07,Bungoma,0.0,30.9,15.0
2019-07-08,Bungoma,0.0,31.2,16.1
2019-07-09,Bungoma,0.0,27.7,15.0
2019-07-10,BUNGOMA,0.0,31.6,16.9
2019-07-11,Bungoma,23.8,28.2,15.8
2019-07-12,Bungoma,0.0,29.6,15.5
2019-07-13,Bungoma,0.0,26.8,14.8
2019-07-14,Bungoma,0.0,28.7,16.3
2019-07-15,Bungoma,0.0,27.0,14.1
2019-07-16,Bungoma,0.0,27.9,16.8
2019-07-17,Bungoma,0.0,29.3,16.4
2019-07-18,Bungoma,0.0,27.6,16.6
2019-07-19,Bungoma,0.0,27.7,13.9
2019-07-20,Bungoma,0.0,28.3,15.6
2019-07-21,Bungoma,0.0,27.5,14.7
2019-07-22,Bungoma,0.0,27.6,14.5
2019-07-23,bungoma,10.2,26.2,
2019-07-24,Bungoma,0.0,27.8,16.9
2019-07-25,Bungoma,0.0,29.8,15.0
2019-07-26,Bungoma ,0.0,30.0,14.4
2019-07-27,Bungoma,0.0,27.2,15.4
2019-07-28,Bungoma,15.7,23.4,15.8
2019-07-29,Bungoma,0.0,32.4,16.2
2019-07-30,Bungoma,0.0,29.5,16.1
2019-07-31,Bungoma,3.2,,13.5
2019-08-01,Bungoma,0.0,26.5,14.8
2019-08-02,Bungoma,0.0,26.1,16.8
2019-08-03,Bungoma,0.0,29.0,14.8
2019-08-04,Bungoma,0.0,28.8,14.0
2019-08-05,Bungoma,0.0,26.8,14.0
2019-08-06,Bungoma,9.1,27.2,16.2
2019-08-07,Bungoma,0.0,31.2,15.2
2019-08-08,Bungoma,0.0,28.6,
2019-08-09,Bungoma,0.0,26.5,15.7
2019-08-10,Bungoma,0.0,28.7,15.8
2019-08-11,Bungoma,0.0,29.7,14.9
2019-08-12,Bungoma,0.0,25.8,13.7
2019-08-13,Bungoma,0.0,27.2,13.8
2019-08-14,Bungoma,0.0,27.4,13.6
2019-08-15,Bungoma,0.0,29.4,16.2
2019-08-16,Bungoma,0.0,24.6,14.9
2019-08-17,Bungoma,,28.3,15.3
2019-08-18,Bungoma,0.0,27.6,14.7
2019-08-19,Bungoma,11.8,26.4,12.5
2019-08-20,Bungoma,8.7,23.2,15.6
2019-08-21,Bungoma,0.0,26.0,17.1
2019-08-22,BUNGOMA,3.6,28.6,15.3
2019-08-23,Bungoma,1.8,25.8,14.5
2019-08-24,Bungoma,0.0,,14.8
2019-08-25,Bungoma,0.0,29.5,15.0
2019-08-26,Bungoma,27.6,26.6,14.6
2019-08-27,Bungoma,11.0,21.6,14.0
2019-08-28,Bungoma,0.0,25.0,14.3
2019-08-29,Bungoma,0.0,27.8,15.7
2019-08-30,Bungoma,2.7,27.9,15.5
2019-08-31,Bungoma,0.0,28.6,14.8
2019-09-01,Bungoma ,0.0,25.9,13.6
2019-09-02,Bungoma,0.0,29.7,15.5
2019-09-03,Bungoma,0.0,29.2,12.3
2019-09-04,Bungoma,19.9,27.4,13.5
2019-09-05,Bungoma,0.0,28.6,14.2
2019-09-06,Bungoma,22.7,25.1,
2019-09-07,Bungoma,0.0,26.1,14.9
2019-09-08,Bungoma,0.0,26.0,15.0
2019-09-09,Bungoma,0.0,26.1,16.2
2019-09-10,Bungoma,0.0,27.3,13.5
2019-09-11,Bungoma,12.2,23.7,14.7
2019-09-12,Bungoma,8.4,26.4,15.4
2019-09-13,Bungoma ,0.0,26.7,13.0
2019-09-14,BUNGOMA,0.0,26.9,13.8
2019-09-15,Bungoma,-999,25.3,14.5
2019-09-16,Bungoma,0.0,28.3,15.4
2019-09-17,Bungoma,0.0,29.2,13.2
2019-09-18,Bungoma,0.0,28.5,
2019-09-19,Bungoma,0.0,27.7,15.7
2019-09-20,Bungoma,0.0,27.9,13.6
2019-09-21,Bungoma,0.0,24.5,14.4
2019-09-22,Bungoma,0.0,28.1,14.1
2019-09-23,Bungoma,0.0,27.5,14.7
2019-09-24,Bungoma ,9.0,22.7,14.1
2019-09-25,Bungoma,0.0,27.1,14.2
2019-09-26,Bungoma,0.0,26.3,14.9
2019-09-27,Bungoma,0.0,24.8,15.1
2019-09-28,Bungoma,18.4,23.2,13.2
2019-09-29,Bungoma,0.0,28.8,15.5
2019-09-30,Bungoma,0.0,24.8,15.3
2019-10-01,Bungoma,0.0,28.0,15.7
2019-10-02,Bungoma,0.0,25.9,13.7
2019-10-03,Bungoma,0.0,28.8,13.6
2019-10-04,Bungoma,5.8,25.1,13.5
2019-10-05,Bungoma,15.2,22.1,14.4
2019-10-06,Bungoma,0.0,26.9,12.8
2019-10-07,Bungoma,12.7,,13.0
2019-10-08,Bungoma,0.0,27.1,15.2
2019-10-09,Bungoma,0.0,26.5,12.8
2019-10-10,Bungoma,0.0,24.4,14.8
2019-10-11,Bungoma,trace,28.3,14.4
2019-10-12,Bungoma,9.3,26.3,14.6
2019-10-13,Bungoma,0.0,28.0,14.0
2019-10-14,BUNGOMA,0.0,25.7,14.4
2019-10-15,Bungoma,0.0,28.5,12.7
2019-10-16,Bungoma,12.0,19.9,15.3
2019-10-17,BUNGOMA,0.0,25.5,12.5
2019-10-18,Bungoma,0.0,26.7,15.2
2019-10-19,Bungoma,0.0,23.4,15.0
2019-10-20,Bungoma,0.0,27.1,13.5
2019-10-21,Bungoma,0.0,28.3,15.9
2019-10-22,bungoma,0.0,25.1,14.8
2019-10-23,Bungoma,0.9,26.4,15.2
2019-10-24,Bungoma,0.0,27.1,14.9
2019-10-25,Bungoma,0.0,26.6,13.9
2019-10-26,Bungoma,10.9,25.7,13.7
2019-10-27,Bungoma,0.0,26.2,13.5
2019-10-28,Bungoma,0.0,24.7,16.5
2019-10-29,BUNGOMA,0.0,24.5,14.3
2019-10-30,Bungoma,trace,24.6,13.6
2019-10-31,Bungoma,11.6,25.5,13.7
2019-11-01,Bungoma,0.0,26.6,12.6
2019-11-02,Bungoma,17.0,24.2,12.0
2019-11-03,Bungoma,2.8,27.2,12.4
2019-11-04,Bungoma,0.0,26.5,15.4
2019-11-05,Bungoma,0.0,24.9,14.1
2019-11-06,Bungoma,0.0,23.7,13.0
2019-11-07,Bungoma,0.0,26.8,14.3
2019-11-08,Bungoma,3.2,24.3,13.3
2019-11-09,Bungoma,0.0,25.7,15.9
2019-11-10,Bungoma,0.0,25.4,15.3
2019-11-11,Bungoma,0.0,26.6,13.7
2019-11-12,Bungoma,0.7,23.0,13.4
2019-11-13,Bungoma,16.4,24.3,14.3
2019-11-14,Bungoma,0.0,26.5,14.2
2019-11-15,Bungoma,28.1,23.2,13.7
2019-11-16,Bungoma,0.0,25.0,14.3
2019-11-17,Bungoma,37.7,23.8,14.1
2019-11-18,Bungoma,0.0,26.8,13.7
2019-11-19,Bungoma,0.0,28.3,13.4
2019-11-20,Bungoma,10.1,23.6,13.3
2019-11-21,bungoma,0.0,25.4,12.7
2019-11-22,Bungoma,0.0,26.4,12.6
2019-11-23,Bungoma,4.0,25.9,13.8
2019-11-24,Bungoma,0.0,26.1,13.0
2019-11-25,Bungoma,8.2,24.8,15.0
2019-11-26,Bungoma,27.1,22.8,12.4
2019-11-27,Bungoma,5.7,21.4,14.3
2019-11-28,Bungoma,,27.9,14.0
2019-11-29,Bungoma,0.0,23.9,15.2
2019-11-30,Bungoma,18.4,21.5,14.5
2019-12-01,Bungoma,15.7,26.0,14.1
2019-12-02,Bungoma,0.0,25.1,14.1
2019-12-03,Bungoma,0.0,23.9,15.6
2019-12-04,Bungoma,0.0,27.9,14.6
2019-12-05,Bungoma,1.5,24.6,14.2
2019-12-06,Bungoma,,27.6,12.8
2019-12-07,Bungoma,0.0,25.0,13.4
2019-12-08,Bungoma,13.1,22.9,13.9
2019-12-09,Bungoma,2.9,26.4,13.8
2019-12-10,Bungoma,0.0,12.6,27.6
2019-12-11,Bungoma,0.0,27.2,14.8
2019-12-12,Bungoma,0.0,25.5,15.2
2019-12-13,bungoma,0.0,28.4,12.8
2019-12-14,Bungoma,0.0,28.4,14.5
2019-12-15,Bungoma,0.0,26.5,13.4
2019-12-16,Bungoma,0.0,27.2,13.3
2019-12-17,Bungoma,0.0,26.6,12.1
2019-12-18,Bungoma,0.0,26.8,13.6
2019-12-19,Bungoma,0.0,24.7,14.1
2019-12-20,Bungoma,0.0,23.6,13.8
2019-12-21,Bungoma,0.0,25.5,14.1
2019-12-22,Bungoma,0.0,26.7,16.4
2019-12-23,Bungoma,0.0,26.6,14.6
2019-12-24,Bungoma,0.0,25.8,13.5
2019-12-25,Bungoma,0.0,26.5,15.2
2019-12-26,Bungoma,0.0,26.5,14.5
2019-12-27,Bungoma,0.0,25.8,14.5
2019-12-28,Bungoma,0.0,25.6,13.8
2019-12-29,Bungoma,,22.1,15.0
2019-12-30,Bungoma,21.7,24.4,14.3
2019-12-31,Bungoma,0.0,26.4,15.2
2020-01-01,Bungoma,0.0,26.9,15.2
2020-01-02,Bungoma,0.0,25.6,14.2
2020-01-03,Bungoma,0.0,25.2,14.7
2020-01-04,Bungoma,0.0,25.4,15.8
2020-01-05,Bungoma,0.0,26.6,13.1
2020-01-06,Bungoma ,0.0,28.7,13.9
2020-01-07,Bungoma,20.6,21.6,12.6
2020-01-08,Bungoma,8.1,22.4,16.4
2020-01-09,Bungoma,0.0,25.2,14.5
2020-01-10,Bungoma,0.0,25.7,14.2
2020-01-11,Bungoma,0.0,25.7,15.6
2020-01-12,Bungoma,0.0,24.3,14.0
2020-01-13,Bungoma,0.0,27.0,14.2
2020-01-14,Bungoma,0.0,26.4,15.1
2020-01-15,Bungoma,0.0,23.6,
2020-01-16,Bungoma,0.0,27.3,13.3
2020-01-17,Bungoma,0.0,28.6,15.5
2020-01-18,Bungoma,0.0,28.7,12.9
2020-01-19,Bungoma,0.0,27.6,14.8
2020-01-20,Bungoma,0.0,26.4,13.9
2020-01-21,Bungoma,0.0,25.1,14.0
2020-01-22,Bungoma,0.0,26.4,15.5
2020-01-23,bungoma,0.0,28.4,16.6
2020-01-24,Bungoma,,23.6,14.0
2020-01-25,Bungoma,0.0,24.1,13.7
2020-01-26,Bungoma,0.0,25.3,16.0
2020-01-27,Bungoma,0.0,27.2,14.5
2020-01-28,Bungoma,0.0,27.8,14.5
2020-01-29,Bungoma,0.0,26.6,15.4
2020-01-30,Bungoma,,23.7,14.7
2020-01-31,Bungoma,0.0,29.1,15.6
2020-02-01,Bungoma,0.0,26.1,12.9
2020-02-02,Bungoma,0.0,27.6,14.3
2020-02-03,Bungoma ,0.0,25.4,15.4
2020-02-04,Bungoma,0.0,26.6,14.2
2020-02-05,Bungoma,0.0,26.5,15.0
2020-02-06,Bungoma,7.4,23.8,14.9
2020-02-07,Bungoma,0.4,27.2,14.8
2020-02-08,Bungoma,0.0,27.5,13.2
2020-02-09,Bungoma,0.0,30.5,16.1
2020-02-10,Bungoma,0.0,22.5,15.4
2020-02-11,Bungoma,0.0,27.0,15.0
2020-02-12,Bungoma,0.0,29.8,14.9
2020-02-13,Bungoma,0.0,27.7,13.8
2020-02-14,Bungoma,0.0,24.9,14.3
2020-02-15,Bungoma,15.6,27.0,14.6
2020-02-16,Bungoma,0.0,27.5,16.6
2020-02-17,Bungoma,0.0,25.7,14.9
2020-02-18,Bungoma,0.0,26.8,14.2
2020-02-19,Bungoma,0.0,26.6,14.2
2020-02-20,bungoma,0.0,26.0,13.3
2020-02-21,Bungoma,2.2,29.1,15.8
2020-02-22,Bungoma,0.0,24.2,16.3
2020-02-23,Bungoma,0.0,28.1,15.1
2020-02-24,Bungoma,0.0,27.8,16.3
2020-02-25,Bungoma,0.0,28.3,13.1
2020-02-26,Bungoma,0.0,26.7,15.8
2020-02-27,Bungoma,0.0,28.9,17.3
2020-02-28,Bungoma,0.0,25.6,14.6
2020-02-29,Bungoma,0.0,29.5,16.0
2020-03-01,Bungoma,0.0,27.2,15.9
2020-03-02,Bungoma,9.7,24.1,15.8
2020-03-03,Bungoma,39.9,25.9,15.7
2020-03-04,Bungoma,0.0,27.4,16.5
2020-03-05,Bungoma,9.8,25.5,16.0
2020-03-06,Bungoma,0.0,28.6,15.1
2020-03-07,Bungoma,14.7,25.5,17.2
2020-03-08,Bungoma,0.0,25.9,16.0
2020-03-09,Bungoma,10.2,26.3,14.4
2020-03-10,Bungoma,0.0,28.3,14.1
2020-03-11,Bungoma,2.9,26.3,15.8
2020-03-12,Bungoma,0.0,28.2,15.9
2020-03-13,Bungoma,0.2,25.5,15.9
2020-03-14,Bungoma,0.0,25.5,14.7
2020-03-15,BUNGOMA,0.3,29.5,16.9
2020-03-16,Bungoma,,26.0,14.4
2020-03-17,Bungoma,13.0,26.0,14.8
2020-03-18,Bungoma,0.0,27.9,15.8
2020-03-19,Bungoma,0.8,26.5,13.8
2020-03-20,Bungoma,3.4,27.2,13.2
2020-03-21,Bungoma,2.4,29.3,16.0
2020-03-22,Bungoma,0.0,29.2,15.2
2020-03-23,Bungoma,7.6,28.2,18.0
2020-03-24,Bungoma,0.0,27.2,14.1
2020-03-25,Bungoma,0.0,27.8,18.2
2020-03-26,Bungoma,0.0,29.2,15.3
2020-03-27,Bungoma,0.0,31.6,16.1
2020-03-28,BUNGOMA,29.3,15.1,27.6
2020-03-29,Bungoma,21.7,22.6,16.1
2020-03-30,BUNGOMA,17.4,27.6,15.6
2020-03-31,Bungoma,3.2,27.2,17.2
2020-04-01,Bungoma,1.5,32.4,14.6
2020-04-02,Bungoma,11.1,24.4,14.0
2020-04-03,Bungoma,0.0,28.7,16.3
2020-04-04,Bungoma,22.4,24.0,18.0
2020-04-05,Bungoma,8.1,26.3,16.1
2020-04-06,Bungoma,0.0,28.0,13.3
2020-04-07,Bungoma,1.1,29.1,17.1
2020-04-08,Bungoma,0.1,28.4,15.6
2020-04-09,BUNGOMA,23.6,29.6,16.3
2020-04-10,Bungoma,0.0,29.4,16.3
2020-04-11,Bungoma,0.0,26.8,15.1
2020-04-12,Bungoma,0.7,27.5,15.9
2020-04-13,Bungoma,0.0,26.2,15.7
2020-04-14,Bungoma,14.5,24.4,14.7
2020-04-15,Bungoma,3.1,27.8,15.7
2020-04-16,Bungoma ,14.0,24.9,14.7
2020-04-17,Bungoma,0.0,28.0,13.2
2020-04-18,Bungoma,13.0,25.9,16.0
2020-04-19,Bungoma,0.0,28.2,15.0
2020-04-20,Bungoma,0.8,27.0,15.5
2020-04-21,Bungoma ,1.6,27.9,13.9
2020-04-22,Bungoma,9.8,26.5,17.5
2020-04-23,Bungoma,32.3,25.6,16.6
2020-04-24,Bungoma,5.1,26.3,17.0
2020-04-25,Bungoma,0.0,99.9,15.6
2020-04-26,Bungoma ,3.2,27.4,16.4
2020-04-27,Bungoma ,0.0,29.6,15.5
2020-04-28,Bungoma,0.5,29.4,16.4
2020-04-29,Bungoma,13.3,27.8,15.9
2020-04-30,Bungoma,0.0,29.5,14.8
2020-05-01,Bungoma,1.6,29.4,17.1
2020-05-02,Bungoma,0.0,26.4,16.4
2020-05-03,Bungoma,18.2,26.9,15.8
2020-05-04,Bungoma,0.0,31.6,14.4
2020-05-05,Bungoma,0.0,30.1,16.1
2020-05-06,Bungoma,3.8,27.5,17.3
2020-05-07,Bungoma,9.5,26.1,17.8
2020-05-08,Bungoma,0.0,27.6,15.2
2020-05-09,Bungoma,19.5,30.3,15.7
2020-05-10,Bungoma,19.2,28.8,13.7
2020-05-11,Bungoma,0.0,,15.8
2020-05-12,Bungoma,12.1,26.6,18.1
2020-05-13,bungoma,7.2,28.6,16.7
2020-05-14,Bungoma,0.0,28.2,15.6
2020-05-15,Bungoma,2.4,27.7,16.2
2020-05-16,Bungoma,1.3,27.7,16.4
2020-05-17,BUNGOMA,19.7,29.0,16.5
2020-05-18,Bungoma,6.0,27.7,17.2
2020-05-19,Bungoma,4.0,28.0,16.8
2020-05-20,Bungoma ,0.0,29.8,14.2
2020-05-21,Bungoma,0.0,29.8,14.9
2020-05-22,Bungoma,7.1,25.9,15.1
2020-05-23,Bungoma,11.1,26.3,16.0
2020-05-24,bungoma,15.5,27.6,14.2
2020-05-25,bungoma,0.0,29.8,16.9
2020-05-26,Bungoma,1.7,29.0,17.8
2020-05-27,Bungoma,19.6,28.6,15.5
2020-05-28,Bungoma,0.0,29.3,17.4
2020-05-29,Bungoma,7.1,27.9,15.5
2020-05-30,Bungoma,0.0,25.9,18.2
2020-05-31,Bungoma,17.6,26.1,15.9
2020-06-01,Bungoma,0.0,31.7,15.8
2020-06-02,Bungoma,0.0,28.2,15.1
2020-06-03,Bungoma,0.0,31.7,17.3
2020-06-04,Bungoma,0.0,29.2,15.7
2020-06-05,bungoma,12.6,27.0,15.7
2020-06-06,Bungoma,0.0,28.4,15.1
2020-06-07,bungoma,0.0,28.2,15.6
2020-06-08,Bungoma,21.4,28.2,15.3
2020-06-09,Bungoma,6.1,24.9,15.7
2020-06-10,Bungoma,0.0,29.3,17.7
2020-06-11,Bungoma,1.1,28.7,17.5
2020-06-12,Bungoma,0.0,31.0,16.8
2020-06-13,bungoma,13.7,28.3,15.6
2020-06-14,Bungoma,0.0,28.8,14.4
2020-06-15,Bungoma,0.0,29.8,15.7
2020-06-16,Bungoma,22.4,27.4,15.1
2020-06-17,BUNGOMA,12.8,27.2,16.2
2020-06-18,Bungoma,4.0,31.1,16.3
2020-06-19,Bungoma,0.0,27.6,16.4
2020-06-20,Bungoma,0.0,30.4,16.2
2020-06-21,Bungoma,16.8,26.9,16.3
2020-06-22,Bungoma,0.0,29.8,14.3
2020-06-23,Bungoma,0.0,29.9,15.2
2020-06-24,BUNGOMA,3.7,25.3,16.6
2020-06-25,Bungoma,0.0,29.3,15.2
2020-06-26,Bungoma,0.1,30.8,15.4
2020-06-27,Bungoma,6.3,27.8,17.1
2020-06-28,Bungoma,2.8,29.4,17.4
2020-06-29,Bungoma,13.4,28.7,16.5
2020-06-30,BUNGOMA,0.0,29.9,16.5
2020-07-01,Bungoma,0.0,28.6,14.7
2020-07-02,Bungoma,3.5,30.0,16.8
2020-07-03,BUNGOMA,0.0,25.0,15.1
2020-07-04,bungoma,0.0,26.5,15.8
2020-07-05,Bungoma,0.0,29.6,15.9
2020-07-06,Bungoma,0.0,28.2,15.2
2020-07-07,Bungoma,0.0,26.8,15.6
2020-07-08,Bungoma,0.0,31.8,15.6
2020-07-09,Bungoma,0.0,29.3,16.4
2020-07-10,bungoma,0.0,29.6,15.6
2020-07-11,Bungoma,2.1,28.0,14.4
2020-07-12,Bungoma,0.0,26.6,16.4
2020-07-13,Bungoma,0.0,29.5,17.3
2020-07-14,Bungoma,0.0,28.9,14.5
2020-07-15,Bungoma,22.3,25.7,14.3
2020-07-16,Bungoma,0.0,28.5,15.6
2020-07-17,Bungoma,0.0,28.1,14.8
2020-07-18,Bungoma,0.0,27.6,15.8
2020-07-19,Bungoma,0.0,26.7,16.8
2020-07-20,Bungoma,12.8,23.7,16.3
2020-07-21,Bungoma,0.0,32.1,16.4
2020-07-22,Bungoma ,12.2,27.2,15.9
2020-07-23,Bungoma,0.0,28.0,16.6
2020-07-24,BUNGOMA,0.0,27.5,16.2
2020-07-25,bungoma,0.0,28.0,14.6
2020-07-26,Bungoma,0.0,29.7,15.4
2020-07-27,Bungoma,0.0,31.8,17.0
2020-07-28,Bungoma,0.0,27.7,13.7
2020-07-29,Bungoma ,3.5,28.5,13.1
2020-07-30,Bungoma,0.0,28.4,16.0
2020-07-31,Bungoma,11.5,24.9,15.3
2020-08-01,Bungoma,0.0,28.4,15.7
2020-08-02,Bungoma,0.0,25.2,15.7
2020-08-03,Bungoma,0.0,27.3,15.7
2020-08-04,BUNGOMA,0.0,28.2,15.8
2020-08-05,Bungoma,0.0,29.3,15.9
2020-08-06,Bungoma,3.1,27.6,14.9
2020-08-07,Bungoma,,27.2,17.0
2020-08-08,Bungoma,0.0,28.3,14.8
2020-08-09,Bungoma,trace,27.9,14.4
2020-08-10,Bungoma,0.0,28.2,15.9
2020-08-11,Bungoma,0.0,26.5,15.5
2020-08-12,Bungoma ,0.0,26.3,15.3
2020-08-13,BUNGOMA,43.4,26.2,14.7
2020-08-14,Bungoma,0.0,26.7,15.0
2020-08-15,Bungoma,0.0,29.3,14.5
2020-08-16,Bungoma,0.0,27.5,16.5
2020-08-17,Bungoma,,27.4,14.7
2020-08-18,Bungoma,12.8,27.5,15.6
2020-08-19,Bungoma ,0.0,28.8,16.1
2020-08-20,Bungoma,5.6,23.9,
2020-08-21,Bungoma,1.2,26.9,13.2
2020-08-22,Bungoma,19.1,27.1,15.7
2020-08-23,Bungoma,3.2,28.3,14.5
2020-08-24,Bungoma,0.0,30.7,15.0
2020-08-25,Bungoma,0.0,26.7,15.0
2020-08-26,Bungoma,0.0,27.7,15.3
2020-08-27,Bungoma,45.3,23.6,12.9
2020-08-28,Bungoma,0.0,27.2,13.5
2020-08-29,bungoma,0.0,25.2,13.9
2020-08-30,Bungoma,0.0,28.0,16.1
2020-08-31,BUNGOMA,15.2,25.4,15.2
2020-09-01,Bungoma,0.0,26.9,13.4
2020-09-02,Bungoma,0.0,24.7,14.3
2020-09-03,bungoma,7.4,24.5,13.8
2020-09-04,Bungoma,0.0,27.6,14.7
2020-09-05,Bungoma,0.0,25.8,15.2
2020-09-06,Bungoma,0.0,25.7,14.8
2020-09-07,Bungoma,0.0,27.6,12.4
2020-09-08,bungoma,0.0,26.0,13.1
2020-09-09,Bungoma,7.0,23.8,16.2
2020-09-10,Bungoma,0.0,29.2,14.6
2020-09-11,Bungoma,0.0,26.9,13.3
2020-09-12,Bungoma,0.0,28.6,15.6
2020-09-13,Bungoma,0.0,29.4,15.5
2020-09-14,Bungoma,0.0,26.0,15.8
2020-09-15,Bungoma,0.0,29.0,14.3
2020-09-16,Bungoma,0.0,24.7,14.9
2020-09-17,Bungoma,0.0,24.0,14.1
2020-09-18,Bungoma,0.0,27.7,14.8
2020-09-19,Bungoma,0.0,28.1,15.7
2020-09-20,Bungoma,-999,26.3,15.1
2020-09-21,Bungoma,3.9,26.1,15.0
2020-09-22,Bungoma,27.2,24.5,13.6
2020-09-23,Bungoma,0.0,27.3,12.8
2020-09-24,Bungoma ,0.0,28.7,15.9
2020-09-25,Bungoma,0.0,26.0,13.1
2020-09-26,Bungoma,0.0,28.7,
2020-09-27,Bungoma,13.4,24.1,13.8
2020-09-28,Bungoma,0.0,27.3,12.4
2020-09-29,Bungoma ,0.0,29.2,15.2
2020-09-30,Bungoma,0.0,26.7,14.3
2020-10-01,Bungoma,0.0,28.6,14.9
2020-10-02,Bungoma,,24.8,15.0
2020-10-03,Bungoma,0.0,27.7,14.8
2020-10-04,Bungoma,16.1,22.9,15.1
2020-10-05,Bungoma,0.0,25.2,14.6
2020-10-06,Bungoma,19.4,25.1,13.5
2020-10-07,Bungoma,0.0,26.8,14.5
2020-10-08,Bungoma,0.0,25.7,14.5
2020-10-09,Bungoma,22.3,24.8,13.7
2020-10-10,Bungoma,2.5,26.8,12.2
2020-10-11,Bungoma,0.0,25.1,15.3
2020-10-12,Bungoma,22.8,,15.1
2020-10-13,BUNGOMA,7.9,25.9,15.3
2020-10-14,Bungoma,37.5,24.9,14.6
2020-10-15,Bungoma,0.0,25.0,16.0
2020-10-16,Bungoma,0.0,26.8,15.8
2020-10-17,Bungoma,0.0,28.8,14.1
2020-10-18,Bungoma,2.6,28.5,14.1
2020-10-19,Bungoma,8.5,24.4,14.7
2020-10-20,Bungoma,0.0,24.1,15.1
2020-10-21,Bungoma,27.5,25.3,14.7
2020-10-22,Bungoma,18.2,23.7,14.6
2020-10-23,Bungoma,0.0,24.2,15.1
2020-10-24,Bungoma,29.9,23.5,15.0
2020-10-25,Bungoma,0.0,24.3,13.0
2020-10-26,Bungoma,0.0,25.3,14.1
2020-10-27,Bungoma,12.5,20.7,13.5
2020-10-28,bungoma,20.8,23.7,15.3
2020-10-29,bungoma,3.2,29.1,14.8
2020-10-30,Bungoma,26.5,24.6,13.9
2020-10-31,Bungoma,0.0,25.8,14.2
2020-11-01,bungoma,0.0,25.2,14.2
2020-11-02,Bungoma,0.0,27.7,15.8
2020-11-03,Bungoma,0.0,27.3,15.6
2020-11-04,Bungoma,0.0,26.0,14.1
2020-11-05,Bungoma,0.0,25.3,15.2
2020-11-06,Bungoma,0.0,26.8,14.8
2020-11-07,Bungoma,5.0,27.2,13.0
2020-11-08,Bungoma,11.5,21.7,12.9
2020-11-09,Bungoma,0.0,26.7,14.2
2020-11-10,Bungoma,0.0,24.1,13.8
2020-11-11,Bungoma,0.0,27.4,14.3
2020-11-12,Bungoma,5.1,24.1,13.6
2020-11-13,Bungoma,6.6,25.4,13.3
2020-11-14,Bungoma,8.1,23.9,12.1
2020-11-15,Bungoma,0.0,23.7,16.1
2020-11-16,Bungoma,23.5,22.7,14.4
2020-11-17,bungoma,8.0,22.1,14.2
2020-11-18,Bungoma,29.6,22.5,14.1
2020-11-19,Bungoma,3.5,26.3,13.2
2020-11-20,Bungoma,0.0,25.0,13.0
2020-11-21,Bungoma,8.3,25.4,15.7
2020-11-22,Bungoma,0.0,24.5,13.3
2020-11-23,Bungoma,5.9,25.0,12.7
2020-11-24,Bungoma,6.2,24.0,12.6
2020-11-25,Bungoma,0.0,28.1,13.6
2020-11-26,Bungoma,5.3,24.5,13.8
2020-11-27,Bungoma,0.0,22.7,14.8
2020-11-28,Bungoma,0.0,26.0,13.4
2020-11-29,Bungoma,8.1,24.7,13.8
2020-11-30,Bungoma,9.9,24.2,13.2
2020-12-01,Bungoma,1.0,25.7,13.9
2020-12-02,Bungoma,21.2,,13.6
2020-12-03,Bungoma,0.0,27.4,15.3
2020-12-04,Bungoma,0.0,29.1,15.0
2020-12-05,Bungoma,0.0,24.8,13.4
2020-12-06,Bungoma,0.0,28.4,16.1
2020-12-07,Bungoma,0.0,25.2,14.7
2020-12-08,Bungoma,0.0,24.8,12.2
2020-12-09,Bungoma,0.0,26.7,14.3
2020-12-10,Bungoma,19.8,24.2,12.6
2020-12-11,Bungoma,0.0,25.8,15.4
2020-12-12,Bungoma,0.0,26.1,14.9
2020-12-13,Bungoma,0.0,26.4,13.0
2020-12-14,Bungoma,0.0,25.4,14.1
2020-12-15,Bungoma,0.0,28.9,13.4
2020-12-16,Bungoma,0.0,26.4,13.5
2020-12-17,Bungoma,0.0,27.0,16.0
2020-12-18,bungoma,0.0,26.0,13.5
2020-12-19,Bungoma,29.1,24.2,11.8
2020-12-20,Bungoma,4.7,23.8,13.6
2020-12-21,Bungoma,0.0,24.6,14.5
2020-12-22,Bungoma,18.0,26.1,14.5
2020-12-23,Bungoma,0.0,27.2,14.6
2020-12-24,Bungoma,0.0,27.5,14.4
2020-12-25,Bungoma,0.0,27.1,14.1
2020-12-26,Bungoma,0.0,99.9,14.7
2020-12-27,Bungoma,0.0,24.7,14.4
2020-12-28,Bungoma,3.9,26.2,14.2
2020-12-29,Bungoma,0.0,25.0,14.4
2020-12-30,BUNGOMA,0.0,27.8,14.3
2020-12-31,Bungoma,0.0,26.6,13.5
2021-01-01,Bungoma,0.0,24.6,14.6
2021-01-02,Bungoma,trace,26.0,14.3
2021-01-03,Bungoma,0.0,26.6,14.0
2021-01-04,Bungoma,0.0,25.9,14.2
2021-01-05,Bungoma,0.0,24.8,12.6
2021-01-06,Bungoma,0.0,28.5,13.2
2021-01-07,BUNGOMA,0.0,28.4,14.2
2021-01-08,Bungoma,0.0,23.9,13.0
2021-01-09,Bungoma,0.0,25.3,15.6
2021-01-10,Bungoma,0.0,30.3,12.5
2021-01-11,Bungoma,0.0,28.7,13.7
2021-01-12,Bungoma,0.0,27.8,14.1
2021-01-13,Bungoma,0.0,27.9,15.5
2021-01-14,Bungoma,0.0,26.8,13.1
2021-01-15,Bungoma,0.0,26.9,13.8
2021-01-16,Bungoma,0.0,25.7,14.3
2021-01-17,Bungoma,9.6,24.6,16.1
2021-01-18,Bungoma,0.0,28.3,15.2
2021-01-19,Bungoma,0.0,26.1,14.4
2021-01-20,Bungoma,0.0,25.3,13.1
2021-01-21,Bungoma,0.0,26.8,15.3
2021-01-22,Bungoma,0.0,30.2,13.8
2021-01-23,Bungoma,0.0,28.7,13.7
2021-01-24,Bungoma,0.0,25.3,14.1
2021-01-25,Bungoma,0.0,26.6,14.1
2021-01-26,Bungoma,0.0,23.2,15.2
2021-01-27,Bungoma,0.0,27.4,15.5
2021-01-28,Bungoma,0.0,29.9,13.8
2021-01-29,Bungoma,0.0,26.2,13.7
2021-01-30,Bungoma,4.1,26.2,12.7
2021-01-31,Bungoma,0.0,27.2,15.1
2021-02-01,Bungoma,0.0,28.9,
2021-02-02,Bungoma,0.0,28.0,14.7
2021-02-03,Bungoma,0.0,27.5,15.2
2021-02-04,Bungoma,0.0,27.2,15.5
2021-02-05,Bungoma,0.0,28.3,13.0
2021-02-06,BUNGOMA,0.0,29.3,14.2
2021-02-07,Bungoma,0.0,25.0,14.5
2021-02-08,Bungoma,0.0,26.8,13.9
2021-02-09,Bungoma,0.0,27.7,13.7
2021-02-10,Bungoma,0.0,28.4,13.2
2021-02-11,Bungoma,0.0,25.9,16.4
2021-02-12,Bungoma,0.0,25.9,14.4
2021-02-13,Bungoma,0.0,26.6,13.8
2021-02-14,BUNGOMA,0.0,26.7,13.1
2021-02-15,Bungoma,0.0,26.9,16.1
2021-02-16,Bungoma,17.1,25.7,14.3
2021-02-17,Bungoma,0.0,25.2,14.1
2021-02-18,Bungoma,0.0,29.2,14.2
2021-02-19,Bungoma,0.0,27.2,15.0
2021-02-20,Bungoma,0.0,27.4,12.9
2021-02-21,Bungoma,0.0,25.1,15.3
2021-02-22,Bungoma,16.6,25.4,16.3
2021-02-23,Bungoma,0.0,27.7,15.4
2021-02-24,BUNGOMA,,24.5,12.9
2021-02-25,Bungoma,16.4,26.3,14.9
2021-02-26,Bungoma,0.0,27.8,14.3
2021-02-27,Bungoma,5.7,23.2,14.1
2021-02-28,Bungoma,11.0,28.4,13.3
2021-03-01,Bungoma,0.0,29.3,15.3
2021-03-02,Bungoma,0.0,26.8,15.3
2021-03-03,bungoma,0.0,29.7,15.7
2021-03-04,Bungoma,0.0,28.8,16.5
2021-03-05,Bungoma,0.0,26.3,16.1
2021-03-06,Bungoma,0.1,29.8,15.6
2021-03-07,Bungoma,2.6,26.8,15.2
2021-03-08,Bungoma,0.0,26.6,16.0
2021-03-09,Bungoma,0.0,28.2,15.0
2021-03-10,Bungoma,0.5,26.6,14.1
2021-03-11,Bungoma,5.9,23.5,15.5
2021-03-12,Bungoma,0.0,30.5,14.3
2021-03-13,Bungoma,0.0,30.6,15.0
2021-03-14,Bungoma,0.0,27.2,14.8
2021-03-15,Bungoma,0.0,23.7,14.9
2021-03-16,Bungoma,4.4,29.8,14.5
2021-03-17,Bungoma,7.6,27.9,14.4
2021-03-18,Bungoma,0.0,28.6,14.7
2021-03-19,Bungoma,0.0,29.5,16.1
2021-03-20,Bungoma,0.0,29.4,13.9
2021-03-21,Bungoma,0.0,27.9,14.2
2021-03-22,Bungoma,0.0,27.6,15.4
2021-03-23,Bungoma,,30.9,14.8
2021-03-24,Bungoma,0.0,28.5,14.0
2021-03-25,Bungoma,0.0,28.7,15.0
2021-03-26,Bungoma,0.0,30.5,17.2
2021-03-27,Bungoma,21.7,28.2,12.4
2021-03-28,Bungoma,0.0,24.8,16.6
2021-03-29,Bungoma,2.6,26.1,16.1
2021-03-30,Bungoma,0.0,28.3,16.1
2021-03-31,Bungoma,0.0,28.2,17.8
2021-04-01,Bungoma,9.4,27.5,16.4
2021-04-02,Bungoma,0.0,27.5,16.6
2021-04-03,Bungoma,0.0,26.7,15.8
2021-04-04,Bungoma,0.0,28.2,15.6
2021-04-05,Bungoma,9.2,26.1,16.9
2021-04-06,bungoma,0.0,26.8,16.1
2021-04-07,Bungoma,0.0,28.3,15.6
2021-04-08,Bungoma,0.0,27.3,16.1
2021-04-09,Bungoma,5.7,28.4,16.9
2021-04-10,Bungoma,7.6,25.2,14.8
2021-04-11,Bungoma,2.0,24.3,15.9
2021-04-12,Bungoma,0.0,29.1,16.8
2021-04-13,Bungoma,0.0,30.1,14.8
2021-04-14,Bungoma,2.3,29.3,16.2
2021-04-15,Bungoma,0.0,28.3,14.8
2021-04-16,Bungoma,0.0,27.4,15.9
2021-04-17,bungoma,5.5,25.3,17.3
2021-04-18,Bungoma,0.0,28.8,16.0
2021-04-19,Bungoma,0.0,28.8,14.2
2021-04-20,Bungoma,0.0,29.9,16.0
2021-04-21,Bungoma,0.0,24.9,16.1
2021-04-22,Bungoma,3.1,30.8,15.7
2021-04-23,Bungoma,1.8,28.5,15.1
2021-04-24,Bungoma,1.9,28.8,15.3
2021-04-25,Bungoma,0.0,26.8,14.5
2021-04-26,Bungoma,0.0,29.9,16.5
2021-04-27,Bungoma,0.0,29.9,16.7
2021-04-28,Bungoma,0.0,29.8,17.0
2021-04-29,Bungoma,0.0,27.9,14.9
2021-04-30,Bungoma,0.0,27.4,15.6
2021-05-01,Bungoma,5.0,30.9,16.4
2021-05-02,Bungoma,0.0,29.5,14.3
2021-05-03,Bungoma,0.0,27.2,16.8
2021-05-04,Bungoma,0.0,28.6,16.8
2021-05-05,Bungoma,10.6,28.2,14.8
2021-05-06,Bungoma,0.0,26.4,16.5
2021-05-07,Bungoma,3.5,28.1,16.8
2021-05-08,bungoma,9.6,27.5,17.5
2021-05-09,Bungoma,,27.5,16.4
2021-05-10,Bungoma,0.0,29.5,17.0
2021-05-11,Bungoma,0.0,28.4,17.5
2021-05-12,Bungoma,trace,27.8,15.6
2021-05-13,Bungoma,13.2,24.6,13.8
2021-05-14,Bungoma,0.0,27.3,15.7
2021-05-15,Bungoma,trace,27.2,17.2
2021-05-16,Bungoma,2.6,27.5,18.6
2021-05-17,Bungoma,0.0,30.0,17.1
2021-05-18,Bungoma,0.0,28.9,15.3
2021-05-19,Bungoma,3.5,31.3,16.3
2021-05-20,Bungoma,0.0,28.2,14.3
2021-05-21,Bungoma,0.0,30.6,14.2
2021-05-22,Bungoma,19.6,26.8,15.3
2021-05-23,Bungoma,0.5,29.8,15.2
2021-05-24,Bungoma,0.0,,15.9
2021-05-25,Bungoma,-999,,17.2
2021-05-26,Bungoma,0.0,,17.4
2021-05-27,Bungoma,0.0,28.7,16.2
2021-05-28,Bungoma,0.0,29.6,15.8
2021-05-29,Bungoma,0.0,29.0,17.1
2021-05-30,Bungoma,0.0,30.7,15.2
2021-05-31,Bungoma,1.9,31.9,16.0
2021-06-01,Bungoma,22.3,25.0,15.1
2021-06-02,Bungoma,0.0,30.6,17.6
2021-06-03,Bungoma,4.5,28.3,16.2
2021-06-04,Bungoma,0.0,26.8,15.7
2021-06-05,BUNGOMA,0.0,28.7,18.5
2021-06-06,Bungoma,0.0,28.5,16.9
2021-06-07,Bungoma,0.0,26.4,16.0
2021-06-08,Bungoma,,30.0,18.2
2021-06-09,Bungoma,0.0,29.8,16.0
2021-06-10,Bungoma,3.3,29.8,15.2
2021-06-11,Bungoma,0.0,31.3,14.8
2021-06-12,Bungoma,0.0,27.2,16.3
2021-06-13,Bungoma,13.4,24.7,16.0
2021-06-14,Bungoma,0.5,28.6,14.6
2021-06-15,Bungoma,1.7,30.3,17.1
2021-06-16,BUNGOMA,0.0,29.1,16.0
2021-06-17,Bungoma,0.0,29.1,15.6
2021-06-18,Bungoma,0.0,27.6,14.9
2021-06-19,Bungoma ,7.2,29.3,15.2
2021-06-20,Bungoma,0.0,29.9,15.8
2021-06-21,Bungoma,,28.1,16.9
2021-06-22,Bungoma,0.0,27.0,16.5
2021-06-23,Bungoma,0.0,26.9,15.1
2021-06-24,Bungoma,0.0,29.2,16.2
2021-06-25,Bungoma,0.0,31.0,15.8
2021-06-26,Bungoma,4.2,29.9,16.5
2021-06-27,Bungoma,0.0,28.7,15.6
2021-06-28,Bungoma,0.0,27.8,
2021-06-29,Bungoma,0.0,29.0,16.7
2021-06-30,Bungoma,0.0,26.5,17.0
2021-07-01,Bungoma,3.9,29.7,15.3
2021-07-02,Bungoma,trace,28.2,16.5
2021-07-03,Bungoma,,27.9,15.6
2021-07-04,Bungoma,0.0,29.0,16.6
2021-07-05,Bungoma,0.0,27.3,16.9
2021-07-06,Bungoma,0.0,29.2,16.0
2021-07-07,Bungoma,0.0,,
2021-07-08,Bungoma,0.0,27.6,15.1
2021-07-09,Bungoma,trace,29.2,14.0
2021-07-10,Bungoma,0.0,25.3,14.9
2021-07-11,Bungoma,0.0,28.7,16.1
2021-07-12,Bungoma,3.3,29.1,18.2
2021-07-13,Bungoma,0.0,29.6,15.2
2021-07-14,Bungoma,0.0,26.6,16.1
2021-07-15,Bungoma,0.0,26.5,14.6
2021-07-16,Bungoma,7.9,27.2,17.9
2021-07-17,Bungoma,0.0,25.9,15.2
2021-07-18,Bungoma,2.0,29.9,14.7
2021-07-19,Bungoma,0.0,27.1,17.2
2021-07-20,Bungoma,0.0,28.8,15.5
2021-07-21,bungoma,0.0,28.2,14.9
2021-07-22,Bungoma,0.0,29.4,16.8
2021-07-23,Bungoma,0.0,25.2,16.7
2021-07-24,BUNGOMA,0.0,27.4,17.2
2021-07-25,Bungoma,0.0,27.7,14.4
2021-07-26,Bungoma,0.0,28.8,16.1
2021-07-27,BUNGOMA,0.0,30.3,15.5
2021-07-28,Bungoma,0.0,30.2,16.2
2021-07-29,Bungoma,6.6,28.8,15.2
2021-07-30,Bungoma,0.0,27.1,15.5
2021-07-31,Bungoma,0.0,26.3,17.4
2021-08-01,Bungoma,,28.1,16.7
2021-08-02,Bungoma,0.0,29.3,13.7
2021-08-03,Bungoma,0.0,27.4,
2021-08-04,Bungoma,0.0,27.0,16.8
2021-08-05,Bungoma,0.0,29.1,14.3
2021-08-06,BUNGOMA,0.0,28.3,17.1
2021-08-07,Bungoma,0.0,26.1,17.0
2021-08-08,Bungoma,0.0,29.7,16.3
2021-08-09,Bungoma,0.0,26.9,14.4
2021-08-10,Bungoma,0.0,28.5,14.5
2021-08-11,Bungoma,0.0,28.3,15.7
2021-08-12,Bungoma,0.0,26.9,16.4
2021-08-13,Bungoma,0.0,30.6,16.2
2021-08-14,Bungoma,7.8,25.8,14.6
2021-08-15,Bungoma,0.0,26.5,14.8
2021-08-16,Bungoma,0.0,29.3,14.4
2021-08-17,Bungoma,2.3,27.1,15.7
2021-08-18,Bungoma,0.0,28.7,16.5
2021-08-19,Bungoma,0.0,28.1,16.3
2021-08-20,Bungoma,0.0,27.3,14.1
2021-08-21,Bungoma,4.9,29.5,14.4
2021-08-22,Bungoma,0.0,29.6,15.5
2021-08-23,Bungoma,0.0,27.9,
2021-08-24,bungoma,2.0,27.3,15.9
2021-08-25,Bungoma,0.0,28.7,14.9
2021-08-26,Bungoma ,0.0,26.9,13.3
2021-08-27,Bungoma,0.0,28.0,14.3
2021-08-28,Bungoma,0.0,27.0,15.1
2021-08-29,Bungoma,0.0,26.2,16.0
2021-08-30,bungoma,0.0,26.4,14.8
2021-08-31,Bungoma,0.0,25.0,16.5
2021-09-01,Bungoma,0.0,29.3,14.2
2021-09-02,Bungoma,0.0,27.2,14.5
2021-09-03,Bungoma,0.0,26.6,14.3
2021-09-04,Bungoma,0.0,29.1,13.7
2021-09-05,Bungoma,0.0,28.4,15.2
2021-09-06,Bungoma,0.0,26.5,15.4
2021-09-07,Bungoma,0.0,28.0,14.1
2021-09-08,Bungoma,0.0,26.7,14.3
2021-09-09,Bungoma,0.0,27.7,14.9
2021-09-10,Bungoma,0.0,28.1,14.4
2021-09-11,Bungoma,0.0,23.3,13.7
2021-09-12,Bungoma,0.0,29.4,13.8
2021-09-13,Bungoma,1.9,26.7,15.3
2021-09-14,Bungoma,29.9,24.4,15.1
2021-09-15,Bungoma,7.7,25.1,14.2
2021-09-16,Bungoma,0.0,29.8,13.8
2021-09-17,Bungoma,0.0,29.1,15.4
2021-09-18,Bungoma,0.0,27.3,15.6
2021-09-19,Bungoma,0.0,28.4,15.3
2021-09-20,Bungoma,0.0,25.7,13.5
2021-09-21,Bungoma,0.0,27.8,13.9
2021-09-22,BUNGOMA,0.0,27.0,12.9
2021-09-23,Bungoma,0.0,28.9,17.2
2021-09-24,Bungoma,0.0,27.1,15.5
2021-09-25,Bungoma,12.4,25.1,14.7
2021-09-26,Bungoma,0.0,27.8,15.5
2021-09-27,Bungoma,0.0,26.5,14.8
2021-09-28,Bungoma,0.0,26.0,15.6
2021-09-29,Bungoma,0.0,27.1,14.7
2021-09-30,Bungoma,8.0,22.4,15.6
2021-10-01,Bungoma ,24.7,24.2,13.7
2021-10-02,Bungoma,0.0,27.2,14.9
2021-10-03,Bungoma,0.0,26.7,13.7
2021-10-04,Bungoma,33.8,26.5,14.0
2021-10-05,Bungoma,2.4,28.3,14.5
2021-10-06,Bungoma,0.0,27.1,13.4
2021-10-07,Bungoma,,24.1,14.3
2021-10-08,Bungoma,0.0,25.8,14.1
2021-10-09,Bungoma,0.0,27.8,15.6
2021-10-10,Bungoma,3.6,26.3,13.8
2021-10-11,Bungoma,9.0,25.2,13.3
2021-10-12,Bungoma ,0.0,26.3,15.1
2021-10-13,Bungoma,15.2,24.0,14.8
2021-10-14,Bungoma,2.9,24.5,14.6
2021-10-15,Bungoma,0.0,27.4,16.1
2021-10-16,Bungoma,0.0,24.8,12.8
2021-10-17,Bungoma,0.0,27.9,13.1
2021-10-18,Bungoma,0.0,26.6,14.8
2021-10-19,Bungoma,,23.8,16.4
2021-10-20,Bungoma,7.4,23.4,15.1
2021-10-21,Bungoma,0.0,26.6,15.1
2021-10-22,Bungoma,0.0,27.0,15.5
2021-10-23,Bungoma,0.0,26.1,13.9
2021-10-24,Bungoma,0.0,25.4,14.4
2021-10-25,Bungoma,0.0,,12.2
2021-10-26,Bungoma,0.0,23.9,15.0
2021-10-27,BUNGOMA,2.3,26.3,14.9
2021-10-28,Bungoma,16.2,22.6,15.9
2021-10-29,Bungoma,0.0,25.5,13.8
2021-10-30,Bungoma,0.0,21.0,13.0
2021-10-31,Bungoma,37.5,23.0,16.0
2021-11-01,Bungoma,0.0,24.7,14.6
2021-11-02,BUNGOMA,3.8,26.2,13.5
2021-11-03,Bungoma,0.0,25.1,13.6
2021-11-04,Bungoma,14.4,23.5,14.9
2021-11-05,Bungoma,0.0,30.1,11.5
2021-11-06,Bungoma,2.6,25.5,14.4
2021-11-07,Bungoma,0.0,26.2,12.7
2021-11-08,Bungoma,0.8,,14.5
2021-11-09,Bungoma,,28.8,14.3
2021-11-10,Bungoma,5.8,24.7,14.6
2021-11-11,Bungoma,0.0,24.9,12.9
2021-11-12,bungoma,-999,26.2,14.4
2021-11-13,Bungoma,29.2,26.9,15.1
2021-11-14,Bungoma,16.9,25.6,14.5
2021-11-15,Bungoma,13.2,27.9,13.7
2021-11-16,Bungoma,9.5,23.0,13.0
2021-11-17,Bungoma,trace,26.8,13.3
2021-11-18,Bungoma,0.0,26.5,14.6
2021-11-19,Bungoma,,25.9,14.4
2021-11-20,Bungoma,0.0,26.7,13.5
2021-11-21,Bungoma,10.8,24.0,15.1
2021-11-22,Bungoma,11.0,25.0,15.3
2021-11-23,Bungoma,8.1,24.7,13.8
2021-11-24,Bungoma,0.0,,15.0
2021-11-25,Bungoma,0.0,25.5,12.7
2021-11-26,Bungoma,9.7,21.2,14.6
2021-11-27,Bungoma,trace,26.9,15.3
2021-11-28,Bungoma,10.8,23.4,13.6
2021-11-29,Bungoma,0.0,26.3,15.2
2021-11-30,Bungoma,1.5,29.6,16.5
2021-12-01,Bungoma,0.0,25.1,13.2
2021-12-02,Bungoma,0.0,25.0,14.5
2021-12-03,Bungoma,0.0,24.0,12.3
2021-12-04,Bungoma,0.0,29.9,16.0
2021-12-05,Bungoma,0.0,24.3,13.2
2021-12-06,Bungoma,0.0,27.4,12.1
2021-12-07,Bungoma,0.0,26.0,14.7
2021-12-08,Bungoma,0.0,25.2,13.1
2021-12-09,Bungoma,0.0,27.4,14.0
2021-12-10,Bungoma,0.0,25.0,12.9
2021-12-11,Bungoma,0.0,25.7,13.0
2021-12-12,BUNGOMA,27.6,25.8,13.4
2021-12-13,Bungoma,0.0,25.9,15.0
2021-12-14,Bungoma,0.0,27.6,15.3
2021-12-15,Bungoma,0.0,26.0,15.7
2021-12-16,Bungoma,17.1,,14.8
2021-12-17,Bungoma,0.0,26.9,13.1
2021-12-18,Bungoma,5.3,23.1,13.9
2021-12-19,Bungoma,0.0,25.2,12.8
2021-12-20,Bungoma,4.0,23.1,14.8
2021-12-21,Bungoma,0.0,22.4,13.4
2021-12-22,Bungoma,0.0,29.7,14.8
2021-12-23,Bungoma ,0.0,25.6,14.7
2021-12-24,Bungoma,0.0,26.6,13.7
2021-12-25,Bungoma,,27.7,13.1
2021-12-26,Bungoma ,0.0,24.5,13.9
2021-12-27,Bungoma,13.2,25.3,13.9
2021-12-28,Bungoma,0.0,27.8,14.0
2021-12-29,Bungoma,0.0,28.3,14.7
2021-12-30,Bungoma,0.0,27.6,14.1
2021-12-31,Bungoma,0.0,23.1,12.9
2022-01-01,Bungoma,0.0,25.0,14.7
2022-01-02,Bungoma,0.0,23.8,15.2
2022-01-03,Bungoma,0.0,27.1,14.7
2022-01-04,Bungoma,0.0,27.5,14.0
2022-01-05,Bungoma,0.0,25.1,14.9
2022-01-06,Bungoma,0.0,27.5,13.7
2022-01-07,Bungoma,0.0,24.5,14.6
2022-01-08,Bungoma,0.0,26.9,15.2
2022-01-09,Bungoma,0.0,25.5,12.9
2022-01-10,Bungoma,0.0,27.1,14.9
2022-01-11,BUNGOMA,,27.3,15.4
2022-01-12,Bungoma,0.0,27.7,13.8
2022-01-13,Bungoma,0.0,24.6,15.4
2022-01-14,Bungoma,0.0,26.3,14.3
2022-01-15,Bungoma,2.5,27.6,13.4
2022-01-16,Bungoma,8.7,27.9,15.5
2022-01-17,Bungoma,0.0,27.7,15.6
2022-01-18,Bungoma,,25.1,14.6
2022-01-19,Bungoma,0.0,27.2,14.0
2022-01-20,Bungoma,9.7,27.3,15.6
2022-01-21,Bungoma,0.0,29.3,13.2
2022-01-22,Bungoma,0.0,26.6,13.4
2022-01-23,Bungoma,4.3,26.4,14.8
2022-01-24,Bungoma,11.5,23.0,14.8
2022-01-25,Bungoma,0.0,28.4,14.0
2022-01-26,Bungoma,7.8,26.1,15.2
2022-01-27,Bungoma ,0.0,27.6,14.9
2022-01-28,Bungoma,0.0,26.9,14.3
2022-01-29,Bungoma ,0.0,25.7,14.4
2022-01-30,Bungoma,0.0,27.9,14.3
2022-01-31,Bungoma,0.0,29.7,15.9
2022-02-01,Bungoma,0.0,26.3,13.2
2022-02-02,Bungoma,0.0,28.7,16.8
2022-02-03,Bungoma,0.0,26.3,14.9
2022-02-04,Bungoma,9.7,23.4,14.8
2022-02-05,BUNGOMA,0.0,27.1,14.4
2022-02-06,Bungoma,0.0,25.9,13.9
2022-02-07,Bungoma,0.0,27.8,15.9
2022-02-08,Bungoma,0.0,29.3,14.0
2022-02-09,Bungoma,0.0,29.8,13.3
2022-02-10,Bungoma,0.0,26.1,14.8
2022-02-11,Bungoma,0.0,27.2,16.5
2022-02-12,Bungoma,0.0,23.7,15.0
2022-02-13,Bungoma,0.0,26.9,15.2
2022-02-14,Bungoma,0.0,25.4,14.1
2022-02-15,Bungoma,0.0,25.2,15.0
2022-02-16,bungoma,0.0,27.0,13.4
2022-02-17,Bungoma,0.0,27.2,14.7
2022-02-18,Bungoma,0.0,26.5,14.9
2022-02-19,Bungoma,0.0,28.1,14.9
2022-02-20,Bungoma,2.9,25.7,14.8
2022-02-21,Bungoma,0.0,26.9,14.6
2022-02-22,Bungoma,0.0,25.1,14.6
2022-02-23,Bungoma,13.8,22.5,15.6
2022-02-24,Bungoma,0.0,27.3,14.4
2022-02-25,Bungoma,0.0,31.0,14.2
2022-02-26,Bungoma,2.3,27.6,15.4
2022-02-27,Bungoma,0.0,28.0,13.7
2022-02-28,Bungoma,0.0,29.6,13.9
2022-03-01,bungoma,0.0,24.9,14.7
2022-03-02,Bungoma,0.0,28.6,16.4
2022-03-03,Bungoma,6.1,23.8,14.8
2022-03-04,Bungoma,4.9,30.5,15.5
2022-03-05,Bungoma,26.9,28.4,13.1
2022-03-06,Bungoma,0.0,29.9,14.0
2022-03-07,bungoma,0.0,27.5,15.0
2022-03-08,Bungoma,0.0,27.7,16.1
2022-03-09,Bungoma,0.0,27.7,14.4
2022-03-10,Bungoma,19.6,23.1,14.3
2022-03-11,Bungoma,0.0,28.8,14.8
2022-03-12,Bungoma,0.0,28.8,15.7
2022-03-13,Bungoma,0.0,25.9,16.1
2022-03-14,Bungoma,21.0,26.7,14.0
2022-03-15,Bungoma,0.0,26.5,16.1
2022-03-16,Bungoma,1.3,28.7,15.4
2022-03-17,Bungoma,0.0,27.6,14.8
2022-03-18,Bungoma,21.3,24.2,14.8
2022-03-19,Bungoma,0.0,28.5,15.2
2022-03-20,Bungoma,0.0,27.9,15.8
2022-03-21,Bungoma,0.0,27.1,15.3
2022-03-22,bungoma,0.0,29.0,15.9
2022-03-23,Bungoma,13.4,24.9,15.4
2022-03-24,Bungoma,0.0,29.2,14.7
2022-03-25,Bungoma,,29.4,16.0
2022-03-26,Bungoma,4.1,25.6,15.3
2022-03-27,Bungoma,0.0,25.9,15.2
2022-03-28,Bungoma,0.0,28.8,15.7
2022-03-29,Bungoma,0.0,28.7,14.5
2022-03-30,Bungoma,9.5,26.3,16.8
2022-03-31,Bungoma,0.0,28.5,16.9
2022-04-01,Bungoma,4.1,27.6,15.8
2022-04-02,Bungoma,1.9,27.2,16.3
2022-04-03,Bungoma,2.6,99.9,15.7
2022-04-04,Bungoma,0.0,27.0,15.6
2022-04-05,Bungoma,0.0,26.4,16.0
2022-04-06,BUNGOMA,4.5,29.2,15.7
2022-04-07,Bungoma,0.0,28.4,14.3
2022-04-08,Bungoma,1.2,31.3,14.1
2022-04-09,Bungoma,0.0,30.0,15.4
2022-04-10,Bungoma,27.6,26.4,12.7
2022-04-11,Bungoma,0.0,29.5,14.8
2022-04-12,Bungoma,5.0,31.2,14.8
2022-04-13,bungoma,0.0,29.5,17.0
2022-04-14,Bungoma,11.3,26.4,15.7
2022-04-15,Bungoma,0.0,29.2,15.3
2022-04-16,Bungoma,14.3,26.6,16.4
2022-04-17,Bungoma,23.1,24.3,15.5
2022-04-18,BUNGOMA,2.4,28.2,15.7
2022-04-19,Bungoma,1.4,28.4,14.4
2022-04-20,Bungoma,28.0,26.5,14.8
2022-04-21,Bungoma ,12.9,27.9,15.2
2022-04-22,Bungoma,2.4,28.5,13.2
2022-04-23,Bungoma,0.0,30.3,15.4
2022-04-24,Bungoma,0.0,30.3,15.7
2022-04-25,Bungoma,0.0,27.9,14.6
2022-04-26,Bungoma,0.0,29.5,16.2
2022-04-27,Bungoma,7.0,25.8,15.2
2022-04-28,Bungoma,2.1,29.9,14.4
2022-04-29,Bungoma,25.1,27.6,16.1
2022-04-30,Bungoma,1.3,27.0,15.2
2022-05-01,Bungoma,0.0,28.3,14.6
2022-05-02,Bungoma,0.1,29.3,16.6
2022-05-03,BUNGOMA,6.3,24.6,15.0
2022-05-04,Bungoma,5.6,29.9,18.0
2022-05-05,BUNGOMA,0.0,28.5,16.9
2022-05-06,Bungoma,0.0,28.4,16.2
2022-05-07,Bungoma,23.0,26.6,16.4
2022-05-08,Bungoma,3.4,29.8,17.1
2022-05-09,Bungoma,1.1,30.4,17.4
2022-05-10,Bungoma,0.1,29.3,15.1
2022-05-11,BUNGOMA,0.0,28.4,17.1
2022-05-12,Bungoma,,29.7,15.5
2022-05-13,Bungoma,42.3,25.7,16.5
2022-05-14,Bungoma,0.0,27.5,16.9
2022-05-15,Bungoma,16.0,26.7,15.4
2022-05-16,Bungoma,3.7,30.3,13.4
2022-05-17,Bungoma,3.6,29.3,16.0
2022-05-18,Bungoma,0.0,26.9,14.8
2022-05-19,Bungoma,0.0,27.8,17.2
2022-05-20,Bungoma,0.0,31.2,16.9
2022-05-21,Bungoma,45.3,28.1,16.7
2022-05-22,Bungoma,37.7,26.3,16.7
2022-05-23,Bungoma,29.3,14.7,27.7
2022-05-24,Bungoma,16.1,30.0,16.0
2022-05-25,Bungoma,0.4,31.7,15.5
2022-05-26,Bungoma,8.1,27.2,14.2
2022-05-27,Bungoma,25.8,26.0,15.9
2022-05-28,Bungoma,0.0,28.3,16.8
2022-05-29,Bungoma,0.0,29.9,14.8
2022-05-30,Bungoma,25.3,27.4,16.2
2022-05-31,bungoma,55.5,25.8,16.2
2022-06-01,Bungoma,0.0,29.0,16.5
2022-06-02,Bungoma,22.8,26.2,16.5
2022-06-03,Bungoma,12.1,25.7,15.3
2022-06-04,Bungoma,0.0,28.3,16.1
2022-06-05,Bungoma,0.0,28.7,15.4
2022-06-06,Bungoma,38.5,27.1,15.1
2022-06-07,Bungoma,0.0,25.2,15.3
2022-06-08,Bungoma,trace,28.7,16.5
2022-06-09,Bungoma,1.9,28.8,15.4
2022-06-10,Bungoma,68.4,27.6,14.8
2022-06-11,Bungoma,0.0,29.3,15.4
2022-06-12,Bungoma,0.0,32.0,16.4
2022-06-13,bungoma,0.0,28.4,16.8
2022-06-14,Bungoma ,0.0,26.3,16.5
2022-06-15,Bungoma,0.0,30.0,16.4
2022-06-16,Bungoma,22.3,23.7,15.8
2022-06-17,Bungoma,0.0,28.7,16.6
2022-06-18,Bungoma,11.1,29.0,15.8
2022-06-19,Bungoma,0.0,28.4,14.8
2022-06-20,Bungoma,0.0,,16.7
2022-06-21,Bungoma,20.5,26.6,15.0
2022-06-22,Bungoma,20.9,25.4,15.4
2022-06-23,Bungoma,8.4,26.4,16.0
2022-06-24,bungoma,0.0,28.0,16.4
2022-06-25,Bungoma,0.0,26.1,16.7
2022-06-26,Bungoma,2.8,27.6,15.7
2022-06-27,Bungoma,0.0,27.7,14.8
2022-06-28,Bungoma,11.3,27.7,14.7
2022-06-29,bungoma,0.0,28.9,17.2
2022-06-30,Bungoma,14.9,25.4,14.7
2022-07-01,Bungoma,0.0,28.4,16.4
2022-07-02,Bungoma,1.6,29.2,16.4
2022-07-03,Bungoma,0.0,28.0,15.0
2022-07-04,Bungoma,0.0,28.7,16.4
2022-07-05,Bungoma,0.0,27.9,15.6
2022-07-06,Bungoma,0.0,26.2,13.9
2022-07-07,Bungoma,0.0,28.7,15.6
2022-07-08,Bungoma,0.0,28.8,15.1
2022-07-09,Bungoma,0.0,27.1,16.5
2022-07-10,Bungoma,0.0,27.1,15.6
2022-07-11,Bungoma,0.0,26.3,16.1
2022-07-12,Bungoma,0.9,27.6,15.1
2022-07-13,BUNGOMA,0.0,27.1,16.6
2022-07-14,Bungoma,0.0,28.7,15.1
2022-07-15,Bungoma,0.0,30.8,16.8
2022-07-16,Bungoma,0.0,27.2,15.9
2022-07-17,Bungoma,0.0,28.6,15.1
2022-07-18,Bungoma,0.0,27.3,16.1
2022-07-19,Bungoma,0.0,27.3,15.4
2022-07-20,Bungoma,0.0,29.0,16.0
2022-07-21,Bungoma,4.6,29.8,17.4
2022-07-22,Bungoma ,0.0,28.1,15.5
2022-07-23,Bungoma,13.2,27.6,14.0
2022-07-24,Bungoma ,0.0,28.5,17.2
2022-07-25,Bungoma,16.9,25.4,15.3
2022-07-26,Bungoma,0.0,30.2,15.4
2022-07-27,Bungoma,0.0,28.0,
2022-07-28,Bungoma,13.2,27.5,16.9
2022-07-29,Bungoma,0.0,27.1,15.4
2022-07-30,Bungoma,0.0,27.0,15.2
2022-07-31,Bungoma ,3.3,30.8,16.5
2022-08-01,Bungoma,0.6,27.0,16.4
2022-08-02,Bungoma,4.3,26.5,15.6
2022-08-03,Bungoma,2.6,28.6,16.7
2022-08-04,Bungoma,0.0,28.9,15.7
2022-08-05,Bungoma,0.0,29.8,14.0
2022-08-06,Bungoma,0.0,25.1,15.1
2022-08-07,Bungoma,0.0,26.1,16.8
2022-08-08,Bungoma,2.2,26.8,14.5
2022-08-09,BUNGOMA,0.0,27.2,14.8
2022-08-10,Bungoma,0.0,28.2,
2022-08-11,Bungoma,0.0,26.1,15.7
2022-08-12,Bungoma,0.0,30.0,14.3
2022-08-13,bungoma,0.0,28.0,13.9
2022-08-14,Bungoma,0.0,25.1,16.4
2022-08-15,Bungoma,0.0,27.7,15.2
2022-08-16,BUNGOMA,,30.0,15.1
2022-08-17,Bungoma,0.0,30.4,14.4
2022-08-18,Bungoma ,0.0,25.8,14.7
2022-08-19,Bungoma,0.0,27.3,15.5
2022-08-20,Bungoma,0.0,28.2,16.1
2022-08-21,Bungoma,0.0,25.8,14.8
2022-08-22,Bungoma,0.0,28.8,15.0
2022-08-23,Bungoma,0.0,27.4,15.0
2022-08-24,Bungoma,0.0,26.2,16.1
2022-08-25,Bungoma,0.0,28.0,14.7
2022-08-26,Bungoma,43.9,23.1,13.7
2022-08-27,Bungoma,0.0,27.3,15.0
2022-08-28,Bungoma,0.0,27.9,13.8
2022-08-29,Bungoma ,0.0,27.2,13.9
2022-08-30,Bungoma,0.0,24.8,14.9
2022-08-31,Bungoma,0.0,26.9,14.7
2022-09-01,Bungoma,0.0,26.8,15.4
2022-09-02,Bungoma,14.1,25.8,14.2
2022-09-03,Bungoma,0.0,29.2,14.1
2022-09-04,BUNGOMA,0.0,28.5,14.5
2022-09-05,Bungoma,7.7,24.5,14.3
2022-09-06,Bungoma,4.7,28.9,13.8
2022-09-07,Bungoma,0.0,29.3,16.0
2022-09-08,Bungoma,0.0,27.7,14.5
2022-09-09,Bungoma ,0.0,27.8,16.2
2022-09-10,bungoma,0.0,25.4,15.2
2022-09-11,Bungoma,0.0,26.9,13.7
2022-09-12,Bungoma,0.0,25.0,15.5
2022-09-13,Bungoma,0.0,25.1,15.6
2022-09-14,Bungoma,0.0,23.4,14.7
2022-09-15,Bungoma,0.0,26.6,12.6
2022-09-16,Bungoma,0.0,26.8,14.6
2022-09-17,Bungoma,0.0,26.8,14.3
2022-09-18,Bungoma,21.4,25.1,15.3
2022-09-19,Bungoma,,27.1,14.5
2022-09-20,Bungoma,0.0,25.3,15.1
2022-09-21,Bungoma,0.0,25.5,15.8
2022-09-22,Bungoma,0.0,26.2,14.0
2022-09-23,Bungoma,12.1,24.2,13.2
2022-09-24,Bungoma,0.0,25.2,13.6
2022-09-25,Bungoma,0.0,27.6,14.6
2022-09-26,Bungoma,0.0,27.5,16.1
2022-09-27,Bungoma,0.0,26.8,13.8
2022-09-28,Bungoma,0.0,23.5,14.7
2022-09-29,Bungoma,28.7,27.2,13.6
2022-09-30,Bungoma,27.9,27.3,14.5
2022-10-01,Bungoma,0.0,26.5,14.9
2022-10-02,Bungoma,0.0,24.7,15.4
2022-10-03,Bungoma,7.0,27.3,14.1
2022-10-04,bungoma,29.3,25.6,14.9
2022-10-05,Bungoma,48.7,24.1,15.3
2022-10-06,Bungoma,0.0,26.7,13.2
2022-10-07,Bungoma,0.0,26.9,12.6
2022-10-08,Bungoma,8.4,24.3,16.0
2022-10-09,Bungoma,0.0,27.3,14.9
2022-10-10,Bungoma,26.5,24.7,14.7
2022-10-11,Bungoma,18.3,21.1,14.9
2022-10-12,Bungoma,0.0,29.4,14.8
2022-10-13,Bungoma,5.9,23.6,15.0
2022-10-14,Bungoma,0.0,26.2,14.2
2022-10-15,Bungoma,0.0,26.9,15.5
2022-10-16,Bungoma,0.0,27.6,12.4
2022-10-17,Bungoma,trace,28.1,14.3
2022-10-18,Bungoma,,23.9,12.6
2022-10-19,Bungoma,0.0,26.4,14.4
2022-10-20,Bungoma,9.1,23.2,14.5
2022-10-21,Bungoma,10.3,25.3,15.6
2022-10-22,Bungoma,0.0,25.4,14.3
2022-10-23,Bungoma ,0.2,24.7,15.8
2022-10-24,Bungoma,33.6,30.1,13.3
2022-10-25,Bungoma,0.0,25.2,14.2
2022-10-26,Bungoma,0.0,23.8,
2022-10-27,Bungoma,0.0,24.8,15.1
2022-10-28,Bungoma,27.0,22.0,13.9
2022-10-29,Bungoma,18.0,23.4,14.4
2022-10-30,Bungoma,0.0,25.5,13.2
2022-10-31,Bungoma,24.1,24.9,13.3
2022-11-01,bungoma,0.0,27.8,13.6
2022-11-02,Bungoma,15.0,26.2,14.6
2022-11-03,Bungoma,11.4,25.3,12.7
2022-11-04,Bungoma,trace,26.9,12.4
2022-11-05,Bungoma,29.4,24.7,15.2
2022-11-06,Bungoma,0.0,27.5,13.6
2022-11-07,Bungoma,2.7,22.7,12.9
2022-11-08,Bungoma,21.6,22.8,14.8
2022-11-09,Bungoma,16.7,24.5,13.4
2022-11-10,Bungoma,0.0,27.8,13.2
2022-11-11,BUNGOMA,0.0,27.0,15.1
2022-11-12,Bungoma,45.0,23.6,13.3
2022-11-13,bungoma,9.0,26.9,12.4
2022-11-14,BUNGOMA,18.1,24.3,12.7
2022-11-15,bungoma,0.0,27.3,14.2
2022-11-16,Bungoma,1.1,25.5,13.4
2022-11-17,Bungoma,-999,26.9,12.3
2022-11-18,Bungoma,0.0,24.9,15.4
2022-11-19,Bungoma,0.0,25.7,13.5
2022-11-20,Bungoma,2.7,26.9,13.7
2022-11-21,Bungoma,22.3,22.0,13.9
2022-11-22,bungoma,0.0,27.0,14.4
2022-11-23,Bungoma,2.2,22.2,15.1
2022-11-24,Bungoma,0.0,24.9,12.9
2022-11-25,Bungoma,,26.7,13.9
2022-11-26,Bungoma,0.0,27.3,13.7
2022-11-27,Bungoma,0.0,28.1,12.7
2022-11-28,Bungoma,0.0,26.7,16.0
2022-11-29,Bungoma,2.0,25.2,13.4
2022-11-30,Bungoma,24.8,22.2,13.3
2022-12-01,Bungoma,0.0,25.9,15.5
2022-12-02,Bungoma,0.0,24.3,14.3
2022-12-03,Bungoma,0.0,27.6,13.9
2022-12-04,Bungoma,4.5,25.8,14.9
2022-12-05,Bungoma ,12.4,24.4,14.7
2022-12-06,Bungoma,0.0,23.4,14.8
2022-12-07,Bungoma,0.0,26.9,13.3
2022-12-08,Bungoma,,25.2,13.5
2022-12-09,Bungoma,33.9,18.8,13.6
2022-12-10,Bungoma,0.0,26.3,13.9
2022-12-11,Bungoma,0.0,25.9,13.7
2022-12-12,Bungoma,0.0,24.9,14.5
2022-12-13,Bungoma,0.0,25.6,13.9
2022-12-14,Bungoma,0.0,25.7,14.1
2022-12-15,Bungoma,11.0,23.0,14.9
2022-12-16,Bungoma,0.0,24.9,15.4
2022-12-17,Bungoma,0.0,26.3,13.9
2022-12-18,Bungoma,0.0,25.5,16.0
2022-12-19,Bungoma,0.0,26.2,14.4
2022-12-20,Bungoma,0.0,24.2,13.7
2022-12-21,Bungoma,0.0,25.2,13.2
2022-12-22,Bungoma,0.0,26.3,14.6
2022-12-23,Bungoma ,0.0,27.3,15.7
2022-12-24,Bungoma,22.3,24.3,14.5
2022-12-25,Bungoma,0.0,27.2,14.4
2022-12-26,Bungoma,17.2,27.1,13.4
2022-12-27,Bungoma,0.0,24.0,14.6
2022-12-28,Bungoma,4.4,23.2,14.8
2022-12-29,Bungoma,0.0,25.0,14.1
2022-12-30,Bungoma,0.0,24.7,14.2
2022-12-31,Bungoma,0.0,25.1,15.5
2023-01-01,bungoma,0.0,25.4,16.1
2023-01-02,Bungoma,,25.6,14.9
2023-01-03,BUNGOMA,0.0,25.6,13.4
2023-01-04,Bungoma,6.3,25.3,15.5
2023-01-05,Bungoma,0.0,27.9,13.3
2023-01-06,Bungoma,71.2,25.4,15.4
2023-01-07,Bungoma,2.9,25.5,15.4
2023-01-08,Bungoma,0.0,27.4,13.7
2023-01-09,Bungoma,3.6,24.6,14.3
2023-01-10,Bungoma,0.0,25.0,14.5
2023-01-11,Bungoma,0.0,26.5,13.5
2023-01-12,BUNGOMA,0.0,28.4,14.7
2023-01-13,bungoma,0.0,24.5,14.1
2023-01-14,Bungoma,0.0,25.9,15.4
2023-01-15,Bungoma,0.0,25.6,13.3
2023-01-16,Bungoma,0.0,28.1,13.5
2023-01-17,Bungoma,0.0,27.0,13.4
2023-01-18,Bungoma,0.0,27.8,14.6
2023-01-19,Bungoma,2.0,25.8,15.6
2023-01-20,Bungoma,0.0,24.9,13.6
2023-01-21,Bungoma,0.0,27.1,12.8
2023-01-22,Bungoma,0.0,26.2,15.2
2023-01-23,BUNGOMA,15.6,21.2,16.0
2023-01-24,Bungoma ,0.0,26.6,12.7
2023-01-25,Bungoma,0.0,27.6,13.2
2023-01-26,Bungoma,0.0,27.7,13.6
2023-01-27,Bungoma,0.0,27.1,15.9
2023-01-28,Bungoma,0.0,23.7,15.5
2023-01-29,Bungoma,0.0,27.2,15.1
2023-01-30,bungoma,0.0,26.9,13.6
2023-01-31,Bungoma,0.0,26.2,14.9
2023-02-01,Bungoma,0.0,26.5,13.7
2023-02-02,Bungoma,0.0,24.8,15.4
2023-02-03,Bungoma,31.3,22.1,14.9
2023-02-04,Bungoma,0.0,27.5,13.6
2023-02-05,Bungoma,0.0,26.7,15.3
2023-02-06,Bungoma,0.0,27.9,13.9
2023-02-07,Bungoma,,24.5,13.9
2023-02-08,Bungoma,0.0,26.1,15.0
2023-02-09,Bungoma ,0.0,27.8,13.2
2023-02-10,Bungoma,0.0,27.2,13.4
2023-02-11,Bungoma,37.9,27.0,14.9
2023-02-12,Bungoma,0.0,29.8,15.5
2023-02-13,Bungoma,0.0,29.8,16.8
2023-02-14,Bungoma,0.0,26.1,14.5
2023-02-15,Bungoma,4.2,26.5,14.9
2023-02-16,Bungoma,0.0,24.3,15.0
2023-02-17,Bungoma,0.0,29.1,13.8
2023-02-18,Bungoma,0.0,28.0,14.6
2023-02-19,Bungoma,0.0,28.8,13.9
2023-02-20,Bungoma,0.0,27.6,14.8
2023-02-21,Bungoma,0.0,30.5,16.1
2023-02-22,Bungoma,0.0,27.4,13.9
2023-02-23,Bungoma,0.0,29.9,13.5
2023-02-24,Bungoma,0.0,26.0,14.0
2023-02-25,Bungoma ,0.0,28.4,14.5
2023-02-26,Bungoma,0.0,26.0,15.3
2023-02-27,bungoma,6.0,,14.6
2023-02-28,Bungoma,3.3,27.4,14.3
2023-03-01,Bungoma,4.3,26.9,14.2
2023-03-02,bungoma,0.0,29.1,15.0
2023-03-03,Bungoma,0.0,29.7,16.4
2023-03-04,Bungoma,0.0,29.1,16.3
2023-03-05,Bungoma,0.0,30.1,14.8
2023-03-06,Bungoma,27.5,23.1,14.9
2023-03-07,Bungoma,2.0,24.0,
2023-03-08,Bungoma,8.4,24.7,15.3
2023-03-09,Bungoma,0.0,27.0,14.3
2023-03-10,Bungoma,0.0,27.2,15.4
2023-03-11,Bungoma,8.5,24.9,15.8
2023-03-12,Bungoma,2.4,28.1,14.7
2023-03-13,Bungoma,0.0,25.0,15.0
2023-03-14,Bungoma,0.0,24.8,13.7
2023-03-15,Bungoma,19.8,26.2,14.8
2023-03-16,Bungoma,0.0,26.3,14.9
2023-03-17,Bungoma,0.0,26.5,14.2
2023-03-18,Bungoma,10.7,27.6,16.3
2023-03-19,Bungoma,13.2,23.8,14.8
2023-03-20,Bungoma,0.0,27.8,16.2
2023-03-21,Bungoma,21.3,26.6,16.4
2023-03-22,Bungoma,1.5,28.0,15.3
2023-03-23,Bungoma,0.0,26.1,15.1
2023-03-24,Bungoma,4.2,27.7,15.0
2023-03-25,Bungoma,0.0,29.3,16.8
2023-03-26,Bungoma,8.4,24.2,15.6
2023-03-27,Bungoma,0.0,29.6,14.6
2023-03-28,Bungoma,2.1,28.6,14.8
2023-03-29,Bungoma,0.0,31.1,16.2
2023-03-30,Bungoma,7.0,24.7,17.1
2023-03-31,Bungoma,0.0,28.3,17.3
2023-04-01,Bungoma,0.0,31.0,15.1
2023-04-02,Bungoma,1.0,23.6,16.9
2023-04-03,Bungoma,1.8,28.0,15.8
2023-04-04,Bungoma,1.7,25.2,17.5
2023-04-05,Bungoma,2.0,29.0,15.2
2023-04-06,Bungoma,20.1,25.3,15.8
2023-04-07,Bungoma,28.6,26.4,12.7
2023-04-08,Bungoma,0.0,27.1,15.7
2023-04-09,Bungoma,45.7,26.7,16.2
2023-04-10,Bungoma,13.8,27.7,14.7
2023-04-11,Bungoma,1.5,29.8,16.2
2023-04-12,Bungoma,,26.7,16.3
2023-04-13,Bungoma,0.0,28.6,16.0
2023-04-14,bungoma,16.0,26.5,15.8
2023-04-15,Bungoma,7.1,99.9,14.4
2023-04-16,Bungoma,0.0,27.4,15.8
2023-04-17,Bungoma,0.0,28.2,15.2
2023-04-18,Bungoma,9.3,28.0,14.2
2023-04-19,Bungoma,23.9,,16.6
2023-04-20,Bungoma,2.5,29.7,16.0
2023-04-21,Bungoma,13.5,28.5,16.5
2023-04-22,Bungoma,39.6,26.3,17.3
2023-04-23,Bungoma,20.8,24.9,16.5
2023-04-24,Bungoma,0.0,29.3,15.7
2023-04-25,Bungoma,0.0,29.3,15.6
2023-04-26,Bungoma,0.0,27.6,16.8
2023-04-27,Bungoma,0.0,25.6,16.7
2023-04-28,Bungoma,7.4,25.1,15.3
2023-04-29,Bungoma,20.8,27.9,13.8
2023-04-30,Bungoma,39.3,26.8,17.2
2023-05-01,Bungoma,,28.7,16.1
2023-05-02,Bungoma,0.0,26.0,14.1
2023-05-03,Bungoma,7.0,25.1,16.9
2023-05-04,Bungoma,9.1,24.5,18.3
2023-05-05,Bungoma,0.0,27.6,16.9
2023-05-06,Bungoma,trace,26.9,16.7
2023-05-07,BUNGOMA,4.1,29.2,14.5
2023-05-08,Bungoma,10.3,25.8,15.1
2023-05-09,Bungoma,3.9,26.8,15.3
2023-05-10,Bungoma,0.0,29.8,15.0
2023-05-11,Bungoma,6.4,25.5,14.2
2023-05-12,Bungoma,12.5,27.0,17.1
2023-05-13,Bungoma,0.0,25.7,15.8
2023-05-14,Bungoma,0.0,24.8,15.0
2023-05-15,Bungoma,0.0,32.1,17.1
2023-05-16,Bungoma,42.5,26.3,14.9
2023-05-17,Bungoma,22.4,25.9,16.4
2023-05-18,Bungoma,19.8,24.6,15.8
2023-05-19,bungoma,56.5,25.9,16.5
2023-05-20,Bungoma,0.0,29.8,15.2
2023-05-21,Bungoma,0.0,24.9,16.1
2023-05-22,Bungoma,-999,27.0,17.9
2023-05-23,bungoma,0.0,30.0,14.8
2023-05-24,Bungoma,5.4,27.3,16.0
2023-05-25,Bungoma,0.0,30.8,14.4
2023-05-26,Bungoma,0.0,26.4,16.2
2023-05-27,Bungoma,17.2,28.0,16.9
2023-05-28,Bungoma,51.8,26.6,16.8
2023-05-29,Bungoma,12.8,28.9,16.4
2023-05-30,Bungoma,0.0,29.0,15.8
2023-05-31,Bungoma,24.9,27.8,15.6
2023-06-01,Bungoma,4.6,30.1,14.5
2023-06-02,Bungoma,0.0,27.0,16.9
2023-06-03,Bungoma,25.4,24.4,15.1
2023-06-04,Bungoma,0.0,29.3,15.6
2023-06-05,Bungoma,16.7,28.1,14.1
2023-06-06,Bungoma,0.0,29.4,15.2
2023-06-07,Bungoma,2.1,27.6,16.0
2023-06-08,Bungoma,0.0,28.8,18.0
2023-06-09,BUNGOMA,0.0,30.9,15.9
2023-06-10,Bungoma,7.3,23.3,16.8
2023-06-11,Bungoma,0.0,30.5,15.9
2023-06-12,Bungoma,0.0,26.8,16.9
2023-06-13,Bungoma,0.0,29.6,16.9
2023-06-14,Bungoma,8.1,27.4,13.7
2023-06-15,Bungoma,0.0,29.9,17.0
2023-06-16,Bungoma,0.0,25.7,17.7
2023-06-17,Bungoma,11.8,27.5,15.1
2023-06-18,Bungoma,0.0,26.7,15.5
2023-06-19,Bungoma,0.0,29.6,14.9
2023-06-20,Bungoma,16.6,28.3,16.0
2023-06-21,Bungoma,0.0,30.9,16.5
2023-06-22,Bungoma,0.0,27.6,16.4
2023-06-23,Bungoma,12.7,27.5,12.8
2023-06-24,Bungoma,8.9,27.0,16.7
2023-06-25,Bungoma,1.8,28.5,16.5
2023-06-26,Bungoma,,27.8,17.8
2023-06-27,Bungoma,21.0,,15.9
2023-06-28,Bungoma,0.0,27.9,15.2
2023-06-29,Bungoma ,0.0,26.8,15.6
2023-06-30,Bungoma,0.0,28.0,17.4
2023-07-01,Bungoma,0.0,27.7,16.8
2023-07-02,Bungoma,0.0,,15.6
2023-07-03,Bungoma,19.8,27.1,16.8
2023-07-04,Bungoma,0.0,29.1,17.1
2023-07-05,Bungoma,0.0,30.2,16.4
2023-07-06,Bungoma,2.9,30.1,16.9
2023-07-07,Bungoma,7.0,26.8,15.8
2023-07-08,Bungoma,0.0,29.2,16.1
2023-07-09,Bungoma,0.4,29.0,15.9
2023-07-10,Bungoma,0.0,26.6,16.6
2023-07-11,bungoma,0.0,27.8,14.4
2023-07-12,Bungoma,15.7,28.5,15.9
2023-07-13,Bungoma,21.8,26.8,15.2
2023-07-14,Bungoma,1.5,28.8,15.0
2023-07-15,Bungoma,0.0,30.4,17.3
2023-07-16,Bungoma,0.0,29.1,15.6
2023-07-17,Bungoma,0.0,31.5,17.2
2023-07-18,Bungoma,0.0,26.7,16.5
2023-07-19,Bungoma,16.6,29.2,15.7
2023-07-20,Bungoma,0.0,28.5,15.9
2023-07-21,Bungoma,0.0,29.0,15.0
2023-07-22,Bungoma,22.9,23.9,14.8
2023-07-23,Bungoma,6.8,27.1,16.9
2023-07-24,Bungoma,0.0,29.7,13.0
2023-07-25,Bungoma,0.0,28.9,16.0
2023-07-26,bungoma,20.6,28.0,14.3
2023-07-27,Bungoma,17.0,24.6,14.2
2023-07-28,Bungoma,0.0,29.5,15.4
2023-07-29,Bungoma,0.0,28.5,14.9
2023-07-30,Bungoma,0.0,31.2,15.7
2023-07-31,bungoma,0.0,27.3,16.8
2023-08-01,Bungoma,0.0,31.0,14.1
2023-08-02,Bungoma,0.0,28.1,16.1
2023-08-03,Bungoma,5.6,24.3,14.2
2023-08-04,Bungoma,0.0,28.5,16.7
2023-08-05,Bungoma,0.0,29.9,14.4
2023-08-06,Bungoma,0.0,27.1,14.5
2023-08-07,Bungoma,0.0,28.9,15.9
2023-08-08,Bungoma,25.4,23.6,16.2
2023-08-09,Bungoma,0.0,29.4,15.6
2023-08-10,Bungoma,0.0,30.6,16.9
2023-08-11,Bungoma,0.0,28.3,16.4
2023-08-12,Bungoma,2.1,27.6,13.7
2023-08-13,Bungoma,0.0,28.4,14.4
2023-08-14,Bungoma,14.2,25.7,14.7
2023-08-15,Bungoma,3.9,27.9,15.0
2023-08-16,Bungoma,9.9,26.5,16.2
2023-08-17,BUNGOMA,0.0,30.5,16.9
2023-08-18,Bungoma,2.1,27.1,15.2
2023-08-19,Bungoma,0.0,26.3,15.3
2023-08-20,Bungoma,0.0,28.1,15.1
2023-08-21,Bungoma,11.2,25.6,13.9
2023-08-22,Bungoma,1.4,27.5,14.3
2023-08-23,Bungoma,0.0,28.4,15.9
2023-08-24,Bungoma,0.8,30.7,14.6
2023-08-25,Bungoma,0.0,27.4,14.9
2023-08-26,Bungoma,0.0,26.1,15.7
2023-08-27,Bungoma,0.0,29.3,17.1
2023-08-28,Bungoma,0.0,28.4,16.4
2023-08-29,Bungoma,0.0,29.9,14.6
2023-08-30,Bungoma,0.0,27.8,13.4
2023-08-31,Bungoma,,29.2,15.4
2023-09-01,Bungoma,0.0,27.6,16.4
2023-09-02,Bungoma,0.0,28.1,12.2
2023-09-03,Bungoma,,26.1,15.7
2023-09-04,Bungoma,0.0,25.5,15.4
2023-09-05,Bungoma,0.0,27.0,
2023-09-06,Bungoma ,0.0,29.3,14.1
2023-09-07,Bungoma,0.0,25.2,16.2
2023-09-08,Bungoma,0.0,28.1,16.5
2023-09-09,Bungoma,0.0,26.3,14.6
2023-09-10,Bungoma,0.0,30.0,14.4
2023-09-11,Bungoma,0.0,26.2,14.6
2023-09-12,Bungoma,0.0,27.0,14.6
2023-09-13,Bungoma,0.0,29.1,15.5
2023-09-14,Bungoma,50.3,25.0,16.0
2023-09-15,Bungoma,0.0,29.9,15.7
2023-09-16,Bungoma,12.4,25.8,14.5
2023-09-17,Bungoma,0.0,27.4,17.0
2023-09-18,BUNGOMA,0.0,28.1,16.3
2023-09-19,Bungoma,0.0,24.6,15.1
2023-09-20,Bungoma,0.0,29.8,13.2
2023-09-21,Bungoma,0.8,26.4,13.1
2023-09-22,Bungoma ,3.8,27.1,14.0
2023-09-23,Bungoma,0.0,26.5,12.8
2023-09-24,Bungoma,23.4,23.7,14.7
2023-09-25,Bungoma,0.0,25.6,15.3
2023-09-26,Bungoma,0.0,25.8,15.7
2023-09-27,bungoma,0.0,25.7,14.1
2023-09-28,Bungoma,0.0,25.6,15.0
2023-09-29,Bungoma,0.0,27.7,13.6
2023-09-30,Bungoma,0.0,27.2,13.6
2023-10-01,Bungoma,0.0,24.8,12.9
2023-10-02,Bungoma,7.5,25.5,15.0
2023-10-03,Bungoma,0.0,26.7,15.2
2023-10-04,Bungoma,10.8,23.8,15.2
2023-10-05,Bungoma,7.0,26.5,13.0
2023-10-06,bungoma,10.6,24.9,12.6
2023-10-07,bungoma,0.5,27.2,13.3
2023-10-08,Bungoma,11.8,27.7,14.3
2023-10-09,Bungoma,0.0,26.6,14.1
2023-10-10,Bungoma,0.0,25.1,14.8
2023-10-11,Bungoma,0.0,29.4,15.1
2023-10-12,Bungoma,0.0,27.4,15.6
2023-10-13,Bungoma,0.0,26.7,13.2
2023-10-14,Bungoma,0.0,27.6,14.3
2023-10-15,BUNGOMA,12.2,23.1,13.4
2023-10-16,Bungoma,0.0,28.6,15.5
2023-10-17,Bungoma,0.0,26.8,
2023-10-18,Bungoma,0.0,27.5,15.4
2023-10-19,BUNGOMA,9.0,25.9,14.4
2023-10-20,Bungoma,22.9,25.4,14.7
2023-10-21,Bungoma,4.5,26.9,14.4
2023-10-22,Bungoma,0.0,27.4,14.7
2023-10-23,Bungoma,0.0,25.4,14.9
2023-10-24,Bungoma,0.0,27.9,14.2
2023-10-25,BUNGOMA,0.0,25.0,14.7
2023-10-26,Bungoma,0.0,28.5,14.8
2023-10-27,Bungoma,0.0,25.6,15.9
2023-10-28,Bungoma,0.0,25.4,13.7
2023-10-29,Bungoma,0.3,25.9,13.8
2023-10-30,Bungoma,0.0,25.3,15.5
2023-10-31,Bungoma,0.0,26.6,15.3
2023-11-01,Bungoma,0.0,24.9,15.6
2023-11-02,Bungoma,9.0,25.9,14.1
2023-11-03,Bungoma,0.0,24.5,14.3
2023-11-04,Bungoma,21.9,23.8,14.4
2023-11-05,Bungoma,8.7,24.2,12.7
2023-11-06,Bungoma,0.0,26.0,13.8
2023-11-07,Bungoma,34.0,21.5,13.2
2023-11-08,bungoma,0.0,25.9,13.2
2023-11-09,Bungoma,24.7,25.6,16.0
2023-11-10,Bungoma,0.0,24.4,14.7
2023-11-11,Bungoma,,24.7,13.2
2023-11-12,bungoma,3.0,26.1,13.8
2023-11-13,Bungoma,trace,27.6,12.7
2023-11-14,Bungoma,6.2,20.9,14.2
2023-11-15,bungoma,0.0,27.5,14.5
2023-11-16,Bungoma,0.0,,11.8
2023-11-17,Bungoma,0.0,24.9,13.8
2023-11-18,Bungoma,0.0,27.1,15.2
2023-11-19,Bungoma,0.0,27.1,13.6
2023-11-20,Bungoma,9.2,22.0,13.6
2023-11-21,Bungoma,3.4,28.5,14.7
2023-11-22,Bungoma,4.0,25.4,14.5
2023-11-23,BUNGOMA,0.6,23.4,13.3
2023-11-24,Bungoma,0.0,24.0,14.2
2023-11-25,Bungoma,0.0,30.3,13.1
2023-11-26,Bungoma,16.7,22.0,14.0
2023-11-27,Bungoma,20.1,14.8,21.1
2023-11-28,Bungoma,0.0,22.5,13.3
2023-11-29,Bungoma,0.8,25.5,15.1
2023-11-30,bungoma,5.7,23.9,15.2
2023-12-01,Bungoma,0.0,29.5,14.1
2023-12-02,bungoma,0.0,27.5,13.7
2023-12-03,Bungoma,0.0,26.3,13.8
2023-12-04,Bungoma,4.9,24.8,12.3
2023-12-05,Bungoma,0.0,29.1,14.8
2023-12-06,Bungoma,2.2,23.1,14.6
2023-12-07,Bungoma,0.0,24.3,13.7
2023-12-08,Bungoma,0.0,26.6,13.4
2023-12-09,Bungoma,0.0,26.3,13.6
2023-12-10,Bungoma,0.0,26.6,12.6
2023-12-11,Bungoma,12.2,26.9,15.0
2023-12-12,Bungoma,0.6,27.2,15.1
2023-12-13,Bungoma,0.0,26.0,15.3
2023-12-14,Bungoma,0.5,25.4,14.3
2023-12-15,Bungoma,10.3,24.4,13.5
2023-12-16,Bungoma,0.0,27.6,14.6
2023-12-17,Bungoma,0.0,24.6,12.1
2023-12-18,Bungoma,0.0,26.2,13.0
2023-12-19,Bungoma,0.0,25.8,13.4
2023-12-20,Bungoma,2.5,26.3,15.7
2023-12-21,Bungoma,1.3,25.5,13.2
2023-12-22,Bungoma,0.0,25.7,13.0
2023-12-23,Bungoma,0.0,25.2,14.7
2023-12-24,Bungoma,0.0,27.9,14.5
2023-12-25,bungoma,0.0,24.4,15.7
2023-12-26,Bungoma,5.2,23.0,13.4
2023-12-27,Bungoma ,0.0,24.8,14.3
2023-12-28,Bungoma,0.0,,13.8
2023-12-29,Bungoma,18.7,22.2,14.0
2023-12-30,Bungoma,0.0,23.9,14.2
2023-12-31,Bungoma,0.0,27.1,15.3
2024-01-01,Bungoma,0.0,25.1,16.8
2024-01-02,Bungoma,0.0,26.8,15.1
2024-01-03,Bungoma,0.0,26.6,15.6
2024-01-04,Bungoma,0.0,,13.2
2024-01-05,Bungoma,5.8,23.6,13.7
2024-01-06,Bungoma,2.8,28.3,13.9
2024-01-07,BUNGOMA,0.0,26.8,13.8
2024-01-08,Bungoma,0.0,25.0,17.1
2024-01-09,Bungoma,0.0,24.6,15.1
2024-01-10,BUNGOMA,0.0,24.9,13.9
2024-01-11,Bungoma,0.0,29.2,14.5
2024-01-12,Bungoma ,0.0,24.6,12.9
2024-01-13,Bungoma,0.0,28.5,13.4
2024-01-14,Bungoma,-999,23.9,14.2
2024-01-15,Bungoma,0.0,28.7,13.1
2024-01-16,Bungoma,0.0,24.8,15.1
2024-01-17,Bungoma,6.2,21.4,14.9
2024-01-18,Bungoma,4.8,26.6,15.0
2024-01-19,Bungoma,0.0,25.7,14.5
2024-01-20,Bungoma ,0.0,25.8,14.9
2024-01-21,Bungoma ,0.0,28.1,14.1
2024-01-22,Bungoma ,0.0,28.4,13.4
2024-01-23,Bungoma,0.0,28.9,14.0
2024-01-24,bungoma,0.0,27.2,14.2
2024-01-25,Bungoma,0.0,29.2,14.8
2024-01-26,Bungoma,0.0,24.3,14.5
2024-01-27,Bungoma,0.0,26.9,15.3
2024-01-28,Bungoma,0.0,27.0,15.2
2024-01-29,Bungoma,0.0,24.4,
2024-01-30,bungoma,2.3,27.9,12.5
2024-01-31,Bungoma,0.0,29.3,
2024-02-01,Bungoma,0.0,28.5,13.7
2024-02-02,BUNGOMA,0.0,26.4,14.5
2024-02-03,Bungoma,0.0,30.0,13.6
2024-02-04,Bungoma,0.0,25.1,16.6
2024-02-05,Bungoma,0.0,26.3,14.5
2024-02-06,Bungoma,0.0,26.9,15.1
2024-02-07,Bungoma,0.0,28.6,13.9
2024-02-08,Bungoma,0.0,24.3,15.4
2024-02-09,Bungoma,0.0,26.6,17.4
2024-02-10,Bungoma,0.0,27.4,15.0
2024-02-11,Bungoma ,0.0,25.7,15.1
2024-02-12,Bungoma,0.0,27.7,14.3
2024-02-13,Bungoma,0.0,25.8,14.9
2024-02-14,Bungoma,0.0,26.8,15.1
2024-02-15,Bungoma,0.0,25.7,14.1
2024-02-16,Bungoma,0.0,30.1,13.2
2024-02-17,Bungoma,0.0,26.6,13.9
2024-02-18,Bungoma,0.0,28.3,14.8
2024-02-19,Bungoma,0.0,27.1,14.7
2024-02-20,Bungoma,0.0,27.8,14.9
2024-02-21,Bungoma,0.0,28.9,16.0
2024-02-22,Bungoma ,0.0,29.4,14.8
2024-02-23,Bungoma,0.0,26.2,15.2
2024-02-24,Bungoma,0.0,28.6,16.7
2024-02-25,Bungoma,0.0,26.6,15.6
2024-02-26,Bungoma,0.0,27.6,15.8
2024-02-27,Bungoma,0.0,26.7,16.5
2024-02-28,Bungoma,0.0,28.4,14.2
2024-02-29,Bungoma,0.0,27.6,14.4
2024-03-01,Bungoma ,0.0,30.1,15.9
2024-03-02,Bungoma,0.0,27.6,15.7
2024-03-03,Bungoma,1.2,30.3,14.4
2024-03-04,Bungoma,0.0,27.8,15.5
2024-03-05,Bungoma ,4.3,27.9,16.6
2024-03-06,Bungoma,24.6,22.5,14.9
2024-03-07,Bungoma,5.2,22.9,15.4
2024-03-08,Bungoma,0.0,28.0,15.5
2024-03-09,BUNGOMA,0.0,27.6,15.3
2024-03-10,bungoma,0.0,26.4,15.3
2024-03-11,Bungoma,1.4,30.3,15.2
2024-03-12,Bungoma,9.4,25.1,13.6
2024-03-13,bungoma,0.1,27.3,17.1
2024-03-14,Bungoma,0.0,27.1,14.6
2024-03-15,bungoma,0.0,30.0,15.5
2024-03-16,Bungoma,0.0,27.2,16.1
2024-03-17,Bungoma,0.0,27.0,16.1
2024-03-18,Bungoma ,6.7,27.1,15.6
2024-03-19,Bungoma,0.0,28.2,13.7
2024-03-20,Bungoma,45.1,24.5,14.5
2024-03-21,Bungoma,22.3,26.1,15.7
2024-03-22,Bungoma,4.6,27.6,16.6
2024-03-23,BUNGOMA,0.0,29.3,15.1
2024-03-24,Bungoma,0.0,28.0,16.5
2024-03-25,BUNGOMA,0.0,30.3,15.8
2024-03-26,Bungoma,0.0,28.1,16.8
2024-03-27,Bungoma,0.0,28.3,16.1
2024-03-28,Bungoma ,0.0,28.0,16.3
2024-03-29,bungoma,0.0,26.7,15.9
2024-03-30,Bungoma,3.7,28.6,15.2
2024-03-31,Bungoma,0.0,28.3,
2024-04-01,Bungoma,0.0,24.5,13.7
2024-04-02,Bungoma,1.4,27.8,15.9
2024-04-03,Bungoma,13.3,25.4,15.0
2024-04-04,Bungoma,7.0,,16.6
2024-04-05,Bungoma,19.4,27.3,15.2
2024-04-06,Bungoma,,26.6,15.6
2024-04-07,Bungoma ,0.0,29.6,16.1
2024-04-08,Bungoma,0.0,27.2,17.3
2024-04-09,Bungoma,0.0,27.7,16.3
2024-04-10,Bungoma,2.5,29.5,15.3
2024-04-11,bungoma,0.0,27.5,15.5
2024-04-12,Bungoma,0.0,28.6,16.1
2024-04-13,Bungoma ,24.9,26.8,14.9
2024-04-14,Bungoma,9.6,23.4,14.0
2024-04-15,Bungoma,17.1,28.3,16.0
2024-04-16,Bungoma,2.0,30.1,16.0
2024-04-17,Bungoma,3.1,31.0,17.1
2024-04-18,Bungoma,12.4,26.0,14.8
2024-04-19,Bungoma,5.2,27.2,15.3
2024-04-20,Bungoma,0.0,27.9,17.1
2024-04-21,bungoma,10.6,25.3,15.5
2024-04-22,Bungoma,0.0,28.9,15.7
2024-04-23,Bungoma,14.3,26.1,16.5
2024-04-24,Bungoma,0.0,27.9,15.3
2024-04-25,Bungoma,2.1,29.7,15.3
2024-04-26,Bungoma,1.5,29.3,16.0
2024-04-27,Bungoma,0.0,28.4,14.9
2024-04-28,Bungoma,0.0,29.0,13.5
2024-04-29,bungoma,1.7,26.8,16.5
2024-04-30,Bungoma ,0.0,27.2,15.5
2024-05-01,Bungoma,0.0,29.8,15.5
2024-05-02,Bungoma,0.0,25.5,15.1
2024-05-03,Bungoma,5.9,25.9,15.0
2024-05-04,Bungoma,2.9,26.5,15.9
2024-05-05,Bungoma ,,25.5,17.4
2024-05-06,Bungoma,11.7,28.3,15.4
2024-05-07,Bungoma,0.0,28.9,17.9
2024-05-08,Bungoma,0.0,28.4,13.8
2024-05-09,Bungoma,0.0,29.0,15.6
2024-05-10,Bungoma,2.0,30.7,16.1
2024-05-11,Bungoma,6.6,27.2,17.4
2024-05-12,Bungoma,7.8,25.9,15.7
2024-05-13,Bungoma,0.0,31.4,15.6
2024-05-14,Bungoma,18.4,23.7,18.3
2024-05-15,Bungoma,4.6,30.6,15.6
2024-05-16,Bungoma,0.0,29.1,16.5
2024-05-17,Bungoma,0.0,27.8,16.4
2024-05-18,Bungoma,0.0,29.5,15.8
2024-05-19,Bungoma,15.6,28.1,15.9
2024-05-20,Bungoma,0.0,26.7,16.8
2024-05-21,Bungoma,0.0,30.8,14.8
2024-05-22,Bungoma,1.5,26.6,15.5
2024-05-23,BUNGOMA,0.0,30.7,17.1
2024-05-24,Bungoma,1.7,30.6,15.6
2024-05-25,Bungoma,1.2,28.2,16.3
2024-05-26,Bungoma,0.0,29.2,15.8
2024-05-27,Bungoma,0.0,,18.0
2024-05-28,BUNGOMA,4.0,30.4,17.2
2024-05-29,Bungoma,0.0,29.4,17.4
2024-05-30,Bungoma,0.5,30.1,15.8
2024-05-31,Bungoma,20.1,28.3,16.4
2024-06-01,Bungoma,8.7,27.0,16.4
2024-06-02,Bungoma,0.0,27.5,16.5
2024-06-03,Bungoma,0.0,30.1,16.9
2024-06-04,Bungoma,0.0,30.2,15.2
2024-06-05,Bungoma,,23.4,16.5
2024-06-06,Bungoma,13.1,27.1,15.2
2024-06-07,Bungoma,6.6,28.7,15.7
2024-06-08,bungoma,0.0,28.7,16.0
2024-06-09,Bungoma,21.0,26.3,14.4
2024-06-10,Bungoma,0.0,28.3,15.5
2024-06-11,bungoma,6.5,28.1,16.6
2024-06-12,Bungoma,5.7,26.8,14.9
2024-06-13,Bungoma,7.7,28.1,14.2
2024-06-14,Bungoma,0.0,,
2024-06-15,bungoma,0.0,25.4,16.8
2024-06-16,Bungoma,0.0,28.5,17.5
2024-06-17,Bungoma,38.5,27.1,15.8
2024-06-18,Bungoma,0.0,28.5,15.7
2024-06-19,Bungoma,0.0,30.8,15.8
2024-06-20,Bungoma,0.0,29.7,16.1
2024-06-21,Bungoma,0.0,28.5,15.1
2024-06-22,Bungoma,0.0,30.3,17.0
2024-06-23,BUNGOMA,11.0,29.4,16.9
2024-06-24,Bungoma,0.0,30.5,16.3
2024-06-25,Bungoma,0.0,29.3,17.2
2024-06-26,Bungoma,0.7,30.7,15.3
2024-06-27,Bungoma,0.0,27.8,16.4
2024-06-28,Bungoma,11.4,24.0,14.1
2024-06-29,Bungoma,0.0,30.0,15.1
2024-06-30,bungoma,0.0,27.3,16.2
2024-07-01,Bungoma,0.0,31.3,15.5
2024-07-02,Bungoma,0.0,26.8,15.2
2024-07-03,Bungoma,10.1,25.2,15.8
2024-07-04,Bungoma,0.0,28.6,15.2
2024-07-05,Bungoma,0.0,28.1,15.7
2024-07-06,Bungoma,0.0,30.3,15.2
2024-07-07,Bungoma,0.0,29.8,15.9
2024-07-08,Bungoma ,0.0,30.3,14.2
2024-07-09,Bungoma,0.0,30.2,16.6
2024-07-10,Bungoma,0.0,28.1,15.6
2024-07-11,Bungoma,0.0,27.6,15.3
2024-07-12,Bungoma,25.7,28.5,17.6
2024-07-13,Bungoma,0.0,28.0,17.1
2024-07-14,Bungoma,0.0,27.1,15.6
2024-07-15,Bungoma,1.4,25.6,16.2
2024-07-16,Bungoma,0.0,28.0,
2024-07-17,Bungoma,0.0,28.3,14.5
2024-07-18,Bungoma,0.0,28.7,15.0
2024-07-19,Bungoma,0.0,30.5,13.7
2024-07-20,Bungoma,4.3,29.0,15.2
2024-07-21,Bungoma,0.0,30.0,16.9
2024-07-22,Bungoma,0.0,29.4,15.4
2024-07-23,Bungoma,49.0,27.8,15.2
2024-07-24,Bungoma,,29.0,16.8
2024-07-25,Bungoma,0.0,25.5,15.9
2024-07-26,Bungoma,0.0,30.0,15.7
2024-07-27,Bungoma,0.0,27.6,14.8
2024-07-28,Bungoma,0.0,29.1,15.5
2024-07-29,Bungoma,6.9,24.3,16.0
2024-07-30,Bungoma,-999,30.6,15.8
2024-07-31,bungoma,0.0,27.8,15.8
2024-08-01,bungoma,0.0,28.2,14.8
2024-08-02,Bungoma,4.8,27.5,15.9
2024-08-03,Bungoma,51.8,27.2,17.3
2024-08-04,Bungoma,24.6,25.8,13.7
2024-08-05,Bungoma,26.1,26.1,16.8
2024-08-06,Bungoma,0.0,28.5,13.7
2024-08-07,Bungoma,0.0,30.2,15.9
2024-08-08,Bungoma,16.6,25.7,15.6
2024-08-09,Bungoma,0.0,27.7,15.2
2024-08-10,Bungoma,15.3,27.1,16.6
2024-08-11,Bungoma,14.8,25.7,15.5
2024-08-12,Bungoma,1.0,28.8,16.4
2024-08-13,bungoma,0.0,28.3,15.8
2024-08-14,Bungoma,0.0,27.9,15.4
2024-08-15,Bungoma,0.0,27.8,13.9
2024-08-16,Bungoma,0.0,28.7,15.7
2024-08-17,Bungoma,0.0,99.9,15.4
2024-08-18,Bungoma,0.3,27.3,14.8
2024-08-19,bungoma,0.0,29.2,18.8
2024-08-20,Bungoma ,0.0,28.3,16.3
2024-08-21,Bungoma,0.0,27.4,17.5
2024-08-22,Bungoma,2.7,28.7,16.6
2024-08-23,Bungoma,19.9,24.4,15.8
2024-08-24,bungoma,0.0,26.3,14.8
2024-08-25,Bungoma,,27.0,14.9
2024-08-26,Bungoma,5.0,27.3,15.3
2024-08-27,Bungoma,-999,22.8,17.2
2024-08-28,Bungoma,0.0,25.5,15.4
2024-08-29,Bungoma,0.0,27.3,13.9
2024-08-30,Bungoma,4.0,22.8,15.9
2024-08-31,Bungoma,8.2,23.1,15.1
2024-09-01,Bungoma,1.5,25.9,13.9
2024-09-02,Bungoma,8.5,25.4,13.1
2024-09-03,Bungoma,0.0,24.4,14.2
2024-09-04,Bungoma,0.0,29.9,15.4
2024-09-05,Bungoma,1.5,25.1,13.8
2024-09-06,Bungoma,0.0,27.0,13.8
2024-09-07,BUNGOMA,3.0,27.4,15.0
2024-09-08,Bungoma,0.0,30.1,14.6
2024-09-09,Bungoma,0.0,31.1,13.0
2024-09-10,Bungoma,0.0,26.6,16.3
2024-09-11,Bungoma,0.0,28.3,15.2
2024-09-12,Bungoma ,0.0,27.2,16.5
2024-09-13,Bungoma,0.0,25.0,15.2
2024-09-14,Bungoma,0.0,27.4,13.9
2024-09-15,Bungoma,1.7,30.5,14.5
2024-09-16,Bungoma,0.0,29.2,16.5
2024-09-17,bungoma,,27.2,14.2
2024-09-18,Bungoma,0.0,28.2,14.2
2024-09-19,Bungoma,0.0,26.7,14.2
2024-09-20,Bungoma,,25.6,14.3
2024-09-21,Bungoma,0.0,25.0,16.3
2024-09-22,Bungoma,0.0,27.0,13.9
2024-09-23,Bungoma,1.0,25.1,15.1
2024-09-24,Bungoma,0.0,27.7,15.4
2024-09-25,Bungoma,0.0,27.5,13.8
2024-09-26,Bungoma,0.0,28.1,17.1
2024-09-27,Bungoma,0.0,28.5,14.6
2024-09-28,Bungoma,1.7,26.3,15.4
2024-09-29,Bungoma ,,28.8,15.2
2024-09-30,Bungoma,0.0,28.5,16.5
2024-10-01,BUNGOMA,0.0,26.0,12.6
2024-10-02,Bungoma,3.4,28.5,13.8
2024-10-03,bungoma,0.0,28.1,15.5
2024-10-04,Bungoma,18.8,26.6,12.5
2024-10-05,Bungoma,1.2,25.6,14.0
2024-10-06,bungoma,0.0,24.4,14.4
2024-10-07,Bungoma,53.5,21.4,14.9
2024-10-08,BUNGOMA,27.4,24.0,15.8
2024-10-09,Bungoma,0.0,25.1,15.1
2024-10-10,Bungoma,0.4,25.7,13.5
2024-10-11,Bungoma,0.0,24.7,13.5
2024-10-12,Bungoma,0.0,24.5,15.0
2024-10-13,Bungoma,0.0,24.6,15.1
2024-10-14,Bungoma,3.2,26.5,13.7
2024-10-15,Bungoma ,0.0,24.8,14.9
2024-10-16,Bungoma,0.0,25.9,14.0
2024-10-17,Bungoma,0.0,27.0,13.0
2024-10-18,Bungoma,0.0,26.1,13.7
2024-10-19,Bungoma,9.9,25.7,16.4
2024-10-20,Bungoma,0.0,28.6,14.7
2024-10-21,bungoma,0.0,22.8,13.9
2024-10-22,Bungoma,0.0,25.6,13.7
2024-10-23,BUNGOMA,3.7,25.7,15.5
2024-10-24,Bungoma,0.0,26.0,15.7
2024-10-25,Bungoma,0.0,25.3,12.4
2024-10-26,BUNGOMA,13.4,23.6,13.0
2024-10-27,Bungoma ,1.8,28.0,14.5
2024-10-28,Bungoma,0.0,25.1,16.4
2024-10-29,Bungoma,0.0,29.6,13.7
2024-10-30,Bungoma,0.0,26.1,13.9
2024-10-31,Bungoma,0.0,25.6,14.8
2024-11-01,Bungoma,0.0,29.4,14.7
2024-11-02,Bungoma,14.9,24.3,12.9
2024-11-03,Bungoma,6.6,22.9,14.3
2024-11-04,Bungoma,8.2,23.5,15.2
2024-11-05,Bungoma,0.0,25.3,14.5
2024-11-06,Bungoma ,0.0,26.9,15.2
2024-11-07,bungoma,0.0,26.6,14.2
2024-11-08,Bungoma,38.1,22.9,13.8
2024-11-09,Bungoma,0.0,24.9,14.5
2024-11-10,Bungoma,0.0,27.1,13.5
2024-11-11,BUNGOMA,2.9,23.7,15.1
2024-11-12,Bungoma,0.0,24.4,13.4
2024-11-13,Bungoma,1.8,25.8,14.3
2024-11-14,Bungoma,3.9,,13.6
2024-11-15,Bungoma,37.6,25.6,14.7
2024-11-16,Bungoma,0.0,25.5,15.9
2024-11-17,Bungoma,0.0,26.4,12.1
2024-11-18,Bungoma,0.0,25.6,14.2
2024-11-19,bungoma,0.0,24.6,11.4
2024-11-20,Bungoma,0.0,26.6,13.2
2024-11-21,Bungoma,,23.3,15.6
2024-11-22,BUNGOMA,0.0,23.8,
2024-11-23,Bungoma,0.0,27.4,15.0
2024-11-24,Bungoma,2.8,27.6,12.7
2024-11-25,Bungoma,1.8,24.5,13.1
2024-11-26,bungoma,0.0,25.4,14.5
2024-11-27,Bungoma,26.9,25.9,15.1
2024-11-28,Bungoma,18.8,21.8,15.4
2024-11-29,Bungoma,0.0,25.4,13.1
2024-11-30,bungoma,9.5,23.5,17.1
2024-12-01,Bungoma,0.0,24.0,14.0
2024-12-02,Bungoma,0.0,27.3,12.1
2024-12-03,bungoma,7.0,25.2,12.5
2024-12-04,Bungoma,15.1,25.5,13.6
2024-12-05,Bungoma,0.0,26.4,14.5
2024-12-06,Bungoma,0.0,,16.0
2024-12-07,bungoma,0.0,24.0,13.4
2024-12-08,Bungoma,0.0,26.6,13.6
2024-12-09,Bungoma,7.7,25.0,15.0
2024-12-10,Bungoma,0.0,29.0,13.9
2024-12-11,Bungoma,0.0,28.4,14.1
2024-12-12,Bungoma,0.0,28.0,14.1
2024-12-13,BUNGOMA,0.0,24.9,14.3
2024-12-14,Bungoma,1.0,26.2,12.0
2024-12-15,Bungoma,0.0,26.8,14.2
2024-12-16,Bungoma,0.0,23.1,13.6
2024-12-17,Bungoma ,0.0,25.6,14.0
2024-12-18,Bungoma,0.0,28.8,15.5
2024-12-19,Bungoma,0.0,25.4,14.0
2024-12-20,Bungoma,0.0,24.4,13.5
2024-12-21,Bungoma,0.0,25.2,13.9
2024-12-22,Bungoma,6.5,23.0,14.3
2024-12-23,Bungoma,0.0,27.7,13.9
2024-12-24,Bungoma,0.0,,13.5
2024-12-25,Bungoma,0.0,25.8,13.5
2024-12-26,Bungoma ,0.0,23.9,14.2
2024-12-27,Bungoma,9.8,24.2,14.8
2024-12-28,Bungoma,0.8,29.2,13.8
2024-12-29,Bungoma,3.0,27.8,14.0
2024-12-30,Bungoma,8.9,22.8,13.7
2024-12-31,Bungoma,0.0,27.0,16.7
2025-01-01,Bungoma,0.0,24.7,13.3
2025-01-02,Bungoma,0.0,27.0,13.8
2025-01-03,Bungoma,0.0,27.7,13.1
2025-01-04,Bungoma,1.1,26.0,13.9
2025-01-05,Bungoma,0.0,27.6,15.1
2025-01-06,Bungoma,0.0,23.4,15.6
2025-01-07,Bungoma,,27.6,15.1
2025-01-08,Bungoma,33.2,25.3,12.5
2025-01-09,Bungoma,0.0,,13.2
2025-01-10,Bungoma,0.0,26.7,15.1
2025-01-11,Bungoma,0.0,27.2,14.9
2025-01-12,Bungoma,0.0,26.6,13.5
2025-01-13,Bungoma,0.0,24.9,14.5
2025-01-14,Bungoma,0.0,25.9,13.4
2025-01-15,Bungoma,0.0,27.5,14.0
2025-01-16,Bungoma,0.0,25.4,13.9
2025-01-17,Bungoma,0.0,25.7,14.6
2025-01-18,Bungoma,0.0,24.4,13.7
2025-01-19,Bungoma,0.0,28.6,14.4
2025-01-20,Bungoma,0.0,28.5,13.8
2025-01-21,Bungoma,2.4,26.2,15.7
2025-01-22,Bungoma,0.0,24.9,16.1
2025-01-23,Bungoma,0.0,26.6,14.1
2025-01-24,Bungoma,0.0,23.9,15.3
2025-01-25,Bungoma,0.0,26.8,14.2
2025-01-26,Bungoma,0.0,26.2,12.7
2025-01-27,Bungoma,0.0,26.7,14.0
2025-01-28,Bungoma,2.2,25.0,13.2
2025-01-29,Bungoma,0.0,28.1,14.3
2025-01-30,Bungoma,0.0,30.0,15.5
2025-01-31,Bungoma,0.0,29.3,14.0
2025-02-01,Bungoma,0.0,25.1,14.8
2025-02-02,Bungoma,,24.6,15.6
2025-02-03,Bungoma,0.0,27.4,14.0
2025-02-04,Bungoma,0.4,26.7,16.0
2025-02-05,Bungoma,0.0,25.5,13.9
2025-02-06,BUNGOMA,0.0,27.3,13.6
2025-02-07,Bungoma,,30.5,12.9
2025-02-08,Bungoma,0.0,26.0,14.6
2025-02-09,Bungoma,0.0,24.8,14.3
2025-02-10,Bungoma,0.0,27.1,12.7
2025-02-11,Bungoma,trace,27.7,15.1
2025-02-12,Bungoma,0.0,25.7,15.1
2025-02-13,Bungoma,0.0,25.4,15.7
2025-02-14,Bungoma,0.0,24.4,14.3
2025-02-15,Bungoma,0.0,28.7,12.2
2025-02-16,Bungoma,0.0,23.3,16.5
2025-02-17,Bungoma,0.0,26.1,14.4
2025-02-18,Bungoma,0.0,27.1,13.7
2025-02-19,Bungoma,0.0,27.7,15.5
2025-02-20,Bungoma,12.5,25.2,15.3
2025-02-21,Bungoma,0.0,25.8,17.2
2025-02-22,BUNGOMA,0.0,27.7,16.3
2025-02-23,Bungoma,0.0,27.6,14.3
2025-02-24,Bungoma,0.0,28.5,14.8
2025-02-25,bungoma,0.0,27.4,14.7
2025-02-26,Bungoma,0.0,26.4,16.1
2025-02-27,Bungoma,0.0,27.2,14.7
2025-02-28,Bungoma,0.0,26.6,13.4
2025-03-01,Bungoma,0.0,28.9,14.3
2025-03-02,Bungoma,0.0,27.8,15.7
2025-03-03,Bungoma,1.1,26.4,14.5
2025-03-04,Bungoma,34.2,27.0,14.7
2025-03-05,BUNGOMA,0.0,26.8,14.8
2025-03-06,Bungoma,0.0,26.0,15.7
2025-03-07,Bungoma,0.0,27.1,15.0
2025-03-08,Bungoma,0.0,28.8,13.6
2025-03-09,bungoma,3.7,26.3,15.5
2025-03-10,Bungoma,0.0,28.8,14.7
2025-03-11,Bungoma,5.3,25.0,16.5
2025-03-12,Bungoma,0.0,,14.1
2025-03-13,Bungoma,0.0,27.7,14.7
2025-03-14,bungoma,0.0,27.7,15.3
2025-03-15,Bungoma,1.6,28.1,14.8
2025-03-16,bungoma,0.0,27.5,14.0
2025-03-17,Bungoma,0.0,30.3,16.1
2025-03-18,Bungoma,0.0,,14.5
2025-03-19,Bungoma ,0.0,27.6,14.8
2025-03-20,Bungoma,0.0,26.2,15.0
2025-03-21,Bungoma,0.0,28.6,13.7
2025-03-22,Bungoma,0.0,28.9,15.0
2025-03-23,Bungoma,23.9,26.7,15.0
2025-03-24,Bungoma,0.0,29.3,14.2
2025-03-25,Bungoma,4.2,30.2,17.1
2025-03-26,Bungoma,8.5,23.8,14.9
2025-03-27,Bungoma,7.1,26.2,15.3
2025-03-28,Bungoma,0.0,27.7,15.7
2025-03-29,Bungoma,0.0,26.1,15.2
2025-03-30,Bungoma,6.6,25.2,14.9
2025-03-31,Bungoma,0.0,26.6,16.6
2025-04-01,Bungoma,0.0,27.4,15.1
2025-04-02,Bungoma,4.6,27.8,15.9
2025-04-03,Bungoma,0.0,29.1,15.5
2025-04-04,Bungoma,trace,29.1,16.2
2025-04-05,BUNGOMA,0.0,27.1,15.0
2025-04-06,Bungoma,2.2,30.0,16.0
2025-04-07,Bungoma,21.2,27.4,14.9
2025-04-08,Bungoma,16.5,27.3,16.2
2025-04-09,Bungoma,0.0,29.1,15.2
2025-04-10,Bungoma,3.2,29.2,16.6
2025-04-11,bungoma,7.0,26.0,15.3
2025-04-12,Bungoma,9.4,29.1,15.5
2025-04-13,Bungoma,4.7,27.5,15.0
2025-04-14,Bungoma,1.8,30.1,14.7
2025-04-15,Bungoma,0.0,28.4,15.1
2025-04-16,Bungoma,14.1,28.0,16.6
2025-04-17,Bungoma,0.0,26.3,15.5
2025-04-18,Bungoma,41.8,25.8,15.3
2025-04-19,Bungoma,0.0,27.9,14.3
2025-04-20,Bungoma,0.5,27.9,17.1
2025-04-21,Bungoma,0.0,31.7,15.5
2025-04-22,Bungoma,0.8,29.7,16.8
2025-04-23,Bungoma,12.1,27.8,15.5
2025-04-24,Bungoma,0.8,29.1,16.8
2025-04-25,Bungoma,11.6,27.2,13.6
2025-04-26,Bungoma,25.7,,15.9
2025-04-27,Bungoma,13.6,27.5,16.1
2025-04-28,Bungoma,0.0,28.4,15.1
2025-04-29,Bungoma,0.0,30.1,18.0
2025-04-30,Bungoma,16.8,24.5,17.6
2025-05-01,bungoma,0.5,30.2,16.8
2025-05-02,Bungoma,7.7,29.4,14.8
2025-05-03,Bungoma,35.6,26.6,15.1
2025-05-04,Bungoma,0.0,28.6,17.4
2025-05-05,Bungoma,2.6,28.3,15.2
2025-05-06,Bungoma,0.0,28.7,15.7
2025-05-07,Bungoma,43.4,23.6,16.2
2025-05-08,Bungoma,1.1,30.6,18.1
2025-05-09,Bungoma,8.5,28.2,16.5
2025-05-10,bungoma,17.7,30.0,15.8
2025-05-11,Bungoma,5.4,29.4,16.5
2025-05-12,Bungoma,0.0,29.2,15.2
2025-05-13,Bungoma,6.1,26.9,17.3
2025-05-14,Bungoma,22.4,24.6,14.3
2025-05-15,Bungoma,0.0,28.2,15.1
2025-05-16,Bungoma,0.0,27.2,13.6
2025-05-17,Bungoma,0.0,29.2,15.6
2025-05-18,Bungoma,1.4,28.6,17.3
2025-05-19,Bungoma,,26.5,16.9
2025-05-20,Bungoma,0.0,28.2,16.0
2025-05-21,Bungoma,10.3,26.9,17.3
2025-05-22,Bungoma,8.0,26.2,16.4
2025-05-23,Bungoma,8.8,27.0,17.7
2025-05-24,Bungoma,4.7,30.3,16.0
2025-05-25,Bungoma,3.7,30.7,17.2
2025-05-26,bungoma,0.4,27.9,16.8
2025-05-27,Bungoma,0.0,29.1,13.2
2025-05-28,Bungoma,5.6,27.4,15.5
2025-05-29,Bungoma,0.0,27.8,14.0
2025-05-30,Bungoma,,29.3,15.9
2025-05-31,BUNGOMA,3.3,27.4,16.3
2025-06-01,bungoma,0.0,31.4,15.7
2025-06-02,Bungoma,0.0,31.1,15.6
2025-06-03,Bungoma,0.0,29.3,14.9
2025-06-04,Bungoma,0.0,27.5,16.3
2025-06-05,Bungoma,0.0,29.5,15.5
2025-06-06,Bungoma,0.0,29.3,18.4
2025-06-07,Bungoma,19.3,27.0,15.8
2025-06-08,Bungoma,0.0,29.8,16.4
2025-06-09,Bungoma ,0.0,29.1,15.4
2025-06-10,bungoma,15.0,27.4,16.8
2025-06-11,Bungoma,0.0,29.5,15.2
2025-06-12,Bungoma,1.7,29.6,16.2
2025-06-13,Bungoma,1.8,27.6,18.9
2025-06-14,Bungoma,28.9,25.9,
2025-06-15,Bungoma ,24.8,23.5,15.0
2025-06-16,Bungoma,0.0,31.0,16.1
2025-06-17,Bungoma,0.0,30.3,17.4
2025-06-18,bungoma,0.0,25.1,14.9
2025-06-19,bungoma,0.0,29.6,14.7
2025-06-20,Bungoma,0.0,28.5,16.8
2025-06-21,Bungoma,0.0,29.7,13.6
2025-06-22,Bungoma,0.0,30.1,16.8
2025-06-23,Bungoma,13.5,25.1,15.8
2025-06-24,Bungoma,15.3,28.3,16.4
2025-06-25,Bungoma,0.0,28.1,15.3
2025-06-26,Bungoma,0.0,29.8,15.8
2025-06-27,Bungoma,2.6,25.3,15.6
2025-06-28,Bungoma,1.0,30.9,15.8
2025-06-29,Bungoma,0.0,29.3,17.4
2025-06-30,Bungoma,0.0,28.1,14.0
2019-01-01,Narok,0.0,25.8,8.4
2019-01-02,Narok,0.0,23.0,11.2
2019-01-03,Narok,16.0,22.1,9.5
2019-01-04,Narok,0.0,21.6,8.4
2019-01-05,NAROK,0.0,23.7,9.2
2019-01-06,Narok,2.3,23.1,11.2
2019-01-07,Narok,0.0,24.6,8.4
2019-01-08,Narok,,23.9,8.8
2019-01-09,Narok,0.0,26.2,10.9
2019-01-10,Narok,32.7,23.1,9.2
2019-01-11,Narok ,0.0,22.2,11.2
2019-01-12,Narok,0.0,21.4,10.3
2019-01-13,Narok,0.0,22.6,8.2
2019-01-14,Narok,0.0,20.8,8.3
2019-01-15,Narok,0.0,,9.2
2019-01-16,Narok,0.0,25.1,12.8
2019-01-17,Narok,0.0,23.0,7.1
2019-01-18,Narok,0.0,26.2,8.5
2019-01-19,Narok,0.0,22.3,11.0
2019-01-20,narok,0.0,25.1,10.8
2019-01-21,Narok,0.0,23.3,11.6
2019-01-22,Narok,24.3,21.1,9.5
2019-01-23,Narok,0.0,24.0,9.9
2019-01-24,Narok,2.0,23.5,8.6
2019-01-25,Narok,6.2,20.5,9.8
2019-01-26,Narok,0.0,23.6,10.2
2019-01-27,Narok,0.0,27.0,10.2
2019-01-28,Narok,0.0,21.6,9.1
2019-01-29,NAROK,0.0,21.3,9.3
2019-01-30,Narok,0.0,24.3,9.3
2019-01-31,Narok,0.0,25.5,11.3
2019-02-01,Narok,0.0,25.8,9.0
2019-02-02,Narok,0.0,23.6,10.9
2019-02-03,Narok,0.0,23.1,10.6
2019-02-04,Narok,0.0,23.5,9.2
2019-02-05,Narok,0.0,24.4,10.2
2019-02-06,Narok,,23.7,10.4
2019-02-07,Narok ,0.0,22.8,10.2
2019-02-08,NAROK,0.0,25.3,10.9
2019-02-09,Narok,0.0,24.6,11.1
2019-02-10,Narok,0.0,26.3,11.7
2019-02-11,Narok,9.3,21.6,
2019-02-12,Narok,0.0,24.6,9.4
2019-02-13,Narok,0.0,25.2,11.2
2019-02-14,Narok,-999,24.0,9.5
2019-02-15,Narok,0.0,25.9,11.6
2019-02-16,Narok,0.0,23.0,11.2
2019-02-17,Narok,7.2,24.5,10.1
2019-02-18,Narok,0.0,25.8,8.6
2019-02-19,NAROK,0.0,23.4,
2019-02-20,Narok,0.0,25.0,10.3
2019-02-21,Narok,18.0,24.7,10.7
2019-02-22,Narok,0.0,27.3,9.3
2019-02-23,Narok,0.0,23.9,11.6
2019-02-24,Narok,0.0,23.5,9.9
2019-02-25,Narok,0.0,23.7,
2019-02-26,Narok,7.5,20.0,
2019-02-27,Narok,0.0,23.4,11.2
2019-02-28,Narok,2.5,28.4,10.2
2019-03-01,Narok,0.0,25.8,11.1
2019-03-02,Narok,11.8,22.6,10.8
2019-03-03,Narok,0.0,25.8,10.7
2019-03-04,Narok,0.0,23.8,8.9
2019-03-05,narok,2.4,22.9,9.0
2019-03-06,Narok,0.0,22.8,10.2
2019-03-07,Narok,0.0,22.0,11.7
2019-03-08,Narok,0.0,24.5,11.5
2019-03-09,Narok,7.3,19.8,11.3
2019-03-10,Narok,0.0,21.6,9.5
2019-03-11,Narok,0.0,22.7,10.2
2019-03-12,Narok,0.0,27.1,10.8
2019-03-13,Narok,0.0,21.5,10.6
2019-03-14,Narok,7.6,24.6,10.1
2019-03-15,Narok,20.4,21.4,9.1
2019-03-16,Narok,1.5,23.3,11.5
2019-03-17,Narok,0.0,25.5,11.2
2019-03-18,NAROK,0.0,24.5,10.4
2019-03-19,NAROK,0.0,23.6,11.0
2019-03-20,Narok,0.0,24.5,11.4
2019-03-21,Narok,8.1,23.0,9.9
2019-03-22,Narok,0.0,23.9,11.8
2019-03-23,Narok,4.1,24.1,11.1
2019-03-24,Narok,0.4,22.5,11.8
2019-03-25,Narok,0.0,23.6,11.7
2019-03-26,Narok,trace,25.6,11.3
2019-03-27,Narok,0.0,26.0,11.2
2019-03-28,Narok,12.7,23.8,13.4
2019-03-29,Narok,0.0,26.9,9.2
2019-03-30,Narok,13.7,25.1,
2019-03-31,Narok,11.4,22.2,9.7
2019-04-01,Narok,4.7,26.8,10.6
2019-04-02,Narok,0.0,23.9,11.2
2019-04-03,Narok,25.8,22.3,9.8
2019-04-04,Narok,0.0,23.0,10.0
2019-04-05,Narok,1.0,25.9,10.5
2019-04-06,Narok,0.0,23.2,10.6
2019-04-07,Narok,5.6,23.1,11.6
2019-04-08,Narok,11.6,23.6,10.7
2019-04-09,Narok,1.6,26.3,13.0
2019-04-10,Narok,-999,25.0,12.0
2019-04-11,Narok,51.5,23.3,10.4
2019-04-12,Narok,4.6,23.7,11.1
2019-04-13,Narok,14.3,28.6,12.3
2019-04-14,Narok,13.0,24.1,13.3
2019-04-15,NAROK,0.0,28.1,11.3
2019-04-16,Narok,0.0,25.9,11.6
2019-04-17,Narok,3.4,22.9,12.5
2019-04-18,Narok,4.7,25.1,10.0
2019-04-19,Narok,0.0,26.4,10.5
2019-04-20,Narok,0.7,24.2,10.7
2019-04-21,Narok,0.0,26.6,12.9
2019-04-22,Narok,,25.5,10.0
2019-04-23,Narok,4.2,24.2,9.8
2019-04-24,Narok,0.0,23.5,11.2
2019-04-25,Narok,0.0,26.8,9.8
2019-04-26,Narok ,0.0,25.8,10.3
2019-04-27,Narok,0.0,25.5,12.0
2019-04-28,Narok,0.0,23.8,12.4
2019-04-29,Narok,1.5,24.9,11.8
2019-04-30,NAROK,8.5,25.4,10.3
2019-05-01,Narok,0.0,28.5,9.0
2019-05-02,Narok,10.7,25.9,11.7
2019-05-03,Narok,13.4,25.3,10.6
2019-05-04,Narok,0.0,24.1,11.7
2019-05-05,Narok,0.0,25.5,11.4
2019-05-06,Narok,2.8,27.1,11.6
2019-05-07,Narok,0.0,25.1,13.1
2019-05-08,Narok,1.2,27.0,11.9
2019-05-09,narok,0.0,25.4,9.9
2019-05-10,Narok,0.0,29.9,
2019-05-11,Narok,0.0,27.5,10.8
2019-05-12,narok,5.0,24.9,12.6
2019-05-13,Narok,0.0,25.7,11.0
2019-05-14,Narok,5.3,24.3,11.7
2019-05-15,Narok,0.0,25.0,11.5
2019-05-16,Narok,0.0,25.2,11.0
2019-05-17,Narok,0.0,28.2,11.0
2019-05-18,narok,1.2,25.2,11.7
2019-05-19,Narok,0.0,25.3,10.2
2019-05-20,Narok,13.4,,11.9
2019-05-21,Narok,0.0,26.4,12.8
2019-05-22,narok,0.0,24.5,14.9
2019-05-23,Narok,5.1,23.8,11.5
2019-05-24,Narok,1.5,26.6,11.5
2019-05-25,narok,0.0,26.8,12.3
2019-05-26,Narok,0.0,26.2,11.3
2019-05-27,Narok,0.0,27.7,11.1
2019-05-28,Narok,0.1,26.2,9.9
2019-05-29,Narok,0.0,26.6,11.8
2019-05-30,Narok,2.3,26.6,10.7
2019-05-31,Narok,0.0,26.9,10.2
2019-06-01,Narok,0.0,27.5,11.1
2019-06-02,Narok,0.0,26.1,10.7
2019-06-03,Narok,1.9,26.0,13.3
2019-06-04,Narok,0.0,25.2,12.4
2019-06-05,Narok,0.0,26.6,11.4
2019-06-06,Narok,0.0,26.0,10.9
2019-06-07,Narok,0.0,26.3,11.7
2019-06-08,Narok,0.0,26.4,14.1
2019-06-09,Narok,7.7,25.0,11.1
2019-06-10,Narok,0.0,26.8,11.0
2019-06-11,Narok,0.0,25.3,12.9
2019-06-12,Narok,0.0,26.9,10.8
2019-06-13,Narok,2.7,26.8,11.3
2019-06-14,Narok,1.8,28.2,11.0
2019-06-15,Narok,1.4,25.0,10.8
2019-06-16,Narok,0.0,26.2,13.0
2019-06-17,NAROK,0.0,27.5,11.8
2019-06-18,Narok,0.0,24.5,9.8
2019-06-19,Narok,2.1,24.4,10.8
2019-06-20,Narok,0.0,27.2,10.4
2019-06-21,Narok,trace,24.2,10.4
2019-06-22,Narok,0.0,,11.6
2019-06-23,Narok,18.1,22.9,11.3
2019-06-24,Narok,0.0,25.7,10.6
2019-06-25,Narok,0.0,26.8,10.9
2019-06-26,Narok,0.0,23.5,12.8
2019-06-27,Narok,0.0,23.4,
2019-06-28,Narok,0.0,24.4,12.5
2019-06-29,Narok,trace,26.3,12.3
2019-06-30,Narok,0.0,28.1,10.6
2019-07-01,Narok,8.8,22.5,12.7
2019-07-02,Narok,0.0,26.6,11.6
2019-07-03,Narok,0.0,28.7,9.7
2019-07-04,Narok,0.0,26.4,11.2
2019-07-05,Narok,0.0,25.3,13.4
2019-07-06,Narok,17.4,23.6,13.5
2019-07-07,Narok,0.0,25.2,11.2
2019-07-08,Narok,0.0,25.9,10.9
2019-07-09,Narok,0.0,23.1,10.5
2019-07-10,Narok,0.0,24.8,11.7
2019-07-11,Narok,,23.6,9.5
2019-07-12,Narok,0.0,23.5,11.9
2019-07-13,Narok,5.4,21.3,11.4
2019-07-14,Narok ,0.0,25.7,10.7
2019-07-15,Narok,0.0,24.7,10.9
2019-07-16,Narok,0.0,24.3,10.2
2019-07-17,Narok,0.0,24.3,11.2
2019-07-18,Narok,22.3,23.6,10.1
2019-07-19,Narok,,26.0,10.2
2019-07-20,Narok,0.0,23.7,10.7
2019-07-21,Narok,0.0,25.6,11.4
2019-07-22,Narok,0.0,28.3,11.4
2019-07-23,Narok,,27.3,10.7
2019-07-24,Narok,4.9,25.1,11.0
2019-07-25,Narok,0.0,25.4,12.8
2019-07-26,Narok,0.0,26.9,11.7
2019-07-27,Narok,0.0,25.4,10.4
2019-07-28,Narok,0.0,26.9,11.2
2019-07-29,Narok,0.0,28.2,10.9
2019-07-30,Narok,0.0,26.5,11.8
2019-07-31,Narok,0.0,25.1,9.8
2019-08-01,Narok,0.0,24.9,11.9
2019-08-02,Narok,0.0,26.2,10.5
2019-08-03,Narok,0.0,25.9,10.0
2019-08-04,Narok,0.0,25.4,9.4
2019-08-05,Narok,0.0,24.0,11.1
2019-08-06,Narok,0.0,26.2,10.7
2019-08-07,Narok,0.0,23.4,8.8
2019-08-08,narok,0.0,25.4,11.1
2019-08-09,Narok,0.0,26.0,9.3
2019-08-10,Narok,0.0,23.9,12.6
2019-08-11,Narok ,0.0,24.5,11.9
2019-08-12,Narok,0.0,24.4,9.9
2019-08-13,Narok,0.0,21.8,12.1
2019-08-14,Narok,0.0,24.7,11.2
2019-08-15,Narok,0.0,23.6,10.4
2019-08-16,Narok,0.0,24.8,8.8
2019-08-17,Narok,0.0,24.1,12.1
2019-08-18,Narok,1.4,22.9,11.4
2019-08-19,Narok ,0.0,25.2,12.1
2019-08-20,Narok,0.0,25.8,9.7
2019-08-21,narok,0.0,24.6,10.4
2019-08-22,narok,0.0,24.0,11.9
2019-08-23,Narok,14.4,22.7,9.8
2019-08-24,Narok,0.0,26.0,13.0
2019-08-25,Narok,0.0,24.9,10.3
2019-08-26,Narok,2.9,24.0,10.1
2019-08-27,Narok,0.0,24.9,11.2
2019-08-28,Narok,0.0,27.0,10.2
2019-08-29,Narok,0.0,26.6,9.3
2019-08-30,Narok,0.0,22.6,11.3
2019-08-31,Narok,2.0,23.7,13.0
2019-09-01,Narok,19.2,24.0,9.4
2019-09-02,Narok,0.0,25.6,9.2
2019-09-03,Narok,0.0,24.9,9.9
2019-09-04,narok,0.0,22.6,8.9
2019-09-05,Narok ,0.0,23.3,
2019-09-06,Narok,trace,22.7,10.1
2019-09-07,NAROK,0.0,27.4,9.3
2019-09-08,NAROK,0.0,27.4,11.6
2019-09-09,Narok,0.0,23.9,10.2
2019-09-10,narok,23.1,18.5,12.1
2019-09-11,Narok,0.0,25.5,10.4
2019-09-12,Narok,0.0,22.3,10.7
2019-09-13,Narok,0.0,25.5,10.4
2019-09-14,Narok,0.0,24.2,10.2
2019-09-15,Narok ,1.3,24.7,10.0
2019-09-16,Narok,0.0,23.5,11.8
2019-09-17,Narok,0.0,23.6,10.2
2019-09-18,Narok,0.0,20.9,10.7
2019-09-19,Narok,0.0,27.0,12.3
2019-09-20,Narok,0.0,24.6,10.9
2019-09-21,NAROK,0.0,,10.8
2019-09-22,Narok,0.0,25.2,10.3
2019-09-23,Narok,0.0,26.3,9.3
2019-09-24,Narok,0.0,24.8,11.2
2019-09-25,Narok,0.0,21.6,9.5
2019-09-26,Narok,0.0,24.3,9.7
2019-09-27,Narok,0.0,20.9,9.1
2019-09-28,Narok,0.0,22.0,10.1
2019-09-29,Narok,0.0,22.8,8.8
2019-09-30,Narok,0.0,23.7,8.9
2019-10-01,Narok,0.0,23.7,9.7
2019-10-02,Narok,0.0,26.7,10.6
2019-10-03,Narok,0.0,22.9,8.7
2019-10-04,Narok,0.0,22.4,11.7
2019-10-05,NAROK,,22.4,8.8
2019-10-06,Narok,6.4,20.0,10.1
2019-10-07,Narok,1.6,22.6,9.4
2019-10-08,NAROK,0.0,25.5,9.1
2019-10-09,Narok,7.0,23.4,7.4
2019-10-10,Narok,0.0,22.2,11.3
2019-10-11,Narok,6.1,23.5,9.4
2019-10-12,Narok,0.0,23.8,10.8
2019-10-13,Narok,0.0,25.9,9.2
2019-10-14,Narok,11.8,22.2,9.2
2019-10-15,Narok,2.3,24.4,9.6
2019-10-16,Narok,0.0,22.9,10.5
2019-10-17,Narok,4.8,24.0,9.8
2019-10-18,Narok,0.0,22.7,10.2
2019-10-19,Narok,0.0,25.3,10.4
2019-10-20,narok,0.0,,11.0
2019-10-21,Narok,0.0,25.0,10.7
2019-10-22,Narok,3.3,23.8,9.7
2019-10-23,Narok,0.0,22.3,10.7
2019-10-24,Narok,0.4,23.9,9.5
2019-10-25,Narok,0.0,22.6,9.2
2019-10-26,Narok,0.0,23.9,9.4
2019-10-27,Narok,2.6,24.3,9.1
2019-10-28,Narok,0.0,24.3,8.2
2019-10-29,Narok,6.5,20.7,8.3
2019-10-30,Narok,8.9,23.0,9.2
2019-10-31,Narok,0.0,22.0,10.0
2019-11-01,Narok,0.0,24.5,10.2
2019-11-02,Narok,0.0,25.9,11.1
2019-11-03,Narok,0.0,25.2,9.1
2019-11-04,Narok,18.1,20.4,9.3
2019-11-05,Narok,0.0,22.3,9.6
2019-11-06,Narok,0.0,,7.9
2019-11-07,Narok,5.8,21.6,10.1
2019-11-08,Narok,0.0,25.5,10.4
2019-11-09,Narok ,3.0,22.7,8.8
2019-11-10,Narok,0.0,22.6,8.9
2019-11-11,Narok,0.0,23.0,9.3
2019-11-12,Narok,6.9,,9.5
2019-11-13,Narok,4.9,22.1,7.5
2019-11-14,Narok ,5.8,22.3,9.4
2019-11-15,Narok,1.3,,8.6
2019-11-16,Narok,11.8,17.7,7.3
2019-11-17,Narok,0.0,22.0,9.3
2019-11-18,Narok,0.0,23.0,9.2
2019-11-19,NAROK,0.0,22.2,9.2
2019-11-20,Narok,0.0,21.2,9.7
2019-11-21,Narok,1.4,24.6,10.7
2019-11-22,Narok,0.0,22.0,10.1
2019-11-23,Narok,0.0,22.2,9.8
2019-11-24,Narok,0.0,22.3,8.9
2019-11-25,Narok,0.9,22.6,9.1
2019-11-26,Narok,0.0,21.3,11.1
2019-11-27,Narok,0.0,23.6,10.0
2019-11-28,Narok,10.5,23.0,8.9
2019-11-29,Narok,8.9,21.4,9.0
2019-11-30,Narok,0.0,23.2,10.1
2019-12-01,Narok,46.0,19.0,8.9
2019-12-02,Narok,0.0,22.5,9.4
2019-12-03,Narok,0.0,24.5,10.4
2019-12-04,Narok,0.0,24.0,9.2
2019-12-05,Narok,0.0,21.7,8.5
2019-12-06,Narok ,0.0,21.6,10.6
2019-12-07,Narok,trace,22.4,9.7
2019-12-08,Narok,0.0,21.9,9.3
2019-12-09,Narok,13.3,20.9,8.4
2019-12-10,Narok,0.0,22.5,9.3
2019-12-11,Narok,0.0,21.9,10.7
2019-12-12,Narok,0.0,20.5,8.5
2019-12-13,Narok,0.0,23.7,9.0
2019-12-14,Narok,7.6,21.3,8.0
2019-12-15,Narok,0.0,22.7,8.3
2019-12-16,Narok,0.0,22.2,9.9
2019-12-17,Narok,0.0,20.6,9.7
2019-12-18,Narok ,0.0,24.0,10.5
2019-12-19,Narok,0.0,23.1,9.3
2019-12-20,Narok,5.6,20.7,9.6
2019-12-21,Narok,2.9,22.8,10.9
2019-12-22,Narok,9.0,22.0,9.8
2019-12-23,Narok,0.8,24.0,10.2
2019-12-24,Narok,0.0,23.2,10.1
2019-12-25,narok,0.5,24.9,9.0
2019-12-26,Narok,-999,24.7,10.7
2019-12-27,Narok,0.0,23.4,10.9
2019-12-28,Narok,0.0,23.5,
2019-12-29,Narok,0.0,23.9,8.5
2019-12-30,Narok,4.5,24.5,11.1
2019-12-31,Narok,0.0,23.8,9.8
2020-01-01,Narok,0.0,24.7,8.8
2020-01-02,Narok,0.0,22.4,10.3
2020-01-03,Narok,7.4,17.6,9.2
2020-01-04,Narok,0.0,21.3,10.4
2020-01-05,Narok ,0.0,23.2,10.6
2020-01-06,Narok,0.0,21.7,11.3
2020-01-07,Narok,0.0,23.7,9.4
2020-01-08,Narok,0.0,24.8,9.1
2020-01-09,narok,0.0,23.5,9.1
2020-01-10,Narok,16.9,21.1,9.6
2020-01-11,Narok,0.0,24.9,10.1
2020-01-12,Narok,0.0,24.4,9.4
2020-01-13,Narok,0.0,23.1,11.8
2020-01-14,Narok,0.0,24.9,8.7
2020-01-15,Narok,0.0,22.1,11.3
2020-01-16,NAROK,0.0,24.8,9.6
2020-01-17,Narok,0.6,26.0,7.9
2020-01-18,Narok,0.0,22.4,8.7
2020-01-19,narok,0.0,22.9,10.6
2020-01-20,Narok,0.0,24.9,8.6
2020-01-21,NAROK,0.0,25.3,10.5
2020-01-22,Narok,0.0,23.4,10.8
2020-01-23,Narok,0.0,22.5,10.8
2020-01-24,Narok,0.0,22.5,11.0
2020-01-25,Narok,3.3,22.9,9.1
2020-01-26,Narok,0.0,26.2,9.5
2020-01-27,Narok,0.0,23.6,9.3
2020-01-28,Narok,,24.9,10.7
2020-01-29,Narok,0.0,21.7,8.4
2020-01-30,Narok,1.3,23.4,10.5
2020-01-31,Narok,0.0,24.6,10.0
2020-02-01,Narok,1.1,24.5,9.6
2020-02-02,NAROK,0.0,22.3,11.0
2020-02-03,Narok,0.0,24.8,9.4
2020-02-04,Narok,0.0,23.9,9.4
2020-02-05,Narok,0.0,25.8,11.0
2020-02-06,Narok ,0.0,23.1,10.6
2020-02-07,Narok,0.0,25.2,10.2
2020-02-08,Narok,0.0,22.3,10.4
2020-02-09,Narok,0.0,27.9,8.8
2020-02-10,Narok,0.0,23.9,9.9
2020-02-11,Narok,0.0,24.3,8.6
2020-02-12,Narok,0.0,27.0,10.7
2020-02-13,Narok ,0.0,25.5,9.2
2020-02-14,Narok,0.0,24.8,11.7
2020-02-15,Narok,0.0,25.1,7.4
2020-02-16,Narok,0.0,22.3,9.8
2020-02-17,Narok,0.0,25.8,9.9
2020-02-18,Narok,0.0,22.5,11.1
2020-02-19,Narok,0.0,23.8,10.8
2020-02-20,Narok,0.0,27.5,8.9
2020-02-21,Narok,0.0,23.2,10.3
2020-02-22,Narok,0.0,24.6,
2020-02-23,Narok,0.0,24.3,11.5
2020-02-24,Narok,0.0,26.1,10.6
2020-02-25,Narok,74.8,20.5,8.7
2020-02-26,Narok,0.0,24.4,11.5
2020-02-27,Narok,,26.7,10.9
2020-02-28,Narok,0.0,25.5,9.4
2020-02-29,Narok,0.0,24.0,10.6
2020-03-01,Narok,0.0,23.9,9.2
2020-03-02,Narok ,0.0,25.6,9.4
2020-03-03,Narok,9.9,24.6,10.8
2020-03-04,Narok,0.0,21.9,9.5
2020-03-05,Narok,21.1,23.4,11.2
2020-03-06,Narok,0.0,24.2,
2020-03-07,Narok,0.0,21.4,11.5
2020-03-08,Narok,2.1,26.1,9.2
2020-03-09,Narok,0.0,26.3,11.2
2020-03-10,Narok,14.9,25.5,11.5
2020-03-11,Narok,0.0,25.0,10.0
2020-03-12,Narok,trace,23.5,9.4
2020-03-13,Narok,0.0,23.3,10.6
2020-03-14,Narok,,26.3,10.7
2020-03-15,Narok,0.0,28.3,11.5
2020-03-16,Narok,0.0,28.2,11.2
2020-03-17,Narok,0.0,23.1,10.0
2020-03-18,Narok,15.3,22.4,10.5
2020-03-19,Narok,0.0,23.9,12.2
2020-03-20,Narok,4.2,24.8,11.8
2020-03-21,Narok,0.0,26.9,10.0
2020-03-22,Narok,0.0,22.6,10.5
2020-03-23,Narok,0.8,24.2,11.7
2020-03-24,Narok,,25.8,10.0
2020-03-25,Narok,0.0,24.9,12.3
2020-03-26,narok,0.0,23.9,11.5
2020-03-27,Narok,0.0,25.4,11.4
2020-03-28,Narok,0.0,25.2,12.5
2020-03-29,Narok ,0.0,22.6,11.4
2020-03-30,Narok,6.8,24.6,11.2
2020-03-31,Narok,0.0,24.5,10.8
2020-04-01,Narok,12.1,24.3,11.0
2020-04-02,Narok,0.0,25.1,11.7
2020-04-03,narok,3.0,24.6,12.4
2020-04-04,Narok,3.6,24.8,
2020-04-05,Narok,7.5,23.0,10.6
2020-04-06,Narok,0.0,26.2,12.5
2020-04-07,Narok,10.6,22.0,12.4
2020-04-08,Narok,12.8,23.7,12.4
2020-04-09,Narok,6.0,23.3,12.3
2020-04-10,Narok,4.1,23.7,10.4
2020-04-11,Narok,1.7,26.8,11.1
2020-04-12,Narok,0.0,25.8,11.5
2020-04-13,Narok,39.9,22.4,11.6
2020-04-14,Narok,0.0,24.5,11.2
2020-04-15,Narok,0.0,26.5,11.9
2020-04-16,Narok,0.0,27.7,10.8
2020-04-17,Narok,0.6,25.0,10.8
2020-04-18,Narok ,8.4,23.2,10.6
2020-04-19,Narok,0.6,27.6,
2020-04-20,Narok,0.0,24.7,11.2
2020-04-21,Narok ,0.0,24.9,10.5
2020-04-22,Narok,0.0,23.7,12.2
2020-04-23,Narok,0.0,25.3,11.1
2020-04-24,Narok,,28.6,10.5
2020-04-25,Narok,0.0,27.1,10.6
2020-04-26,Narok,0.0,25.3,11.2
2020-04-27,Narok,3.4,25.6,12.1
2020-04-28,Narok,2.9,28.6,11.1
2020-04-29,Narok,6.5,23.9,9.6
2020-04-30,NAROK,1.6,25.9,9.3
2020-05-01,Narok,0.0,24.9,13.3
2020-05-02,Narok,0.0,24.8,11.1
2020-05-03,Narok,0.0,25.8,11.0
2020-05-04,Narok,0.0,21.6,11.0
2020-05-05,Narok,0.0,27.9,10.7
2020-05-06,Narok,0.0,27.0,10.4
2020-05-07,Narok,0.0,25.9,11.2
2020-05-08,Narok,4.2,24.9,11.6
2020-05-09,Narok,0.0,26.0,10.4
2020-05-10,Narok,0.0,26.3,10.6
2020-05-11,Narok,0.0,27.1,11.0
2020-05-12,Narok,3.8,22.4,10.3
2020-05-13,Narok,0.9,24.6,12.1
2020-05-14,Narok,0.0,25.7,11.0
2020-05-15,Narok,0.0,24.1,10.4
2020-05-16,Narok,0.0,23.9,11.8
2020-05-17,Narok,0.9,25.0,10.9
2020-05-18,Narok,9.0,23.4,9.9
2020-05-19,Narok,0.0,,13.5
2020-05-20,NAROK,9.0,22.3,9.7
2020-05-21,Narok,0.0,25.3,13.0
2020-05-22,Narok,0.0,23.3,10.6
2020-05-23,Narok,trace,24.6,10.6
2020-05-24,Narok,0.0,24.8,10.2
2020-05-25,Narok,1.7,27.1,12.4
2020-05-26,narok,0.7,27.2,12.2
2020-05-27,Narok,0.0,28.5,10.7
2020-05-28,Narok,2.1,26.6,12.6
2020-05-29,Narok,0.0,25.7,11.4
2020-05-30,Narok,0.0,24.7,12.1
2020-05-31,Narok,0.0,26.8,12.4
2020-06-01,Narok,0.0,24.8,13.2
2020-06-02,Narok,0.0,26.2,11.2
2020-06-03,Narok,24.0,25.2,12.2
2020-06-04,Narok,0.0,24.1,12.4
2020-06-05,Narok,0.0,23.3,10.6
2020-06-06,narok,0.0,24.6,10.7
2020-06-07,Narok,0.0,25.8,9.9
2020-06-08,Narok,0.0,24.3,11.9
2020-06-09,Narok,0.0,25.5,10.8
2020-06-10,Narok,0.0,26.7,12.4
2020-06-11,Narok,4.8,22.7,10.0
2020-06-12,NAROK,0.0,26.0,11.7
2020-06-13,Narok,0.0,25.0,12.0
2020-06-14,Narok,14.5,26.0,10.6
2020-06-15,Narok,0.0,24.4,10.9
2020-06-16,narok,15.1,25.7,12.3
2020-06-17,Narok,1.6,26.0,10.8
2020-06-18,Narok,25.7,22.9,10.6
2020-06-19,Narok,0.0,25.0,12.3
2020-06-20,Narok,12.4,22.4,10.3
2020-06-21,Narok,23.7,22.5,12.4
2020-06-22,Narok,0.0,24.5,11.0
2020-06-23,Narok,0.0,24.2,12.1
2020-06-24,Narok,0.0,26.0,12.3
2020-06-25,Narok,0.0,24.2,11.3
2020-06-26,Narok,0.0,24.9,10.1
2020-06-27,Narok,18.0,23.4,10.8
2020-06-28,Narok,0.0,25.0,13.0
2020-06-29,Narok,0.0,26.9,10.3
2020-06-30,Narok,0.0,26.8,11.0
2020-07-01,Narok,0.0,27.0,12.1
2020-07-02,Narok,0.0,28.4,12.0
2020-07-03,Narok,0.0,24.6,11.4
2020-07-04,Narok,13.5,24.9,11.0
2020-07-05,Narok,0.0,28.1,12.4
2020-07-06,Narok,42.8,24.1,12.0
2020-07-07,Narok,0.0,24.0,11.9
2020-07-08,Narok,,26.9,11.4
2020-07-09,Narok,0.0,23.7,11.0
2020-07-10,Narok,0.0,25.7,12.2
2020-07-11,narok,0.0,24.6,8.4
2020-07-12,Narok,0.0,25.2,11.2
2020-07-13,Narok,0.0,24.5,11.1
2020-07-14,Narok,0.0,23.7,12.7
2020-07-15,Narok,0.0,24.5,10.3
2020-07-16,Narok,0.0,25.1,12.0
2020-07-17,Narok,0.0,28.1,12.2
2020-07-18,Narok,0.0,26.5,12.3
2020-07-19,Narok,0.0,25.7,11.5
2020-07-20,Narok,0.0,23.4,12.9
2020-07-21,Narok,0.0,24.0,11.4
2020-07-22,Narok,7.3,24.1,11.6
2020-07-23,Narok,0.0,26.2,11.3
2020-07-24,Narok,0.0,25.5,12.8
2020-07-25,NAROK,0.0,24.1,11.1
2020-07-26,Narok,0.0,26.0,11.9
2020-07-27,Narok,9.0,22.2,10.8
2020-07-28,Narok,0.0,28.3,9.6
2020-07-29,Narok,0.0,26.5,9.7
2020-07-30,narok,15.7,21.9,9.6
2020-07-31,Narok,0.0,25.4,11.2
2020-08-01,Narok,,24.8,10.4
2020-08-02,Narok,0.0,22.2,8.4
2020-08-03,Narok,0.0,25.2,11.3
2020-08-04,Narok,0.0,24.1,12.3
2020-08-05,Narok,0.0,22.9,10.0
2020-08-06,Narok,0.0,26.9,10.1
2020-08-07,Narok,0.0,26.0,12.2
2020-08-08,narok,0.0,26.4,11.7
2020-08-09,Narok ,0.0,23.0,11.3
2020-08-10,Narok,0.0,24.8,9.9
2020-08-11,Narok,0.0,24.7,9.9
2020-08-12,Narok,0.0,24.2,11.8
2020-08-13,Narok,0.0,22.6,9.8
2020-08-14,Narok,0.0,23.9,10.4
2020-08-15,Narok,0.0,25.4,11.6
2020-08-16,Narok,0.0,25.4,11.4
2020-08-17,Narok,0.0,25.7,11.6
2020-08-18,narok,,24.4,9.8
2020-08-19,Narok,0.0,25.2,10.9
2020-08-20,Narok,0.0,24.0,9.6
2020-08-21,Narok,0.0,22.4,11.2
2020-08-22,Narok,0.0,25.7,10.9
2020-08-23,narok,0.0,24.2,9.9
2020-08-24,Narok,0.0,23.5,10.9
2020-08-25,Narok,0.0,27.1,10.6
2020-08-26,Narok ,0.0,28.5,10.7
2020-08-27,Narok,0.0,25.5,10.6
2020-08-28,Narok,0.0,24.9,11.5
2020-08-29,Narok,0.0,23.3,10.9
2020-08-30,Narok,0.1,23.6,9.3
2020-08-31,NAROK,7.5,21.4,11.7
2020-09-01,narok,0.0,25.6,9.7
2020-09-02,Narok,0.0,25.8,10.3
2020-09-03,Narok,18.3,19.9,9.6
2020-09-04,narok,5.8,24.1,9.0
2020-09-05,Narok,0.0,24.0,11.3
2020-09-06,Narok,0.0,22.3,10.4
2020-09-07,Narok,2.2,22.9,9.9
2020-09-08,Narok,-999,25.6,11.3
2020-09-09,Narok,0.0,24.1,9.6
2020-09-10,Narok,0.0,24.9,10.4
2020-09-11,Narok,0.0,23.4,11.0
2020-09-12,Narok,0.0,23.4,10.8
2020-09-13,Narok,0.0,25.0,9.6
2020-09-14,Narok,0.0,24.9,10.3
2020-09-15,Narok,0.0,22.9,9.8
2020-09-16,Narok,0.0,24.2,10.5
2020-09-17,Narok,0.0,24.3,10.8
2020-09-18,narok,0.0,23.3,10.1
2020-09-19,Narok,0.0,20.1,9.7
2020-09-20,NAROK,0.0,24.9,9.5
2020-09-21,narok,0.0,25.3,9.2
2020-09-22,Narok,2.0,23.7,9.6
2020-09-23,Narok,0.0,26.0,9.2
2020-09-24,Narok,3.7,24.9,9.8
2020-09-25,narok,19.5,21.8,8.4
2020-09-26,Narok,0.0,27.7,9.9
2020-09-27,Narok,4.5,23.7,11.5
2020-09-28,Narok,0.0,25.7,10.0
2020-09-29,Narok,0.0,25.7,11.5
2020-09-30,Narok,0.0,25.8,7.8
2020-10-01,Narok ,0.0,23.7,10.7
2020-10-02,Narok,5.1,23.5,9.9
2020-10-03,Narok,0.0,24.1,9.8
2020-10-04,Narok,0.0,24.5,10.9
2020-10-05,Narok,0.0,23.5,9.4
2020-10-06,Narok,2.4,24.3,10.0
2020-10-07,Narok,0.0,24.2,11.7
2020-10-08,Narok,0.0,23.0,9.8
2020-10-09,Narok,0.0,22.3,10.9
2020-10-10,Narok ,0.0,24.4,9.3
2020-10-11,narok,1.0,25.4,9.6
2020-10-12,Narok,0.0,23.7,9.5
2020-10-13,Narok,0.0,22.2,9.2
2020-10-14,Narok,0.0,23.8,8.0
2020-10-15,Narok,,23.1,10.6
2020-10-16,Narok,,23.0,9.6
2020-10-17,NAROK,0.0,25.6,8.5
2020-10-18,Narok,,25.7,9.6
2020-10-19,Narok,0.0,23.5,11.0
2020-10-20,Narok,0.0,25.1,9.3
2020-10-21,Narok,1.6,22.6,10.5
2020-10-22,Narok,0.0,24.7,11.1
2020-10-23,narok,1.1,23.9,9.9
2020-10-24,Narok,0.0,25.2,8.9
2020-10-25,narok,0.0,22.7,10.4
2020-10-26,Narok,11.3,24.0,9.0
2020-10-27,Narok,0.0,22.4,10.1
2020-10-28,Narok,0.0,20.7,8.7
2020-10-29,Narok,0.0,23.2,11.3
2020-10-30,Narok,0.0,24.0,8.8
2020-10-31,Narok,0.0,23.4,9.3
2020-11-01,Narok,0.0,23.0,7.3
2020-11-02,Narok,4.2,22.5,10.2
2020-11-03,Narok,0.0,20.2,8.5
2020-11-04,narok,0.0,24.3,10.8
2020-11-05,Narok,0.0,21.4,11.3
2020-11-06,Narok,0.0,23.6,8.8
2020-11-07,Narok,0.0,22.2,8.5
2020-11-08,Narok,0.0,22.6,8.6
2020-11-09,Narok,0.0,22.5,11.7
2020-11-10,Narok,0.0,22.5,8.9
2020-11-11,Narok,0.0,23.5,7.9
2020-11-12,Narok,0.0,23.5,10.2
2020-11-13,Narok,0.0,26.0,9.2
2020-11-14,Narok ,0.0,21.6,8.7
2020-11-15,Narok,0.0,22.6,9.4
2020-11-16,Narok,0.0,23.8,9.2
2020-11-17,Narok,3.3,23.7,7.9
2020-11-18,narok,0.0,23.9,9.1
2020-11-19,Narok,4.1,22.9,10.2
2020-11-20,NAROK,1.7,22.6,9.4
2020-11-21,Narok,0.0,22.9,10.1
2020-11-22,Narok,0.5,23.9,9.3
2020-11-23,Narok,0.0,23.4,9.8
2020-11-24,Narok,0.0,22.6,9.7
2020-11-25,Narok,0.0,24.6,11.0
2020-11-26,Narok,4.8,25.5,10.1
2020-11-27,Narok,0.0,23.0,8.7
2020-11-28,Narok,0.0,23.8,9.9
2020-11-29,Narok ,4.7,21.1,9.4
2020-11-30,Narok,2.2,23.5,8.5
2020-12-01,Narok,0.0,23.9,12.2
2020-12-02,Narok,0.0,22.4,11.3
2020-12-03,Narok,0.0,23.8,9.8
2020-12-04,Narok,0.0,21.8,
2020-12-05,Narok,0.0,22.8,9.4
2020-12-06,Narok,0.0,23.8,8.9
2020-12-07,Narok,0.0,20.6,9.8
2020-12-08,Narok,0.9,22.9,9.7
2020-12-09,Narok,0.6,21.8,7.8
2020-12-10,Narok,0.0,21.3,10.8
2020-12-11,Narok,0.0,23.4,9.2
2020-12-12,narok,21.7,21.6,9.6
2020-12-13,Narok,0.0,22.6,9.3
2020-12-14,narok,0.0,23.1,9.5
2020-12-15,narok,0.0,21.6,10.1
2020-12-16,Narok,0.0,24.4,10.4
2020-12-17,Narok,0.0,24.3,11.5
2020-12-18,Narok,0.0,21.4,9.5
2020-12-19,Narok,0.0,22.4,7.4
2020-12-20,Narok,0.0,20.7,9.2
2020-12-21,Narok,0.0,23.8,11.4
2020-12-22,Narok,,23.7,11.2
2020-12-23,Narok,0.0,22.7,11.4
2020-12-24,NAROK,0.0,21.6,10.2
2020-12-25,Narok,0.0,23.2,8.6
2020-12-26,Narok,0.0,21.8,8.2
2020-12-27,Narok,0.0,23.0,10.3
2020-12-28,Narok,0.0,22.3,12.4
2020-12-29,Narok,0.0,21.0,9.7
2020-12-30,narok,0.0,20.0,9.9
2020-12-31,Narok,0.0,22.7,8.8
2021-01-01,Narok,0.0,22.8,10.5
2021-01-02,Narok,0.0,20.1,9.2
2021-01-03,Narok,0.0,24.1,9.2
2021-01-04,Narok,0.0,23.4,10.4
2021-01-05,NAROK,0.0,22.8,12.3
2021-01-06,Narok,0.0,23.9,10.6
2021-01-07,Narok,0.0,23.5,10.5
2021-01-08,Narok,0.0,22.8,10.9
2021-01-09,Narok,0.0,25.0,10.1
2021-01-10,Narok,0.0,22.3,9.1
2021-01-11,Narok,0.0,24.1,10.2
2021-01-12,Narok,0.0,24.5,10.5
2021-01-13,NAROK,0.0,22.4,9.6
2021-01-14,Narok,0.0,24.9,10.8
2021-01-15,Narok,0.0,24.4,10.2
2021-01-16,Narok,,23.6,10.2
2021-01-17,Narok,0.0,25.7,10.9
2021-01-18,Narok,0.0,22.0,8.4
2021-01-19,Narok,0.0,21.2,9.1
2021-01-20,Narok,0.0,25.0,8.6
2021-01-21,Narok,0.0,23.2,8.0
2021-01-22,Narok,0.0,23.0,9.5
2021-01-23,Narok,1.5,26.1,8.8
2021-01-24,Narok,0.0,,12.1
2021-01-25,Narok,0.8,23.7,10.0
2021-01-26,Narok,0.0,21.9,9.8
2021-01-27,Narok,7.2,22.3,10.0
2021-01-28,Narok,0.0,23.0,10.3
2021-01-29,Narok,0.0,22.7,11.0
2021-01-30,Narok,0.0,23.2,10.6
2021-01-31,narok,0.0,23.0,9.3
2021-02-01,Narok,0.0,22.3,10.1
2021-02-02,Narok,0.0,21.3,10.0
2021-02-03,Narok ,0.0,22.1,10.6
2021-02-04,Narok,0.0,25.3,10.7
2021-02-05,Narok,0.0,23.7,8.6
2021-02-06,Narok,0.0,21.7,9.1
2021-02-07,Narok,0.0,24.1,9.4
2021-02-08,Narok,0.4,21.8,11.1
2021-02-09,Narok,0.0,24.3,11.4
2021-02-10,NAROK,0.0,23.8,10.5
2021-02-11,Narok,0.0,25.1,8.9
2021-02-12,narok,0.0,24.5,12.0
2021-02-13,Narok,15.8,21.9,8.8
2021-02-14,Narok,0.0,24.5,10.2
2021-02-15,Narok,0.0,26.9,10.7
2021-02-16,Narok,0.0,9.4,24.2
2021-02-17,Narok,0.0,23.1,12.4
2021-02-18,Narok,0.0,25.8,11.1
2021-02-19,NAROK,0.0,23.0,11.8
2021-02-20,Narok,0.0,26.1,10.1
2021-02-21,Narok,0.0,23.4,7.4
2021-02-22,Narok,0.0,25.7,10.3
2021-02-23,Narok,0.0,24.1,9.4
2021-02-24,Narok,0.0,22.9,8.4
2021-02-25,Narok,0.0,24.1,9.8
2021-02-26,Narok,0.0,25.1,9.1
2021-02-27,Narok,0.0,25.1,10.3
2021-02-28,Narok,0.0,25.1,7.8
2021-03-01,Narok,0.0,23.5,9.5
2021-03-02,Narok,12.2,19.8,10.0
2021-03-03,NAROK,0.7,24.0,11.1
2021-03-04,Narok,0.0,23.5,9.6
2021-03-05,Narok,0.0,27.6,11.7
2021-03-06,Narok,0.0,26.5,10.0
2021-03-07,Narok,6.8,22.2,11.4
2021-03-08,Narok,0.0,23.0,10.4
2021-03-09,Narok,0.0,24.0,10.8
2021-03-10,Narok,0.0,24.6,11.6
2021-03-11,Narok,0.0,25.3,10.6
2021-03-12,Narok,0.0,25.9,10.9
2021-03-13,Narok,0.0,26.5,11.4
2021-03-14,Narok,16.5,25.2,10.7
2021-03-15,Narok,7.0,22.4,11.4
2021-03-16,Narok,12.2,23.7,11.5
2021-03-17,Narok,16.0,21.6,10.7
2021-03-18,NAROK,0.0,27.5,9.9
2021-03-19,Narok,0.0,22.8,12.0
2021-03-20,Narok,0.0,23.6,10.2
2021-03-21,Narok,3.0,22.4,10.3
2021-03-22,Narok,0.0,25.0,11.4
2021-03-23,Narok,2.6,26.2,9.2
2021-03-24,Narok ,0.0,26.1,12.0
2021-03-25,Narok,0.0,24.7,9.4
2021-03-26,Narok,0.0,24.9,12.4
2021-03-27,Narok,0.0,25.9,11.9
2021-03-28,Narok,0.0,25.2,11.1
2021-03-29,Narok,4.1,25.3,
2021-03-30,Narok,0.0,24.4,11.7
2021-03-31,Narok,0.0,24.6,9.9
2021-04-01,Narok,0.0,26.5,10.4
2021-04-02,Narok,0.0,22.3,10.0
2021-04-03,NAROK,0.0,25.1,9.9
2021-04-04,Narok,-999,24.0,10.2
2021-04-05,Narok,7.9,21.8,11.8
2021-04-06,Narok,0.0,26.1,12.5
2021-04-07,Narok,22.0,23.5,10.8
2021-04-08,NAROK,0.0,25.6,12.0
2021-04-09,Narok,0.0,24.8,12.6
2021-04-10,Narok,0.0,23.4,12.3
2021-04-11,Narok ,0.0,24.9,10.8
2021-04-12,Narok,3.2,23.7,10.8
2021-04-13,Narok,,23.1,10.3
2021-04-14,Narok,2.5,25.0,8.9
2021-04-15,Narok,13.0,23.7,11.2
2021-04-16,Narok,0.0,26.6,10.5
2021-04-17,Narok,2.5,27.1,12.4
2021-04-18,Narok,0.0,26.0,11.3
2021-04-19,Narok,0.0,26.8,10.2
2021-04-20,Narok,2.0,24.1,11.3
2021-04-21,Narok,0.0,25.2,13.3
2021-04-22,Narok,0.0,26.2,11.7
2021-04-23,Narok,0.0,,10.8
2021-04-24,Narok,9.8,22.3,12.3
2021-04-25,Narok,0.0,26.2,11.9
2021-04-26,Narok,0.0,27.1,10.1
2021-04-27,Narok,5.2,26.7,9.7
2021-04-28,Narok,0.0,23.7,11.1
2021-04-29,Narok,12.5,24.6,10.9
2021-04-30,Narok,0.2,28.2,13.1
2021-05-01,Narok,0.0,28.5,10.2
2021-05-02,Narok,0.0,25.3,12.0
2021-05-03,Narok,0.0,25.5,12.1
2021-05-04,Narok,0.2,23.7,10.8
2021-05-05,Narok,2.9,23.7,10.2
2021-05-06,Narok,6.9,23.2,11.9
2021-05-07,Narok,-999,25.5,11.3
2021-05-08,Narok,0.0,23.8,12.5
2021-05-09,Narok,trace,25.4,10.7
2021-05-10,Narok,0.0,25.6,10.6
2021-05-11,Narok,0.0,27.5,10.7
2021-05-12,Narok,0.0,26.5,11.4
2021-05-13,Narok,0.0,24.0,10.8
2021-05-14,Narok,3.5,25.7,12.1
2021-05-15,Narok,1.3,25.9,10.6
2021-05-16,Narok,0.0,26.4,12.4
2021-05-17,narok,2.8,,12.5
2021-05-18,Narok,0.0,25.0,11.8
2021-05-19,Narok,0.0,24.7,10.4
2021-05-20,Narok,4.9,23.8,10.9
2021-05-21,Narok,26.2,22.1,11.8
2021-05-22,Narok,0.0,24.2,13.3
2021-05-23,Narok,0.0,25.9,11.0
2021-05-24,Narok,0.0,26.9,10.1
2021-05-25,Narok,0.6,26.4,11.1
2021-05-26,Narok,0.0,27.0,13.0
2021-05-27,Narok,0.0,27.6,11.8
2021-05-28,Narok,0.0,27.5,10.6
2021-05-29,Narok,2.8,27.0,11.3
2021-05-30,Narok,0.0,27.0,12.2
2021-05-31,NAROK,0.0,26.2,11.6
2021-06-01,Narok,0.0,25.8,11.3
2021-06-02,NAROK,0.0,25.5,10.8
2021-06-03,Narok,0.0,25.8,11.9
2021-06-04,Narok,0.0,23.7,10.0
2021-06-05,narok,0.6,25.6,11.1
2021-06-06,Narok,-999,26.4,13.5
2021-06-07,Narok,0.0,25.6,12.3
2021-06-08,Narok,0.0,25.5,11.6
2021-06-09,Narok,0.0,26.5,12.3
2021-06-10,Narok,0.0,28.6,11.2
2021-06-11,Narok,0.0,23.6,13.4
2021-06-12,Narok,0.0,28.1,12.2
2021-06-13,Narok,,27.4,12.6
2021-06-14,Narok,0.0,25.8,12.2
2021-06-15,Narok,1.4,28.0,11.0
2021-06-16,Narok,,27.0,11.1
2021-06-17,Narok,0.5,26.2,11.5
2021-06-18,Narok,1.7,27.9,10.0
2021-06-19,Narok,9.3,22.8,
2021-06-20,Narok,0.0,25.4,8.9
2021-06-21,Narok,0.0,28.3,12.4
2021-06-22,Narok,0.0,27.0,12.7
2021-06-23,Narok,0.0,22.9,10.4
2021-06-24,Narok,3.4,25.7,11.2
2021-06-25,Narok,0.0,23.3,11.9
2021-06-26,Narok,0.0,26.9,12.1
2021-06-27,Narok,0.0,27.4,14.4
2021-06-28,Narok,0.0,26.8,10.4
2021-06-29,Narok,0.0,23.9,13.0
2021-06-30,Narok,0.0,26.1,12.9
2021-07-01,Narok,0.0,25.3,10.1
2021-07-02,Narok,0.0,28.5,9.6
2021-07-03,Narok,0.2,25.6,12.5
2021-07-04,Narok,0.0,24.1,10.0
2021-07-05,Narok,0.0,24.7,12.2
2021-07-06,Narok,0.0,29.6,13.1
2021-07-07,Narok,0.0,28.0,11.8
2021-07-08,Narok,0.0,27.2,11.5
2021-07-09,Narok,0.0,25.5,11.6
2021-07-10,Narok,0.0,23.2,11.1
2021-07-11,Narok,0.0,24.4,11.9
2021-07-12,Narok,0.0,25.4,10.6
2021-07-13,Narok,0.0,25.4,10.9
2021-07-14,Narok,8.8,23.7,12.1
2021-07-15,Narok,0.0,25.5,9.9
2021-07-16,Narok,0.0,26.7,11.6
2021-07-17,Narok,0.0,24.5,9.5
2021-07-18,Narok,0.0,24.5,10.3
2021-07-19,Narok,3.0,24.8,10.4
2021-07-20,Narok,0.0,25.7,11.2
2021-07-21,Narok,9.5,23.0,11.6
2021-07-22,Narok ,0.0,26.9,10.9
2021-07-23,Narok,0.0,23.0,9.4
2021-07-24,Narok,2.8,25.4,10.0
2021-07-25,narok,0.0,27.3,10.0
2021-07-26,Narok,0.0,26.2,12.1
2021-07-27,Narok,0.0,26.7,10.9
2021-07-28,Narok,,23.1,11.4
2021-07-29,Narok,0.0,25.5,10.0
2021-07-30,Narok,0.0,26.9,11.3
2021-07-31,Narok,0.0,25.4,8.6
2021-08-01,Narok,0.0,25.0,13.0
2021-08-02,Narok,0.0,28.1,11.6
2021-08-03,Narok,,26.0,10.8
2021-08-04,Narok,0.0,24.4,11.2
2021-08-05,Narok,0.0,27.5,10.9
2021-08-06,Narok,0.0,25.7,9.0
2021-08-07,Narok,0.0,23.6,9.9
2021-08-08,Narok,6.2,22.2,9.7
2021-08-09,Narok,0.0,24.4,9.2
2021-08-10,Narok,0.0,23.6,12.5
2021-08-11,Narok,0.0,28.4,
2021-08-12,Narok,0.0,24.8,9.0
2021-08-13,Narok,0.0,23.2,12.2
2021-08-14,Narok,0.0,25.4,10.4
2021-08-15,NAROK,0.0,26.2,10.8
2021-08-16,narok,0.0,22.6,11.4
2021-08-17,NAROK,0.0,22.1,10.6
2021-08-18,Narok,0.0,24.9,10.5
2021-08-19,Narok,6.8,20.7,10.7
2021-08-20,Narok,0.0,25.8,10.4
2021-08-21,Narok,0.0,25.6,11.2
2021-08-22,Narok,1.7,26.2,12.0
2021-08-23,Narok,0.0,23.0,9.7
2021-08-24,Narok,0.0,24.7,9.8
2021-08-25,Narok,0.0,26.5,11.4
2021-08-26,Narok,0.0,24.1,10.7
2021-08-27,Narok,0.0,23.1,9.8
2021-08-28,Narok,0.0,25.4,10.7
2021-08-29,Narok ,0.0,22.1,11.0
2021-08-30,Narok,0.0,26.2,11.4
2021-08-31,NAROK,0.0,23.3,10.2
2021-09-01,Narok,0.0,22.6,10.6
2021-09-02,Narok,0.0,24.6,11.0
2021-09-03,Narok,0.0,24.4,9.2
2021-09-04,Narok,0.0,25.2,10.1
2021-09-05,Narok,0.0,25.4,10.8
2021-09-06,Narok,trace,25.0,8.9
2021-09-07,Narok,15.0,21.4,11.1
2021-09-08,Narok,0.0,24.5,9.9
2021-09-09,Narok,0.0,25.0,11.2
2021-09-10,Narok,57.2,24.1,10.5
2021-09-11,narok,0.0,24.6,9.2
2021-09-12,Narok,10.9,22.6,9.7
2021-09-13,narok,0.0,25.6,10.2
2021-09-14,Narok,0.0,22.7,9.8
2021-09-15,NAROK,0.0,24.8,8.7
2021-09-16,Narok,0.0,22.6,10.5
2021-09-17,Narok,0.0,23.2,10.7
2021-09-18,Narok,4.6,24.2,9.4
2021-09-19,Narok,0.0,22.0,9.4
2021-09-20,Narok,0.0,23.7,8.5
2021-09-21,Narok,12.6,23.4,11.7
2021-09-22,narok,0.0,24.4,11.4
2021-09-23,Narok,0.0,22.0,10.9
2021-09-24,Narok,48.0,21.5,13.4
2021-09-25,Narok,5.3,21.5,10.3
2021-09-26,narok,0.0,20.4,9.5
2021-09-27,Narok,0.0,25.0,10.9
2021-09-28,Narok,0.0,24.4,8.5
2021-09-29,Narok,0.0,24.9,8.8
2021-09-30,Narok,17.1,19.6,10.4
2021-10-01,Narok,0.0,22.8,9.5
2021-10-02,Narok,0.0,25.5,7.3
2021-10-03,Narok,trace,21.1,9.6
2021-10-04,Narok,trace,23.6,10.8
2021-10-05,Narok,0.1,22.8,10.8
2021-10-06,Narok,13.0,18.4,9.0
2021-10-07,Narok,2.6,27.7,10.4
2021-10-08,Narok,0.0,22.5,10.2
2021-10-09,Narok,0.0,23.0,11.4
2021-10-10,Narok,0.0,22.9,10.0
2021-10-11,Narok,0.0,25.3,11.1
2021-10-12,Narok,0.0,25.9,11.1
2021-10-13,Narok,0.7,22.7,9.3
2021-10-14,Narok,0.0,26.8,9.6
2021-10-15,Narok,0.0,24.3,10.9
2021-10-16,NAROK,1.2,23.9,9.6
2021-10-17,Narok,4.7,21.2,9.6
2021-10-18,Narok,0.0,22.2,10.8
2021-10-19,Narok,23.2,23.6,10.2
2021-10-20,NAROK,4.3,23.4,8.8
2021-10-21,narok,11.0,20.4,9.4
2021-10-22,NAROK,0.0,25.2,9.7
2021-10-23,Narok,11.7,21.9,10.9
2021-10-24,Narok,9.5,25.0,10.5
2021-10-25,Narok,0.0,23.9,9.8
2021-10-26,Narok,0.0,24.3,8.8
2021-10-27,Narok,0.0,23.2,10.6
2021-10-28,Narok,0.0,19.7,9.7
2021-10-29,Narok,0.0,26.6,9.4
2021-10-30,narok,19.1,19.9,11.4
2021-10-31,Narok,1.1,23.8,9.7
2021-11-01,Narok,0.0,22.8,10.5
2021-11-02,Narok,17.8,23.4,10.3
2021-11-03,Narok,0.0,24.0,8.4
2021-11-04,Narok,0.0,24.2,9.3
2021-11-05,Narok,0.7,21.9,8.2
2021-11-06,Narok,0.0,24.2,10.4
2021-11-07,Narok,3.9,26.5,9.6
2021-11-08,Narok,0.0,24.9,10.5
2021-11-09,Narok,8.7,22.0,9.6
2021-11-10,Narok,0.0,22.5,8.6
2021-11-11,Narok,0.0,22.7,9.7
2021-11-12,Narok,10.9,21.8,11.4
2021-11-13,Narok,6.2,23.0,7.3
2021-11-14,Narok,,21.3,10.0
2021-11-15,narok,5.6,21.0,9.9
2021-11-16,Narok,8.3,20.1,9.3
2021-11-17,Narok,3.9,22.8,8.8
2021-11-18,Narok,0.0,22.2,9.9
2021-11-19,Narok,17.4,21.6,10.3
2021-11-20,Narok,22.5,20.8,8.3
2021-11-21,Narok,0.0,22.2,9.3
2021-11-22,NAROK,1.8,22.2,10.0
2021-11-23,Narok,0.0,21.9,11.0
2021-11-24,Narok,0.0,19.9,7.3
2021-11-25,Narok,0.0,20.7,10.2
2021-11-26,Narok,0.0,25.3,10.6
2021-11-27,Narok,,20.3,9.8
2021-11-28,Narok,0.0,25.6,10.1
2021-11-29,NAROK,0.0,22.3,9.0
2021-11-30,Narok,0.0,22.3,10.5
2021-12-01,Narok,0.0,21.7,9.4
2021-12-02,Narok,21.4,18.5,8.7
2021-12-03,Narok,0.0,26.5,9.5
2021-12-04,Narok,17.8,20.0,9.6
2021-12-05,Narok,2.0,23.7,10.3
2021-12-06,Narok,36.3,19.2,9.2
2021-12-07,Narok,0.0,25.2,9.4
2021-12-08,Narok,0.0,23.6,9.9
2021-12-09,Narok,0.0,22.3,9.6
2021-12-10,Narok,0.0,24.9,10.1
2021-12-11,NAROK,0.0,22.0,8.9
2021-12-12,Narok,0.0,23.6,9.2
2021-12-13,NAROK,0.8,22.4,8.6
2021-12-14,Narok,0.0,21.1,9.3
2021-12-15,Narok,0.0,23.6,8.4
2021-12-16,Narok,5.6,23.0,10.5
2021-12-17,Narok,0.0,22.5,7.3
2021-12-18,Narok,0.0,22.3,7.8
2021-12-19,Narok,0.0,22.6,7.8
2021-12-20,Narok,0.0,22.9,10.9
2021-12-21,Narok,14.4,23.1,11.0
2021-12-22,Narok ,0.0,23.5,9.0
2021-12-23,Narok,7.2,22.9,9.2
2021-12-24,Narok,0.0,21.3,8.9
2021-12-25,narok,0.0,23.6,10.9
2021-12-26,Narok,,23.1,9.6
2021-12-27,Narok,0.0,24.1,8.3
2021-12-28,Narok,0.0,22.9,8.6
2021-12-29,Narok,0.0,22.7,10.6
2021-12-30,Narok,0.0,26.0,9.8
2021-12-31,Narok,0.0,23.0,9.4
2022-01-01,Narok,0.0,23.2,7.9
2022-01-02,Narok,0.0,24.0,10.7
2022-01-03,Narok,2.8,20.5,9.8
2022-01-04,Narok,0.0,24.7,9.6
2022-01-05,Narok,0.0,25.1,9.4
2022-01-06,Narok ,0.0,21.3,9.0
2022-01-07,Narok,0.0,23.7,11.3
2022-01-08,Narok,0.0,25.3,10.3
2022-01-09,Narok,0.0,24.6,9.1
2022-01-10,Narok,0.0,25.1,12.4
2022-01-11,NAROK,0.0,25.4,8.0
2022-01-12,Narok ,0.0,20.4,11.7
2022-01-13,Narok,13.6,21.8,10.8
2022-01-14,Narok,0.0,24.8,8.1
2022-01-15,NAROK,0.0,22.6,9.5
2022-01-16,Narok,0.0,25.6,8.7
2022-01-17,Narok,0.0,23.8,10.5
2022-01-18,Narok,17.1,18.5,10.0
2022-01-19,Narok,0.0,20.2,9.8
2022-01-20,Narok,0.0,26.0,11.2
2022-01-21,narok,18.4,22.0,8.3
2022-01-22,Narok,0.0,24.7,9.5
2022-01-23,Narok,0.0,20.8,9.0
2022-01-24,Narok,0.0,24.7,11.0
2022-01-25,Narok,0.0,23.6,10.0
2022-01-26,Narok,0.0,23.2,9.8
2022-01-27,Narok ,0.0,23.8,9.0
2022-01-28,Narok,0.0,26.0,11.8
2022-01-29,Narok,13.8,21.7,10.7
2022-01-30,Narok,,20.6,9.7
2022-01-31,Narok,2.9,22.5,9.0
2022-02-01,Narok,0.0,25.0,9.6
2022-02-02,Narok,0.9,26.9,9.5
2022-02-03,Narok,0.0,23.4,11.4
2022-02-04,Narok,0.0,24.1,10.9
2022-02-05,narok,0.0,24.5,11.1
2022-02-06,Narok,0.0,25.9,10.9
2022-02-07,Narok,0.0,23.6,9.4
2022-02-08,Narok,5.3,23.2,8.6
2022-02-09,Narok,0.0,22.7,10.9
2022-02-10,Narok ,0.0,20.4,12.2
2022-02-11,Narok,28.6,21.9,10.2
2022-02-12,Narok,0.0,23.4,9.0
2022-02-13,NAROK,0.0,25.4,10.3
2022-02-14,Narok,0.0,26.0,12.1
2022-02-15,Narok,0.0,25.3,9.8
2022-02-16,Narok,0.0,26.6,10.7
2022-02-17,Narok,35.6,20.4,9.9
2022-02-18,Narok,,24.7,11.4
2022-02-19,Narok,0.0,23.7,7.6
2022-02-20,Narok,0.0,27.3,9.1
2022-02-21,Narok,0.0,23.7,9.7
2022-02-22,Narok,0.0,24.3,9.5
2022-02-23,Narok,21.6,22.2,10.3
2022-02-24,Narok,0.0,23.0,11.8
2022-02-25,Narok,9.3,24.0,9.9
2022-02-26,Narok,0.0,24.7,9.6
2022-02-27,Narok,6.3,21.3,10.8
2022-02-28,Narok,0.0,22.6,8.1
2022-03-01,Narok,14.0,24.5,10.2
2022-03-02,Narok,0.0,21.3,11.3
2022-03-03,Narok,7.5,22.1,9.7
2022-03-04,Narok,0.0,22.9,9.0
2022-03-05,Narok,0.0,25.6,11.2
2022-03-06,Narok,46.5,23.1,11.6
2022-03-07,Narok,1.1,26.0,8.2
2022-03-08,Narok,0.0,25.2,11.6
2022-03-09,Narok,13.2,24.4,11.0
2022-03-10,Narok,0.0,25.1,10.7
2022-03-11,Narok,0.0,23.6,11.5
2022-03-12,NAROK,9.9,22.0,10.2
2022-03-13,Narok,0.0,25.5,9.4
2022-03-14,Narok,0.0,24.3,11.3
2022-03-15,Narok,0.0,27.5,11.0
2022-03-16,Narok,0.0,27.8,
2022-03-17,Narok,0.0,25.1,8.5
2022-03-18,Narok,0.0,26.0,10.5
2022-03-19,Narok,25.9,21.7,10.2
2022-03-20,Narok,12.2,21.3,11.7
2022-03-21,narok,0.0,23.4,11.0
2022-03-22,Narok,0.0,26.8,12.2
2022-03-23,Narok,11.8,22.6,10.3
2022-03-24,Narok,0.0,24.8,10.4
2022-03-25,Narok,0.0,24.9,11.3
2022-03-26,Narok,0.0,26.4,11.3
2022-03-27,Narok ,0.0,23.7,10.0
2022-03-28,Narok,0.0,26.1,11.2
2022-03-29,Narok,0.0,27.1,10.7
2022-03-30,Narok,0.6,26.6,13.1
2022-03-31,Narok,0.0,23.4,10.6
2022-04-01,NAROK,24.7,23.1,10.4
2022-04-02,Narok,3.6,23.8,9.3
2022-04-03,Narok,13.5,23.9,13.0
2022-04-04,Narok,0.0,23.2,12.1
2022-04-05,Narok,0.0,24.9,10.5
2022-04-06,Narok,9.6,25.0,11.8
2022-04-07,Narok,,24.4,11.4
2022-04-08,Narok,41.1,22.7,10.7
2022-04-09,Narok,2.6,28.1,10.8
2022-04-10,Narok,12.7,24.8,10.9
2022-04-11,narok,17.3,25.5,
2022-04-12,Narok,9.2,25.7,10.7
2022-04-13,Narok,10.1,22.4,11.6
2022-04-14,Narok,16.9,19.4,11.6
2022-04-15,Narok,0.0,24.3,13.2
2022-04-16,Narok,0.0,26.9,12.0
2022-04-17,Narok,45.6,21.7,10.6
2022-04-18,Narok,0.0,26.2,8.6
2022-04-19,Narok,31.6,23.8,11.7
2022-04-20,Narok,0.0,24.5,11.4
2022-04-21,Narok,0.0,24.8,12.5
2022-04-22,Narok,0.0,26.8,10.2
2022-04-23,Narok,8.7,22.3,12.1
2022-04-24,Narok,12.7,23.4,11.2
2022-04-25,Narok,0.0,26.2,11.2
2022-04-26,Narok,12.4,21.7,9.7
2022-04-27,Narok,0.0,29.3,11.4
2022-04-28,Narok,22.6,24.6,11.5
2022-04-29,NAROK,11.6,25.1,13.1
2022-04-30,Narok ,0.0,24.9,9.6
2022-05-01,Narok,20.5,21.7,11.6
2022-05-02,Narok,0.0,24.1,11.9
2022-05-03,Narok,0.0,25.1,12.1
2022-05-04,Narok,0.0,27.2,11.5
2022-05-05,Narok,3.7,28.6,10.4
2022-05-06,Narok,0.0,26.2,12.3
2022-05-07,Narok,3.0,26.1,11.9
2022-05-08,Narok,8.7,22.1,10.7
2022-05-09,Narok,0.0,24.3,11.3
2022-05-10,Narok,0.0,26.8,10.7
2022-05-11,narok,15.8,23.2,11.3
2022-05-12,NAROK,0.8,27.2,11.4
2022-05-13,Narok,0.0,27.8,12.7
2022-05-14,Narok,16.6,23.1,10.5
2022-05-15,Narok,7.7,24.2,11.7
2022-05-16,Narok,0.0,23.9,13.5
2022-05-17,narok,0.0,27.5,12.7
2022-05-18,Narok,0.0,26.3,10.9
2022-05-19,Narok,0.0,25.1,11.1
2022-05-20,Narok,16.3,23.0,10.2
2022-05-21,Narok,10.3,22.3,11.9
2022-05-22,narok,0.0,28.5,10.4
2022-05-23,Narok,0.0,23.7,10.7
2022-05-24,Narok,0.0,29.2,9.6
2022-05-25,Narok,0.3,24.6,10.6
2022-05-26,Narok,10.7,24.2,9.7
2022-05-27,Narok,0.0,26.6,12.5
2022-05-28,Narok,22.0,23.2,10.9
2022-05-29,Narok,0.0,27.1,11.4
2022-05-30,Narok,2.8,26.5,12.9
2022-05-31,Narok,1.4,27.3,11.6
2022-06-01,narok,,25.2,13.4
2022-06-02,Narok,0.0,26.6,11.8
2022-06-03,narok,0.0,23.1,11.8
2022-06-04,Narok,0.0,25.8,11.5
2022-06-05,Narok,36.7,24.3,11.1
2022-06-06,Narok,0.0,,12.4
2022-06-07,Narok,0.0,28.9,10.3
2022-06-08,Narok,0.0,26.0,11.8
2022-06-09,Narok,0.0,27.4,9.0
2022-06-10,Narok,13.2,22.3,12.0
2022-06-11,Narok,0.0,24.0,14.4
2022-06-12,Narok,5.6,21.7,
2022-06-13,Narok,0.0,26.5,10.7
2022-06-14,Narok,21.1,23.2,11.7
2022-06-15,Narok,2.5,26.1,12.0
2022-06-16,Narok,0.0,25.8,9.6
2022-06-17,Narok,0.0,26.1,13.9
2022-06-18,Narok,0.0,28.0,11.9
2022-06-19,NAROK,0.0,24.6,11.6
2022-06-20,Narok,0.0,30.1,12.1
2022-06-21,Narok,0.0,24.5,12.2
2022-06-22,Narok,0.0,25.6,11.7
2022-06-23,Narok,0.0,25.6,12.4
2022-06-24,Narok,21.4,25.9,10.8
2022-06-25,Narok,3.7,26.8,10.5
2022-06-26,Narok,28.0,20.9,9.8
2022-06-27,Narok,0.0,25.1,12.0
2022-06-28,Narok,0.0,22.4,11.8
2022-06-29,Narok,0.0,28.6,12.9
2022-06-30,Narok,15.8,23.0,11.5
2022-07-01,Narok,0.0,26.4,12.7
2022-07-02,Narok,0.0,27.5,12.6
2022-07-03,narok,0.0,26.9,11.7
2022-07-04,Narok,0.0,26.2,10.1
2022-07-05,Narok,0.0,26.6,11.4
2022-07-06,Narok,0.0,25.0,10.3
2022-07-07,Narok,0.0,25.9,11.2
2022-07-08,Narok,0.0,23.6,10.6
2022-07-09,Narok,0.0,26.7,13.1
2022-07-10,Narok,0.0,26.4,11.8
2022-07-11,Narok,10.5,23.9,12.3
2022-07-12,Narok,0.0,,11.2
2022-07-13,Narok,0.0,,11.5
2022-07-14,Narok,0.0,26.0,11.1
2022-07-15,Narok,0.0,25.9,10.0
2022-07-16,Narok,0.0,23.7,11.1
2022-07-17,Narok,60.0,23.5,11.2
2022-07-18,Narok,0.0,24.6,11.2
2022-07-19,Narok,15.5,22.8,10.5
2022-07-20,Narok,0.0,24.2,10.4
2022-07-21,Narok,28.3,24.2,10.6
2022-07-22,Narok,0.0,25.3,11.2
2022-07-23,Narok,0.0,26.2,12.3
2022-07-24,Narok,0.0,26.2,10.7
2022-07-25,Narok,0.0,25.9,10.3
2022-07-26,Narok,36.6,24.0,11.7
2022-07-27,Narok,0.0,25.3,10.6
2022-07-28,Narok,8.9,21.3,10.9
2022-07-29,Narok,0.0,26.9,11.5
2022-07-30,Narok,6.5,22.2,12.1
2022-07-31,narok,46.8,24.7,13.8
2022-08-01,Narok,1.2,24.4,7.9
2022-08-02,Narok,1.5,25.1,8.4
2022-08-03,Narok,0.0,26.6,10.4
2022-08-04,Narok,0.0,22.6,11.2
2022-08-05,NAROK,0.0,24.6,10.4
2022-08-06,Narok,0.0,26.9,11.0
2022-08-07,Narok,0.0,26.9,11.8
2022-08-08,Narok,0.0,23.8,10.8
2022-08-09,Narok,0.0,25.2,11.0
2022-08-10,Narok,0.0,26.3,10.1
2022-08-11,Narok,15.6,,11.9
2022-08-12,Narok,2.6,24.9,11.1
2022-08-13,Narok,9.7,23.0,10.0
2022-08-14,Narok,0.0,23.2,11.8
2022-08-15,Narok,0.0,27.0,10.0
2022-08-16,narok,0.0,22.8,9.9
2022-08-17,Narok,0.0,26.4,9.8
2022-08-18,NAROK,0.0,24.2,12.4
2022-08-19,Narok,,22.5,10.4
2022-08-20,narok,4.1,24.9,11.6
2022-08-21,Narok,51.1,24.9,11.8
2022-08-22,Narok,0.0,23.3,9.3
2022-08-23,Narok,0.0,24.2,9.5
2022-08-24,Narok,0.0,25.9,9.1
2022-08-25,Narok,0.0,25.6,11.1
2022-08-26,Narok,1.5,21.4,11.2
2022-08-27,Narok,0.0,25.5,11.5
2022-08-28,Narok,12.0,23.6,10.6
2022-08-29,Narok,0.0,26.0,11.1
2022-08-30,Narok,0.0,22.7,11.2
2022-08-31,Narok ,0.0,24.5,10.4
2022-09-01,Narok,-999,19.7,10.0
2022-09-02,Narok,0.0,26.7,10.6
2022-09-03,Narok,0.9,25.2,11.3
2022-09-04,Narok,0.0,21.1,11.8
2022-09-05,Narok,0.0,23.3,12.8
2022-09-06,Narok,0.0,24.2,9.8
2022-09-07,Narok,0.0,,10.8
2022-09-08,Narok,3.6,23.9,11.1
2022-09-09,narok,0.0,24.7,8.1
2022-09-10,Narok,7.8,21.2,9.7
2022-09-11,Narok,0.0,23.0,9.9
2022-09-12,Narok,14.2,24.1,10.7
2022-09-13,Narok,0.0,23.9,
2022-09-14,Narok,4.9,22.7,10.0
2022-09-15,Narok,0.0,,10.9
2022-09-16,Narok,0.0,,11.0
2022-09-17,Narok,0.0,25.3,8.1
2022-09-18,Narok,0.0,23.4,9.3
2022-09-19,Narok ,9.3,23.0,10.1
2022-09-20,Narok,0.7,25.0,10.7
2022-09-21,narok,0.0,24.3,10.8
2022-09-22,Narok,0.0,24.4,10.3
2022-09-23,Narok,31.6,20.6,9.9
2022-09-24,Narok,24.4,21.2,10.8
2022-09-25,Narok,0.0,23.5,12.6
2022-09-26,NAROK,0.0,23.5,10.3
2022-09-27,Narok,0.0,22.7,11.2
2022-09-28,Narok,0.0,24.5,10.2
2022-09-29,Narok,0.0,24.8,10.6
2022-09-30,narok,4.9,22.9,9.6
2022-10-01,Narok,0.0,27.0,10.5
2022-10-02,NAROK,1.6,23.0,10.5
2022-10-03,Narok,0.0,25.6,9.9
2022-10-04,Narok,0.0,24.7,10.4
2022-10-05,narok,0.0,23.6,10.0
2022-10-06,Narok,2.3,22.2,11.3
2022-10-07,Narok,0.0,23.3,10.5
2022-10-08,Narok,0.0,22.7,10.2
2022-10-09,narok,34.9,,10.9
2022-10-10,Narok,0.0,24.5,10.2
2022-10-11,Narok,0.0,23.2,11.2
2022-10-12,Narok,0.0,21.9,9.8
2022-10-13,Narok,24.2,22.4,8.9
2022-10-14,Narok,0.0,23.0,9.2
2022-10-15,Narok,,24.3,9.6
2022-10-16,Narok,0.0,25.5,10.9
2022-10-17,Narok,6.2,24.6,10.8
2022-10-18,Narok,10.2,20.8,
2022-10-19,Narok,6.3,21.7,11.3
2022-10-20,Narok,23.0,19.3,9.3
2022-10-21,NAROK,,24.1,9.2
2022-10-22,Narok,0.0,23.5,9.4
2022-10-23,Narok,0.0,24.3,9.0
2022-10-24,Narok,0.0,26.6,9.8
2022-10-25,Narok,0.0,24.2,8.4
2022-10-26,Narok,0.0,23.2,9.7
2022-10-27,Narok,0.0,20.8,10.1
2022-10-28,Narok,0.0,23.9,9.4
2022-10-29,narok,0.0,22.2,8.5
2022-10-30,Narok,0.0,23.0,9.4
2022-10-31,Narok,0.0,22.1,10.5
2022-11-01,Narok,0.0,23.9,10.0
2022-11-02,Narok,0.0,21.8,9.5
2022-11-03,Narok,8.8,20.8,10.3
2022-11-04,Narok,14.8,21.8,10.2
2022-11-05,Narok,0.0,21.5,10.5
2022-11-06,Narok,,23.9,9.2
2022-11-07,Narok,28.4,21.2,9.6
2022-11-08,narok,21.5,22.7,10.3
2022-11-09,Narok,67.9,23.2,8.9
2022-11-10,Narok,0.0,22.3,9.8
2022-11-11,Narok,3.2,24.3,9.5
2022-11-12,Narok,0.0,24.2,8.1
2022-11-13,Narok,0.0,24.9,10.9
2022-11-14,Narok,6.5,21.6,10.6
2022-11-15,Narok,3.6,21.6,8.3
2022-11-16,Narok,0.0,24.9,9.8
2022-11-17,Narok,0.0,22.1,10.5
2022-11-18,Narok,0.3,23.8,9.3
2022-11-19,Narok ,0.0,21.1,9.9
2022-11-20,Narok,0.0,20.8,10.5
2022-11-21,Narok,3.5,22.4,8.1
2022-11-22,Narok,0.0,23.8,7.9
2022-11-23,Narok,2.7,22.4,8.3
2022-11-24,Narok,6.0,19.6,8.8
2022-11-25,Narok,11.6,21.6,9.6
2022-11-26,Narok,3.3,23.1,10.7
2022-11-27,Narok ,2.2,22.9,8.2
2022-11-28,Narok,0.8,24.8,10.5
2022-11-29,Narok,13.2,21.1,9.9
2022-11-30,Narok,0.0,23.7,8.0
2022-12-01,Narok,21.6,23.8,10.0
2022-12-02,Narok,1.6,25.9,10.2
2022-12-03,Narok,0.0,25.0,10.8
2022-12-04,Narok,0.0,20.3,11.1
2022-12-05,Narok,0.0,22.1,7.7
2022-12-06,narok,0.0,22.7,9.2
2022-12-07,Narok,0.0,21.5,9.6
2022-12-08,Narok,0.0,24.2,9.6
2022-12-09,Narok,0.0,26.0,11.9
2022-12-10,Narok,0.0,22.7,9.4
2022-12-11,Narok,0.0,22.9,9.5
2022-12-12,Narok,0.0,23.0,9.8
2022-12-13,Narok,0.0,22.4,8.7
2022-12-14,Narok,0.0,22.1,10.6
2022-12-15,Narok,6.3,21.4,9.0
2022-12-16,Narok,0.0,24.2,9.6
2022-12-17,Narok,0.0,21.8,10.8
2022-12-18,Narok,,19.8,8.6
2022-12-19,Narok,0.0,23.1,9.0
2022-12-20,Narok,0.0,20.2,8.5
2022-12-21,Narok ,27.6,22.3,7.2
2022-12-22,Narok,27.7,21.5,8.5
2022-12-23,Narok,0.0,22.5,11.0
2022-12-24,Narok,0.0,23.1,10.0
2022-12-25,Narok,20.7,20.9,11.5
2022-12-26,Narok,0.0,20.3,9.4
2022-12-27,Narok,0.0,23.3,9.1
2022-12-28,NAROK,13.0,22.8,9.0
2022-12-29,Narok,28.7,20.1,10.2
2022-12-30,narok,35.3,21.9,8.7
2022-12-31,Narok,0.0,23.9,10.4
2023-01-01,Narok,0.0,24.7,9.8
2023-01-02,Narok,0.0,24.6,8.1
2023-01-03,Narok,0.0,22.6,8.1
2023-01-04,Narok,0.0,22.9,9.5
2023-01-05,Narok,0.0,23.0,11.6
2023-01-06,Narok,7.3,20.4,10.0
2023-01-07,Narok,0.0,24.2,11.5
2023-01-08,Narok,0.0,23.1,10.3
2023-01-09,Narok,5.3,24.1,10.4
2023-01-10,Narok,0.0,25.7,8.3
2023-01-11,Narok,0.0,23.7,10.4
2023-01-12,narok,0.9,25.5,9.8
2023-01-13,Narok,0.0,21.9,9.5
2023-01-14,narok,0.0,26.5,9.6
2023-01-15,Narok,0.0,28.1,9.5
2023-01-16,Narok,0.0,23.7,9.6
2023-01-17,Narok,0.0,25.8,12.0
2023-01-18,Narok,0.0,22.3,9.5
2023-01-19,Narok,0.0,24.8,9.7
2023-01-20,Narok,0.0,20.5,11.4
2023-01-21,Narok,0.0,21.9,9.5
2023-01-22,Narok,2.5,23.6,10.9
2023-01-23,Narok,0.0,25.4,11.0
2023-01-24,Narok,0.0,24.7,10.0
2023-01-25,Narok,0.0,,10.7
2023-01-26,narok,0.0,27.1,10.0
2023-01-27,Narok,0.0,21.0,9.7
2023-01-28,Narok,0.0,25.9,10.5
2023-01-29,Narok,0.0,22.8,8.7
2023-01-30,Narok,0.0,22.1,10.1
2023-01-31,Narok,0.0,22.5,9.8
2023-02-01,Narok,0.0,22.6,9.4
2023-02-02,Narok,0.0,26.0,11.2
2023-02-03,Narok,0.0,21.6,9.1
2023-02-04,Narok,0.0,26.7,8.7
2023-02-05,Narok,0.0,24.3,9.6
2023-02-06,Narok,19.8,22.8,11.3
2023-02-07,Narok,0.0,22.9,8.0
2023-02-08,Narok,0.4,21.6,10.8
2023-02-09,Narok,0.0,23.6,9.7
2023-02-10,Narok ,0.0,21.4,8.9
2023-02-11,Narok,0.0,22.4,10.8
2023-02-12,Narok,0.0,25.6,10.9
2023-02-13,Narok,0.0,22.2,10.5
2023-02-14,narok,0.0,23.3,10.0
2023-02-15,Narok,0.0,27.3,11.2
2023-02-16,Narok,0.0,23.2,11.6
2023-02-17,Narok,0.0,25.5,11.7
2023-02-18,Narok,0.0,24.5,
2023-02-19,Narok,0.0,23.8,10.8
2023-02-20,Narok,17.5,20.3,10.9
2023-02-21,Narok,0.0,24.3,11.0
2023-02-22,Narok,0.0,25.2,11.1
2023-02-23,Narok,0.0,22.8,9.7
2023-02-24,Narok,0.0,23.1,10.6
2023-02-25,Narok,0.0,21.9,9.4
2023-02-26,Narok,0.0,24.2,10.1
2023-02-27,Narok,0.0,24.9,9.1
2023-02-28,NAROK,0.0,25.5,9.5
2023-03-01,NAROK,1.1,27.0,12.1
2023-03-02,Narok,0.0,21.5,10.2
2023-03-03,Narok,0.0,23.7,10.6
2023-03-04,Narok,0.1,24.4,9.8
2023-03-05,Narok,,23.8,11.6
2023-03-06,Narok,0.0,24.8,9.9
2023-03-07,Narok,0.0,25.2,9.5
2023-03-08,Narok,0.0,25.5,9.9
2023-03-09,Narok,0.0,22.8,10.6
2023-03-10,Narok,0.0,24.5,11.5
2023-03-11,Narok,0.0,26.6,9.9
2023-03-12,Narok,8.8,24.4,10.8
2023-03-13,Narok,46.4,23.4,10.2
2023-03-14,Narok,0.0,26.2,12.1
2023-03-15,Narok,0.0,24.1,11.2
2023-03-16,Narok,1.5,23.2,7.5
2023-03-17,Narok,0.0,25.7,9.5
2023-03-18,Narok,,22.5,9.3
2023-03-19,NAROK,0.0,23.2,10.6
2023-03-20,Narok,0.0,24.3,11.2
2023-03-21,Narok,2.6,26.0,9.6
2023-03-22,Narok,0.0,25.4,11.2
2023-03-23,Narok,0.0,24.2,10.8
2023-03-24,Narok,0.0,25.2,12.3
2023-03-25,Narok,12.8,20.9,11.2
2023-03-26,Narok,0.0,24.1,11.4
2023-03-27,Narok,0.0,24.1,8.9
2023-03-28,Narok,0.0,24.2,11.4
2023-03-29,Narok,0.0,26.2,11.1
2023-03-30,Narok,12.0,23.7,10.1
2023-03-31,Narok,16.6,25.6,9.6
2023-04-01,Narok ,14.0,23.4,8.7
2023-04-02,Narok,16.4,26.9,12.1
2023-04-03,Narok,0.0,26.7,11.0
2023-04-04,Narok,7.8,23.3,11.0
2023-04-05,Narok ,3.6,27.1,12.7
2023-04-06,Narok,6.0,22.1,9.2
2023-04-07,Narok,0.0,25.8,11.1
2023-04-08,Narok,2.0,25.1,11.2
2023-04-09,Narok,0.0,25.2,10.7
2023-04-10,Narok,1.7,23.6,9.6
2023-04-11,Narok,0.0,25.9,12.3
2023-04-12,Narok,7.2,23.7,10.9
2023-04-13,Narok,1.1,26.2,11.2
2023-04-14,Narok,26.2,24.6,12.5
2023-04-15,Narok,0.0,26.0,11.9
2023-04-16,Narok,6.8,24.1,11.4
2023-04-17,narok,0.0,24.0,9.8
2023-04-18,Narok,0.0,26.6,9.0
2023-04-19,Narok,30.0,22.8,11.0
2023-04-20,Narok,-999,25.4,
2023-04-21,Narok,0.0,25.0,10.7
2023-04-22,Narok,7.8,26.5,12.2
2023-04-23,Narok,0.0,27.0,12.4
2023-04-24,Narok,0.9,26.6,10.1
2023-04-25,Narok,9.5,26.5,11.2
2023-04-26,Narok,0.0,27.7,11.9
2023-04-27,Narok,0.0,24.2,11.4
2023-04-28,Narok,0.0,24.6,12.4
2023-04-29,Narok,0.0,27.1,12.1
2023-04-30,Narok,4.3,24.1,10.5
2023-05-01,Narok,13.6,24.7,11.0
2023-05-02,Narok,0.0,26.6,11.7
2023-05-03,Narok,23.6,25.0,13.2
2023-05-04,Narok,0.0,24.0,10.7
2023-05-05,Narok,0.0,26.3,10.6
2023-05-06,Narok,9.6,,9.9
2023-05-07,Narok,7.1,26.0,11.6
2023-05-08,Narok,9.9,24.7,12.7
2023-05-09,Narok,0.0,25.8,12.4
2023-05-10,NAROK,17.9,20.4,12.6
2023-05-11,Narok,18.6,24.0,11.9
2023-05-12,Narok,0.0,26.0,12.1
2023-05-13,NAROK,8.1,23.7,11.7
2023-05-14,Narok,11.5,25.3,9.9
2023-05-15,Narok,0.0,22.8,11.5
2023-05-16,Narok,17.0,24.3,10.8
2023-05-17,Narok,4.1,25.3,10.3
2023-05-18,Narok,4.0,26.5,11.3
2023-05-19,NAROK,12.8,24.1,11.5
2023-05-20,narok,20.6,23.1,10.8
2023-05-21,Narok,0.0,24.6,12.1
2023-05-22,NAROK,0.0,26.7,10.8
2023-05-23,Narok,0.0,26.7,10.9
2023-05-24,Narok,0.0,29.2,11.7
2023-05-25,Narok,29.8,23.4,13.4
2023-05-26,Narok,36.1,23.8,12.4
2023-05-27,Narok,0.0,25.3,12.1
2023-05-28,narok,19.4,22.7,11.4
2023-05-29,Narok,0.0,25.6,11.5
2023-05-30,Narok,0.0,,
2023-05-31,Narok,8.8,23.9,10.9
2023-06-01,Narok,0.0,25.8,11.9
2023-06-02,NAROK,10.1,23.3,11.8
2023-06-03,Narok,0.0,27.4,11.8
2023-06-04,Narok,16.6,24.1,12.1
2023-06-05,Narok,0.0,26.2,12.3
2023-06-06,Narok,0.0,24.0,13.7
2023-06-07,Narok,0.0,26.9,10.4
2023-06-08,Narok,0.0,25.3,12.3
2023-06-09,Narok,0.0,22.1,13.0
2023-06-10,Narok,0.0,24.8,11.1
2023-06-11,Narok,0.0,27.2,11.7
2023-06-12,Narok,0.0,24.5,11.4
2023-06-13,narok,9.0,27.4,11.9
2023-06-14,Narok,0.0,25.9,11.3
2023-06-15,Narok ,0.0,26.1,8.4
2023-06-16,Narok,0.0,28.7,11.9
2023-06-17,Narok,5.4,22.4,10.7
2023-06-18,Narok ,0.0,25.4,12.1
2023-06-19,Narok,0.0,26.3,11.1
2023-06-20,Narok,0.0,23.8,11.8
2023-06-21,Narok ,0.0,26.4,11.1
2023-06-22,Narok,0.0,27.1,11.4
2023-06-23,narok,11.8,25.2,11.6
2023-06-24,Narok,9.1,24.4,11.6
2023-06-25,Narok,0.0,25.5,11.9
2023-06-26,Narok,0.0,26.5,10.9
2023-06-27,Narok,0.0,24.1,11.8
2023-06-28,Narok,0.0,23.9,10.5
2023-06-29,NAROK,0.0,24.4,12.4
2023-06-30,Narok,0.0,25.4,12.3
2023-07-01,Narok,0.0,26.7,9.4
2023-07-02,Narok,0.0,27.3,9.9
2023-07-03,Narok,0.0,24.4,13.3
2023-07-04,Narok,0.0,25.2,12.6
2023-07-05,Narok,0.0,23.9,11.4
2023-07-06,Narok ,0.0,27.7,10.9
2023-07-07,Narok,0.0,24.5,10.2
2023-07-08,Narok,0.0,26.4,11.1
2023-07-09,Narok,4.2,26.2,10.3
2023-07-10,Narok,4.9,24.7,12.4
2023-07-11,Narok,4.3,28.3,11.3
2023-07-12,Narok,0.0,23.7,10.5
2023-07-13,Narok,16.8,24.7,11.7
2023-07-14,Narok,0.0,26.3,11.3
2023-07-15,Narok,0.0,27.5,9.8
2023-07-16,Narok,0.0,26.9,11.1
2023-07-17,Narok,0.0,26.6,10.2
2023-07-18,Narok,10.4,26.8,11.2
2023-07-19,Narok,0.0,24.5,11.3
2023-07-20,Narok,0.0,25.7,10.8
2023-07-21,Narok,0.0,26.1,9.8
2023-07-22,Narok,0.0,23.1,10.5
2023-07-23,Narok,12.6,21.9,11.0
2023-07-24,Narok,0.0,25.0,10.5
2023-07-25,Narok,3.1,24.3,11.3
2023-07-26,Narok,0.0,26.5,12.8
2023-07-27,Narok,2.4,26.4,11.4
2023-07-28,Narok,0.0,26.6,9.5
2023-07-29,Narok,4.7,26.0,11.0
2023-07-30,Narok,0.0,24.2,11.4
2023-07-31,narok,0.0,27.1,10.4
2023-08-01,Narok,0.0,24.7,10.4
2023-08-02,Narok,0.0,28.2,11.2
2023-08-03,Narok,0.0,26.5,10.3
2023-08-04,Narok,0.0,26.8,12.0
2023-08-05,Narok,0.0,23.8,9.7
2023-08-06,Narok,0.0,25.9,13.7
2023-08-07,Narok,8.5,24.0,10.7
2023-08-08,Narok,0.0,25.0,10.1
2023-08-09,Narok,0.0,24.5,9.8
2023-08-10,Narok,0.0,23.7,11.1
2023-08-11,Narok,0.0,25.7,9.8
2023-08-12,Narok,0.0,27.3,10.2
2023-08-13,Narok,0.0,22.4,11.7
2023-08-14,Narok,,27.0,9.4
2023-08-15,Narok,0.0,25.7,12.7
2023-08-16,Narok,0.0,24.8,12.6
2023-08-17,Narok,0.0,28.1,11.0
2023-08-18,narok,0.0,25.3,9.6
2023-08-19,Narok,0.0,26.0,10.8
2023-08-20,NAROK,0.0,27.1,11.8
2023-08-21,Narok,0.0,28.3,11.0
2023-08-22,Narok,0.0,26.1,11.1
2023-08-23,Narok,0.0,23.8,11.2
2023-08-24,Narok,0.0,24.4,12.1
2023-08-25,Narok,0.0,24.4,9.6
2023-08-26,Narok,0.0,25.0,9.5
2023-08-27,Narok,0.0,23.8,10.1
2023-08-28,Narok,4.7,25.9,10.1
2023-08-29,Narok,10.7,20.1,8.9
2023-08-30,Narok,,26.8,10.2
2023-08-31,Narok,0.0,24.9,12.9
2023-09-01,Narok,0.0,23.6,12.3
2023-09-02,Narok,0.0,25.5,10.7
2023-09-03,Narok,14.3,23.1,11.0
2023-09-04,Narok,0.0,25.3,10.1
2023-09-05,Narok,0.0,26.3,9.4
2023-09-06,Narok,0.0,25.0,11.2
2023-09-07,Narok,0.0,27.1,10.8
2023-09-08,Narok,0.0,27.1,9.4
2023-09-09,Narok,0.0,22.7,10.6
2023-09-10,Narok,0.0,25.3,8.8
2023-09-11,Narok,0.0,23.7,8.9
2023-09-12,Narok ,0.0,23.5,11.6
2023-09-13,Narok,0.0,26.6,9.9
2023-09-14,Narok,19.2,19.9,8.7
2023-09-15,Narok,0.0,,12.0
2023-09-16,Narok,0.0,22.2,10.6
2023-09-17,narok,0.0,22.6,9.9
2023-09-18,Narok,0.0,26.2,
2023-09-19,Narok,0.0,23.7,8.7
2023-09-20,Narok,0.0,24.4,11.1
2023-09-21,narok,0.2,24.3,9.8
2023-09-22,narok,0.0,21.0,10.5
2023-09-23,Narok,0.0,24.2,9.5
2023-09-24,Narok,0.0,25.8,9.5
2023-09-25,Narok,5.2,21.5,9.4
2023-09-26,Narok,0.0,28.5,10.0
2023-09-27,Narok,0.0,21.5,11.4
2023-09-28,narok,,21.1,10.2
2023-09-29,Narok,0.0,21.7,10.6
2023-09-30,Narok,0.0,23.4,10.1
2023-10-01,Narok,0.0,23.1,9.5
2023-10-02,narok,0.0,23.1,8.2
2023-10-03,Narok,6.3,22.0,9.8
2023-10-04,narok,0.0,23.8,9.7
2023-10-05,Narok,11.4,20.6,11.1
2023-10-06,Narok,0.0,22.2,11.0
2023-10-07,Narok,0.0,25.2,10.3
2023-10-08,Narok,0.0,24.6,10.2
2023-10-09,Narok,3.9,22.5,10.3
2023-10-10,Narok,1.9,24.8,8.6
2023-10-11,Narok,0.0,23.3,8.4
2023-10-12,Narok,0.0,21.4,10.7
2023-10-13,Narok,0.0,23.2,10.5
2023-10-14,Narok,14.6,19.2,9.6
2023-10-15,Narok,0.0,21.0,9.6
2023-10-16,Narok,6.1,22.4,10.5
2023-10-17,Narok,6.1,24.4,10.1
2023-10-18,Narok,0.0,24.1,9.1
2023-10-19,Narok,5.4,23.9,10.6
2023-10-20,Narok,24.9,22.9,10.1
2023-10-21,Narok,0.0,22.1,8.4
2023-10-22,Narok,0.0,23.3,9.3
2023-10-23,Narok,0.0,24.5,10.6
2023-10-24,Narok,0.0,21.6,10.9
2023-10-25,Narok,0.0,23.6,9.7
2023-10-26,Narok,0.0,23.5,10.3
2023-10-27,Narok,0.0,25.2,10.4
2023-10-28,Narok,0.0,20.8,11.3
2023-10-29,Narok,0.0,22.4,8.3
2023-10-30,Narok,0.0,22.1,11.7
2023-10-31,Narok,0.0,21.3,8.3
2023-11-01,Narok,0.0,22.0,8.8
2023-11-02,Narok,5.8,17.7,10.8
2023-11-03,Narok,0.0,23.3,9.9
2023-11-04,Narok,0.0,22.3,11.0
2023-11-05,Narok,19.9,20.7,9.1
2023-11-06,Narok,1.1,22.6,10.2
2023-11-07,Narok,0.0,20.9,9.1
2023-11-08,Narok,4.9,22.4,9.8
2023-11-09,Narok,5.0,23.3,11.2
2023-11-10,Narok,10.3,20.1,11.2
2023-11-11,Narok,0.0,22.3,9.9
2023-11-12,Narok,8.7,21.1,9.5
2023-11-13,Narok,5.1,20.1,10.4
2023-11-14,Narok,0.0,22.1,10.2
2023-11-15,Narok,25.0,20.4,9.0
2023-11-16,Narok,33.7,21.5,8.6
2023-11-17,Narok,0.0,23.0,10.0
2023-11-18,Narok,0.0,23.1,8.5
2023-11-19,NAROK,17.0,19.7,9.3
2023-11-20,Narok,0.0,22.8,9.4
2023-11-21,Narok,0.0,20.7,9.9
2023-11-22,Narok,0.0,22.3,8.6
2023-11-23,Narok,0.0,23.8,8.9
2023-11-24,Narok,0.0,25.0,10.3
2023-11-25,Narok,0.0,24.7,9.5
2023-11-26,Narok,0.0,25.4,9.4
2023-11-27,Narok,0.0,26.4,8.8
2023-11-28,Narok,37.2,20.3,8.0
2023-11-29,Narok,0.0,23.3,9.2
2023-11-30,Narok,2.6,24.4,8.2
2023-12-01,Narok,0.0,27.0,9.3
2023-12-02,Narok,0.0,21.5,11.7
2023-12-03,Narok,11.1,22.1,10.8
2023-12-04,Narok,0.0,23.7,8.3
2023-12-05,Narok,14.0,20.4,9.1
2023-12-06,Narok,0.0,22.8,10.1
2023-12-07,Narok,0.0,23.8,9.6
2023-12-08,Narok,0.0,21.9,9.5
2023-12-09,Narok,0.0,23.9,8.1
2023-12-10,Narok,0.0,23.1,10.7
2023-12-11,Narok,30.6,19.5,9.5
2023-12-12,Narok,0.0,24.1,9.8
2023-12-13,Narok,0.0,22.4,8.9
2023-12-14,Narok,,22.4,
2023-12-15,Narok,0.0,24.3,8.6
2023-12-16,Narok,0.0,25.2,9.8
2023-12-17,Narok,0.0,22.4,8.6
2023-12-18,Narok,33.0,20.5,10.5
2023-12-19,Narok,0.0,22.4,8.9
2023-12-20,Narok,0.0,23.3,7.7
2023-12-21,Narok,3.5,22.6,9.7
2023-12-22,Narok,0.0,22.0,10.2
2023-12-23,Narok,3.9,23.3,11.2
2023-12-24,Narok,5.3,,9.1
2023-12-25,Narok,29.0,22.1,9.6
2023-12-26,Narok,0.0,22.7,9.6
2023-12-27,Narok,0.0,24.2,8.7
2023-12-28,Narok,19.4,19.4,10.7
2023-12-29,Narok,0.0,24.8,8.9
2023-12-30,NAROK,0.0,23.0,9.9
2023-12-31,Narok,4.2,22.7,8.7
2024-01-01,Narok,0.0,26.8,9.7
2024-01-02,Narok,0.0,22.4,9.4
2024-01-03,Narok,0.0,25.5,10.1
2024-01-04,narok,0.0,22.7,8.2
2024-01-05,Narok,,22.2,9.9
2024-01-06,Narok,0.0,21.8,8.6
2024-01-07,Narok,0.0,24.5,10.1
2024-01-08,Narok,0.0,26.2,9.8
2024-01-09,Narok,0.0,23.6,9.6
2024-01-10,Narok,0.0,22.7,8.6
2024-01-11,Narok,0.0,24.7,9.7
2024-01-12,Narok,0.0,23.5,9.7
2024-01-13,Narok,0.0,23.7,10.1
2024-01-14,Narok,0.0,23.0,8.9
2024-01-15,Narok,4.1,23.7,9.2
2024-01-16,Narok,0.0,23.5,9.2
2024-01-17,NAROK,0.0,24.5,10.1
2024-01-18,Narok,0.0,24.9,11.0
2024-01-19,Narok,2.7,22.6,10.2
2024-01-20,Narok,0.0,21.1,11.1
2024-01-21,Narok,0.0,23.7,10.3
2024-01-22,Narok,0.0,19.9,11.0
2024-01-23,Narok,0.0,23.5,9.2
2024-01-24,Narok,0.0,24.2,9.3
2024-01-25,Narok,0.0,25.9,10.7
2024-01-26,Narok,0.0,23.0,11.3
2024-01-27,Narok,0.0,22.0,10.4
2024-01-28,Narok,0.0,25.4,
2024-01-29,Narok,0.0,24.4,9.4
2024-01-30,Narok,0.0,23.9,7.5
2024-01-31,Narok,0.0,23.7,10.9
2024-02-01,Narok,0.0,21.3,9.2
2024-02-02,Narok,0.0,25.1,9.9
2024-02-03,NAROK,0.0,22.0,8.7
2024-02-04,Narok,0.0,26.3,9.0
2024-02-05,Narok,0.0,23.9,9.5
2024-02-06,Narok,0.0,21.0,10.4
2024-02-07,Narok,0.0,22.2,9.5
2024-02-08,Narok,0.0,24.4,9.7
2024-02-09,Narok,0.0,24.4,10.0
2024-02-10,Narok,0.0,25.2,10.0
2024-02-11,Narok ,0.0,23.8,8.7
2024-02-12,Narok,0.0,23.8,11.1
2024-02-13,Narok,0.0,22.8,9.6
2024-02-14,Narok,0.0,26.8,9.6
2024-02-15,Narok,0.0,24.0,10.9
2024-02-16,Narok,0.0,25.5,9.3
2024-02-17,Narok,0.0,26.1,10.8
2024-02-18,NAROK,0.0,24.3,10.1
2024-02-19,Narok,15.7,23.3,10.9
2024-02-20,Narok,0.0,21.1,10.1
2024-02-21,Narok,0.0,24.4,11.3
2024-02-22,Narok,0.0,22.7,13.4
2024-02-23,Narok,0.0,24.8,9.1
2024-02-24,Narok,0.0,25.4,11.5
2024-02-25,Narok,0.0,24.6,10.5
2024-02-26,Narok,0.0,23.5,8.4
2024-02-27,Narok,0.0,25.5,11.0
2024-02-28,Narok,0.0,23.8,9.0
2024-02-29,Narok,0.0,25.2,10.2
2024-03-01,Narok,9.5,24.6,
2024-03-02,Narok,0.0,24.4,11.9
2024-03-03,Narok,1.6,28.3,12.3
2024-03-04,Narok,0.0,24.6,9.2
2024-03-05,Narok,0.0,25.3,10.8
2024-03-06,Narok,5.9,25.2,10.8
2024-03-07,Narok,42.9,24.4,11.6
2024-03-08,Narok,0.0,25.8,11.4
2024-03-09,Narok,0.0,28.2,10.8
2024-03-10,Narok,2.0,25.5,10.6
2024-03-11,Narok,0.0,25.0,10.3
2024-03-12,Narok,0.0,25.5,9.7
2024-03-13,Narok,8.8,21.8,13.0
2024-03-14,Narok,0.0,28.0,12.3
2024-03-15,NAROK,5.2,22.3,11.0
2024-03-16,Narok,0.0,24.4,9.3
2024-03-17,Narok,0.0,25.6,10.2
2024-03-18,Narok,0.0,23.6,11.5
2024-03-19,Narok,0.0,25.6,11.6
2024-03-20,Narok,,23.9,11.4
2024-03-21,Narok,0.0,26.2,11.1
2024-03-22,Narok,1.0,22.3,11.4
2024-03-23,Narok,0.0,22.4,10.5
2024-03-24,Narok,0.0,26.2,11.6
2024-03-25,Narok,48.3,11.2,22.8
2024-03-26,Narok,0.0,24.3,10.3
2024-03-27,Narok,2.2,24.8,10.7
2024-03-28,Narok,0.0,27.3,12.3
2024-03-29,Narok ,0.0,26.5,12.4
2024-03-30,Narok,0.0,23.9,10.7
2024-03-31,Narok,0.0,24.6,10.8
2024-04-01,Narok,0.0,26.8,11.2
2024-04-02,Narok,0.0,25.8,9.8
2024-04-03,Narok,0.0,26.9,11.4
2024-04-04,Narok,0.0,22.8,11.2
2024-04-05,narok,0.4,27.2,10.5
2024-04-06,Narok,0.0,24.4,10.7
2024-04-07,Narok,5.3,22.5,11.3
2024-04-08,Narok,0.0,25.8,12.0
2024-04-09,Narok,0.0,25.6,13.3
2024-04-10,Narok,0.0,26.7,12.6
2024-04-11,Narok,5.1,22.0,12.6
2024-04-12,Narok,0.0,23.5,11.0
2024-04-13,Narok,13.4,23.4,11.5
2024-04-14,Narok,0.0,29.2,9.7
2024-04-15,Narok,0.0,25.9,10.1
2024-04-16,Narok,26.0,24.0,10.7
2024-04-17,Narok ,25.0,21.7,11.0
2024-04-18,Narok,1.5,24.6,11.2
2024-04-19,Narok,1.1,22.1,10.8
2024-04-20,narok,0.9,27.7,9.0
2024-04-21,Narok,0.0,29.7,10.6
2024-04-22,Narok,3.7,26.0,10.5
2024-04-23,Narok,0.0,24.3,12.4
2024-04-24,Narok,0.0,27.2,10.3
2024-04-25,Narok,0.0,22.9,12.3
2024-04-26,Narok,-999,26.6,10.4
2024-04-27,Narok,0.0,25.3,12.1
2024-04-28,Narok,10.7,23.3,11.2
2024-04-29,Narok,37.7,21.7,11.2
2024-04-30,Narok,1.6,25.8,12.4
2024-05-01,Narok,42.3,22.9,12.0
2024-05-02,Narok,0.0,26.6,11.5
2024-05-03,Narok,0.0,24.8,13.1
2024-05-04,Narok,2.1,23.7,10.6
2024-05-05,Narok,,26.1,10.1
2024-05-06,Narok,12.0,24.5,11.8
2024-05-07,Narok,15.8,24.8,11.4
2024-05-08,narok,27.6,24.4,9.8
2024-05-09,Narok,,25.6,10.6
2024-05-10,Narok,0.0,24.8,10.5
2024-05-11,NAROK,2.0,26.0,11.4
2024-05-12,Narok,14.6,21.9,12.3
2024-05-13,narok,0.0,,12.3
2024-05-14,Narok,2.4,25.0,10.8
2024-05-15,Narok,0.0,25.6,10.6
2024-05-16,Narok,0.0,24.8,12.1
2024-05-17,Narok,7.5,24.6,12.9
2024-05-18,Narok,9.7,23.8,10.7
2024-05-19,Narok,21.5,21.7,11.0
2024-05-20,Narok,0.0,24.2,12.1
2024-05-21,Narok,24.0,23.3,11.6
2024-05-22,Narok,0.0,11.3,26.7
2024-05-23,Narok,0.0,24.6,10.9
2024-05-24,Narok,0.4,24.1,10.8
2024-05-25,Narok ,0.0,25.1,12.0
2024-05-26,Narok,6.2,24.9,11.5
2024-05-27,Narok,0.0,28.8,12.5
2024-05-28,Narok,0.0,23.6,13.0
2024-05-29,Narok,0.0,26.2,12.3
2024-05-30,Narok,0.0,28.8,11.9
2024-05-31,Narok,49.0,23.8,12.5
2024-06-01,Narok,0.0,25.0,11.1
2024-06-02,Narok,0.0,26.9,10.2
2024-06-03,narok,4.8,24.1,12.4
2024-06-04,NAROK,7.5,24.1,13.1
2024-06-05,Narok,2.4,25.5,12.7
2024-06-06,NAROK,0.0,25.9,9.8
2024-06-07,Narok,0.0,27.1,11.6
2024-06-08,Narok,0.0,26.5,10.3
2024-06-09,Narok,0.0,24.8,12.9
2024-06-10,Narok,8.9,24.4,12.2
2024-06-11,Narok,5.1,25.3,9.7
2024-06-12,Narok,0.0,25.6,14.7
2024-06-13,Narok,0.0,29.6,10.8
2024-06-14,Narok,4.5,25.5,10.5
2024-06-15,Narok,19.1,26.7,12.8
2024-06-16,narok,0.0,25.2,12.3
2024-06-17,Narok,0.0,24.8,11.7
2024-06-18,Narok,49.9,24.4,12.9
2024-06-19,NAROK,19.2,23.8,11.0
2024-06-20,Narok,0.0,24.5,10.4
2024-06-21,Narok,0.0,24.4,10.6
2024-06-22,Narok,0.0,26.6,13.7
2024-06-23,Narok,0.0,28.1,13.2
2024-06-24,Narok,2.7,26.8,11.6
2024-06-25,Narok,0.0,27.3,11.6
2024-06-26,Narok,0.0,26.7,11.4
2024-06-27,Narok,0.0,24.0,11.0
2024-06-28,Narok,0.0,26.4,12.5
2024-06-29,Narok,1.4,23.8,10.6
2024-06-30,Narok,0.0,23.0,13.2
2024-07-01,Narok,0.0,28.5,11.2
2024-07-02,Narok,16.3,24.3,11.1
2024-07-03,Narok,0.0,29.1,10.5
2024-07-04,Narok,0.0,24.0,9.9
2024-07-05,Narok,0.0,25.8,11.3
2024-07-06,Narok,0.0,26.2,11.9
2024-07-07,Narok,0.0,23.6,10.5
2024-07-08,Narok,0.0,27.7,
2024-07-09,NAROK,0.0,23.1,12.5
2024-07-10,Narok,0.0,26.2,12.0
2024-07-11,Narok,0.0,22.3,11.2
2024-07-12,Narok,0.0,25.7,11.7
2024-07-13,Narok,0.0,26.7,9.9
2024-07-14,Narok,0.0,24.1,9.9
2024-07-15,Narok,0.0,24.3,10.0
2024-07-16,Narok,0.0,25.5,9.5
2024-07-17,Narok,0.0,26.1,12.1
2024-07-18,Narok,0.0,23.8,11.8
2024-07-19,Narok,1.8,24.1,11.0
2024-07-20,narok,0.0,27.4,
2024-07-21,Narok,0.0,24.4,10.8
2024-07-22,Narok,0.0,26.7,13.2
2024-07-23,Narok ,15.7,25.0,10.3
2024-07-24,Narok,0.0,27.5,12.2
2024-07-25,Narok,0.0,26.5,11.6
2024-07-26,Narok,trace,27.5,11.3
2024-07-27,NAROK,20.6,23.6,11.4
2024-07-28,NAROK,0.0,26.3,10.4
2024-07-29,Narok,0.0,22.4,10.9
2024-07-30,Narok,0.0,23.9,12.4
2024-07-31,Narok,0.0,27.5,13.2
2024-08-01,Narok,0.0,29.0,11.3
2024-08-02,NAROK,0.0,25.1,9.9
2024-08-03,Narok,0.0,26.2,11.1
2024-08-04,Narok,0.0,23.9,13.9
2024-08-05,Narok,0.0,25.8,9.5
2024-08-06,NAROK,0.0,27.0,11.3
2024-08-07,Narok,0.0,25.6,11.3
2024-08-08,NAROK,0.0,24.4,10.3
2024-08-09,Narok,0.0,25.6,10.0
2024-08-10,Narok,0.9,25.1,11.2
2024-08-11,Narok,0.0,24.2,10.7
2024-08-12,Narok,0.0,20.2,8.6
2024-08-13,Narok,0.0,25.6,11.0
2024-08-14,Narok,0.0,25.5,10.6
2024-08-15,Narok,0.0,24.3,8.4
2024-08-16,Narok,0.0,24.6,9.6
2024-08-17,Narok,0.0,24.1,11.2
2024-08-18,Narok,1.6,24.7,11.5
2024-08-19,Narok,0.0,23.6,8.6
2024-08-20,Narok,0.0,25.0,10.0
2024-08-21,NAROK,23.1,23.1,10.7
2024-08-22,Narok,0.0,21.6,11.7
2024-08-23,Narok,0.0,23.4,11.6
2024-08-24,Narok,8.2,21.9,8.7
2024-08-25,Narok,0.0,26.6,10.1
2024-08-26,Narok,2.6,24.3,10.5
2024-08-27,Narok,3.9,24.9,9.8
2024-08-28,Narok,0.0,10.3,24.9
2024-08-29,Narok,0.0,23.9,9.2
2024-08-30,Narok,0.0,23.6,10.1
2024-08-31,Narok,0.0,26.4,10.3
2024-09-01,Narok,0.0,22.6,10.6
2024-09-02,Narok,0.0,26.1,11.1
2024-09-03,Narok,0.0,21.5,11.9
2024-09-04,Narok,0.0,26.1,9.8
2024-09-05,Narok,0.0,23.0,11.3
2024-09-06,Narok,0.0,23.9,11.9
2024-09-07,Narok,0.0,22.2,9.8
2024-09-08,narok,0.0,26.8,11.4
2024-09-09,Narok,0.0,22.9,12.7
2024-09-10,Narok,0.0,23.4,9.7
2024-09-11,Narok,0.0,22.6,11.2
2024-09-12,Narok,0.0,25.1,10.5
2024-09-13,Narok,6.8,,10.7
2024-09-14,Narok,0.0,24.5,12.1
2024-09-15,Narok ,0.0,25.4,10.0
2024-09-16,Narok,0.0,24.7,9.8
2024-09-17,Narok,0.0,22.3,10.1
2024-09-18,Narok,0.0,24.5,10.7
2024-09-19,Narok,0.0,22.2,9.4
2024-09-20,Narok,0.0,24.4,9.7
2024-09-21,NAROK,0.0,24.2,9.0
2024-09-22,narok,24.3,21.2,9.2
2024-09-23,Narok,0.0,25.0,9.8
2024-09-24,Narok,0.0,24.7,10.9
2024-09-25,Narok,0.0,23.2,9.3
2024-09-26,Narok,0.0,22.3,9.0
2024-09-27,Narok,0.0,25.5,9.8
2024-09-28,Narok,0.0,22.0,9.5
2024-09-29,Narok,0.0,25.5,9.6
2024-09-30,Narok,0.0,24.2,8.0
2024-10-01,Narok,8.9,22.0,8.0
2024-10-02,Narok,,22.5,9.3
2024-10-03,Narok,0.0,25.1,10.5
2024-10-04,Narok,0.4,22.7,8.6
2024-10-05,narok,0.0,22.5,9.2
2024-10-06,Narok,0.0,22.4,10.3
2024-10-07,Narok,0.0,24.8,9.1
2024-10-08,Narok,0.0,24.8,7.7
2024-10-09,Narok,0.0,22.9,9.4
2024-10-10,Narok,0.0,21.8,9.5
2024-10-11,Narok,trace,25.6,9.2
2024-10-12,Narok,0.0,23.2,10.3
2024-10-13,Narok,0.0,23.5,9.5
2024-10-14,Narok,6.6,23.3,8.0
2024-10-15,Narok,0.0,11.1,23.1
2024-10-16,Narok,0.0,24.0,9.8
2024-10-17,Narok ,0.0,23.1,11.2
2024-10-18,narok,0.0,23.5,10.9
2024-10-19,Narok,0.0,24.3,8.8
2024-10-20,narok,10.0,20.3,8.7
2024-10-21,Narok,0.0,25.6,9.4
2024-10-22,Narok,0.0,22.6,9.9
2024-10-23,Narok,0.0,23.3,10.0
2024-10-24,Narok,0.0,23.3,9.8
2024-10-25,Narok,8.7,99.9,8.1
2024-10-26,Narok,16.3,19.1,9.7
2024-10-27,Narok,0.7,23.5,9.9
2024-10-28,Narok,0.0,23.5,9.6
2024-10-29,Narok,32.3,18.3,10.4
2024-10-30,Narok,0.0,,9.3
2024-10-31,NAROK,0.0,21.4,9.6
2024-11-01,Narok,0.0,23.0,9.8
2024-11-02,Narok,0.0,25.1,8.9
2024-11-03,Narok,61.7,24.9,10.5
2024-11-04,Narok,0.0,25.3,8.2
2024-11-05,Narok,0.0,25.0,9.1
2024-11-06,Narok,0.0,23.0,11.0
2024-11-07,narok,0.0,23.0,10.0
2024-11-08,Narok,0.0,23.4,8.1
2024-11-09,Narok,7.0,22.0,10.0
2024-11-10,Narok,,27.7,8.6
2024-11-11,Narok,1.5,23.3,9.0
2024-11-12,Narok,2.0,22.9,8.8
2024-11-13,Narok,0.0,24.8,9.1
2024-11-14,Narok,2.1,24.2,11.4
2024-11-15,Narok,0.0,23.6,10.7
2024-11-16,Narok,5.5,19.6,8.8
2024-11-17,Narok,0.0,24.5,8.1
2024-11-18,Narok,4.2,21.0,9.6
2024-11-19,Narok,0.0,24.0,7.2
2024-11-20,NAROK,0.0,22.2,9.6
2024-11-21,Narok,,20.3,10.0
2024-11-22,Narok,0.0,23.7,9.5
2024-11-23,Narok,0.0,21.6,8.9
2024-11-24,Narok,12.7,22.6,10.5
2024-11-25,Narok,0.0,23.2,10.0
2024-11-26,Narok,0.0,23.3,10.2
2024-11-27,Narok,0.0,22.3,11.2
2024-11-28,Narok,0.0,25.6,9.9
2024-11-29,NAROK,19.0,21.2,9.7
2024-11-30,Narok,0.0,25.0,10.5
2024-12-01,Narok,0.0,21.8,10.6
2024-12-02,Narok,0.0,24.3,11.5
2024-12-03,Narok,0.0,24.3,9.5
2024-12-04,Narok,0.0,23.5,9.1
2024-12-05,Narok,0.0,23.9,10.1
2024-12-06,Narok,0.0,24.8,9.4
2024-12-07,Narok,0.0,21.1,10.0
2024-12-08,Narok,8.3,23.1,9.7
2024-12-09,Narok,54.4,19.7,9.4
2024-12-10,Narok,0.0,,9.6
2024-12-11,Narok,0.1,23.8,8.8
2024-12-12,Narok,0.0,22.7,9.5
2024-12-13,Narok,3.7,23.2,8.6
2024-12-14,Narok,0.0,21.8,9.7
2024-12-15,Narok,7.9,20.7,9.2
2024-12-16,narok,0.0,24.5,
2024-12-17,Narok,0.0,22.8,9.5
2024-12-18,Narok,0.0,23.6,7.8
2024-12-19,Narok,0.0,21.0,9.8
2024-12-20,Narok,11.3,22.1,9.4
2024-12-21,Narok,0.0,22.4,10.1
2024-12-22,Narok,0.0,23.0,10.1
2024-12-23,Narok,0.0,21.8,8.4
2024-12-24,Narok,0.0,,9.1
2024-12-25,Narok,15.2,20.4,10.9
2024-12-26,Narok,0.0,21.9,9.6
2024-12-27,Narok,0.0,23.1,7.0
2024-12-28,Narok,0.0,24.2,10.5
2024-12-29,Narok,5.6,19.3,9.2
2024-12-30,Narok,6.8,24.2,10.8
2024-12-31,Narok,1.6,22.5,9.0
2025-01-01,Narok,0.0,24.0,11.6
2025-01-02,Narok,0.0,22.9,7.0
2025-01-03,Narok,36.7,19.3,8.6
2025-01-04,Narok,0.0,25.2,9.7
2025-01-05,Narok,,23.4,10.7
2025-01-06,Narok,0.0,26.1,10.0
2025-01-07,Narok,0.0,21.6,7.9
2025-01-08,Narok,,24.5,9.1
2025-01-09,Narok,0.0,22.8,8.5
2025-01-10,Narok,0.0,24.6,
2025-01-11,Narok,0.0,23.8,8.8
2025-01-12,Narok,0.0,22.0,8.6
2025-01-13,Narok,0.0,22.9,10.6
2025-01-14,Narok,0.0,22.7,10.3
2025-01-15,Narok ,0.0,25.9,9.9
2025-01-16,Narok,0.0,22.3,11.2
2025-01-17,Narok,0.0,24.0,9.7
2025-01-18,Narok,0.0,22.6,10.5
2025-01-19,Narok,0.0,24.5,10.0
2025-01-20,Narok,0.0,20.8,8.4
2025-01-21,NAROK,0.0,22.3,9.9
2025-01-22,Narok,0.0,22.7,10.7
2025-01-23,Narok,22.5,21.0,8.7
2025-01-24,Narok,0.0,27.1,10.1
2025-01-25,Narok,0.0,21.9,11.0
2025-01-26,Narok,0.0,23.2,9.7
2025-01-27,Narok,0.0,22.8,9.2
2025-01-28,Narok,0.0,26.3,10.0
2025-01-29,Narok,0.0,22.2,11.2
2025-01-30,Narok,0.0,25.9,10.6
2025-01-31,Narok,0.0,21.2,8.4
2025-02-01,Narok,19.4,21.3,10.2
2025-02-02,Narok,0.0,24.1,11.8
2025-02-03,NAROK,0.6,24.6,
2025-02-04,Narok,2.3,21.8,9.0
2025-02-05,narok,0.0,24.5,10.3
2025-02-06,NAROK,0.0,25.5,8.8
2025-02-07,Narok,0.0,26.1,10.3
2025-02-08,Narok,0.0,26.3,8.9
2025-02-09,Narok,0.0,24.1,11.0
2025-02-10,Narok,0.0,24.7,12.1
2025-02-11,Narok,0.0,24.4,10.6
2025-02-12,Narok,0.0,23.7,11.9
2025-02-13,Narok,0.0,25.6,11.3
2025-02-14,narok,0.0,24.8,10.4
2025-02-15,Narok,0.0,27.5,9.9
2025-02-16,Narok,0.0,22.1,12.2
2025-02-17,Narok,0.0,27.6,11.7
2025-02-18,Narok,0.0,25.1,9.4
2025-02-19,Narok,0.0,24.4,11.0
2025-02-20,NAROK,0.0,26.4,10.3
2025-02-21,Narok,0.0,23.4,9.6
2025-02-22,Narok,0.0,22.6,9.2
2025-02-23,Narok,0.0,24.1,9.4
2025-02-24,narok,0.0,28.1,9.3
2025-02-25,Narok,0.0,23.9,10.2
2025-02-26,Narok,0.0,26.5,10.8
2025-02-27,Narok,0.0,25.9,10.2
2025-02-28,Narok,0.0,22.8,11.4
2025-03-01,Narok,0.0,24.6,10.8
2025-03-02,Narok,0.0,27.2,10.6
2025-03-03,Narok,2.6,27.8,11.3
2025-03-04,Narok,7.0,23.7,9.6
2025-03-05,Narok,0.0,22.9,11.1
2025-03-06,narok,0.0,23.6,10.9
2025-03-07,Narok,17.9,21.6,10.5
2025-03-08,Narok,24.1,23.1,11.1
2025-03-09,Narok,5.5,21.7,10.5
2025-03-10,Narok,0.0,25.2,10.9
2025-03-11,Narok,0.7,24.5,11.5
2025-03-12,Narok,0.0,25.6,10.0
2025-03-13,narok,0.3,27.4,10.0
2025-03-14,Narok,4.1,25.5,13.2
2025-03-15,Narok,0.0,23.1,10.1
2025-03-16,Narok,0.0,22.4,11.3
2025-03-17,NAROK,0.0,24.8,13.7
2025-03-18,narok,0.0,24.3,10.0
2025-03-19,Narok,0.0,25.5,9.5
2025-03-20,Narok,0.0,24.1,
2025-03-21,Narok,0.0,24.6,12.5
2025-03-22,Narok,0.0,24.6,11.6
2025-03-23,Narok,0.6,24.6,11.7
2025-03-24,Narok,0.0,24.1,11.1
2025-03-25,Narok,0.0,25.7,11.4
2025-03-26,Narok,0.0,26.1,10.1
2025-03-27,Narok,0.0,24.2,10.7
2025-03-28,Narok,16.3,22.0,11.9
2025-03-29,Narok,1.4,24.0,11.1
2025-03-30,Narok,3.5,25.9,10.9
2025-03-31,Narok,0.0,25.1,10.2
2025-04-01,Narok,5.9,21.9,12.3
2025-04-02,Narok,,26.1,10.6
2025-04-03,Narok,0.0,26.4,10.9
2025-04-04,Narok,0.0,24.5,11.1
2025-04-05,Narok,0.0,25.7,9.5
2025-04-06,Narok,3.4,23.0,11.4
2025-04-07,Narok,0.0,23.5,9.8
2025-04-08,Narok,0.0,25.9,9.2
2025-04-09,Narok,0.0,24.8,13.2
2025-04-10,Narok,0.0,26.6,10.1
2025-04-11,Narok,0.0,26.5,10.9
2025-04-12,Narok,,25.2,11.5
2025-04-13,Narok,24.4,23.7,10.7
2025-04-14,Narok,,24.1,11.7
2025-04-15,Narok,0.0,23.2,10.1
2025-04-16,Narok,,26.7,12.1
2025-04-17,Narok,1.9,22.8,9.2
2025-04-18,Narok,0.0,23.2,11.4
2025-04-19,Narok,0.0,24.3,10.2
2025-04-20,Narok,5.5,24.4,10.8
2025-04-21,Narok,1.1,24.6,12.7
2025-04-22,Narok,3.3,26.1,13.5
2025-04-23,Narok,5.0,27.7,
2025-04-24,Narok,3.1,28.3,10.3
2025-04-25,Narok,0.0,25.2,11.3
2025-04-26,Narok,0.0,27.6,11.0
2025-04-27,Narok,0.0,26.4,12.7
2025-04-28,Narok,0.4,27.5,12.2
2025-04-29,Narok,3.3,25.0,10.9
2025-04-30,Narok,0.0,28.1,11.1
2025-05-01,Narok,0.0,25.3,10.8
2025-05-02,Narok,11.8,24.6,10.5
2025-05-03,Narok,35.9,24.8,9.8
2025-05-04,Narok,0.0,25.9,11.5
2025-05-05,Narok,0.0,23.7,13.2
2025-05-06,Narok,0.0,25.7,10.7
2025-05-07,Narok,3.5,23.6,10.5
2025-05-08,Narok,0.0,26.3,10.9
2025-05-09,Narok,0.0,27.5,11.4
2025-05-10,Narok,5.1,22.3,11.7
2025-05-11,Narok,5.4,25.3,9.8
2025-05-12,NAROK,1.1,25.5,12.5
2025-05-13,Narok,0.0,27.1,11.8
2025-05-14,Narok,16.7,24.5,11.2
2025-05-15,Narok,25.7,21.2,13.3
2025-05-16,Narok,29.7,26.7,11.4
2025-05-17,Narok,0.7,25.4,11.3
2025-05-18,Narok,0.0,28.6,11.0
2025-05-19,Narok,0.0,25.8,7.4
2025-05-20,Narok,10.8,23.9,12.4
2025-05-21,Narok,0.0,26.6,11.0
2025-05-22,Narok,0.0,24.0,10.7
2025-05-23,Narok,0.0,,10.3
2025-05-24,Narok,11.9,24.3,12.7
2025-05-25,Narok,0.6,28.2,12.8
2025-05-26,Narok,2.4,27.3,12.5
2025-05-27,Narok,0.0,26.5,11.0
2025-05-28,Narok,20.4,25.1,12.3
2025-05-29,Narok,0.0,25.4,12.1
2025-05-30,Narok,4.7,25.2,11.2
2025-05-31,Narok,0.0,26.8,12.6
2025-06-01,Narok,trace,27.7,11.9
2025-06-02,Narok,13.8,23.5,13.0
2025-06-03,Narok,14.3,24.5,11.5
2025-06-04,NAROK,1.3,24.2,11.8
2025-06-05,Narok,0.0,27.3,11.9
2025-06-06,Narok,0.0,24.2,11.9
2025-06-07,Narok,0.0,24.2,11.8
2025-06-08,Narok,0.0,25.2,11.7
2025-06-09,Narok,0.0,26.1,11.3
2025-06-10,Narok,0.0,24.5,10.9
2025-06-11,Narok,0.0,26.1,11.4
2025-06-12,Narok,0.0,26.0,12.2
2025-06-13,Narok,0.0,25.9,
2025-06-14,Narok,8.3,23.7,10.6
2025-06-15,Narok,0.0,24.6,11.0
2025-06-16,Narok,0.0,23.1,11.8
2025-06-17,Narok,0.0,22.3,12.2
2025-06-18,Narok,5.7,22.5,12.3
2025-06-19,Narok ,0.0,24.6,9.7
2025-06-20,Narok,12.6,23.4,12.8
2025-06-21,Narok,4.6,24.5,10.4
2025-06-22,Narok,0.0,26.7,12.5
2025-06-23,narok,0.0,24.2,11.7
2025-06-24,Narok,0.0,25.2,9.5
2025-06-25,narok,0.0,28.3,11.1
2025-06-26,Narok,0.0,26.7,10.7
2025-06-27,Narok,0.0,24.0,11.7
2025-06-28,Narok,0.0,26.6,11.4
2025-06-29,Narok,25.9,25.3,11.2
2025-06-30,Narok,0.0,28.2,9.8
2019-01-29,Bungoma,21.6,26.5,15.3
2022-05-10,Bungoma,0.1,29.3,15.1
2022-06-28,Machakos,0.0,27.0,14.3
2022-06-06,Nakuru,4.7,11.8,26.7
2024-10-26,Narok,16.3,19.1,9.7
2022-12-07,Nakuru,1.1,27.2,10.3
2019-02-17,Machakos,0.0,27.9,12.8
2022-04-29,NAROK,11.6,25.1,13.1
2025-06-24,uasin gishu,0.0,25.4,10.4
2023-02-06,Machakos,0.0,26.1,12.7
2023-01-12,BUNGOMA,0.0,28.4,14.7
2024-08-28,Machakos,11.8,23.8,16.1
2020-10-08,Kakamega,,25.5,14.0
01/04/2024,MERU,0.0,25.5,14.4
2024-03-16,Uasin Gishu,0.0,24.9,11.3
2023-07-27,Uasin Gishu,0.0,25.6,8.8
2019-01-04,Machakos,0.0,29.3,13.8
2024-07-25,Uasin Gishu,0.0,23.9,9.6
09/03/2023,Meru,0.0,25.9,
2022-12-06,Kakamega,0.0,25.7,12.8
2021-04-30,Kisumu,5.4,29.1,17.0
01/08/2020,Meru,0.0,24.4,13.8
20/02/2020,Meru,0.0,,15.1
2024-01-24,Nakuru,0.0,26.4,9.9
28/10/2020,Meru,11.1,21.9,13.9
2020-07-19,Narok,0.0,25.7,11.5
06/11/2022,Meru,trace,23.1,13.1
2020-03-23,Uasin Gishu,4.4,25.8,7.9
2022-05-03,Kakamega,17.8,26.1,18.2
2022-04-09,Uasin Gishu,0.0,26.6,10.6
16/08/2023,Meru,0.0,25.9,14.4
16/04/2025,Meru,12.3,26.6,
2020-04-07,Kakamega,13.4,27.1,15.8
12/11/2020,Meru,8.2,23.2,12.0
2021-05-14,Bungoma,0.0,27.3,15.7
2020-02-17,Uasin Gishu,0.0,18.6,10.5
2021-10-25,KISUMU,0.0,29.1,16.8
2020-11-13,uasin gishu,0.0,21.5,7.8
2020-02-14,Kakamega,0.0,27.1,13.5
2020-05-07,Uasin Gishu ,0.0,26.3,11.1
2020-01-06,Uasin Gishu,0.0,20.1,9.5
21/02/2021,Meru,0.0,23.5,15.1
2019-09-19,Nakuru,9.9,24.4,12.5
2021-06-10,Nakuru,0.0,22.7,11.7
02/04/2020,Meru,0.0,27.9,14.3
2024-04-23,Narok,0.0,24.3,12.4
2021-03-19,Kisumu,0.0,30.0,18.8
2020-05-15,Narok,0.0,24.1,10.4
2022-09-18,Machakos,0.0,29.6,14.7
30/01/2020,Meru ,53.7,20.9,14.0
2019-03-19,Nakuru,0.0,25.0,11.2
2022-02-13,Bungoma,0.0,26.9,15.2
2023-09-17,Uasin Gishu,9.8,21.0,8.7
2021-10-14,Bungoma,2.9,24.5,14.6
2021-10-22,Uasin Gishu,0.0,22.5,8.7
2022-10-13,Uasin Gishu,0.0,22.2,9.0
2021-11-19,Bungoma,,25.9,14.4
18/08/2022,Meru,0.0,27.1,13.3
2022-07-04,Nakuru,0.0,28.4,12.6
2021-04-28,Kisumu ,trace,31.4,18.8
2022-05-14,Kakamega ,12.1,24.3,17.6
2023-10-12,Uasin Gishu,0.0,23.0,8.5
2020-05-18,Uasin Gishu,33.4,23.8,11.4
2024-01-14,Bungoma,-999,23.9,14.2
2021-04-24,Kakamega,12.8,24.5,14.8
2025-06-25,narok,0.0,28.3,11.1
2021-12-29,Uasin Gishu,0.0,23.1,9.2
17/12/2022,Meru,4.8,27.0,14.2
2019-04-27,kakamega,trace,30.9,15.9
2020-07-11,Machakos,0.0,28.6,12.5
2020-10-17,Uasin Gishu,27.2,21.4,8.5
2021-07-03,Bungoma,,27.9,15.6
2019-03-09,Kakamega,0.0,27.7,16.6
2024-06-16,Machakos,0.0,31.4,14.7
29/03/2025,Meru,0.0,27.9,15.3
2025-01-14,Bungoma,0.0,25.9,13.4
01/09/2022,Meru,0.0,25.8,13.1
2021-06-06,Machakos,0.0,31.0,14.6
2021-11-17,Nakuru,0.0,23.8,9.6
2020-11-07,Machakos ,0.0,26.5,13.4
2023-03-30,Bungoma,7.0,24.7,17.1
2023-08-07,Kisumu,0.0,28.3,19.3
2019-09-09,Nakuru,0.0,23.4,9.5
2025-03-05,Nakuru,0.0,24.2,10.3
2023-08-06,Machakos,0.0,27.1,14.9
2025-05-20,Machakos,0.0,27.9,14.0
2022-11-28,machakos,0.0,25.8,13.7
2025-04-19,Narok,0.0,24.3,10.2
2019-12-09,Uasin Gishu,25.2,18.0,6.3
2025-02-21,Uasin Gishu,0.0,21.8,10.5
2021-01-08,Kakamega,0.0,25.6,14.9
2022-06-10,Bungoma,68.4,27.6,14.8
2022-03-07,bungoma,0.0,27.5,15.0
2019-05-25,narok,0.0,26.8,12.3
